2.001000,0.150000,0.040000
3.001000,0.150000,0.051000
4.001000,0.150000,0.058000
5.001000,0.147000,0.064000
6.001000,0.144000,0.063000
7.001000,0.145000,0.061000
8.001000,0.146000,0.063000
9.001000,0.146000,0.057000
10.001000,0.145000,0.051000
11.001000,0.143000,0.047000
12.001000,0.140000,0.036000
13.001000,0.139000,0.026000
14.001000,0.136000,0.009000
15.001000,0.127000,-0.001000
16.001000,0.117000,-0.011000
17.001000,0.108000,-0.020000
18.001000,0.103000,-0.035000
19.001000,0.097000,-0.034000
20.001000,0.086000,-0.064000
21.001000,0.073000,-0.088000
22.001000,0.063000,-0.093000
23.001000,0.055000,-0.087000
24.001000,0.048000,-0.099000
25.001000,0.041000,-0.082000
26.001000,0.034000,-0.106000
27.001000,0.028000,-0.122000
28.001000,0.022000,-0.128000
29.001000,0.017000,-0.126000
30.001000,0.017000,-0.133000
31.001000,0.017000,-0.138000
32.001000,0.015000,-0.142000
33.001000,0.011000,-0.144000
34.001000,0.004000,-0.148000
35.001000,0.003000,-0.151000
36.001000,0.002000,-0.152000
37.001000,0.000000,-0.152000
38.001000,-0.001000,-0.154000
39.001000,-0.002000,-0.150000
40.001000,-0.003000,-0.154000
41.001000,-0.004000,-0.156000
42.001000,-0.004000,-0.160000
43.001000,-0.005000,-0.166000
44.001000,-0.006000,-0.159000
45.001000,-0.007000,-0.162000
46.001000,-0.008000,-0.167000
47.001000,-0.010000,-0.169000
48.001000,-0.013000,-0.165000
49.001000,-0.014000,-0.171000
50.001000,-0.015000,-0.168000
51.001000,-0.019000,-0.172000
52.001000,-0.023000,-0.179000
53.001000,-0.027000,-0.186000
54.001000,-0.027000,-0.192000
55.001000,-0.027000,-0.191000
56.001000,-0.028000,-0.193000
57.001000,-0.029000,-0.194000
58.001000,-0.030000,-0.199000
59.001000,-0.031000,-0.198000
60.001000,-0.032000,-0.198000
61.001000,-0.033000,-0.198000
62.001000,-0.036000,-0.204000
63.001000,-0.036000,-0.205000
64.001000,-0.036000,-0.206000
65.001000,-0.038000,-0.204000
66.001000,-0.039000,-0.204000
67.001000,-0.039000,-0.211000
68.001000,-0.040000,-0.206000
69.001000,-0.040000,-0.212000
70.001000,-0.040000,-0.218000
71.001000,-0.042000,-0.213000
72.001000,-0.043000,-0.218000
73.001000,-0.046000,-0.217000
74.001000,-0.048000,-0.218000
75.001000,-0.052000,-0.218000
76.001000,-0.055000,-0.224000
77.001000,-0.055000,-0.220000
78.001000,-0.055000,-0.224000
79.001000,-0.055000,-0.224000
80.001000,-0.056000,-0.231000
81.001000,-0.057000,-0.228000
82.001000,-0.059000,-0.228000
83.001000,-0.060000,-0.231000
84.001000,-0.061000,-0.237000
85.001000,-0.063000,-0.242000
86.001000,-0.064000,-0.242000
87.001000,-0.066000,-0.235000
88.001000,-0.067000,-0.227000
89.001000,-0.068000,-0.233000
90.001000,-0.070000,-0.226000
91.001000,-0.070000,-0.224000
92.001000,-0.070000,-0.223000
93.001000,-0.071000,-0.231000
94.001000,-0.073000,-0.230000
95.001000,-0.073000,-0.234000
96.001000,-0.074000,-0.232000
97.001000,-0.074000,-0.232000
98.001000,-0.074000,-0.232000
99.001000,-0.075000,-0.226000
100.001000,-0.074000,-0.226000
101.001000,-0.074000,-0.224000
102.001000,-0.075000,-0.222000
103.001000,-0.075000,-0.225000
104.001000,-0.075000,-0.227000
105.001000,-0.076000,-0.233000
106.001000,-0.076000,-0.234000
107.001000,-0.077000,-0.244000
108.001000,-0.079000,-0.241000
109.001000,-0.080000,-0.242000
110.001000,-0.080000,-0.244000
111.001000,-0.081000,-0.248000
112.001000,-0.082000,-0.252000
113.001000,-0.083000,-0.257000
114.001000,-0.083000,-0.254000
115.001000,-0.083000,-0.256000
116.001000,-0.085000,-0.260000
117.001000,-0.084000,-0.262000
118.001000,-0.085000,-0.261000
119.001000,-0.085000,-0.259000
120.001000,-0.085000,-0.266000
121.001000,-0.086000,-0.268000
122.001000,-0.086000,-0.267000
123.001000,-0.086000,-0.264000
124.001000,-0.086000,-0.268000
125.001000,-0.086000,-0.263000
126.001000,-0.086000,-0.261000
127.001000,-0.087000,-0.258000
128.001000,-0.086000,-0.254000
129.001000,-0.086000,-0.254000
130.001000,-0.086000,-0.258000
131.001000,-0.086000,-0.240000
132.001000,-0.085000,-0.238000
133.001000,-0.085000,-0.232000
134.001000,-0.085000,-0.229000
135.001000,-0.084000,-0.231000
136.001000,-0.084000,-0.228000
137.001000,-0.084000,-0.232000
138.001000,-0.083000,-0.235000
139.001000,-0.083000,-0.232000
140.001000,-0.083000,-0.237000
141.001000,-0.083000,-0.234000
142.001000,-0.083000,-0.231000
143.001000,-0.083000,-0.240000
144.001000,-0.083000,-0.239000
145.001000,-0.083000,-0.239000
146.001000,-0.082000,-0.241000
147.001000,-0.083000,-0.239000
148.001000,-0.083000,-0.242000
149.001000,-0.083000,-0.241000
150.001000,-0.083000,-0.247000
151.001000,-0.083000,-0.247000
152.001000,-0.083000,-0.239000
153.001000,-0.083000,-0.244000
154.001000,-0.083000,-0.237000
155.001000,-0.084000,-0.240000
156.001000,-0.083000,-0.239000
157.001000,-0.083000,-0.245000
158.001000,-0.083000,-0.242000
159.001000,-0.082000,-0.245000
160.001000,-0.082000,-0.241000
161.001000,-0.082000,-0.244000
162.001000,-0.082000,-0.246000
163.001000,-0.081000,-0.247000
164.001000,-0.081000,-0.248000
165.001000,-0.080000,-0.247000
166.001000,-0.079000,-0.248000
167.001000,-0.079000,-0.248000
168.001000,-0.079000,-0.245000
169.001000,-0.078000,-0.253000
170.001000,-0.078000,-0.253000
171.001000,-0.078000,-0.243000
172.001000,-0.078000,-0.233000
173.001000,-0.078000,-0.229000
174.001000,-0.076000,-0.229000
175.001000,-0.074000,-0.231000
176.001000,-0.072000,-0.229000
177.001000,-0.071000,-0.224000
178.001000,-0.069000,-0.227000
179.001000,-0.069000,-0.230000
180.001000,-0.068000,-0.229000
181.001000,-0.068000,-0.233000
182.001000,-0.067000,-0.234000
183.001000,-0.066000,-0.230000
184.001000,-0.066000,-0.225000
185.001000,-0.065000,-0.218000
186.001000,-0.065000,-0.213000
187.001000,-0.066000,-0.218000
188.001000,-0.065000,-0.225000
189.001000,-0.065000,-0.223000
190.001000,-0.065000,-0.221000
191.001000,-0.064000,-0.223000
192.001000,-0.064000,-0.224000
193.001000,-0.063000,-0.226000
194.001000,-0.064000,-0.223000
195.001000,-0.063000,-0.218000
196.001000,-0.063000,-0.226000
197.001000,-0.062000,-0.223000
198.001000,-0.062000,-0.228000
199.001000,-0.061000,-0.228000
200.001000,-0.061000,-0.226000
201.001000,-0.060000,-0.225000
202.001000,-0.060000,-0.221000
203.001000,-0.060000,-0.228000
204.001000,-0.059000,-0.226000
205.001000,-0.058000,-0.220000
206.001000,-0.058000,-0.227000
207.001000,-0.057000,-0.224000
208.001000,-0.056000,-0.229000
209.001000,-0.055000,-0.212000
210.001000,-0.055000,-0.218000
211.001000,-0.055000,-0.217000
212.001000,-0.055000,-0.202000
213.001000,-0.055000,-0.202000
214.001000,-0.054000,-0.200000
215.001000,-0.054000,-0.200000
216.001000,-0.054000,-0.193000
217.001000,-0.054000,-0.195000
218.001000,-0.054000,-0.197000
219.001000,-0.053000,-0.193000
220.001000,-0.054000,-0.195000
221.001000,-0.054000,-0.194000
222.001000,-0.053000,-0.193000
223.001000,-0.053000,-0.194000
224.001000,-0.052000,-0.198000
225.001000,-0.052000,-0.195000
226.001000,-0.051000,-0.197000
227.001000,-0.050000,-0.194000
228.001000,-0.050000,-0.201000
229.001000,-0.049000,-0.203000
230.001000,-0.048000,-0.201000
231.001000,-0.048000,-0.199000
232.001000,-0.048000,-0.194000
233.001000,-0.047000,-0.194000
234.001000,-0.047000,-0.191000
235.001000,-0.046000,-0.195000
236.001000,-0.046000,-0.194000
237.001000,-0.044000,-0.195000
238.001000,-0.042000,-0.193000
239.001000,-0.041000,-0.192000
240.001000,-0.039000,-0.192000
241.001000,-0.038000,-0.194000
242.001000,-0.038000,-0.188000
243.001000,-0.036000,-0.188000
244.001000,-0.036000,-0.191000
245.001000,-0.035000,-0.194000
246.001000,-0.035000,-0.194000
247.001000,-0.034000,-0.194000
248.001000,-0.033000,-0.193000
249.001000,-0.033000,-0.197000
250.001000,-0.033000,-0.194000
251.001000,-0.032000,-0.201000
252.001000,-0.031000,-0.197000
253.001000,-0.031000,-0.194000
254.001000,-0.030000,-0.196000
255.001000,-0.029000,-0.198000
256.001000,-0.027000,-0.199000
257.001000,-0.025000,-0.195000
258.001000,-0.024000,-0.196000
259.001000,-0.023000,-0.195000
260.001000,-0.022000,-0.181000
261.001000,-0.021000,-0.177000
262.001000,-0.021000,-0.174000
263.001000,-0.021000,-0.171000
264.001000,-0.020000,-0.171000
265.001000,-0.020000,-0.164000
266.001000,-0.020000,-0.165000
267.001000,-0.019000,-0.177000
268.001000,-0.019000,-0.164000
269.001000,-0.019000,-0.167000
270.001000,-0.018000,-0.164000
271.001000,-0.019000,-0.168000
272.001000,-0.019000,-0.171000
273.001000,-0.019000,-0.173000
274.001000,-0.019000,-0.171000
275.001000,-0.018000,-0.171000
276.001000,-0.017000,-0.166000
277.001000,-0.017000,-0.168000
278.001000,-0.016000,-0.168000
279.001000,-0.016000,-0.169000
280.001000,-0.015000,-0.159000
281.001000,-0.014000,-0.161000
282.001000,-0.013000,-0.167000
283.001000,-0.012000,-0.167000
284.001000,-0.012000,-0.164000
285.001000,-0.011000,-0.162000
286.001000,-0.011000,-0.161000
287.001000,-0.010000,-0.156000
288.001000,-0.010000,-0.159000
289.001000,-0.010000,-0.162000
290.001000,-0.009000,-0.159000
291.001000,-0.009000,-0.156000
292.001000,-0.008000,-0.155000
293.001000,-0.008000,-0.157000
294.001000,-0.007000,-0.154000
295.001000,-0.007000,-0.157000
296.001000,-0.007000,-0.153000
297.001000,-0.005000,-0.156000
298.001000,-0.003000,-0.152000
299.001000,-0.002000,-0.157000
300.001000,-0.001000,-0.155000
301.001000,0.000000,-0.154000
302.001000,0.000000,-0.158000
303.001000,0.000000,-0.160000
304.001000,0.000000,-0.159000
305.001000,0.000000,-0.152000
306.001000,0.000000,-0.150000
307.001000,0.000000,-0.144000
308.001000,0.000000,-0.149000
309.001000,0.000000,-0.147000
310.001000,0.000000,-0.151000
311.001000,0.000000,-0.146000
312.001000,0.002000,-0.156000
313.001000,0.005000,-0.153000
314.001000,0.005000,-0.154000
315.001000,0.006000,-0.157000
316.001000,0.007000,-0.155000
317.001000,0.008000,-0.153000
318.001000,0.009000,-0.156000
319.001000,0.010000,-0.157000
320.001000,0.011000,-0.154000
321.001000,0.011000,-0.158000
322.001000,0.012000,-0.158000
323.001000,0.013000,-0.159000
324.001000,0.014000,-0.157000
325.001000,0.015000,-0.150000
326.001000,0.015000,-0.151000
327.001000,0.016000,-0.153000
328.001000,0.016000,-0.160000
329.001000,0.017000,-0.153000
330.001000,0.017000,-0.154000
331.001000,0.018000,-0.152000
332.001000,0.018000,-0.156000
333.001000,0.019000,-0.151000
334.001000,0.019000,-0.155000
335.001000,0.020000,-0.155000
336.001000,0.020000,-0.153000
337.001000,0.021000,-0.156000
338.001000,0.021000,-0.153000
339.001000,0.022000,-0.148000
340.001000,0.023000,-0.149000
341.001000,0.023000,-0.153000
342.001000,0.024000,-0.150000
343.001000,0.024000,-0.151000
344.001000,0.025000,-0.150000
345.001000,0.026000,-0.151000
346.001000,0.026000,-0.134000
347.001000,0.026000,-0.118000
348.001000,0.027000,-0.119000
349.001000,0.027000,-0.122000
350.001000,0.027000,-0.119000
351.001000,0.028000,-0.123000
352.001000,0.028000,-0.119000
353.001000,0.028000,-0.126000
354.001000,0.029000,-0.125000
355.001000,0.029000,-0.119000
356.001000,0.029000,-0.126000
357.001000,0.030000,-0.123000
358.001000,0.030000,-0.129000
359.001000,0.030000,-0.122000
360.001000,0.031000,-0.127000
361.001000,0.031000,-0.122000
362.001000,0.032000,-0.127000
363.001000,0.032000,-0.114000
364.001000,0.033000,-0.115000
365.001000,0.033000,-0.118000
366.001000,0.033000,-0.115000
367.001000,0.034000,-0.113000
368.001000,0.034000,-0.114000
369.001000,0.035000,-0.121000
370.001000,0.035000,-0.123000
371.001000,0.036000,-0.119000
372.001000,0.036000,-0.122000
373.001000,0.037000,-0.120000
374.001000,0.037000,-0.121000
375.001000,0.037000,-0.116000
376.001000,0.038000,-0.116000
377.001000,0.039000,-0.120000
378.001000,0.039000,-0.118000
379.001000,0.040000,-0.116000
380.001000,0.040000,-0.122000
381.001000,0.040000,-0.121000
382.001000,0.041000,-0.121000
383.001000,0.041000,-0.122000
384.001000,0.042000,-0.122000
385.001000,0.042000,-0.117000
386.001000,0.043000,-0.117000
387.001000,0.043000,-0.119000
388.001000,0.043000,-0.115000
389.001000,0.044000,-0.115000
390.001000,0.044000,-0.114000
391.001000,0.045000,-0.120000
392.001000,0.045000,-0.121000
393.001000,0.045000,-0.122000
394.001000,0.046000,-0.118000
395.001000,0.047000,-0.122000
396.001000,0.047000,-0.115000
397.001000,0.048000,-0.120000
398.001000,0.048000,-0.118000
399.001000,0.049000,-0.119000
400.001000,0.049000,-0.115000
401.001000,0.050000,-0.112000
402.001000,0.050000,-0.111000
403.001000,0.051000,-0.115000
404.001000,0.051000,-0.108000
405.001000,0.051000,-0.106000
406.001000,0.052000,-0.105000
407.001000,0.052000,-0.105000
408.001000,0.053000,-0.105000
409.001000,0.053000,-0.107000
410.001000,0.053000,-0.107000
411.001000,0.053000,-0.103000
412.001000,0.054000,-0.104000
413.001000,0.054000,-0.104000
414.001000,0.055000,-0.106000
415.001000,0.055000,-0.104000
416.001000,0.056000,-0.104000
417.001000,0.056000,-0.109000
418.001000,0.057000,-0.106000
419.001000,0.057000,-0.104000
420.001000,0.057000,-0.103000
421.001000,0.058000,-0.101000
422.001000,0.058000,-0.101000
423.001000,0.059000,-0.099000
424.001000,0.059000,-0.097000
425.001000,0.059000,-0.098000
426.001000,0.060000,-0.099000
427.001000,0.060000,-0.092000
428.001000,0.061000,-0.084000
429.001000,0.061000,-0.085000
430.001000,0.061000,-0.079000
431.001000,0.062000,-0.080000
432.001000,0.062000,-0.083000
433.001000,0.063000,-0.081000
434.001000,0.063000,-0.082000
435.001000,0.063000,-0.082000
436.001000,0.064000,-0.082000
437.001000,0.064000,-0.082000
438.001000,0.065000,-0.079000
439.001000,0.066000,-0.075000
440.001000,0.066000,-0.081000
441.001000,0.067000,-0.077000
442.001000,0.067000,-0.081000
443.001000,0.068000,-0.076000
444.001000,0.068000,-0.080000
445.001000,0.069000,-0.079000
446.001000,0.070000,-0.077000
447.001000,0.071000,-0.082000
448.001000,0.072000,-0.080000
449.001000,0.073000,-0.083000
450.001000,0.074000,-0.073000
451.001000,0.074000,-0.082000
452.001000,0.075000,-0.078000
453.001000,0.076000,-0.075000
454.001000,0.076000,-0.079000
455.001000,0.077000,-0.076000
456.001000,0.078000,-0.070000
457.001000,0.079000,-0.071000
458.001000,0.079000,-0.075000
459.001000,0.080000,-0.069000
460.001000,0.080000,-0.074000
461.001000,0.081000,-0.068000
462.001000,0.082000,-0.078000
463.001000,0.082000,-0.069000
464.001000,0.082000,-0.071000
465.001000,0.083000,-0.072000
466.001000,0.083000,-0.067000
467.001000,0.083000,-0.068000
468.001000,0.083000,-0.069000
469.001000,0.083000,-0.070000
470.001000,0.084000,-0.070000
471.001000,0.084000,-0.069000
472.001000,0.084000,-0.072000
473.001000,0.085000,-0.066000
474.001000,0.086000,-0.070000
475.001000,0.086000,-0.078000
476.001000,0.087000,-0.070000
477.001000,0.085000,-0.071000
478.001000,0.085000,-0.077000
479.001000,0.086000,-0.071000
480.001000,0.087000,-0.069000
481.001000,0.087000,-0.070000
482.001000,0.088000,-0.075000
483.001000,0.088000,-0.066000
484.001000,0.089000,-0.067000
485.001000,0.089000,-0.074000
486.001000,0.090000,-0.068000
487.001000,0.090000,-0.070000
488.001000,0.091000,-0.072000
489.001000,0.091000,-0.072000
490.001000,0.092000,-0.069000
491.001000,0.092000,-0.070000
492.001000,0.093000,-0.067000
493.001000,0.093000,-0.071000
494.001000,0.094000,-0.070000
495.001000,0.095000,-0.072000
496.001000,0.095000,-0.073000
497.001000,0.096000,-0.072000
498.001000,0.096000,-0.074000
499.001000,0.096000,-0.065000
500.001000,0.097000,-0.069000
501.001000,0.097000,-0.068000
502.001000,0.098000,-0.067000
503.001000,0.098000,-0.068000
504.001000,0.098000,-0.064000
505.001000,0.099000,-0.067000
506.001000,0.100000,-0.067000
507.001000,0.101000,-0.067000
508.001000,0.102000,-0.068000
509.001000,0.102000,-0.066000
510.001000,0.104000,-0.061000
511.001000,0.104000,-0.068000
512.001000,0.105000,-0.068000
513.001000,0.106000,-0.068000
514.001000,0.107000,-0.072000
515.001000,0.108000,-0.069000
516.001000,0.108000,-0.073000
517.001000,0.108000,-0.073000
518.001000,0.109000,-0.071000
519.001000,0.109000,-0.062000
520.001000,0.109000,-0.064000
521.001000,0.109000,-0.067000
522.001000,0.110000,-0.068000
523.001000,0.110000,-0.065000
524.001000,0.110000,-0.073000
525.001000,0.110000,-0.067000
526.001000,0.111000,-0.063000
527.001000,0.111000,-0.064000
528.001000,0.112000,-0.051000
529.001000,0.112000,-0.052000
530.001000,0.113000,-0.050000
531.001000,0.114000,-0.033000
532.001000,0.114000,-0.035000
533.001000,0.115000,-0.034000
534.001000,0.115000,-0.037000
535.001000,0.116000,-0.042000
536.001000,0.117000,-0.039000
537.001000,0.118000,-0.042000
538.001000,0.119000,-0.040000
539.001000,0.119000,-0.041000
540.001000,0.120000,-0.040000
541.001000,0.120000,-0.036000
542.001000,0.121000,-0.035000
543.001000,0.122000,-0.039000
544.001000,0.122000,-0.041000
545.001000,0.124000,-0.032000
546.001000,0.124000,-0.033000
547.001000,0.125000,-0.027000
548.001000,0.126000,-0.035000
549.001000,0.126000,-0.030000
550.001000,0.127000,-0.035000
551.001000,0.128000,-0.037000
552.001000,0.128000,-0.039000
553.001000,0.128000,-0.032000
554.001000,0.130000,-0.032000
555.001000,0.130000,-0.029000
556.001000,0.131000,-0.030000
557.001000,0.131000,-0.031000
558.001000,0.131000,-0.030000
559.001000,0.132000,-0.038000
560.001000,0.133000,-0.031000
561.001000,0.133000,-0.034000
562.001000,0.134000,-0.030000
563.001000,0.134000,-0.030000
564.001000,0.134000,-0.029000
565.001000,0.134000,-0.029000
566.001000,0.135000,-0.030000
567.001000,0.135000,-0.027000
568.001000,0.136000,-0.027000
569.001000,0.136000,-0.030000
570.001000,0.137000,-0.029000
571.001000,0.136000,-0.024000
572.001000,0.137000,-0.027000
573.001000,0.138000,-0.025000
574.001000,0.138000,-0.030000
575.001000,0.138000,-0.028000
576.001000,0.138000,-0.027000
577.001000,0.138000,-0.028000
578.001000,0.139000,-0.027000
579.001000,0.138000,-0.032000
580.001000,0.139000,-0.028000
581.001000,0.138000,-0.022000
582.001000,0.138000,-0.024000
583.001000,0.139000,-0.028000
584.001000,0.139000,-0.027000
585.001000,0.140000,-0.025000
586.001000,0.141000,-0.025000
587.001000,0.141000,-0.022000
588.001000,0.143000,-0.023000
589.001000,0.144000,-0.024000
590.001000,0.144000,-0.024000
591.001000,0.145000,-0.023000
592.001000,0.146000,-0.019000
593.001000,0.146000,-0.019000
594.001000,0.146000,-0.014000
595.001000,0.146000,-0.022000
596.001000,0.147000,-0.019000
597.001000,0.148000,-0.026000
598.001000,0.147000,-0.020000
599.001000,0.148000,-0.018000
600.001000,0.149000,-0.012000
601.001000,0.150000,-0.016000
602.001000,0.151000,-0.016000
603.001000,0.152000,-0.019000
604.001000,0.152000,-0.018000
605.001000,0.152000,-0.014000
606.001000,0.153000,-0.021000
607.001000,0.154000,-0.014000
608.001000,0.154000,-0.009000
609.001000,0.155000,-0.006000
610.001000,0.155000,-0.007000
611.001000,0.155000,-0.007000
612.001000,0.158000,-0.017000
613.001000,0.158000,-0.009000
614.001000,0.158000,-0.013000
615.001000,0.159000,-0.010000
616.001000,0.159000,-0.010000
617.001000,0.159000,-0.006000
618.001000,0.160000,-0.006000
619.001000,0.160000,-0.004000
620.001000,0.161000,-0.001000
621.001000,0.161000,-0.004000
622.001000,0.161000,-0.001000
623.001000,0.163000,-0.001000
624.001000,0.163000,-0.001000
625.001000,0.164000,-0.003000
626.001000,0.165000,-0.003000
627.001000,0.166000,-0.001000
628.001000,0.167000,-0.004000
629.001000,0.168000,-0.002000
630.001000,0.168000,-0.003000
631.001000,0.168000,-0.001000
632.001000,0.169000,-0.004000
633.001000,0.169000,-0.002000
634.001000,0.169000,-0.002000
635.001000,0.168000,-0.005000
636.001000,0.169000,-0.005000
637.001000,0.169000,0.000000
638.001000,0.170000,-0.006000
639.001000,0.170000,0.000000
640.001000,0.171000,-0.003000
641.001000,0.172000,0.000000
642.001000,0.174000,0.000000
643.001000,0.174000,0.001000
644.001000,0.175000,0.001000
645.001000,0.175000,0.002000
646.001000,0.176000,-0.001000
647.001000,0.176000,0.000000
648.001000,0.176000,0.003000
649.001000,0.178000,0.000000
650.001000,0.179000,0.002000
651.001000,0.179000,0.000000
652.001000,0.181000,0.001000
653.001000,0.182000,0.002000
654.001000,0.182000,0.001000
655.001000,0.183000,0.004000
656.001000,0.184000,0.003000
657.001000,0.185000,0.012000
658.001000,0.185000,0.009000
659.001000,0.185000,0.011000
660.001000,0.186000,0.023000
661.001000,0.187000,0.016000
662.001000,0.187000,0.010000
663.001000,0.188000,0.009000
664.001000,0.188000,0.013000
665.001000,0.188000,0.010000
666.001000,0.189000,0.011000
667.001000,0.190000,0.013000
668.001000,0.190000,0.012000
669.001000,0.191000,0.010000
670.001000,0.192000,0.009000
671.001000,0.193000,0.014000
672.001000,0.194000,0.017000
673.001000,0.194000,0.021000
674.001000,0.195000,0.023000
675.001000,0.195000,0.033000
676.001000,0.196000,0.028000
677.001000,0.198000,0.033000
678.001000,0.199000,0.040000
679.001000,0.200000,0.040000
680.001000,0.201000,0.038000
681.001000,0.201000,0.037000
682.001000,0.202000,0.039000
683.001000,0.203000,0.039000
684.001000,0.204000,0.041000
685.001000,0.205000,0.042000
686.001000,0.206000,0.044000
687.001000,0.207000,0.040000
688.001000,0.208000,0.038000
689.001000,0.209000,0.044000
690.001000,0.209000,0.045000
691.001000,0.210000,0.050000
692.001000,0.210000,0.041000
693.001000,0.210000,0.043000
694.001000,0.211000,0.044000
695.001000,0.211000,0.041000
696.001000,0.213000,0.034000
697.001000,0.215000,0.033000
698.001000,0.216000,0.045000
699.001000,0.217000,0.047000
700.001000,0.217000,0.051000
701.001000,0.218000,0.050000
702.001000,0.219000,0.050000
703.001000,0.220000,0.051000
704.001000,0.220000,0.049000
705.001000,0.221000,0.051000
706.001000,0.222000,0.052000
707.001000,0.223000,0.053000
708.001000,0.224000,0.053000
709.001000,0.225000,0.048000
710.001000,0.225000,0.056000
711.001000,0.225000,0.053000
712.001000,0.225000,0.054000
713.001000,0.226000,0.053000
714.001000,0.228000,0.054000
715.001000,0.228000,0.050000
716.001000,0.229000,0.051000
717.001000,0.229000,0.053000
718.001000,0.229000,0.054000
719.001000,0.230000,0.055000
720.001000,0.231000,0.059000
721.001000,0.231000,0.057000
722.001000,0.232000,0.062000
723.001000,0.232000,0.059000
724.001000,0.231000,0.058000
725.001000,0.232000,0.056000
726.001000,0.233000,0.055000
727.001000,0.234000,0.054000
728.001000,0.235000,0.056000
729.001000,0.233000,0.054000
730.001000,0.235000,0.053000
731.001000,0.235000,0.055000
732.001000,0.236000,0.060000
733.001000,0.237000,0.057000
734.001000,0.238000,0.059000
735.001000,0.237000,0.059000
736.001000,0.237000,0.055000
737.001000,0.237000,0.056000
738.001000,0.237000,0.059000
739.001000,0.238000,0.058000
740.001000,0.239000,0.059000
741.001000,0.239000,0.060000
742.001000,0.241000,0.056000
743.001000,0.241000,0.057000
744.001000,0.241000,0.057000
745.001000,0.240000,0.060000
746.001000,0.240000,0.056000
747.001000,0.240000,0.057000
748.001000,0.240000,0.061000
749.001000,0.241000,0.062000
750.001000,0.242000,0.061000
751.001000,0.242000,0.065000
752.001000,0.243000,0.058000
753.001000,0.244000,0.059000
754.001000,0.244000,0.057000
755.001000,0.244000,0.056000
756.001000,0.244000,0.055000
757.001000,0.244000,0.061000
758.001000,0.244000,0.058000
759.001000,0.244000,0.059000
760.001000,0.245000,0.062000
761.001000,0.245000,0.056000
762.001000,0.245000,0.061000
763.001000,0.247000,0.061000
764.001000,0.246000,0.064000
765.001000,0.247000,0.068000
766.001000,0.247000,0.063000
767.001000,0.248000,0.067000
768.001000,0.248000,0.065000
769.001000,0.248000,0.067000
770.001000,0.248000,0.065000
771.001000,0.249000,0.068000
772.001000,0.249000,0.069000
773.001000,0.249000,0.069000
774.001000,0.250000,0.069000
775.001000,0.250000,0.069000
776.001000,0.250000,0.073000
777.001000,0.250000,0.071000
778.001000,0.250000,0.072000
779.001000,0.252000,0.071000
780.001000,0.252000,0.073000
781.001000,0.252000,0.069000
782.001000,0.251000,0.070000
783.001000,0.251000,0.073000
784.001000,0.251000,0.073000
785.001000,0.252000,0.070000
786.001000,0.252000,0.069000
787.001000,0.252000,0.070000
788.001000,0.254000,0.074000
789.001000,0.255000,0.073000
790.001000,0.255000,0.074000
791.001000,0.255000,0.078000
792.001000,0.256000,0.056000
793.001000,0.255000,0.063000
794.001000,0.255000,0.074000
795.001000,0.256000,0.074000
796.001000,0.256000,0.080000
797.001000,0.257000,0.079000
798.001000,0.259000,0.080000
799.001000,0.259000,0.067000
800.001000,0.259000,0.066000
801.001000,0.259000,0.070000
802.001000,0.259000,0.077000
803.001000,0.260000,0.083000
804.001000,0.260000,0.072000
805.001000,0.261000,0.060000
806.001000,0.262000,0.067000
807.001000,0.262000,0.062000
808.001000,0.262000,0.084000
809.001000,0.263000,0.082000
810.001000,0.262000,0.082000
811.001000,0.263000,0.066000
812.001000,0.263000,0.065000
813.001000,0.263000,0.061000
814.001000,0.264000,0.063000
815.001000,0.264000,0.069000
816.001000,0.265000,0.074000
817.001000,0.265000,0.070000
818.001000,0.265000,0.067000
819.001000,0.265000,0.068000
820.001000,0.266000,0.076000
821.001000,0.266000,0.073000
822.001000,0.266000,0.071000
823.001000,0.267000,0.076000
824.001000,0.267000,0.073000
825.001000,0.268000,0.066000
826.001000,0.268000,0.067000
827.001000,0.270000,0.067000
828.001000,0.270000,0.067000
829.001000,0.270000,0.069000
830.001000,0.271000,0.069000
831.001000,0.271000,0.070000
832.001000,0.271000,0.070000
833.001000,0.271000,0.075000
834.001000,0.271000,0.074000
835.001000,0.272000,0.071000
836.001000,0.272000,0.070000
837.001000,0.271000,0.079000
838.001000,0.270000,0.081000
839.001000,0.270000,0.081000
840.001000,0.270000,0.078000
841.001000,0.269000,0.077000
842.001000,0.269000,0.069000
843.001000,0.270000,0.070000
844.001000,0.270000,0.068000
845.001000,0.270000,0.071000
846.001000,0.270000,0.077000
847.001000,0.270000,0.073000
848.001000,0.270000,0.077000
849.001000,0.271000,0.076000
850.001000,0.271000,0.075000
851.001000,0.271000,0.081000
852.001000,0.271000,0.076000
853.001000,0.271000,0.082000
854.001000,0.272000,0.080000
855.001000,0.272000,0.081000
856.001000,0.272000,0.080000
857.001000,0.273000,0.076000
858.001000,0.273000,0.078000
859.001000,0.273000,0.083000
860.001000,0.273000,0.083000
861.001000,0.274000,0.084000
862.001000,0.274000,0.077000
863.001000,0.274000,0.081000
864.001000,0.274000,0.086000
865.001000,0.275000,0.080000
866.001000,0.274000,0.083000
867.001000,0.275000,0.083000
868.001000,0.275000,0.083000
869.001000,0.275000,0.082000
870.001000,0.275000,0.081000
871.001000,0.276000,0.081000
872.001000,0.277000,0.084000
873.001000,0.277000,0.079000
874.001000,0.278000,0.081000
875.001000,0.279000,0.081000
876.001000,0.279000,0.080000
877.001000,0.278000,0.080000
878.001000,0.279000,0.078000
879.001000,0.279000,0.083000
880.001000,0.279000,0.084000
881.001000,0.281000,0.081000
882.001000,0.281000,0.087000
883.001000,0.281000,0.088000
884.001000,0.281000,0.086000
885.001000,0.283000,0.080000
886.001000,0.284000,0.078000
887.001000,0.284000,0.078000
888.001000,0.285000,0.078000
889.001000,0.286000,0.076000
890.001000,0.286000,0.087000
891.001000,0.287000,0.087000
892.001000,0.287000,0.086000
893.001000,0.287000,0.086000
894.001000,0.287000,0.085000
895.001000,0.288000,0.089000
896.001000,0.286000,0.100000
897.001000,0.286000,0.103000
898.001000,0.286000,0.104000
899.001000,0.286000,0.101000
900.001000,0.286000,0.103000
901.001000,0.287000,0.102000
902.001000,0.287000,0.103000
903.001000,0.288000,0.102000
904.001000,0.289000,0.107000
905.001000,0.290000,0.106000
906.001000,0.290000,0.088000
907.001000,0.291000,0.088000
908.001000,0.293000,0.089000
909.001000,0.292000,0.093000
910.001000,0.292000,0.085000
911.001000,0.292000,0.087000
912.001000,0.293000,0.090000
913.001000,0.293000,0.101000
914.001000,0.293000,0.107000
915.001000,0.293000,0.111000
916.001000,0.293000,0.108000
917.001000,0.294000,0.112000
918.001000,0.294000,0.109000
919.001000,0.294000,0.111000
920.001000,0.294000,0.109000
921.001000,0.294000,0.108000
922.001000,0.295000,0.113000
923.001000,0.295000,0.094000
924.001000,0.295000,0.096000
925.001000,0.295000,0.104000
926.001000,0.294000,0.104000
927.001000,0.294000,0.107000
928.001000,0.295000,0.119000
929.001000,0.296000,0.119000
930.001000,0.297000,0.121000
931.001000,0.298000,0.111000
932.001000,0.299000,0.094000
933.001000,0.300000,0.096000
934.001000,0.300000,0.098000
935.001000,0.300000,0.105000
936.001000,0.301000,0.103000
937.001000,0.301000,0.101000
938.001000,0.301000,0.104000
939.001000,0.301000,0.107000
940.001000,0.302000,0.102000
941.001000,0.303000,0.100000
942.001000,0.302000,0.103000
943.001000,0.302000,0.103000
944.001000,0.302000,0.104000
945.001000,0.301000,0.105000
946.001000,0.303000,0.106000
947.001000,0.303000,0.104000
948.001000,0.303000,0.103000
949.001000,0.304000,0.105000
950.001000,0.304000,0.107000
951.001000,0.304000,0.106000
952.001000,0.304000,0.108000
953.001000,0.304000,0.105000
954.001000,0.305000,0.101000
955.001000,0.304000,0.104000
956.001000,0.305000,0.103000
957.001000,0.305000,0.105000
958.001000,0.305000,0.104000
959.001000,0.305000,0.108000
960.001000,0.306000,0.104000
961.001000,0.306000,0.110000
962.001000,0.306000,0.111000
963.001000,0.306000,0.115000
964.001000,0.307000,0.113000
965.001000,0.307000,0.114000
966.001000,0.307000,0.114000
967.001000,0.307000,0.116000
968.001000,0.308000,0.111000
969.001000,0.308000,0.121000
970.001000,0.307000,0.124000
971.001000,0.308000,0.122000
972.001000,0.308000,0.122000
973.001000,0.308000,0.124000
974.001000,0.308000,0.120000
975.001000,0.307000,0.122000
976.001000,0.308000,0.119000
977.001000,0.308000,0.124000
978.001000,0.308000,0.125000
979.001000,0.308000,0.126000
980.001000,0.308000,0.127000
981.001000,0.309000,0.130000
982.001000,0.309000,0.127000
983.001000,0.309000,0.129000
984.001000,0.310000,0.128000
985.001000,0.311000,0.132000
986.001000,0.311000,0.131000
987.001000,0.312000,0.135000
988.001000,0.312000,0.135000
989.001000,0.312000,0.131000
990.001000,0.312000,0.135000
991.001000,0.312000,0.136000
992.001000,0.312000,0.138000
993.001000,0.313000,0.134000
994.001000,0.313000,0.124000
995.001000,0.313000,0.113000
996.001000,0.313000,0.114000
997.001000,0.313000,0.106000
998.001000,0.314000,0.108000
999.001000,0.314000,0.109000
1000.001000,0.314000,0.111000
1001.001000,0.314000,0.113000
1002.001000,0.314000,0.111000
1003.001000,0.315000,0.118000
1004.001000,0.315000,0.118000
1005.001000,0.315000,0.119000
1006.001000,0.315000,0.126000
1007.001000,0.315000,0.121000
1008.001000,0.315000,0.117000
1009.001000,0.315000,0.118000
1010.001000,0.315000,0.117000
1011.001000,0.314000,0.117000
1012.001000,0.315000,0.120000
1013.001000,0.315000,0.116000
1014.001000,0.316000,0.115000
1015.001000,0.316000,0.120000
1016.001000,0.317000,0.121000
1017.001000,0.317000,0.123000
1018.001000,0.317000,0.125000
1019.001000,0.318000,0.125000
1020.001000,0.318000,0.126000
1021.001000,0.317000,0.132000
1022.001000,0.318000,0.132000
1023.001000,0.318000,0.136000
1024.001000,0.318000,0.138000
1025.001000,0.319000,0.136000
1026.001000,0.319000,0.137000
1027.001000,0.319000,0.131000
1028.001000,0.320000,0.131000
1029.001000,0.320000,0.131000
1030.001000,0.320000,0.127000
1031.001000,0.321000,0.130000
1032.001000,0.321000,0.129000
1033.001000,0.321000,0.128000
1034.001000,0.321000,0.120000
1035.001000,0.321000,0.118000
1036.001000,0.322000,0.111000
1037.001000,0.322000,0.115000
1038.001000,0.322000,0.117000
1039.001000,0.323000,0.121000
1040.001000,0.323000,0.116000
1041.001000,0.323000,0.117000
1042.001000,0.323000,0.119000
1043.001000,0.324000,0.122000
1044.001000,0.324000,0.122000
1045.001000,0.324000,0.127000
1046.001000,0.325000,0.125000
1047.001000,0.325000,0.128000
1048.001000,0.325000,0.130000
1049.001000,0.325000,0.129000
1050.001000,0.325000,0.132000
1051.001000,0.325000,0.124000
1052.001000,0.325000,0.121000
1053.001000,0.326000,0.125000
1054.001000,0.326000,0.125000
1055.001000,0.326000,0.123000
1056.001000,0.327000,0.123000
1057.001000,0.327000,0.127000
1058.001000,0.327000,0.127000
1059.001000,0.327000,0.130000
1060.001000,0.328000,0.132000
1061.001000,0.328000,0.132000
1062.001000,0.328000,0.135000
1063.001000,0.329000,0.131000
1064.001000,0.329000,0.132000
1065.001000,0.329000,0.125000
1066.001000,0.329000,0.139000
1067.001000,0.329000,0.125000
1068.001000,0.330000,0.130000
1069.001000,0.329000,0.124000
1070.001000,0.329000,0.126000
1071.001000,0.330000,0.130000
1072.001000,0.329000,0.125000
1073.001000,0.329000,0.129000
1074.001000,0.330000,0.137000
1075.001000,0.330000,0.134000
1076.001000,0.330000,0.132000
1077.001000,0.330000,0.132000
1078.001000,0.330000,0.126000
1079.001000,0.330000,0.125000
1080.001000,0.331000,0.126000
1081.001000,0.331000,0.133000
1082.001000,0.331000,0.126000
1083.001000,0.332000,0.127000
1084.001000,0.332000,0.129000
1085.001000,0.332000,0.137000
1086.001000,0.333000,0.133000
1087.001000,0.333000,0.137000
1088.001000,0.333000,0.137000
1089.001000,0.334000,0.135000
1090.001000,0.333000,0.137000
1091.001000,0.334000,0.136000
1092.001000,0.333000,0.144000
1093.001000,0.333000,0.134000
1094.001000,0.334000,0.135000
1095.001000,0.334000,0.138000
1096.001000,0.333000,0.136000
1097.001000,0.333000,0.135000
1098.001000,0.333000,0.134000
1099.001000,0.332000,0.139000
1100.001000,0.332000,0.132000
1101.001000,0.332000,0.140000
1102.001000,0.332000,0.140000
1103.001000,0.333000,0.139000
1104.001000,0.333000,0.135000
1105.001000,0.333000,0.139000
1106.001000,0.333000,0.141000
1107.001000,0.333000,0.138000
1108.001000,0.334000,0.138000
1109.001000,0.333000,0.141000
1110.001000,0.333000,0.142000
1111.001000,0.333000,0.142000
1112.001000,0.333000,0.141000
1113.001000,0.334000,0.140000
1114.001000,0.334000,0.141000
1115.001000,0.334000,0.145000
1116.001000,0.335000,0.147000
1117.001000,0.335000,0.146000
1118.001000,0.335000,0.149000
1119.001000,0.335000,0.151000
1120.001000,0.335000,0.151000
1121.001000,0.335000,0.149000
1122.001000,0.335000,0.149000
1123.001000,0.336000,0.150000
1124.001000,0.336000,0.152000
1125.001000,0.336000,0.155000
1126.001000,0.336000,0.156000
1127.001000,0.336000,0.156000
1128.001000,0.337000,0.155000
1129.001000,0.337000,0.156000
1130.001000,0.337000,0.150000
1131.001000,0.338000,0.151000
1132.001000,0.338000,0.151000
1133.001000,0.338000,0.151000
1134.001000,0.338000,0.154000
1135.001000,0.338000,0.152000
1136.001000,0.338000,0.153000
1137.001000,0.338000,0.151000
1138.001000,0.338000,0.158000
1139.001000,0.339000,0.161000
1140.001000,0.338000,0.158000
1141.001000,0.338000,0.156000
1142.001000,0.339000,0.161000
1143.001000,0.339000,0.158000
1144.001000,0.338000,0.161000
1145.001000,0.338000,0.162000
1146.001000,0.338000,0.163000
1147.001000,0.338000,0.163000
1148.001000,0.339000,0.166000
1149.001000,0.338000,0.161000
1150.001000,0.339000,0.161000
1151.001000,0.339000,0.164000
1152.001000,0.339000,0.163000
1153.001000,0.339000,0.164000
1154.001000,0.339000,0.164000
1155.001000,0.339000,0.162000
1156.001000,0.339000,0.168000
1157.001000,0.340000,0.166000
1158.001000,0.340000,0.166000
1159.001000,0.340000,0.166000
1160.001000,0.340000,0.169000
1161.001000,0.340000,0.170000
1162.001000,0.340000,0.171000
1163.001000,0.339000,0.169000
1164.001000,0.339000,0.170000
1165.001000,0.339000,0.169000
1166.001000,0.339000,0.172000
1167.001000,0.340000,0.172000
1168.001000,0.340000,0.174000
1169.001000,0.340000,0.173000
1170.001000,0.340000,0.177000
1171.001000,0.340000,0.175000
1172.001000,0.340000,0.169000
1173.001000,0.341000,0.179000
1174.001000,0.340000,0.153000
1175.001000,0.340000,0.145000
1176.001000,0.341000,0.145000
1177.001000,0.341000,0.146000
1178.001000,0.341000,0.147000
1179.001000,0.341000,0.151000
1180.001000,0.342000,0.152000
1181.001000,0.342000,0.148000
1182.001000,0.342000,0.152000
1183.001000,0.343000,0.152000
1184.001000,0.343000,0.153000
1185.001000,0.343000,0.156000
1186.001000,0.344000,0.155000
1187.001000,0.344000,0.155000
1188.001000,0.344000,0.157000
1189.001000,0.344000,0.154000
1190.001000,0.344000,0.158000
1191.001000,0.344000,0.157000
1192.001000,0.344000,0.157000
1193.001000,0.344000,0.155000
1194.001000,0.345000,0.153000
1195.001000,0.346000,0.158000
1196.001000,0.346000,0.158000
1197.001000,0.347000,0.157000
1198.001000,0.347000,0.160000
1199.001000,0.347000,0.156000
1200.001000,0.348000,0.163000
1201.001000,0.348000,0.162000
1202.001000,0.348000,0.168000
1203.001000,0.348000,0.167000
1204.001000,0.349000,0.169000
1205.001000,0.349000,0.166000
1206.001000,0.349000,0.162000
1207.001000,0.349000,0.167000
1208.001000,0.350000,0.163000
1209.001000,0.350000,0.161000
1210.001000,0.350000,0.159000
1211.001000,0.350000,0.157000
1212.001000,0.350000,0.158000
1213.001000,0.351000,0.163000
1214.001000,0.350000,0.165000
1215.001000,0.351000,0.167000
1216.001000,0.351000,0.164000
1217.001000,0.351000,0.163000
1218.001000,0.351000,0.161000
1219.001000,0.351000,0.161000
1220.001000,0.352000,0.164000
1221.001000,0.352000,0.167000
1222.001000,0.352000,0.164000
1223.001000,0.352000,0.164000
1224.001000,0.352000,0.168000
1225.001000,0.352000,0.166000
1226.001000,0.352000,0.166000
1227.001000,0.353000,0.169000
1228.001000,0.353000,0.171000
1229.001000,0.353000,0.170000
1230.001000,0.353000,0.171000
1231.001000,0.354000,0.170000
1232.001000,0.354000,0.169000
1233.001000,0.354000,0.167000
1234.001000,0.354000,0.170000
1235.001000,0.355000,0.172000
1236.001000,0.355000,0.171000
1237.001000,0.355000,0.172000
1238.001000,0.355000,0.175000
1239.001000,0.356000,0.178000
1240.001000,0.356000,0.178000
1241.001000,0.356000,0.174000
1242.001000,0.356000,0.177000
1243.001000,0.357000,0.179000
1244.001000,0.357000,0.179000
1245.001000,0.357000,0.181000
1246.001000,0.358000,0.179000
1247.001000,0.358000,0.178000
1248.001000,0.358000,0.176000
1249.001000,0.358000,0.178000
1250.001000,0.358000,0.178000
1251.001000,0.358000,0.180000
1252.001000,0.358000,0.183000
1253.001000,0.358000,0.181000
1254.001000,0.358000,0.181000
1255.001000,0.359000,0.186000
1256.001000,0.359000,0.187000
1257.001000,0.359000,0.184000
1258.001000,0.360000,0.185000
1259.001000,0.360000,0.186000
1260.001000,0.360000,0.185000
1261.001000,0.360000,0.183000
1262.001000,0.360000,0.184000
1263.001000,0.361000,0.185000
1264.001000,0.361000,0.187000
1265.001000,0.361000,0.184000
1266.001000,0.362000,0.187000
1267.001000,0.362000,0.187000
1268.001000,0.362000,0.184000
1269.001000,0.362000,0.184000
1270.001000,0.363000,0.190000
1271.001000,0.363000,0.186000
1272.001000,0.363000,0.178000
1273.001000,0.363000,0.183000
1274.001000,0.364000,0.188000
1275.001000,0.364000,0.187000
1276.001000,0.364000,0.186000
1277.001000,0.364000,0.189000
1278.001000,0.365000,0.188000
1279.001000,0.365000,0.194000
1280.001000,0.365000,0.191000
1281.001000,0.365000,0.195000
1282.001000,0.366000,0.189000
1283.001000,0.366000,0.192000
1284.001000,0.367000,0.192000
1285.001000,0.367000,0.185000
1286.001000,0.367000,0.188000
1287.001000,0.367000,0.193000
1288.001000,0.367000,0.196000
1289.001000,0.367000,0.195000
1290.001000,0.367000,0.197000
1291.001000,0.368000,0.199000
1292.001000,0.368000,0.196000
1293.001000,0.368000,0.196000
1294.001000,0.369000,0.196000
1295.001000,0.369000,0.194000
1296.001000,0.369000,0.193000
1297.001000,0.369000,0.194000
1298.001000,0.369000,0.193000
1299.001000,0.370000,0.193000
1300.001000,0.370000,0.199000
1301.001000,0.370000,0.192000
1302.001000,0.370000,0.180000
1303.001000,0.370000,0.178000
1304.001000,0.369000,0.180000
1305.001000,0.370000,0.174000
1306.001000,0.370000,0.177000
1307.001000,0.370000,0.174000
1308.001000,0.370000,0.181000
1309.001000,0.371000,0.182000
1310.001000,0.371000,0.179000
1311.001000,0.371000,0.177000
1312.001000,0.371000,0.180000
1313.001000,0.372000,0.177000
1314.001000,0.372000,0.181000
1315.001000,0.372000,0.181000
1316.001000,0.372000,0.182000
1317.001000,0.372000,0.185000
1318.001000,0.373000,0.183000
1319.001000,0.373000,0.188000
1320.001000,0.373000,0.186000
1321.001000,0.373000,0.180000
1322.001000,0.373000,0.188000
1323.001000,0.373000,0.187000
1324.001000,0.374000,0.186000
1325.001000,0.374000,0.189000
1326.001000,0.374000,0.194000
1327.001000,0.374000,0.191000
1328.001000,0.374000,0.185000
1329.001000,0.375000,0.190000
1330.001000,0.376000,0.189000
1331.001000,0.377000,0.190000
1332.001000,0.378000,0.194000
1333.001000,0.379000,0.189000
1334.001000,0.380000,0.190000
1335.001000,0.380000,0.188000
1336.001000,0.381000,0.191000
1337.001000,0.381000,0.190000
1338.001000,0.382000,0.187000
1339.001000,0.382000,0.189000
1340.001000,0.382000,0.192000
1341.001000,0.382000,0.187000
1342.001000,0.383000,0.187000
1343.001000,0.383000,0.187000
1344.001000,0.382000,0.185000
1345.001000,0.383000,0.187000
1346.001000,0.383000,0.184000
1347.001000,0.382000,0.187000
1348.001000,0.382000,0.191000
1349.001000,0.382000,0.195000
1350.001000,0.383000,0.212000
1351.001000,0.382000,0.196000
1352.001000,0.382000,0.198000
1353.001000,0.382000,0.191000
1354.001000,0.382000,0.192000
1355.001000,0.382000,0.196000
1356.001000,0.382000,0.205000
1357.001000,0.382000,0.189000
1358.001000,0.382000,0.192000
1359.001000,0.382000,0.194000
1360.001000,0.383000,0.193000
1361.001000,0.384000,0.193000
1362.001000,0.384000,0.195000
1363.001000,0.385000,0.195000
1364.001000,0.385000,0.197000
1365.001000,0.384000,0.208000
1366.001000,0.385000,0.204000
1367.001000,0.385000,0.198000
1368.001000,0.386000,0.199000
1369.001000,0.386000,0.205000
1370.001000,0.386000,0.204000
1371.001000,0.386000,0.202000
1372.001000,0.387000,0.200000
1373.001000,0.386000,0.197000
1374.001000,0.387000,0.197000
1375.001000,0.387000,0.194000
1376.001000,0.387000,0.201000
1377.001000,0.387000,0.196000
1378.001000,0.387000,0.197000
1379.001000,0.387000,0.196000
1380.001000,0.387000,0.195000
1381.001000,0.387000,0.200000
1382.001000,0.387000,0.202000
1383.001000,0.387000,0.199000
1384.001000,0.387000,0.202000
1385.001000,0.388000,0.202000
1386.001000,0.388000,0.205000
1387.001000,0.388000,0.202000
1388.001000,0.389000,0.206000
1389.001000,0.390000,0.200000
1390.001000,0.391000,0.201000
1391.001000,0.391000,0.203000
1392.001000,0.392000,0.205000
1393.001000,0.392000,0.204000
1394.001000,0.393000,0.208000
1395.001000,0.394000,0.204000
1396.001000,0.394000,0.202000
1397.001000,0.395000,0.204000
1398.001000,0.395000,0.199000
1399.001000,0.395000,0.203000
1400.001000,0.396000,0.199000
1401.001000,0.396000,0.202000
1402.001000,0.397000,0.206000
1403.001000,0.397000,0.207000
1404.001000,0.398000,0.208000
1405.001000,0.398000,0.204000
1406.001000,0.399000,0.204000
1407.001000,0.399000,0.207000
1408.001000,0.400000,0.204000
1409.001000,0.400000,0.206000
1410.001000,0.399000,0.207000
1411.001000,0.399000,0.207000
1412.001000,0.400000,0.207000
1413.001000,0.400000,0.208000
1414.001000,0.400000,0.202000
1415.001000,0.401000,0.201000
1416.001000,0.401000,0.210000
1417.001000,0.401000,0.206000
1418.001000,0.402000,0.204000
1419.001000,0.402000,0.206000
1420.001000,0.402000,0.208000
1421.001000,0.402000,0.204000
1422.001000,0.402000,0.203000
1423.001000,0.402000,0.203000
1424.001000,0.403000,0.199000
1425.001000,0.404000,0.205000
1426.001000,0.405000,0.204000
1427.001000,0.405000,0.209000
1428.001000,0.406000,0.206000
1429.001000,0.406000,0.200000
1430.001000,0.406000,0.205000
1431.001000,0.407000,0.203000
1432.001000,0.408000,0.204000
1433.001000,0.408000,0.210000
1434.001000,0.408000,0.211000
1435.001000,0.408000,0.209000
1436.001000,0.409000,0.212000
1437.001000,0.409000,0.214000
1438.001000,0.409000,0.216000
1439.001000,0.409000,0.219000
1440.001000,0.410000,0.220000
1441.001000,0.410000,0.218000
1442.001000,0.409000,0.217000
1443.001000,0.409000,0.218000
1444.001000,0.409000,0.216000
1445.001000,0.409000,0.217000
1446.001000,0.409000,0.217000
1447.001000,0.409000,0.218000
1448.001000,0.409000,0.219000
1449.001000,0.409000,0.213000
1450.001000,0.409000,0.217000
1451.001000,0.409000,0.213000
1452.001000,0.410000,0.222000
1453.001000,0.410000,0.218000
1454.001000,0.410000,0.219000
1455.001000,0.410000,0.214000
1456.001000,0.410000,0.218000
1457.001000,0.410000,0.218000
1458.001000,0.411000,0.219000
1459.001000,0.411000,0.221000
1460.001000,0.411000,0.224000
1461.001000,0.411000,0.221000
1462.001000,0.412000,0.224000
1463.001000,0.412000,0.222000
1464.001000,0.412000,0.221000
1465.001000,0.411000,0.223000
1466.001000,0.411000,0.222000
1467.001000,0.411000,0.224000
1468.001000,0.411000,0.226000
1469.001000,0.411000,0.226000
1470.001000,0.409000,0.226000
1471.001000,0.409000,0.225000
1472.001000,0.409000,0.230000
1473.001000,0.410000,0.232000
1474.001000,0.410000,0.235000
1475.001000,0.410000,0.236000
1476.001000,0.411000,0.231000
1477.001000,0.411000,0.233000
1478.001000,0.411000,0.237000
1479.001000,0.411000,0.233000
1480.001000,0.411000,0.229000
1481.001000,0.412000,0.237000
1482.001000,0.412000,0.233000
1483.001000,0.412000,0.240000
1484.001000,0.413000,0.239000
1485.001000,0.413000,0.238000
1486.001000,0.413000,0.236000
1487.001000,0.413000,0.237000
1488.001000,0.413000,0.238000
1489.001000,0.414000,0.242000
1490.001000,0.414000,0.240000
1491.001000,0.413000,0.241000
1492.001000,0.414000,0.244000
1493.001000,0.414000,0.240000
1494.001000,0.414000,0.241000
1495.001000,0.414000,0.242000
1496.001000,0.415000,0.243000
1497.001000,0.415000,0.228000
1498.001000,0.416000,0.229000
1499.001000,0.416000,0.224000
1500.001000,0.416000,0.224000
1501.001000,0.417000,0.225000
1502.001000,0.417000,0.226000
1503.001000,0.416000,0.225000
1504.001000,0.416000,0.224000
1505.001000,0.417000,0.228000
1506.001000,0.417000,0.226000
1507.001000,0.418000,0.223000
1508.001000,0.417000,0.231000
1509.001000,0.418000,0.224000
1510.001000,0.418000,0.221000
1511.001000,0.418000,0.226000
1512.001000,0.419000,0.222000
1513.001000,0.419000,0.226000
1514.001000,0.419000,0.222000
1515.001000,0.420000,0.227000
1516.001000,0.420000,0.229000
1517.001000,0.420000,0.224000
1518.001000,0.421000,0.224000
1519.001000,0.421000,0.226000
1520.001000,0.421000,0.226000
1521.001000,0.421000,0.227000
1522.001000,0.421000,0.225000
1523.001000,0.422000,0.227000
1524.001000,0.422000,0.226000
1525.001000,0.422000,0.228000
1526.001000,0.422000,0.225000
1527.001000,0.423000,0.229000
1528.001000,0.422000,0.224000
1529.001000,0.423000,0.225000
1530.001000,0.423000,0.225000
1531.001000,0.423000,0.223000
1532.001000,0.423000,0.221000
1533.001000,0.423000,0.229000
1534.001000,0.423000,0.228000
1535.001000,0.424000,0.226000
1536.001000,0.424000,0.229000
1537.001000,0.424000,0.227000
1538.001000,0.424000,0.224000
1539.001000,0.424000,0.229000
1540.001000,0.425000,0.227000
1541.001000,0.425000,0.228000
1542.001000,0.425000,0.226000
1543.001000,0.426000,0.226000
1544.001000,0.426000,0.225000
1545.001000,0.426000,0.227000
1546.001000,0.426000,0.227000
1547.001000,0.427000,0.227000
1548.001000,0.427000,0.223000
1549.001000,0.427000,0.225000
1550.001000,0.427000,0.227000
1551.001000,0.427000,0.229000
1552.001000,0.427000,0.227000
1553.001000,0.427000,0.225000
1554.001000,0.427000,0.229000
1555.001000,0.427000,0.225000
1556.001000,0.427000,0.224000
1557.001000,0.427000,0.227000
1558.001000,0.427000,0.229000
1559.001000,0.427000,0.223000
1560.001000,0.428000,0.230000
1561.001000,0.427000,0.229000
1562.001000,0.428000,0.231000
1563.001000,0.428000,0.234000
1564.001000,0.428000,0.230000
1565.001000,0.428000,0.230000
1566.001000,0.428000,0.234000
1567.001000,0.429000,0.234000
1568.001000,0.429000,0.236000
1569.001000,0.428000,0.228000
1570.001000,0.429000,0.229000
1571.001000,0.429000,0.240000
1572.001000,0.429000,0.241000
1573.001000,0.429000,0.246000
1574.001000,0.429000,0.233000
1575.001000,0.429000,0.247000
1576.001000,0.429000,0.257000
1577.001000,0.430000,0.257000
1578.001000,0.429000,0.257000
1579.001000,0.428000,0.262000
1580.001000,0.429000,0.258000
1581.001000,0.429000,0.257000
1582.001000,0.430000,0.253000
1583.001000,0.430000,0.251000
1584.001000,0.430000,0.255000
1585.001000,0.431000,0.258000
1586.001000,0.431000,0.258000
1587.001000,0.431000,0.255000
1588.001000,0.431000,0.256000
1589.001000,0.432000,0.254000
1590.001000,0.432000,0.253000
1591.001000,0.432000,0.255000
1592.001000,0.433000,0.257000
1593.001000,0.433000,0.254000
1594.001000,0.433000,0.252000
1595.001000,0.434000,0.247000
1596.001000,0.434000,0.247000
1597.001000,0.434000,0.248000
1598.001000,0.434000,0.249000
1599.001000,0.435000,0.250000
1600.001000,0.435000,0.253000
1601.001000,0.436000,0.256000
1602.001000,0.436000,0.256000
1603.001000,0.436000,0.254000
1604.001000,0.436000,0.256000
1605.001000,0.437000,0.255000
1606.001000,0.437000,0.256000
1607.001000,0.437000,0.255000
1608.001000,0.438000,0.253000
1609.001000,0.438000,0.251000
1610.001000,0.439000,0.251000
1611.001000,0.440000,0.251000
1612.001000,0.441000,0.252000
1613.001000,0.441000,0.252000
1614.001000,0.442000,0.249000
1615.001000,0.443000,0.253000
1616.001000,0.445000,0.252000
1617.001000,0.445000,0.254000
1618.001000,0.445000,0.258000
1619.001000,0.446000,0.259000
1620.001000,0.446000,0.259000
1621.001000,0.447000,0.258000
1622.001000,0.447000,0.257000
1623.001000,0.446000,0.260000
1624.001000,0.447000,0.255000
1625.001000,0.447000,0.256000
1626.001000,0.448000,0.255000
1627.001000,0.448000,0.258000
1628.001000,0.448000,0.255000
1629.001000,0.448000,0.261000
1630.001000,0.449000,0.258000
1631.001000,0.450000,0.255000
1632.001000,0.452000,0.258000
1633.001000,0.453000,0.256000
1634.001000,0.453000,0.256000
1635.001000,0.454000,0.256000
1636.001000,0.455000,0.259000
1637.001000,0.456000,0.257000
1638.001000,0.456000,0.254000
1639.001000,0.456000,0.254000
1640.001000,0.457000,0.256000
1641.001000,0.457000,0.257000
1642.001000,0.456000,0.256000
1643.001000,0.457000,0.252000
1644.001000,0.457000,0.250000
1645.001000,0.457000,0.250000
1646.001000,0.457000,0.253000
1647.001000,0.457000,0.250000
1648.001000,0.457000,0.250000
1649.001000,0.457000,0.251000
1650.001000,0.458000,0.264000
1651.001000,0.458000,0.267000
1652.001000,0.458000,0.267000
1653.001000,0.458000,0.269000
1654.001000,0.457000,0.268000
1655.001000,0.458000,0.270000
1656.001000,0.458000,0.272000
1657.001000,0.458000,0.269000
1658.001000,0.458000,0.267000
1659.001000,0.458000,0.270000
1660.001000,0.459000,0.269000
1661.001000,0.458000,0.271000
1662.001000,0.458000,0.274000
1663.001000,0.458000,0.276000
1664.001000,0.459000,0.272000
1665.001000,0.459000,0.274000
1666.001000,0.459000,0.271000
1667.001000,0.460000,0.267000
1668.001000,0.460000,0.271000
1669.001000,0.461000,0.271000
1670.001000,0.462000,0.275000
1671.001000,0.462000,0.275000
1672.001000,0.463000,0.272000
1673.001000,0.464000,0.266000
1674.001000,0.464000,0.271000
1675.001000,0.464000,0.270000
1676.001000,0.464000,0.272000
1677.001000,0.465000,0.272000
1678.001000,0.465000,0.273000
1679.001000,0.466000,0.270000
1680.001000,0.466000,0.273000
1681.001000,0.466000,0.271000
1682.001000,0.467000,0.272000
1683.001000,0.467000,0.272000
1684.001000,0.467000,0.269000
1685.001000,0.468000,0.269000
1686.001000,0.468000,0.269000
1687.001000,0.468000,0.272000
1688.001000,0.469000,0.269000
1689.001000,0.469000,0.270000
1690.001000,0.469000,0.273000
1691.001000,0.469000,0.273000
1692.001000,0.468000,0.272000
1693.001000,0.469000,0.269000
1694.001000,0.468000,0.268000
1695.001000,0.469000,0.267000
1696.001000,0.471000,0.268000
1697.001000,0.471000,0.269000
1698.001000,0.472000,0.271000
1699.001000,0.472000,0.269000
1700.001000,0.472000,0.270000
1701.001000,0.473000,0.266000
1702.001000,0.473000,0.267000
1703.001000,0.474000,0.266000
1704.001000,0.475000,0.265000
1705.001000,0.475000,0.269000
1706.001000,0.476000,0.268000
1707.001000,0.476000,0.268000
1708.001000,0.476000,0.269000
1709.001000,0.476000,0.267000
1710.001000,0.477000,0.269000
1711.001000,0.477000,0.268000
1712.001000,0.478000,0.268000
1713.001000,0.478000,0.269000
1714.001000,0.478000,0.266000
1715.001000,0.478000,0.266000
1716.001000,0.479000,0.267000
1717.001000,0.479000,0.270000
1718.001000,0.479000,0.268000
1719.001000,0.479000,0.268000
1720.001000,0.479000,0.268000
1721.001000,0.479000,0.267000
1722.001000,0.480000,0.269000
1723.001000,0.480000,0.265000
1724.001000,0.480000,0.268000
1725.001000,0.481000,0.264000
1726.001000,0.481000,0.265000
1727.001000,0.481000,0.269000
1728.001000,0.481000,0.268000
1729.001000,0.481000,0.270000
1730.001000,0.481000,0.265000
1731.001000,0.481000,0.259000
1732.001000,0.482000,0.265000
1733.001000,0.482000,0.265000
1734.001000,0.482000,0.271000
1735.001000,0.483000,0.272000
1736.001000,0.483000,0.269000
1737.001000,0.483000,0.272000
1738.001000,0.483000,0.272000
1739.001000,0.484000,0.271000
1740.001000,0.484000,0.274000
1741.001000,0.483000,0.269000
1742.001000,0.484000,0.268000
1743.001000,0.484000,0.277000
1744.001000,0.485000,0.272000
1745.001000,0.485000,0.270000
1746.001000,0.485000,0.292000
1747.001000,0.486000,0.296000
1748.001000,0.486000,0.297000
1749.001000,0.486000,0.297000
1750.001000,0.486000,0.297000
1751.001000,0.487000,0.302000
1752.001000,0.487000,0.294000
1753.001000,0.487000,0.296000
1754.001000,0.487000,0.294000
1755.001000,0.488000,0.296000
1756.001000,0.488000,0.297000
1757.001000,0.488000,0.295000
1758.001000,0.488000,0.296000
1759.001000,0.488000,0.299000
1760.001000,0.488000,0.298000
1761.001000,0.488000,0.299000
1762.001000,0.488000,0.295000
1763.001000,0.489000,0.294000
1764.001000,0.489000,0.296000
1765.001000,0.489000,0.299000
1766.001000,0.489000,0.301000
1767.001000,0.489000,0.301000
1768.001000,0.490000,0.300000
1769.001000,0.490000,0.300000
1770.001000,0.490000,0.298000
1771.001000,0.489000,0.295000
1772.001000,0.489000,0.298000
1773.001000,0.489000,0.299000
1774.001000,0.489000,0.302000
1775.001000,0.489000,0.300000
1776.001000,0.489000,0.296000
1777.001000,0.489000,0.293000
1778.001000,0.490000,0.294000
1779.001000,0.490000,0.298000
1780.001000,0.490000,0.292000
1781.001000,0.490000,0.296000
1782.001000,0.490000,0.289000
1783.001000,0.491000,0.291000
1784.001000,0.491000,0.291000
1785.001000,0.491000,0.283000
1786.001000,0.492000,0.285000
1787.001000,0.492000,0.288000
1788.001000,0.493000,0.284000
1789.001000,0.493000,0.287000
1790.001000,0.493000,0.286000
1791.001000,0.494000,0.289000
1792.001000,0.494000,0.288000
1793.001000,0.494000,0.286000
1794.001000,0.494000,0.290000
1795.001000,0.495000,0.293000
1796.001000,0.495000,0.293000
1797.001000,0.495000,0.294000
1798.001000,0.496000,0.296000
1799.001000,0.496000,0.290000
1800.001000,0.496000,0.292000
1801.001000,0.496000,0.297000
1802.001000,0.496000,0.295000
1803.001000,0.496000,0.293000
1804.001000,0.496000,0.291000
1805.001000,0.496000,0.292000
1806.001000,0.496000,0.292000
1807.001000,0.497000,0.293000
1808.001000,0.497000,0.295000
1809.001000,0.497000,0.293000
1810.001000,0.497000,0.293000
1811.001000,0.498000,0.287000
1812.001000,0.498000,0.286000
1813.001000,0.498000,0.286000
1814.001000,0.498000,0.284000
1815.001000,0.499000,0.285000
1816.001000,0.499000,0.284000
1817.001000,0.500000,0.286000
1818.001000,0.500000,0.285000
1819.001000,0.499000,0.281000
1820.001000,0.500000,0.291000
1821.001000,0.500000,0.291000
1822.001000,0.500000,0.303000
1823.001000,0.500000,0.290000
1824.001000,0.501000,0.301000
1825.001000,0.501000,0.294000
1826.001000,0.502000,0.301000
1827.001000,0.502000,0.306000
1828.001000,0.503000,0.304000
1829.001000,0.503000,0.308000
1830.001000,0.503000,0.305000
1831.001000,0.503000,0.307000
1832.001000,0.503000,0.309000
1833.001000,0.503000,0.309000
1834.001000,0.504000,0.312000
1835.001000,0.505000,0.311000
1836.001000,0.505000,0.314000
1837.001000,0.505000,0.313000
1838.001000,0.506000,0.314000
1839.001000,0.506000,0.314000
1840.001000,0.506000,0.310000
1841.001000,0.505000,0.309000
1842.001000,0.506000,0.308000
1843.001000,0.506000,0.314000
1844.001000,0.507000,0.313000
1845.001000,0.507000,0.308000
1846.001000,0.507000,0.310000
1847.001000,0.507000,0.310000
1848.001000,0.508000,0.310000
1849.001000,0.508000,0.315000
1850.001000,0.508000,0.317000
1851.001000,0.508000,0.314000
1852.001000,0.509000,0.313000
1853.001000,0.509000,0.315000
1854.001000,0.509000,0.312000
1855.001000,0.509000,0.310000
1856.001000,0.509000,0.313000
1857.001000,0.509000,0.316000
1858.001000,0.510000,0.317000
1859.001000,0.510000,0.313000
1860.001000,0.511000,0.310000
1861.001000,0.511000,0.317000
1862.001000,0.510000,0.318000
1863.001000,0.510000,0.316000
1864.001000,0.510000,0.313000
1865.001000,0.511000,0.310000
1866.001000,0.510000,0.311000
1867.001000,0.510000,0.314000
1868.001000,0.510000,0.315000
1869.001000,0.510000,0.313000
1870.001000,0.511000,0.312000
1871.001000,0.512000,0.308000
1872.001000,0.512000,0.313000
1873.001000,0.513000,0.312000
1874.001000,0.514000,0.312000
1875.001000,0.514000,0.310000
1876.001000,0.514000,0.310000
1877.001000,0.515000,0.305000
1878.001000,0.515000,0.308000
1879.001000,0.514000,0.308000
1880.001000,0.515000,0.310000
1881.001000,0.515000,0.310000
1882.001000,0.516000,0.308000
1883.001000,0.517000,0.306000
1884.001000,0.517000,0.305000
1885.001000,0.518000,0.307000
1886.001000,0.518000,0.308000
1887.001000,0.518000,0.306000
1888.001000,0.517000,0.308000
1889.001000,0.518000,0.309000
1890.001000,0.518000,0.309000
1891.001000,0.518000,0.307000
1892.001000,0.519000,0.304000
1893.001000,0.520000,0.308000
1894.001000,0.520000,0.304000
1895.001000,0.520000,0.305000
1896.001000,0.521000,0.304000
1897.001000,0.522000,0.304000
1898.001000,0.522000,0.303000
1899.001000,0.522000,0.303000
1900.001000,0.522000,0.299000
1901.001000,0.522000,0.301000
1902.001000,0.523000,0.299000
1903.001000,0.523000,0.304000
1904.001000,0.524000,0.300000
1905.001000,0.524000,0.297000
1906.001000,0.524000,0.299000
1907.001000,0.525000,0.300000
1908.001000,0.525000,0.299000
1909.001000,0.525000,0.309000
1910.001000,0.525000,0.306000
1911.001000,0.525000,0.302000
1912.001000,0.525000,0.303000
1913.001000,0.526000,0.305000
1914.001000,0.527000,0.299000
1915.001000,0.528000,0.302000
1916.001000,0.529000,0.302000
1917.001000,0.529000,0.299000
1918.001000,0.528000,0.297000
1919.001000,0.528000,0.303000
1920.001000,0.529000,0.299000
1921.001000,0.529000,0.302000
1922.001000,0.531000,0.310000
1923.001000,0.531000,0.310000
1924.001000,0.532000,0.327000
1925.001000,0.532000,0.321000
1926.001000,0.533000,0.331000
1927.001000,0.533000,0.323000
1928.001000,0.534000,0.324000
1929.001000,0.534000,0.323000
1930.001000,0.534000,0.326000
1931.001000,0.535000,0.325000
1932.001000,0.535000,0.323000
1933.001000,0.535000,0.326000
1934.001000,0.536000,0.322000
1935.001000,0.536000,0.322000
1936.001000,0.536000,0.322000
1937.001000,0.537000,0.324000
1938.001000,0.538000,0.327000
1939.001000,0.539000,0.326000
1940.001000,0.539000,0.327000
1941.001000,0.541000,0.329000
1942.001000,0.541000,0.325000
1943.001000,0.542000,0.322000
1944.001000,0.544000,0.324000
1945.001000,0.544000,0.322000
1946.001000,0.544000,0.326000
1947.001000,0.546000,0.323000
1948.001000,0.546000,0.327000
1949.001000,0.547000,0.328000
1950.001000,0.548000,0.326000
1951.001000,0.549000,0.329000
1952.001000,0.550000,0.330000
1953.001000,0.551000,0.326000
1954.001000,0.552000,0.322000
1955.001000,0.553000,0.322000
1956.001000,0.553000,0.316000
1957.001000,0.553000,0.318000
1958.001000,0.555000,0.317000
1959.001000,0.555000,0.319000
1960.001000,0.556000,0.317000
1961.001000,0.556000,0.316000
1962.001000,0.556000,0.319000
1963.001000,0.557000,0.319000
1964.001000,0.558000,0.320000
1965.001000,0.559000,0.319000
1966.001000,0.559000,0.320000
1967.001000,0.561000,0.321000
1968.001000,0.562000,0.321000
1969.001000,0.563000,0.317000
1970.001000,0.564000,0.316000
1971.001000,0.564000,0.320000
1972.001000,0.564000,0.316000
1973.001000,0.565000,0.320000
1974.001000,0.565000,0.316000
1975.001000,0.565000,0.317000
1976.001000,0.565000,0.318000
1977.001000,0.564000,0.318000
1978.001000,0.565000,0.316000
1979.001000,0.565000,0.317000
1980.001000,0.566000,0.321000
1981.001000,0.566000,0.321000
1982.001000,0.565000,0.317000
1983.001000,0.564000,0.319000
1984.001000,0.564000,0.320000
1985.001000,0.565000,0.318000
1986.001000,0.565000,0.315000
1987.001000,0.564000,0.319000
1988.001000,0.564000,0.316000
1989.001000,0.565000,0.318000
1990.001000,0.565000,0.319000
1991.001000,0.565000,0.319000
1992.001000,0.566000,0.317000
1993.001000,0.567000,0.315000
1994.001000,0.567000,0.315000
1995.001000,0.568000,0.305000
1996.001000,0.569000,0.308000
1997.001000,0.569000,0.322000
1998.001000,0.570000,0.319000
1999.001000,0.570000,0.316000
2000.001000,0.570000,0.322000
2001.001000,0.570000,0.318000
2002.001000,0.571000,0.315000
2003.001000,0.571000,0.318000
2004.001000,0.572000,0.321000
2005.001000,0.571000,0.317000
2006.001000,0.570000,0.317000
2007.001000,0.572000,0.317000
2008.001000,0.572000,0.316000
2009.001000,0.573000,0.317000
2010.001000,0.573000,0.318000
2011.001000,0.573000,0.318000
2012.001000,0.574000,0.316000
2013.001000,0.573000,0.316000
2014.001000,0.573000,0.319000
2015.001000,0.574000,0.322000
2016.001000,0.574000,0.322000
2017.001000,0.575000,0.316000
2018.001000,0.576000,0.314000
2019.001000,0.576000,0.320000
2020.001000,0.577000,0.318000
2021.001000,0.576000,0.318000
2022.001000,0.576000,0.317000
2023.001000,0.576000,0.314000
2024.001000,0.577000,0.317000
2025.001000,0.577000,0.317000
2026.001000,0.578000,0.320000
2027.001000,0.578000,0.321000
2028.001000,0.578000,0.320000
2029.001000,0.578000,0.320000
2030.001000,0.577000,0.319000
2031.001000,0.577000,0.321000
2032.001000,0.578000,0.321000
2033.001000,0.578000,0.321000
2034.001000,0.578000,0.321000
2035.001000,0.578000,0.316000
2036.001000,0.579000,0.335000
2037.001000,0.580000,0.338000
2038.001000,0.580000,0.342000
2039.001000,0.580000,0.341000
2040.001000,0.580000,0.341000
2041.001000,0.581000,0.340000
2042.001000,0.582000,0.340000
2043.001000,0.583000,0.343000
2044.001000,0.583000,0.339000
2045.001000,0.584000,0.343000
2046.001000,0.585000,0.341000
2047.001000,0.586000,0.337000
2048.001000,0.587000,0.340000
2049.001000,0.587000,0.335000
2050.001000,0.587000,0.339000
2051.001000,0.587000,0.339000
2052.001000,0.588000,0.337000
2053.001000,0.588000,0.340000
2054.001000,0.589000,0.340000
2055.001000,0.588000,0.343000
2056.001000,0.588000,0.348000
2057.001000,0.589000,0.348000
2058.001000,0.589000,0.343000
2059.001000,0.589000,0.348000
2060.001000,0.589000,0.348000
2061.001000,0.589000,0.349000
2062.001000,0.589000,0.349000
2063.001000,0.590000,0.346000
2064.001000,0.591000,0.344000
2065.001000,0.592000,0.339000
2066.001000,0.593000,0.346000
2067.001000,0.594000,0.349000
2068.001000,0.594000,0.348000
2069.001000,0.594000,0.345000
2070.001000,0.595000,0.345000
2071.001000,0.596000,0.343000
2072.001000,0.596000,0.341000
2073.001000,0.596000,0.342000
2074.001000,0.597000,0.343000
2075.001000,0.597000,0.348000
2076.001000,0.597000,0.345000
2077.001000,0.598000,0.344000
2078.001000,0.598000,0.342000
2079.001000,0.598000,0.348000
2080.001000,0.598000,0.348000
2081.001000,0.598000,0.345000
2082.001000,0.598000,0.341000
2083.001000,0.598000,0.346000
2084.001000,0.599000,0.344000
2085.001000,0.599000,0.345000
2086.001000,0.599000,0.343000
2087.001000,0.600000,0.342000
2088.001000,0.600000,0.343000
2089.001000,0.601000,0.344000
2090.001000,0.602000,0.345000
2091.001000,0.601000,0.348000
2092.001000,0.602000,0.352000
2093.001000,0.601000,0.349000
2094.001000,0.600000,0.344000
2095.001000,0.602000,0.346000
2096.001000,0.602000,0.347000
2097.001000,0.603000,0.345000
2098.001000,0.603000,0.354000
2099.001000,0.604000,0.347000
2100.001000,0.603000,0.343000
2101.001000,0.603000,0.342000
2102.001000,0.603000,0.346000
2103.001000,0.604000,0.346000
2104.001000,0.605000,0.342000
2105.001000,0.605000,0.347000
2106.001000,0.604000,0.349000
2107.001000,0.604000,0.349000
2108.001000,0.605000,0.352000
2109.001000,0.606000,0.352000
2110.001000,0.606000,0.350000
2111.001000,0.606000,0.349000
2112.001000,0.606000,0.350000
2113.001000,0.606000,0.349000
2114.001000,0.606000,0.351000
2115.001000,0.606000,0.347000
2116.001000,0.606000,0.351000
2117.001000,0.605000,0.343000
2118.001000,0.606000,0.345000
2119.001000,0.606000,0.346000
2120.001000,0.606000,0.348000
2121.001000,0.606000,0.343000
2122.001000,0.606000,0.346000
2123.001000,0.606000,0.347000
2124.001000,0.606000,0.344000
2125.001000,0.606000,0.347000
2126.001000,0.607000,0.347000
2127.001000,0.608000,0.352000
2128.001000,0.609000,0.349000
2129.001000,0.608000,0.350000
2130.001000,0.609000,0.351000
2131.001000,0.609000,0.352000
2132.001000,0.610000,0.348000
2133.001000,0.611000,0.353000
2134.001000,0.611000,0.349000
2135.001000,0.612000,0.347000
2136.001000,0.614000,0.349000
2137.001000,0.614000,0.347000
2138.001000,0.615000,0.346000
2139.001000,0.616000,0.345000
2140.001000,0.615000,0.346000
2141.001000,0.615000,0.351000
2142.001000,0.614000,0.347000
2143.001000,0.615000,0.350000
2144.001000,0.615000,0.351000
2145.001000,0.616000,0.350000
2146.001000,0.616000,0.347000
2147.001000,0.616000,0.350000
2148.001000,0.617000,0.350000
2149.001000,0.618000,0.353000
2150.001000,0.619000,0.350000
2151.001000,0.619000,0.351000
2152.001000,0.620000,0.351000
2153.001000,0.621000,0.349000
2154.001000,0.620000,0.350000
2155.001000,0.620000,0.351000
2156.001000,0.619000,0.351000
2157.001000,0.619000,0.353000
2158.001000,0.620000,0.352000
2159.001000,0.621000,0.351000
2160.001000,0.622000,0.351000
2161.001000,0.623000,0.353000
2162.001000,0.624000,0.356000
2163.001000,0.625000,0.356000
2164.001000,0.626000,0.349000
2165.001000,0.627000,0.348000
2166.001000,0.628000,0.351000
2167.001000,0.629000,0.352000
2168.001000,0.630000,0.350000
2169.001000,0.630000,0.351000
2170.001000,0.631000,0.353000
2171.001000,0.632000,0.356000
2172.001000,0.631000,0.351000
2173.001000,0.632000,0.354000
2174.001000,0.632000,0.353000
2175.001000,0.631000,0.352000
2176.001000,0.629000,0.353000
2177.001000,0.629000,0.353000
2178.001000,0.628000,0.354000
2179.001000,0.629000,0.352000
2180.001000,0.628000,0.351000
2181.001000,0.629000,0.354000
2182.001000,0.629000,0.354000
2183.001000,0.629000,0.351000
2184.001000,0.629000,0.353000
2185.001000,0.630000,0.353000
2186.001000,0.630000,0.353000
2187.001000,0.630000,0.351000
2188.001000,0.632000,0.354000
2189.001000,0.634000,0.354000
2190.001000,0.635000,0.354000
2191.001000,0.636000,0.356000
2192.001000,0.636000,0.357000
2193.001000,0.635000,0.350000
2194.001000,0.636000,0.349000
2195.001000,0.637000,0.352000
2196.001000,0.637000,0.352000
2197.001000,0.638000,0.354000
2198.001000,0.638000,0.356000
2199.001000,0.638000,0.355000
2200.001000,0.638000,0.355000
2201.001000,0.638000,0.353000
2202.001000,0.638000,0.354000
2203.001000,0.640000,0.354000
2204.001000,0.640000,0.354000
2205.001000,0.640000,0.356000
2206.001000,0.641000,0.352000
2207.001000,0.641000,0.355000
2208.001000,0.642000,0.354000
2209.001000,0.644000,0.357000
2210.001000,0.644000,0.359000
2211.001000,0.643000,0.360000
2212.001000,0.643000,0.358000
2213.001000,0.643000,0.357000
2214.001000,0.643000,0.363000
2215.001000,0.643000,0.361000
2216.001000,0.643000,0.361000
2217.001000,0.643000,0.364000
2218.001000,0.642000,0.366000
2219.001000,0.642000,0.366000
2220.001000,0.642000,0.362000
2221.001000,0.642000,0.365000
2222.001000,0.642000,0.365000
2223.001000,0.642000,0.366000
2224.001000,0.643000,0.369000
2225.001000,0.643000,0.367000
2226.001000,0.643000,0.365000
2227.001000,0.643000,0.366000
2228.001000,0.644000,0.361000
2229.001000,0.644000,0.360000
2230.001000,0.644000,0.362000
2231.001000,0.645000,0.360000
2232.001000,0.645000,0.361000
2233.001000,0.645000,0.360000
2234.001000,0.645000,0.359000
2235.001000,0.645000,0.356000
2236.001000,0.645000,0.356000
2237.001000,0.646000,0.364000
2238.001000,0.646000,0.358000
2239.001000,0.647000,0.361000
2240.001000,0.647000,0.360000
2241.001000,0.647000,0.361000
2242.001000,0.648000,0.365000
2243.001000,0.648000,0.358000
2244.001000,0.649000,0.360000
2245.001000,0.649000,0.362000
2246.001000,0.649000,0.366000
2247.001000,0.649000,0.363000
2248.001000,0.650000,0.364000
2249.001000,0.650000,0.364000
2250.001000,0.650000,0.365000
2251.001000,0.651000,0.366000
2252.001000,0.651000,0.366000
2253.001000,0.650000,0.366000
2254.001000,0.651000,0.364000
2255.001000,0.650000,0.369000
2256.001000,0.647000,0.370000
2257.001000,0.647000,0.367000
2258.001000,0.648000,0.367000
2259.001000,0.649000,0.370000
2260.001000,0.651000,0.372000
2261.001000,0.651000,0.369000
2262.001000,0.651000,0.368000
2263.001000,0.651000,0.369000
2264.001000,0.650000,0.370000
2265.001000,0.649000,0.370000
2266.001000,0.649000,0.366000
2267.001000,0.648000,0.373000
2268.001000,0.649000,0.365000
2269.001000,0.648000,0.368000
2270.001000,0.648000,0.369000
2271.001000,0.649000,0.373000
2272.001000,0.650000,0.370000
2273.001000,0.650000,0.372000
2274.001000,0.650000,0.371000
2275.001000,0.650000,0.371000
2276.001000,0.650000,0.374000
2277.001000,0.650000,0.368000
2278.001000,0.650000,0.374000
2279.001000,0.650000,0.370000
2280.001000,0.649000,0.369000
2281.001000,0.650000,0.372000
2282.001000,0.650000,0.371000
2283.001000,0.649000,0.371000
2284.001000,0.650000,0.374000
2285.001000,0.650000,0.372000
2286.001000,0.651000,0.374000
2287.001000,0.651000,0.373000
2288.001000,0.651000,0.370000
2289.001000,0.651000,0.376000
2290.001000,0.651000,0.375000
2291.001000,0.652000,0.372000
2292.001000,0.652000,0.371000
2293.001000,0.651000,0.370000
2294.001000,0.650000,0.373000
2295.001000,0.650000,0.371000
2296.001000,0.649000,0.370000
2297.001000,0.649000,0.374000
2298.001000,0.650000,0.376000
2299.001000,0.649000,0.374000
2300.001000,0.649000,0.372000
2301.001000,0.648000,0.372000
2302.001000,0.648000,0.374000
2303.001000,0.649000,0.370000
2304.001000,0.651000,0.374000
2305.001000,0.650000,0.375000
2306.001000,0.650000,0.372000
2307.001000,0.649000,0.368000
2308.001000,0.649000,0.367000
2309.001000,0.650000,0.372000
2310.001000,0.650000,0.371000
2311.001000,0.650000,0.369000
2312.001000,0.650000,0.370000
2313.001000,0.650000,0.375000
2314.001000,0.649000,0.379000
2315.001000,0.649000,0.374000
2316.001000,0.649000,0.373000
2317.001000,0.649000,0.377000
2318.001000,0.648000,0.379000
2319.001000,0.648000,0.379000
2320.001000,0.648000,0.378000
2321.001000,0.649000,0.380000
2322.001000,0.649000,0.382000
2323.001000,0.649000,0.381000
2324.001000,0.649000,0.382000
2325.001000,0.649000,0.382000
2326.001000,0.649000,0.382000
2327.001000,0.650000,0.381000
2328.001000,0.651000,0.383000
2329.001000,0.650000,0.385000
2330.001000,0.650000,0.385000
2331.001000,0.649000,0.383000
2332.001000,0.649000,0.384000
2333.001000,0.650000,0.384000
2334.001000,0.649000,0.390000
2335.001000,0.649000,0.389000
2336.001000,0.649000,0.384000
2337.001000,0.649000,0.387000
2338.001000,0.650000,0.385000
2339.001000,0.650000,0.386000
2340.001000,0.650000,0.386000
2341.001000,0.651000,0.388000
2342.001000,0.651000,0.391000
2343.001000,0.652000,0.387000
2344.001000,0.651000,0.389000
2345.001000,0.650000,0.388000
2346.001000,0.651000,0.386000
2347.001000,0.652000,0.391000
2348.001000,0.652000,0.389000
2349.001000,0.652000,0.381000
2350.001000,0.651000,0.374000
2351.001000,0.651000,0.378000
2352.001000,0.651000,0.369000
2353.001000,0.650000,0.371000
2354.001000,0.651000,0.367000
2355.001000,0.651000,0.367000
2356.001000,0.651000,0.366000
2357.001000,0.652000,0.373000
2358.001000,0.652000,0.369000
2359.001000,0.651000,0.361000
2360.001000,0.652000,0.366000
2361.001000,0.651000,0.368000
2362.001000,0.651000,0.368000
2363.001000,0.652000,0.370000
2364.001000,0.651000,0.372000
2365.001000,0.650000,0.376000
2366.001000,0.651000,0.375000
2367.001000,0.652000,0.373000
2368.001000,0.651000,0.374000
2369.001000,0.651000,0.371000
2370.001000,0.652000,0.369000
2371.001000,0.652000,0.374000
2372.001000,0.651000,0.368000
2373.001000,0.653000,0.371000
2374.001000,0.652000,0.374000
2375.001000,0.652000,0.369000
2376.001000,0.652000,0.373000
2377.001000,0.654000,0.368000
2378.001000,0.652000,0.374000
2379.001000,0.653000,0.373000
2380.001000,0.652000,0.373000
2381.001000,0.652000,0.375000
2382.001000,0.652000,0.376000
2383.001000,0.652000,0.376000
2384.001000,0.652000,0.373000
2385.001000,0.652000,0.369000
2386.001000,0.653000,0.372000
2387.001000,0.653000,0.372000
2388.001000,0.653000,0.372000
2389.001000,0.653000,0.368000
2390.001000,0.652000,0.369000
2391.001000,0.652000,0.370000
2392.001000,0.653000,0.365000
2393.001000,0.653000,0.371000
2394.001000,0.651000,0.372000
2395.001000,0.653000,0.370000
2396.001000,0.652000,0.369000
2397.001000,0.653000,0.371000
2398.001000,0.652000,0.369000
2399.001000,0.653000,0.368000
2400.001000,0.653000,0.373000
2401.001000,0.654000,0.373000
2402.001000,0.653000,0.373000
2403.001000,0.653000,0.372000
2404.001000,0.654000,0.372000
2405.001000,0.654000,0.370000
2406.001000,0.653000,0.366000
2407.001000,0.654000,0.366000
2408.001000,0.653000,0.368000
2409.001000,0.653000,0.372000
2410.001000,0.654000,0.372000
2411.001000,0.654000,0.373000
2412.001000,0.653000,0.373000
2413.001000,0.653000,0.373000
2414.001000,0.654000,0.369000
2415.001000,0.654000,0.371000
2416.001000,0.654000,0.372000
2417.001000,0.654000,0.372000
2418.001000,0.655000,0.374000
2419.001000,0.654000,0.375000
2420.001000,0.654000,0.374000
2421.001000,0.654000,0.373000
2422.001000,0.654000,0.374000
2423.001000,0.653000,0.376000
2424.001000,0.655000,0.372000
2425.001000,0.656000,0.375000
2426.001000,0.656000,0.375000
2427.001000,0.656000,0.372000
2428.001000,0.656000,0.371000
2429.001000,0.656000,0.370000
2430.001000,0.656000,0.378000
2431.001000,0.655000,0.377000
2432.001000,0.655000,0.376000
2433.001000,0.655000,0.378000
2434.001000,0.655000,0.379000
2435.001000,0.655000,0.373000
2436.001000,0.655000,0.376000
2437.001000,0.655000,0.373000
2438.001000,0.655000,0.370000
2439.001000,0.656000,0.371000
2440.001000,0.656000,0.369000
2441.001000,0.655000,0.364000
2442.001000,0.654000,0.373000
2443.001000,0.654000,0.375000
2444.001000,0.656000,0.374000
2445.001000,0.655000,0.377000
2446.001000,0.655000,0.375000
2447.001000,0.655000,0.378000
2448.001000,0.655000,0.377000
2449.001000,0.656000,0.376000
2450.001000,0.656000,0.375000
2451.001000,0.654000,0.384000
2452.001000,0.655000,0.381000
2453.001000,0.655000,0.384000
2454.001000,0.655000,0.383000
2455.001000,0.656000,0.378000
2456.001000,0.655000,0.377000
2457.001000,0.655000,0.376000
2458.001000,0.655000,0.377000
2459.001000,0.656000,0.377000
2460.001000,0.655000,0.375000
2461.001000,0.655000,0.377000
2462.001000,0.655000,0.378000
2463.001000,0.655000,0.379000
2464.001000,0.656000,0.380000
2465.001000,0.656000,0.380000
2466.001000,0.656000,0.383000
2467.001000,0.656000,0.385000
2468.001000,0.656000,0.382000
2469.001000,0.656000,0.378000
2470.001000,0.656000,0.379000
2471.001000,0.657000,0.378000
2472.001000,0.657000,0.382000
2473.001000,0.657000,0.378000
2474.001000,0.657000,0.380000
2475.001000,0.657000,0.383000
2476.001000,0.656000,0.384000
2477.001000,0.657000,0.383000
2478.001000,0.657000,0.380000
2479.001000,0.657000,0.385000
2480.001000,0.657000,0.384000
2481.001000,0.657000,0.380000
2482.001000,0.657000,0.386000
2483.001000,0.656000,0.386000
2484.001000,0.656000,0.385000
2485.001000,0.655000,0.385000
2486.001000,0.656000,0.386000
2487.001000,0.657000,0.386000
2488.001000,0.657000,0.386000
2489.001000,0.657000,0.384000
2490.001000,0.656000,0.382000
2491.001000,0.655000,0.380000
2492.001000,0.657000,0.382000
2493.001000,0.657000,0.385000
2494.001000,0.658000,0.387000
2495.001000,0.658000,0.384000
2496.001000,0.658000,0.387000
2497.001000,0.658000,0.389000
2498.001000,0.658000,0.391000
2499.001000,0.658000,0.391000
2500.001000,0.658000,0.393000
2501.001000,0.659000,0.391000
2502.001000,0.659000,0.390000
2503.001000,0.657000,0.386000
2504.001000,0.657000,0.389000
2505.001000,0.656000,0.391000
2506.001000,0.655000,0.388000
2507.001000,0.656000,0.389000
2508.001000,0.657000,0.392000
2509.001000,0.658000,0.393000
2510.001000,0.657000,0.386000
2511.001000,0.658000,0.387000
2512.001000,0.658000,0.381000
2513.001000,0.658000,0.397000
2514.001000,0.658000,0.395000
2515.001000,0.658000,0.398000
2516.001000,0.659000,0.395000
2517.001000,0.659000,0.391000
2518.001000,0.659000,0.393000
2519.001000,0.658000,0.395000
2520.001000,0.658000,0.397000
2521.001000,0.658000,0.397000
2522.001000,0.658000,0.395000
2523.001000,0.658000,0.395000
2524.001000,0.658000,0.390000
2525.001000,0.658000,0.391000
2526.001000,0.658000,0.392000
2527.001000,0.658000,0.383000
2528.001000,0.659000,0.373000
2529.001000,0.659000,0.377000
2530.001000,0.659000,0.372000
2531.001000,0.659000,0.373000
2532.001000,0.659000,0.372000
2533.001000,0.659000,0.373000
2534.001000,0.658000,0.376000
2535.001000,0.658000,0.376000
2536.001000,0.657000,0.378000
2537.001000,0.658000,0.378000
2538.001000,0.658000,0.387000
2539.001000,0.658000,0.380000
2540.001000,0.658000,0.387000
2541.001000,0.659000,0.384000
2542.001000,0.658000,0.384000
2543.001000,0.658000,0.385000
2544.001000,0.658000,0.389000
2545.001000,0.658000,0.392000
2546.001000,0.658000,0.386000
2547.001000,0.658000,0.388000
2548.001000,0.659000,0.391000
2549.001000,0.658000,0.389000
2550.001000,0.658000,0.391000
2551.001000,0.658000,0.391000
2552.001000,0.657000,0.389000
2553.001000,0.657000,0.393000
2554.001000,0.657000,0.392000
2555.001000,0.658000,0.392000
2556.001000,0.658000,0.391000
2557.001000,0.657000,0.390000
2558.001000,0.657000,0.391000
2559.001000,0.657000,0.389000
2560.001000,0.657000,0.390000
2561.001000,0.658000,0.389000
2562.001000,0.658000,0.391000
2563.001000,0.658000,0.385000
2564.001000,0.657000,0.386000
2565.001000,0.657000,0.384000
2566.001000,0.658000,0.384000
2567.001000,0.658000,0.385000
2568.001000,0.658000,0.386000
2569.001000,0.658000,0.381000
2570.001000,0.657000,0.384000
2571.001000,0.658000,0.382000
2572.001000,0.658000,0.384000
2573.001000,0.657000,0.386000
2574.001000,0.658000,0.384000
2575.001000,0.658000,0.380000
2576.001000,0.658000,0.384000
2577.001000,0.658000,0.382000
2578.001000,0.659000,0.382000
2579.001000,0.658000,0.378000
2580.001000,0.659000,0.384000
2581.001000,0.659000,0.379000
2582.001000,0.659000,0.381000
2583.001000,0.659000,0.387000
2584.001000,0.659000,0.386000
2585.001000,0.658000,0.383000
2586.001000,0.659000,0.381000
2587.001000,0.659000,0.388000
2588.001000,0.660000,0.384000
2589.001000,0.659000,0.387000
2590.001000,0.659000,0.384000
2591.001000,0.660000,0.389000
2592.001000,0.660000,0.390000
2593.001000,0.660000,0.394000
2594.001000,0.660000,0.395000
2595.001000,0.660000,0.396000
2596.001000,0.659000,0.390000
2597.001000,0.659000,0.393000
2598.001000,0.659000,0.394000
2599.001000,0.660000,0.396000
2600.001000,0.660000,0.395000
2601.001000,0.660000,0.393000
2602.001000,0.660000,0.396000
2603.001000,0.661000,0.394000
2604.001000,0.660000,0.397000
2605.001000,0.661000,0.397000
2606.001000,0.661000,0.396000
2607.001000,0.661000,0.398000
2608.001000,0.661000,0.394000
2609.001000,0.662000,0.398000
2610.001000,0.662000,0.382000
2611.001000,0.662000,0.386000
2612.001000,0.662000,0.387000
2613.001000,0.662000,0.383000
2614.001000,0.662000,0.380000
2615.001000,0.663000,0.382000
2616.001000,0.663000,0.380000
2617.001000,0.663000,0.383000
2618.001000,0.663000,0.381000
2619.001000,0.663000,0.382000
2620.001000,0.663000,0.381000
2621.001000,0.663000,0.379000
2622.001000,0.663000,0.382000
2623.001000,0.663000,0.382000
2624.001000,0.662000,0.386000
2625.001000,0.662000,0.382000
2626.001000,0.662000,0.384000
2627.001000,0.662000,0.385000
2628.001000,0.662000,0.381000
2629.001000,0.661000,0.383000
2630.001000,0.662000,0.384000
2631.001000,0.662000,0.385000
2632.001000,0.662000,0.380000
2633.001000,0.662000,0.383000
2634.001000,0.662000,0.385000
2635.001000,0.662000,0.384000
2636.001000,0.663000,0.386000
2637.001000,0.663000,0.385000
2638.001000,0.663000,0.387000
2639.001000,0.663000,0.383000
2640.001000,0.663000,0.385000
2641.001000,0.664000,0.387000
2642.001000,0.664000,0.386000
2643.001000,0.664000,0.389000
2644.001000,0.664000,0.391000
2645.001000,0.664000,0.390000
2646.001000,0.664000,0.389000
2647.001000,0.664000,0.397000
2648.001000,0.664000,0.397000
2649.001000,0.664000,0.394000
2650.001000,0.664000,0.395000
2651.001000,0.664000,0.395000
2652.001000,0.664000,0.398000
2653.001000,0.664000,0.400000
2654.001000,0.665000,0.392000
2655.001000,0.665000,0.385000
2656.001000,0.664000,0.386000
2657.001000,0.665000,0.374000
2658.001000,0.665000,0.371000
2659.001000,0.665000,0.373000
2660.001000,0.665000,0.378000
2661.001000,0.665000,0.374000
2662.001000,0.665000,0.374000
2663.001000,0.666000,0.375000
2664.001000,0.666000,0.377000
2665.001000,0.666000,0.380000
2666.001000,0.666000,0.381000
2667.001000,0.666000,0.379000
2668.001000,0.666000,0.382000
2669.001000,0.666000,0.380000
2670.001000,0.666000,0.380000
2671.001000,0.666000,0.386000
2672.001000,0.666000,0.386000
2673.001000,0.667000,0.377000
2674.001000,0.667000,0.380000
2675.001000,0.667000,0.382000
2676.001000,0.667000,0.386000
2677.001000,0.667000,0.388000
2678.001000,0.667000,0.388000
2679.001000,0.667000,0.390000
2680.001000,0.667000,0.389000
2681.001000,0.667000,0.392000
2682.001000,0.667000,0.393000
2683.001000,0.667000,0.389000
2684.001000,0.667000,0.389000
2685.001000,0.667000,0.390000
2686.001000,0.667000,0.389000
2687.001000,0.667000,0.387000
2688.001000,0.667000,0.388000
2689.001000,0.667000,0.390000
2690.001000,0.668000,0.389000
2691.001000,0.668000,0.388000
2692.001000,0.668000,0.392000
2693.001000,0.668000,0.388000
2694.001000,0.668000,0.385000
2695.001000,0.668000,0.395000
2696.001000,0.668000,0.388000
2697.001000,0.668000,0.390000
2698.001000,0.668000,0.377000
2699.001000,0.668000,0.374000
2700.001000,0.668000,0.374000
2701.001000,0.668000,0.378000
2702.001000,0.668000,0.377000
2703.001000,0.668000,0.379000
2704.001000,0.668000,0.378000
2705.001000,0.668000,0.380000
2706.001000,0.668000,0.384000
2707.001000,0.668000,0.385000
2708.001000,0.669000,0.384000
2709.001000,0.669000,0.384000
2710.001000,0.669000,0.382000
2711.001000,0.669000,0.385000
2712.001000,0.669000,0.381000
2713.001000,0.669000,0.379000
2714.001000,0.669000,0.383000
2715.001000,0.669000,0.381000
2716.001000,0.669000,0.384000
2717.001000,0.669000,0.386000
2718.001000,0.669000,0.388000
2719.001000,0.669000,0.394000
2720.001000,0.669000,0.392000
2721.001000,0.669000,0.390000
2722.001000,0.670000,0.394000
2723.001000,0.670000,0.393000
2724.001000,0.670000,0.391000
2725.001000,0.670000,0.394000
2726.001000,0.670000,0.396000
2727.001000,0.670000,0.394000
2728.001000,0.670000,0.398000
2729.001000,0.670000,0.400000
2730.001000,0.670000,0.393000
2731.001000,0.670000,0.394000
2732.001000,0.670000,0.382000
2733.001000,0.670000,0.381000
2734.001000,0.670000,0.387000
2735.001000,0.671000,0.381000
2736.001000,0.671000,0.379000
2737.001000,0.671000,0.378000
2738.001000,0.671000,0.378000
2739.001000,0.671000,0.375000
2740.001000,0.671000,0.378000
2741.001000,0.671000,0.377000
2742.001000,0.671000,0.380000
2743.001000,0.671000,0.379000
2744.001000,0.671000,0.382000
2745.001000,0.671000,0.382000
2746.001000,0.671000,0.379000
2747.001000,0.671000,0.382000
2748.001000,0.672000,0.382000
2749.001000,0.672000,0.384000
2750.001000,0.672000,0.388000
2751.001000,0.672000,0.394000
2752.001000,0.672000,0.391000
2753.001000,0.672000,0.396000
2754.001000,0.672000,0.395000
2755.001000,0.672000,0.395000
2756.001000,0.672000,0.399000
2757.001000,0.672000,0.393000
2758.001000,0.672000,0.392000
2759.001000,0.672000,0.394000
2760.001000,0.673000,0.403000
2761.001000,0.673000,0.397000
2762.001000,0.673000,0.395000
2763.001000,0.673000,0.397000
2764.001000,0.673000,0.387000
2765.001000,0.673000,0.391000
2766.001000,0.673000,0.389000
2767.001000,0.673000,0.396000
2768.001000,0.673000,0.393000
2769.001000,0.672000,0.389000
2770.001000,0.672000,0.395000
2771.001000,0.672000,0.394000
2772.001000,0.672000,0.397000
2773.001000,0.672000,0.396000
2774.001000,0.672000,0.397000
2775.001000,0.672000,0.399000
2776.001000,0.672000,0.392000
2777.001000,0.673000,0.387000
2778.001000,0.673000,0.385000
2779.001000,0.672000,0.387000
2780.001000,0.672000,0.380000
2781.001000,0.672000,0.382000
2782.001000,0.671000,0.384000
2783.001000,0.670000,0.390000
2784.001000,0.669000,0.388000
2785.001000,0.670000,0.390000
2786.001000,0.670000,0.389000
2787.001000,0.670000,0.392000
2788.001000,0.670000,0.391000
2789.001000,0.670000,0.392000
2790.001000,0.671000,0.391000
2791.001000,0.670000,0.393000
2792.001000,0.670000,0.398000
2793.001000,0.670000,0.398000
2794.001000,0.698000,0.398000
2795.001000,0.871000,0.454000
2796.001000,0.872000,0.462000
2797.001000,0.833000,0.482000
2798.001000,0.837000,0.486000
2799.001000,0.838000,0.483000
2800.001000,0.839000,0.482000
2801.001000,0.840000,0.484000
2802.001000,0.840000,0.486000
2803.001000,0.840000,0.481000
2804.001000,0.841000,0.486000
2805.001000,0.842000,0.488000
2806.001000,0.842000,0.485000
2807.001000,0.843000,0.489000
2808.001000,0.843000,0.484000
2809.001000,0.844000,0.481000
2810.001000,0.844000,0.480000
2811.001000,0.844000,0.484000
2812.001000,0.844000,0.483000
2813.001000,0.845000,0.476000
2814.001000,0.845000,0.478000
2815.001000,0.845000,0.479000
2816.001000,0.846000,0.484000
2817.001000,0.846000,0.478000
2818.001000,0.846000,0.484000
2819.001000,0.847000,0.480000
2820.001000,0.847000,0.482000
2821.001000,0.847000,0.488000
2822.001000,0.848000,0.483000
2823.001000,0.848000,0.486000
2824.001000,0.848000,0.488000
2825.001000,0.849000,0.492000
2826.001000,0.849000,0.487000
2827.001000,0.849000,0.488000
2828.001000,0.850000,0.486000
2829.001000,0.850000,0.486000
2830.001000,0.850000,0.477000
2831.001000,0.851000,0.480000
2832.001000,0.851000,0.474000
2833.001000,0.851000,0.478000
2834.001000,0.851000,0.473000
2835.001000,0.852000,0.474000
2836.001000,0.853000,0.476000
2837.001000,0.853000,0.478000
2838.001000,0.853000,0.479000
2839.001000,0.853000,0.479000
2840.001000,0.854000,0.477000
2841.001000,0.854000,0.477000
2842.001000,0.854000,0.474000
2843.001000,0.855000,0.477000
2844.001000,0.855000,0.474000
2845.001000,0.855000,0.473000
2846.001000,0.855000,0.471000
2847.001000,0.855000,0.475000
2848.001000,0.856000,0.477000
2849.001000,0.856000,0.477000
2850.001000,0.856000,0.476000
2851.001000,0.856000,0.471000
2852.001000,0.856000,0.477000
2853.001000,0.856000,0.475000
2854.001000,0.857000,0.477000
2855.001000,0.858000,0.477000
2856.001000,0.858000,0.479000
2857.001000,0.858000,0.482000
2858.001000,0.859000,0.480000
2859.001000,0.859000,0.485000
2860.001000,0.860000,0.486000
2861.001000,0.860000,0.482000
2862.001000,0.861000,0.481000
2863.001000,0.861000,0.482000
2864.001000,0.861000,0.484000
2865.001000,0.862000,0.482000
2866.001000,0.862000,0.482000
2867.001000,0.862000,0.483000
2868.001000,0.862000,0.483000
2869.001000,0.862000,0.482000
2870.001000,0.862000,0.482000
2871.001000,0.863000,0.482000
2872.001000,0.864000,0.481000
2873.001000,0.864000,0.483000
2874.001000,0.864000,0.484000
2875.001000,0.864000,0.487000
2876.001000,0.865000,0.483000
2877.001000,0.865000,0.488000
2878.001000,0.865000,0.498000
2879.001000,0.866000,0.492000
2880.001000,0.866000,0.494000
2881.001000,0.867000,0.495000
2882.001000,0.867000,0.497000
2883.001000,0.868000,0.495000
2884.001000,0.868000,0.495000
2885.001000,0.869000,0.497000
2886.001000,0.869000,0.500000
2887.001000,0.869000,0.500000
2888.001000,0.870000,0.497000
2889.001000,0.871000,0.495000
2890.001000,0.871000,0.497000
2891.001000,0.871000,0.497000
2892.002000,0.872000,0.496000
2893.001000,0.873000,0.499000
2894.001000,0.873000,0.501000
2895.001000,0.874000,0.500000
2896.001000,0.874000,0.501000
2897.001000,0.874000,0.501000
2898.001000,0.874000,0.499000
2899.001000,0.875000,0.499000
2900.001000,0.875000,0.503000
2901.001000,0.876000,0.500000
2902.001000,0.876000,0.496000
2903.001000,0.876000,0.486000
2904.001000,0.877000,0.488000
2905.001000,0.877000,0.495000
2906.001000,0.877000,0.495000
2907.001000,0.878000,0.491000
2908.001000,0.878000,0.492000
2909.001000,0.878000,0.494000
2910.001000,0.879000,0.493000
2911.001000,0.879000,0.496000
2912.001000,0.879000,0.498000
2913.001000,0.879000,0.497000
2914.001000,0.880000,0.496000
2915.001000,0.880000,0.493000
2916.001000,0.881000,0.493000
2917.001000,0.881000,0.501000
2918.001000,0.881000,0.501000
2919.001000,0.882000,0.500000
2920.001000,0.882000,0.499000
2921.001000,0.882000,0.500000
2922.001000,0.883000,0.500000
2923.001000,0.883000,0.501000
2924.001000,0.884000,0.505000
2925.001000,0.884000,0.500000
2926.001000,0.886000,0.503000
2927.001000,0.887000,0.498000
2928.001000,0.889000,0.495000
2929.001000,0.890000,0.499000
2930.001000,0.890000,0.498000
2931.001000,0.891000,0.504000
2932.001000,0.891000,0.503000
2933.001000,0.892000,0.500000
2934.001000,0.893000,0.500000
2935.001000,0.893000,0.501000
2936.001000,0.894000,0.504000
2937.001000,0.894000,0.500000
2938.001000,0.895000,0.500000
2939.001000,0.895000,0.504000
2940.001000,0.896000,0.505000
2941.001000,0.897000,0.503000
2942.001000,0.897000,0.502000
2943.001000,0.898000,0.507000
2944.001000,0.899000,0.505000
2945.001000,0.900000,0.504000
2946.001000,0.900000,0.505000
2947.001000,0.901000,0.505000
2948.001000,0.901000,0.505000
2949.001000,0.902000,0.505000
2950.001000,0.902000,0.508000
2951.001000,0.902000,0.504000
2952.001000,0.902000,0.509000
2953.001000,0.902000,0.505000
2954.001000,0.902000,0.510000
2955.001000,0.903000,0.510000
2956.001000,0.903000,0.510000
2957.001000,0.903000,0.510000
2958.001000,0.904000,0.512000
2959.001000,0.905000,0.513000
2960.001000,0.905000,0.513000
2961.001000,0.906000,0.512000
2962.001000,0.907000,0.515000
2963.001000,0.907000,0.513000
2964.001000,0.908000,0.505000
2965.001000,0.908000,0.501000
2966.001000,0.908000,0.499000
2967.001000,0.909000,0.501000
2968.001000,0.909000,0.497000
2969.001000,0.910000,0.495000
2970.001000,0.910000,0.494000
2971.001000,0.911000,0.498000
2972.001000,0.911000,0.499000
2973.001000,0.912000,0.498000
2974.001000,0.912000,0.498000
2975.001000,0.912000,0.496000
2976.001000,0.913000,0.500000
2977.001000,0.913000,0.500000
2978.001000,0.914000,0.498000
2979.001000,0.914000,0.498000
2980.001000,0.915000,0.500000
2981.001000,0.915000,0.498000
2982.001000,0.916000,0.502000
2983.001000,0.916000,0.497000
2984.001000,0.917000,0.500000
2985.001000,0.917000,0.502000
2986.001000,0.917000,0.502000
2987.001000,0.917000,0.503000
2988.001000,0.917000,0.504000
2989.001000,0.917000,0.505000
2990.001000,0.917000,0.513000
2991.001000,0.917000,0.517000
2992.001000,0.917000,0.518000
2993.001000,0.918000,0.520000
2994.001000,0.919000,0.521000
2995.001000,0.920000,0.521000
2996.001000,0.921000,0.520000
2997.001000,0.922000,0.521000
2998.001000,0.922000,0.518000
2999.001000,0.923000,0.521000
3000.001000,0.924000,0.522000
3001.001000,0.925000,0.522000
3002.001000,0.925000,0.520000
3003.001000,0.925000,0.523000
3004.001000,0.926000,0.520000
3005.001000,0.926000,0.522000
3006.001000,0.926000,0.522000
3007.001000,0.927000,0.518000
3008.001000,0.928000,0.522000
3009.001000,0.928000,0.522000
3010.001000,0.929000,0.523000
3011.001000,0.930000,0.522000
3012.001000,0.930000,0.524000
3013.001000,0.931000,0.521000
3014.001000,0.932000,0.528000
3015.001000,0.932000,0.526000
3016.001000,0.933000,0.528000
3017.001000,0.933000,0.528000
3018.001000,0.934000,0.526000
3019.001000,0.934000,0.527000
3020.001000,0.935000,0.529000
3021.001000,0.935000,0.528000
3022.001000,0.936000,0.529000
3023.001000,0.936000,0.526000
3024.001000,0.936000,0.528000
3025.001000,0.937000,0.526000
3026.001000,0.937000,0.528000
3027.001000,0.937000,0.528000
3028.001000,0.938000,0.526000
3029.001000,0.939000,0.528000
3030.001000,0.939000,0.528000
3031.001000,0.940000,0.530000
3032.001000,0.941000,0.527000
3033.001000,0.941000,0.524000
3034.001000,0.941000,0.528000
3035.001000,0.941000,0.530000
3036.001000,0.942000,0.525000
3037.001000,0.942000,0.528000
3038.001000,0.942000,0.529000
3039.001000,0.942000,0.529000
3040.001000,0.943000,0.526000
3041.001000,0.943000,0.529000
3042.001000,0.943000,0.528000
3043.001000,0.943000,0.511000
3044.001000,0.944000,0.510000
3045.001000,0.944000,0.504000
3046.001000,0.944000,0.506000
3047.001000,0.944000,0.505000
3048.001000,0.945000,0.503000
3049.001000,0.945000,0.509000
3050.001000,0.945000,0.509000
3051.001000,0.946000,0.507000
3052.001000,0.947000,0.508000
3053.001000,0.948000,0.509000
3054.001000,0.948000,0.512000
3055.001000,0.949000,0.512000
3056.001000,0.950000,0.513000
3057.001000,0.951000,0.515000
3058.001000,0.951000,0.518000
3059.001000,0.952000,0.514000
3060.001000,0.953000,0.517000
3061.001000,0.953000,0.517000
3062.001000,0.954000,0.515000
3063.001000,0.954000,0.509000
3064.001000,0.955000,0.515000
3065.001000,0.955000,0.513000
3066.001000,0.956000,0.517000
3067.001000,0.956000,0.514000
3068.001000,0.957000,0.517000
3069.001000,0.957000,0.532000
3070.001000,0.958000,0.530000
3071.001000,0.958000,0.536000
3072.001000,0.959000,0.530000
3073.001000,0.959000,0.528000
3074.001000,0.960000,0.532000
3075.001000,0.961000,0.533000
3076.001000,0.961000,0.533000
3077.001000,0.961000,0.536000
3078.001000,0.961000,0.533000
3079.001000,0.961000,0.536000
3080.001000,0.962000,0.539000
3081.001000,0.963000,0.536000
3082.001000,0.963000,0.536000
3083.001000,0.964000,0.541000
3084.001000,0.964000,0.542000
3085.001000,0.965000,0.540000
3086.001000,0.965000,0.541000
3087.001000,0.966000,0.546000
3088.001000,0.966000,0.545000
3089.001000,0.966000,0.544000
3090.001000,0.967000,0.545000
3091.001000,0.967000,0.540000
3092.001000,0.967000,0.542000
3093.001000,0.968000,0.543000
3094.001000,0.968000,0.543000
3095.001000,0.969000,0.545000
3096.001000,0.970000,0.540000
3097.001000,0.971000,0.540000
3098.001000,0.973000,0.547000
3099.001000,0.976000,0.539000
3100.001000,0.977000,0.542000
3101.001000,0.978000,0.541000
3102.001000,0.980000,0.539000
3103.001000,0.981000,0.543000
3104.001000,0.983000,0.544000
3105.001000,0.984000,0.541000
3106.001000,0.984000,0.543000
3107.001000,0.985000,0.542000
3108.001000,0.985000,0.540000
3109.001000,0.986000,0.543000
3110.001000,0.986000,0.540000
3111.001000,0.987000,0.536000
3112.001000,0.987000,0.541000
3113.001000,0.987000,0.535000
3114.001000,0.988000,0.538000
3115.001000,0.988000,0.538000
3116.001000,0.988000,0.541000
3117.001000,0.988000,0.541000
3118.001000,0.988000,0.541000
3119.001000,0.989000,0.542000
3120.001000,0.989000,0.539000
3121.001000,0.989000,0.539000
3122.001000,0.989000,0.543000
3123.001000,0.989000,0.541000
3124.001000,0.989000,0.542000
3125.001000,0.989000,0.542000
3126.001000,0.989000,0.546000
3127.001000,0.989000,0.541000
3128.001000,0.989000,0.544000
3129.001000,0.989000,0.543000
3130.001000,0.989000,0.545000
3131.001000,0.989000,0.546000
3132.001000,0.989000,0.547000
3133.001000,0.989000,0.544000
3134.001000,0.990000,0.543000
3135.001000,0.990000,0.543000
3136.001000,0.990000,0.545000
3137.001000,0.990000,0.545000
3138.001000,0.990000,0.541000
3139.001000,0.990000,0.545000
3140.001000,0.990000,0.547000
3141.001000,0.990000,0.547000
3142.001000,0.990000,0.547000
3143.001000,0.991000,0.547000
3144.001000,0.991000,0.548000
3145.001000,0.991000,0.545000
3146.001000,0.992000,0.546000
3147.001000,0.992000,0.545000
3148.001000,0.992000,0.548000
3149.001000,0.993000,0.547000
3150.001000,0.993000,0.552000
3151.001000,0.993000,0.547000
3152.001000,0.994000,0.545000
3153.001000,0.994000,0.548000
3154.001000,0.995000,0.550000
3155.001000,0.995000,0.548000
3156.001000,0.996000,0.535000
3157.001000,0.997000,0.534000
3158.001000,0.998000,0.525000
3159.001000,0.998000,0.528000
3160.001000,0.999000,0.523000
3161.001000,0.999000,0.529000
3162.001000,0.999000,0.528000
3163.001000,0.999000,0.525000
3164.001000,1.000000,0.530000
3165.001000,1.000000,0.531000
3166.001000,1.000000,0.529000
3167.001000,1.001000,0.528000
3168.001000,1.001000,0.529000
3169.001000,1.002000,0.527000
3170.001000,1.002000,0.527000
3171.001000,1.003000,0.528000
3172.001000,1.005000,0.530000
3173.001000,1.006000,0.531000
3174.001000,1.006000,0.527000
3175.001000,1.007000,0.528000
3176.001000,1.007000,0.527000
3177.001000,1.008000,0.529000
3178.001000,1.009000,0.531000
3179.001000,1.010000,0.527000
3180.001000,1.011000,0.530000
3181.001000,1.011000,0.531000
3182.001000,1.012000,0.532000
3183.001000,1.012000,0.532000
3184.001000,1.012000,0.531000
3185.001000,1.013000,0.528000
3186.001000,1.013000,0.531000
3187.001000,1.013000,0.536000
3188.001000,1.013000,0.535000
3189.001000,1.013000,0.537000
3190.001000,1.014000,0.532000
3191.001000,1.014000,0.531000
3192.001000,1.014000,0.531000
3193.001000,1.014000,0.535000
3194.001000,1.014000,0.534000
3195.001000,1.015000,0.535000
3196.001000,1.015000,0.532000
3197.001000,1.016000,0.532000
3198.001000,1.016000,0.531000
3199.001000,1.016000,0.535000
3200.001000,1.017000,0.532000
3201.001000,1.017000,0.535000
3202.001000,1.017000,0.538000
3203.001000,1.018000,0.531000
3204.001000,1.018000,0.536000
3205.001000,1.018000,0.540000
3206.001000,1.018000,0.537000
3207.001000,1.019000,0.533000
3208.001000,1.019000,0.536000
3209.001000,1.020000,0.535000
3210.001000,1.020000,0.532000
3211.001000,1.021000,0.531000
3212.001000,1.021000,0.532000
3213.001000,1.021000,0.536000
3214.001000,1.021000,0.532000
3215.001000,1.021000,0.532000
3216.001000,1.021000,0.538000
3217.001000,1.022000,0.537000
3218.001000,1.022000,0.534000
3219.001000,1.022000,0.534000
3220.001000,1.023000,0.536000
3221.001000,1.023000,0.541000
3222.001000,1.023000,0.541000
3223.001000,1.024000,0.541000
3224.001000,1.024000,0.539000
3225.001000,1.024000,0.540000
3226.001000,1.024000,0.541000
3227.001000,1.024000,0.539000
3228.001000,1.024000,0.541000
3229.001000,1.025000,0.535000
3230.001000,1.025000,0.538000
3231.001000,1.026000,0.543000
3232.001000,1.027000,0.542000
3233.001000,1.027000,0.541000
3234.001000,1.027000,0.539000
3235.001000,1.027000,0.537000
3236.001000,1.028000,0.541000
3237.001000,1.028000,0.541000
3238.001000,1.029000,0.536000
3239.001000,1.029000,0.543000
3240.001000,1.031000,0.541000
3241.001000,1.031000,0.540000
3242.001000,1.033000,0.540000
3243.001000,1.034000,0.542000
3244.001000,1.034000,0.539000
3245.001000,1.035000,0.541000
3246.001000,1.035000,0.535000
3247.001000,1.036000,0.539000
3248.001000,1.036000,0.539000
3249.001000,1.037000,0.540000
3250.001000,1.038000,0.542000
3251.001000,1.038000,0.538000
3252.001000,1.039000,0.541000
3253.001000,1.039000,0.539000
3254.001000,1.040000,0.541000
3255.001000,1.041000,0.548000
3256.001000,1.041000,0.543000
3257.001000,1.041000,0.544000
3258.001000,1.042000,0.541000
3259.001000,1.042000,0.545000
3260.001000,1.042000,0.544000
3261.001000,1.043000,0.544000
3262.001000,1.043000,0.545000
3263.001000,1.044000,0.544000
3264.001000,1.044000,0.540000
3265.001000,1.044000,0.545000
3266.001000,1.045000,0.540000
3267.001000,1.045000,0.542000
3268.001000,1.045000,0.542000
3269.001000,1.046000,0.540000
3270.001000,1.046000,0.539000
3271.001000,1.046000,0.544000
3272.001000,1.047000,0.542000
3273.001000,1.047000,0.545000
3274.001000,1.047000,0.542000
3275.001000,1.048000,0.541000
3276.001000,1.048000,0.541000
3277.001000,1.048000,0.541000
3278.001000,1.048000,0.541000
3279.001000,1.049000,0.540000
3280.001000,1.049000,0.547000
3281.001000,1.049000,0.562000
3282.001000,1.049000,0.565000
3283.001000,1.049000,0.564000
3284.001000,1.050000,0.563000
3285.001000,1.050000,0.561000
3286.001000,1.051000,0.568000
3287.001000,1.051000,0.566000
3288.001000,1.051000,0.572000
3289.001000,1.052000,0.568000
3290.001000,1.052000,0.570000
3291.001000,1.052000,0.568000
3292.001000,1.053000,0.565000
3293.001000,1.053000,0.572000
3294.001000,1.054000,0.573000
3295.001000,1.054000,0.572000
3296.001000,1.055000,0.573000
3297.001000,1.055000,0.575000
3298.001000,1.056000,0.574000
3299.001000,1.057000,0.572000
3300.001000,1.057000,0.572000
3301.001000,1.058000,0.575000
3302.001000,1.058000,0.569000
3303.001000,1.059000,0.570000
3304.001000,1.059000,0.571000
3305.001000,1.059000,0.571000
3306.001000,1.059000,0.573000
3307.001000,1.060000,0.575000
3308.001000,1.060000,0.579000
3309.001000,1.061000,0.574000
3310.001000,1.061000,0.577000
3311.001000,1.062000,0.579000
3312.001000,1.062000,0.577000
3313.001000,1.062000,0.573000
3314.001000,1.062000,0.573000
3315.001000,1.063000,0.573000
3316.001000,1.063000,0.568000
3317.001000,1.063000,0.569000
3318.001000,1.064000,0.563000
3319.001000,1.065000,0.558000
3320.001000,1.065000,0.553000
3321.001000,1.065000,0.558000
3322.001000,1.065000,0.554000
3323.001000,1.066000,0.557000
3324.001000,1.066000,0.558000
3325.001000,1.066000,0.554000
3326.001000,1.067000,0.562000
3327.001000,1.067000,0.566000
3328.001000,1.067000,0.562000
3329.001000,1.068000,0.568000
3330.001000,1.068000,0.551000
3331.001000,1.069000,0.560000
3332.001000,1.069000,0.559000
3333.001000,1.069000,0.563000
3334.001000,1.069000,0.565000
3335.001000,1.070000,0.560000
3336.001000,1.070000,0.555000
3337.001000,1.070000,0.554000
3338.001000,1.071000,0.559000
3339.001000,1.071000,0.554000
3340.001000,1.072000,0.557000
3341.001000,1.072000,0.553000
3342.001000,1.072000,0.555000
3343.001000,1.073000,0.557000
3344.001000,1.073000,0.555000
3345.001000,1.074000,0.556000
3346.001000,1.074000,0.556000
3347.001000,1.074000,0.560000
3348.001000,1.075000,0.556000
3349.001000,1.075000,0.559000
3350.001000,1.075000,0.557000
3351.001000,1.075000,0.558000
3352.001000,1.076000,0.558000
3353.001000,1.076000,0.559000
3354.001000,1.076000,0.555000
3355.001000,1.076000,0.556000
3356.001000,1.077000,0.556000
3357.001000,1.077000,0.559000
3358.001000,1.077000,0.561000
3359.001000,1.078000,0.559000
3360.001000,1.078000,0.560000
3361.001000,1.078000,0.558000
3362.001000,1.079000,0.558000
3363.001000,1.079000,0.558000
3364.001000,1.079000,0.555000
3365.001000,1.080000,0.557000
3366.001000,1.080000,0.559000
3367.001000,1.080000,0.559000
3368.001000,1.081000,0.559000
3369.001000,1.082000,0.557000
3370.001000,1.083000,0.554000
3371.001000,1.083000,0.556000
3372.001000,1.084000,0.554000
3373.001000,1.084000,0.561000
3374.001000,1.084000,0.559000
3375.001000,1.084000,0.558000
3376.001000,1.085000,0.559000
3377.001000,1.085000,0.557000
3378.001000,1.086000,0.555000
3379.001000,1.086000,0.558000
3380.001000,1.087000,0.562000
3381.001000,1.087000,0.558000
3382.001000,1.087000,0.557000
3383.001000,1.088000,0.558000
3384.001000,1.088000,0.557000
3385.001000,1.089000,0.558000
3386.001000,1.089000,0.557000
3387.001000,1.089000,0.561000
3388.001000,1.089000,0.562000
3389.001000,1.090000,0.560000
3390.001000,1.090000,0.556000
3391.001000,1.090000,0.557000
3392.001000,1.090000,0.562000
3393.001000,1.091000,0.561000
3394.001000,1.091000,0.560000
3395.001000,1.092000,0.559000
3396.001000,1.092000,0.559000
3397.001000,1.092000,0.563000
3398.001000,1.092000,0.563000
3399.001000,1.093000,0.560000
3400.001000,1.093000,0.558000
3401.001000,1.094000,0.561000
3402.001000,1.094000,0.563000
3403.001000,1.095000,0.561000
3404.001000,1.095000,0.560000
3405.001000,1.096000,0.560000
3406.001000,1.096000,0.565000
3407.001000,1.097000,0.563000
3408.001000,1.097000,0.564000
3409.001000,1.098000,0.563000
3410.001000,1.098000,0.564000
3411.001000,1.099000,0.563000
3412.001000,1.099000,0.559000
3413.002000,1.099000,0.562000
3414.001000,1.100000,0.560000
3415.001000,1.100000,0.562000
3416.001000,1.100000,0.564000
3417.001000,1.101000,0.563000
3418.001000,1.101000,0.560000
3419.001000,1.102000,0.559000
3420.001000,1.102000,0.559000
3421.001000,1.103000,0.559000
3422.001000,1.103000,0.562000
3423.001000,1.104000,0.560000
3424.001000,1.104000,0.559000
3425.001000,1.104000,0.559000
3426.001000,1.105000,0.560000
3427.001000,1.105000,0.561000
3428.001000,1.105000,0.563000
3429.001000,1.106000,0.569000
3430.001000,1.108000,0.570000
3431.001000,1.109000,0.571000
3432.001000,1.110000,0.568000
3433.001000,1.110000,0.565000
3434.001000,1.111000,0.570000
3435.001000,1.112000,0.571000
3436.001000,1.112000,0.573000
3437.001000,1.112000,0.570000
3438.001000,1.112000,0.567000
3439.001000,1.113000,0.573000
3440.001000,1.113000,0.571000
3441.001000,1.113000,0.566000
3442.001000,1.113000,0.565000
3443.001000,1.113000,0.570000
3444.001000,1.114000,0.567000
3445.001000,1.114000,0.567000
3446.001000,1.114000,0.570000
3447.001000,1.114000,0.567000
3448.001000,1.115000,0.570000
3449.001000,1.115000,0.570000
3450.001000,1.116000,0.569000
3451.001000,1.116000,0.569000
3452.001000,1.116000,0.569000
3453.001000,1.117000,0.571000
3454.001000,1.117000,0.568000
3455.001000,1.117000,0.566000
3456.001000,1.118000,0.570000
3457.001000,1.118000,0.571000
3458.001000,1.119000,0.570000
3459.001000,1.119000,0.574000
3460.001000,1.120000,0.572000
3461.001000,1.120000,0.576000
3462.001000,1.120000,0.571000
3463.001000,1.120000,0.570000
3464.001000,1.121000,0.574000
3465.001000,1.121000,0.572000
3466.001000,1.121000,0.573000
3467.001000,1.121000,0.574000
3468.001000,1.121000,0.571000
3469.001000,1.121000,0.569000
3470.001000,1.121000,0.574000
3471.001000,1.121000,0.572000
3472.001000,1.122000,0.573000
3473.001000,1.122000,0.571000
3474.001000,1.123000,0.572000
3475.001000,1.123000,0.575000
3476.001000,1.123000,0.573000
3477.001000,1.124000,0.572000
3478.001000,1.125000,0.572000
3479.001000,1.125000,0.571000
3480.001000,1.125000,0.575000
3481.001000,1.126000,0.572000
3482.001000,1.126000,0.575000
3483.001000,1.127000,0.577000
3484.001000,1.127000,0.573000
3485.001000,1.127000,0.572000
3486.001000,1.128000,0.574000
3487.001000,1.128000,0.570000
3488.001000,1.129000,0.573000
3489.001000,1.129000,0.574000
3490.001000,1.129000,0.568000
3491.001000,1.130000,0.572000
3492.001000,1.130000,0.573000
3493.001000,1.130000,0.574000
3494.001000,1.131000,0.575000
3495.001000,1.131000,0.575000
3496.001000,1.131000,0.574000
3497.001000,1.131000,0.572000
3498.001000,1.132000,0.572000
3499.001000,1.132000,0.573000
3500.001000,1.132000,0.573000
3501.001000,1.132000,0.573000
3502.001000,1.132000,0.576000
3503.001000,1.132000,0.576000
3504.001000,1.132000,0.576000
3505.001000,1.133000,0.578000
3506.001000,1.133000,0.575000
3507.001000,1.133000,0.580000
3508.001000,1.133000,0.576000
3509.001000,1.134000,0.580000
3510.001000,1.134000,0.576000
3511.001000,1.135000,0.576000
3512.001000,1.135000,0.579000
3513.001000,1.135000,0.578000
3514.001000,1.136000,0.578000
3515.001000,1.136000,0.579000
3516.001000,1.136000,0.578000
3517.001000,1.136000,0.578000
3518.001000,1.137000,0.579000
3519.001000,1.137000,0.576000
3520.001000,1.137000,0.576000
3521.001000,1.138000,0.573000
3522.001000,1.138000,0.571000
3523.001000,1.138000,0.575000
3524.001000,1.138000,0.575000
3525.001000,1.138000,0.576000
3526.001000,1.138000,0.575000
3527.001000,1.138000,0.577000
3528.001000,1.139000,0.578000
3529.001000,1.139000,0.578000
3530.001000,1.139000,0.574000
3531.001000,1.140000,0.573000
3532.001000,1.140000,0.574000
3533.001000,1.140000,0.576000
3534.001000,1.140000,0.577000
3535.001000,1.140000,0.576000
3536.001000,1.140000,0.581000
3537.001000,1.141000,0.579000
3538.001000,1.141000,0.581000
3539.001000,1.141000,0.580000
3540.001000,1.141000,0.580000
3541.001000,1.142000,0.579000
3542.001000,1.142000,0.569000
3543.001000,1.142000,0.576000
3544.001000,1.143000,0.577000
3545.001000,1.143000,0.575000
3546.001000,1.144000,0.574000
3547.001000,1.144000,0.573000
3548.001000,1.144000,0.573000
3549.001000,1.144000,0.573000
3550.001000,1.144000,0.573000
3551.001000,1.144000,0.574000
3552.001000,1.145000,0.571000
3553.001000,1.145000,0.569000
3554.001000,1.145000,0.572000
3555.001000,1.145000,0.571000
3556.001000,1.146000,0.570000
3557.001000,1.146000,0.573000
3558.001000,1.146000,0.576000
3559.001000,1.147000,0.572000
3560.001000,1.147000,0.581000
3561.001000,1.147000,0.581000
3562.001000,1.147000,0.582000
3563.001000,1.148000,0.582000
3564.001000,1.148000,0.582000
3565.001000,1.148000,0.582000
3566.001000,1.149000,0.577000
3567.001000,1.149000,0.579000
3568.001000,1.150000,0.578000
3569.001000,1.151000,0.577000
3570.001000,1.151000,0.576000
3571.001000,1.151000,0.575000
3572.001000,1.152000,0.577000
3573.001000,1.152000,0.574000
3574.001000,1.153000,0.578000
3575.001000,1.154000,0.578000
3576.001000,1.155000,0.578000
3577.001000,1.155000,0.577000
3578.001000,1.155000,0.579000
3579.001000,1.156000,0.579000
3580.001000,1.156000,0.579000
3581.001000,1.157000,0.579000
3582.001000,1.157000,0.580000
3583.001000,1.158000,0.584000
3584.001000,1.158000,0.579000
3585.001000,1.160000,0.581000
3586.001000,1.162000,0.577000
3587.001000,1.164000,0.577000
3588.001000,1.165000,0.585000
3589.001000,1.167000,0.583000
3590.001000,1.168000,0.584000
3591.001000,1.169000,0.580000
3592.001000,1.170000,0.581000
3593.001000,1.170000,0.579000
3594.001000,1.171000,0.582000
3595.001000,1.171000,0.585000
3596.001000,1.172000,0.586000
3597.001000,1.172000,0.585000
3598.001000,1.173000,0.583000
3599.001000,1.173000,0.586000
3600.001000,1.173000,0.587000
3601.001000,1.174000,0.585000
3602.001000,1.174000,0.585000
3603.001000,1.174000,0.587000
3604.001000,1.174000,0.585000
3605.001000,1.174000,0.583000
3606.001000,1.174000,0.583000
3607.001000,1.174000,0.584000
3608.001000,1.174000,0.583000
3609.001000,1.174000,0.581000
3610.001000,1.175000,0.580000
3611.001000,1.175000,0.580000
3612.001000,1.175000,0.581000
3613.001000,1.175000,0.582000
3614.001000,1.174000,0.581000
3615.001000,1.173000,0.579000
3616.001000,1.174000,0.581000
3617.001000,1.174000,0.584000
3618.001000,1.174000,0.581000
3619.001000,1.174000,0.581000
3620.001000,1.174000,0.579000
3621.001000,1.174000,0.579000
3622.001000,1.174000,0.584000
3623.001000,1.174000,0.579000
3624.001000,1.174000,0.582000
3625.001000,1.174000,0.580000
3626.001000,1.175000,0.579000
3627.001000,1.176000,0.580000
3628.001000,1.177000,0.583000
3629.001000,1.178000,0.580000
3630.001000,1.179000,0.581000
3631.001000,1.179000,0.579000
3632.001000,1.180000,0.576000
3633.001000,1.180000,0.576000
3634.001000,1.181000,0.581000
3635.001000,1.181000,0.577000
3636.001000,1.181000,0.574000
3637.001000,1.181000,0.573000
3638.001000,1.182000,0.577000
3639.001000,1.182000,0.571000
3640.001000,1.182000,0.575000
3641.001000,1.182000,0.572000
3642.001000,1.182000,0.575000
3643.001000,1.183000,0.578000
3644.001000,1.183000,0.576000
3645.001000,1.182000,0.578000
3646.001000,1.183000,0.575000
3647.001000,1.183000,0.573000
3648.001000,1.183000,0.579000
3649.001000,1.183000,0.574000
3650.001000,1.183000,0.572000
3651.001000,1.184000,0.575000
3652.001000,1.185000,0.578000
3653.001000,1.186000,0.576000
3654.001000,1.186000,0.578000
3655.001000,1.187000,0.579000
3656.001000,1.188000,0.580000
3657.001000,1.188000,0.578000
3658.001000,1.189000,0.581000
3659.001000,1.190000,0.580000
3660.001000,1.191000,0.584000
3661.001000,1.192000,0.583000
3662.001000,1.193000,0.580000
3663.001000,1.193000,0.578000
3664.001000,1.194000,0.580000
3665.001000,1.194000,0.576000
3666.001000,1.195000,0.580000
3667.001000,1.195000,0.582000
3668.001000,1.195000,0.583000
3669.001000,1.196000,0.584000
3670.001000,1.196000,0.585000
3671.001000,1.196000,0.582000
3672.001000,1.197000,0.580000
3673.001000,1.197000,0.580000
3674.001000,1.197000,0.581000
3675.001000,1.198000,0.579000
3676.001000,1.198000,0.585000
3677.001000,1.198000,0.582000
3678.001000,1.198000,0.579000
3679.001000,1.198000,0.579000
3680.001000,1.198000,0.579000
3681.001000,1.198000,0.578000
3682.001000,1.199000,0.576000
3683.001000,1.199000,0.576000
3684.001000,1.199000,0.577000
3685.001000,1.200000,0.578000
3686.001000,1.200000,0.580000
3687.001000,1.200000,0.580000
3688.001000,1.200000,0.583000
3689.001000,1.200000,0.580000
3690.001000,1.200000,0.585000
3691.001000,1.200000,0.584000
3692.001000,1.200000,0.582000
3693.001000,1.201000,0.581000
3694.001000,1.201000,0.584000
3695.002000,1.202000,0.582000
3696.001000,1.202000,0.582000
3697.001000,1.202000,0.583000
3698.001000,1.202000,0.582000
3699.001000,1.202000,0.583000
3700.001000,1.203000,0.582000
3701.001000,1.203000,0.586000
3702.001000,1.203000,0.587000
3703.001000,1.203000,0.587000
3704.001000,1.204000,0.584000
3705.001000,1.204000,0.582000
3706.001000,1.204000,0.582000
3707.001000,1.205000,0.581000
3708.001000,1.205000,0.581000
3709.001000,1.205000,0.582000
3710.001000,1.206000,0.583000
3711.001000,1.206000,0.584000
3712.001000,1.206000,0.584000
3713.001000,1.206000,0.585000
3714.001000,1.206000,0.584000
3715.001000,1.206000,0.583000
3716.001000,1.206000,0.582000
3717.001000,1.206000,0.583000
3718.001000,1.207000,0.584000
3719.001000,1.207000,0.583000
3720.001000,1.207000,0.585000
3721.001000,1.207000,0.584000
3722.001000,1.207000,0.582000
3723.001000,1.207000,0.582000
3724.001000,1.208000,0.585000
3725.001000,1.208000,0.583000
3726.001000,1.208000,0.580000
3727.001000,1.208000,0.585000
3728.001000,1.208000,0.583000
3729.001000,1.208000,0.585000
3730.001000,1.208000,0.580000
3731.001000,1.208000,0.576000
3732.001000,1.208000,0.581000
3733.001000,1.208000,0.580000
3734.001000,1.208000,0.581000
3735.001000,1.208000,0.581000
3736.001000,1.208000,0.585000
3737.001000,1.208000,0.582000
3738.001000,1.209000,0.582000
3739.001000,1.209000,0.582000
3740.001000,1.209000,0.583000
3741.001000,1.209000,0.579000
3742.001000,1.209000,0.583000
3743.001000,1.209000,0.583000
3744.001000,1.209000,0.577000
3745.001000,1.210000,0.581000
3746.001000,1.210000,0.579000
3747.001000,1.210000,0.584000
3748.001000,1.210000,0.587000
3749.001000,1.210000,0.590000
3750.001000,1.211000,0.590000
3751.001000,1.211000,0.588000
3752.001000,1.211000,0.591000
3753.001000,1.211000,0.592000
3754.001000,1.211000,0.590000
3755.001000,1.211000,0.590000
3756.001000,1.212000,0.590000
3757.001000,1.212000,0.587000
3758.001000,1.212000,0.586000
3759.001000,1.212000,0.588000
3760.001000,1.212000,0.589000
3761.001000,1.212000,0.589000
3762.001000,1.213000,0.591000
3763.001000,1.213000,0.593000
3764.001000,1.213000,0.589000
3765.001000,1.213000,0.588000
3766.001000,1.213000,0.586000
3767.001000,1.213000,0.582000
3768.001000,1.214000,0.582000
3769.001000,1.214000,0.588000
3770.001000,1.214000,0.587000
3771.001000,1.214000,0.589000
3772.001000,1.214000,0.589000
3773.001000,1.214000,0.588000
3774.001000,1.215000,0.586000
3775.001000,1.215000,0.591000
3776.001000,1.215000,0.588000
3777.001000,1.216000,0.591000
3778.001000,1.216000,0.584000
3779.001000,1.216000,0.587000
3780.001000,1.216000,0.585000
3781.001000,1.216000,0.588000
3782.001000,1.217000,0.584000
3783.001000,1.217000,0.589000
3784.001000,1.217000,0.589000
3785.001000,1.217000,0.585000
3786.001000,1.217000,0.584000
3787.001000,1.218000,0.588000
3788.001000,1.218000,0.588000
3789.001000,1.218000,0.589000
3790.001000,1.218000,0.589000
3791.001000,1.219000,0.588000
3792.001000,1.219000,0.590000
3793.001000,1.219000,0.587000
3794.001000,1.220000,0.590000
3795.001000,1.221000,0.588000
3796.001000,1.221000,0.590000
3797.001000,1.221000,0.592000
3798.001000,1.222000,0.591000
3799.001000,1.222000,0.592000
3800.001000,1.222000,0.589000
3801.001000,1.223000,0.592000
3802.001000,1.223000,0.594000
3803.001000,1.223000,0.592000
3804.001000,1.224000,0.592000
3805.001000,1.224000,0.590000
3806.001000,1.224000,0.593000
3807.001000,1.224000,0.593000
3808.001000,1.225000,0.592000
3809.001000,1.225000,0.595000
3810.001000,1.225000,0.592000
3811.001000,1.226000,0.592000
3812.001000,1.227000,0.587000
3813.001000,1.227000,0.589000
3814.001000,1.227000,0.589000
3815.001000,1.228000,0.590000
3816.001000,1.228000,0.590000
3817.001000,1.228000,0.590000
3818.001000,1.229000,0.591000
3819.001000,1.229000,0.592000
3820.001000,1.229000,0.592000
3821.001000,1.230000,0.588000
3822.001000,1.230000,0.589000
3823.001000,1.231000,0.592000
3824.001000,1.231000,0.588000
3825.001000,1.231000,0.590000
3826.001000,1.231000,0.593000
3827.001000,1.232000,0.594000
3828.001000,1.232000,0.592000
3829.001000,1.232000,0.593000
3830.001000,1.233000,0.594000
3831.001000,1.233000,0.594000
3832.001000,1.233000,0.592000
3833.001000,1.234000,0.594000
3834.001000,1.234000,0.598000
3835.001000,1.234000,0.599000
3836.001000,1.234000,0.596000
3837.001000,1.234000,0.597000
3838.001000,1.235000,0.599000
3839.001000,1.235000,0.596000
3840.001000,1.235000,0.597000
3841.001000,1.235000,0.601000
3842.001000,1.235000,0.598000
3843.001000,1.236000,0.597000
3844.001000,1.236000,0.595000
3845.001000,1.237000,0.598000
3846.001000,1.237000,0.599000
3847.001000,1.237000,0.600000
3848.001000,1.238000,0.596000
3849.001000,1.238000,0.599000
3850.001000,1.238000,0.600000
3851.001000,1.238000,0.597000
3852.001000,1.239000,0.596000
3853.001000,1.239000,0.595000
3854.001000,1.239000,0.593000
3855.001000,1.240000,0.595000
3856.001000,1.240000,0.595000
3857.001000,1.240000,0.591000
3858.001000,1.240000,0.598000
3859.001000,1.240000,0.597000
3860.001000,1.241000,0.592000
3861.001000,1.241000,0.594000
3862.001000,1.242000,0.593000
3863.001000,1.242000,0.591000
3864.001000,1.242000,0.590000
3865.001000,1.243000,0.594000
3866.001000,1.243000,0.600000
3867.001000,1.243000,0.598000
3868.001000,1.244000,0.601000
3869.001000,1.244000,0.602000
3870.001000,1.244000,0.601000
3871.001000,1.244000,0.599000
3872.001000,1.244000,0.597000
3873.001000,1.245000,0.597000
3874.001000,1.245000,0.596000
3875.001000,1.245000,0.593000
3876.001000,1.245000,0.592000
3877.001000,1.245000,0.594000
3878.001000,1.246000,0.596000
3879.001000,1.246000,0.595000
3880.001000,1.246000,0.595000
3881.001000,1.247000,0.594000
3882.001000,1.247000,0.597000
3883.001000,1.247000,0.597000
3884.001000,1.247000,0.594000
3885.001000,1.248000,0.595000
3886.001000,1.248000,0.598000
3887.001000,1.248000,0.600000
3888.001000,1.248000,0.600000
3889.001000,1.249000,0.600000
3890.001000,1.249000,0.602000
3891.001000,1.249000,0.608000
3892.001000,1.250000,0.605000
3893.001000,1.250000,0.606000
3894.001000,1.250000,0.605000
3895.001000,1.251000,0.604000
3896.001000,1.251000,0.606000
3897.001000,1.251000,0.604000
3898.001000,1.251000,0.604000
3899.001000,1.251000,0.603000
3900.001000,1.252000,0.605000
3901.001000,1.252000,0.605000
3902.001000,1.253000,0.604000
3903.001000,1.253000,0.602000
3904.001000,1.253000,0.600000
3905.001000,1.254000,0.599000
3906.001000,1.254000,0.599000
3907.001000,1.254000,0.599000
3908.001000,1.255000,0.600000
3909.001000,1.255000,0.597000
3910.001000,1.255000,0.595000
3911.001000,1.255000,0.597000
3912.001000,1.255000,0.597000
3913.001000,1.256000,0.601000
3914.001000,1.258000,0.601000
3915.001000,1.258000,0.598000
3916.001000,1.259000,0.601000
3917.001000,1.260000,0.598000
3918.001000,1.260000,0.596000
3919.001000,1.261000,0.594000
3920.001000,1.261000,0.593000
3921.001000,1.262000,0.596000
3922.001000,1.263000,0.596000
3923.001000,1.263000,0.597000
3924.001000,1.264000,0.600000
3925.001000,1.264000,0.597000
3926.001000,1.265000,0.597000
3927.001000,1.265000,0.599000
3928.001000,1.266000,0.603000
3929.001000,1.266000,0.601000
3930.001000,1.266000,0.602000
3931.001000,1.266000,0.602000
3932.001000,1.267000,0.597000
3933.001000,1.267000,0.598000
3934.001000,1.267000,0.598000
3935.001000,1.267000,0.601000
3936.001000,1.267000,0.598000
3937.001000,1.267000,0.599000
3938.001000,1.267000,0.596000
3939.001000,1.267000,0.599000
3940.001000,1.267000,0.602000
3941.001000,1.267000,0.602000
3942.001000,1.268000,0.596000
3943.001000,1.267000,0.597000
3944.001000,1.268000,0.599000
3945.001000,1.268000,0.597000
3946.001000,1.268000,0.596000
3947.001000,1.268000,0.595000
3948.001000,1.268000,0.594000
3949.001000,1.268000,0.598000
3950.001000,1.268000,0.599000
3951.001000,1.268000,0.597000
3952.001000,1.269000,0.599000
3953.001000,1.269000,0.595000
3954.001000,1.269000,0.596000
3955.001000,1.270000,0.599000
3956.001000,1.270000,0.600000
3957.001000,1.270000,0.598000
3958.001000,1.270000,0.590000
3959.001000,1.270000,0.593000
3960.001000,1.270000,0.597000
3961.001000,1.270000,0.594000
3962.001000,1.270000,0.593000
3963.001000,1.270000,0.596000
3964.001000,1.271000,0.599000
3965.001000,1.271000,0.600000
3966.001000,1.271000,0.597000
3967.001000,1.271000,0.597000
3968.001000,1.271000,0.596000
3969.001000,1.271000,0.594000
3970.001000,1.271000,0.597000
3971.001000,1.272000,0.595000
3972.001000,1.272000,0.591000
3973.001000,1.272000,0.590000
3974.001000,1.272000,0.595000
3975.001000,1.272000,0.596000
3976.001000,1.272000,0.590000
3977.001000,1.272000,0.600000
3978.001000,1.272000,0.607000
3979.001000,1.272000,0.607000
3980.001000,1.272000,0.611000
3981.001000,1.272000,0.615000
3982.001000,1.272000,0.615000
3983.001000,1.272000,0.611000
3984.001000,1.272000,0.613000
3985.001000,1.272000,0.615000
3986.001000,1.272000,0.614000
3987.001000,1.272000,0.618000
3988.001000,1.272000,0.620000
3989.001000,1.272000,0.618000
3990.001000,1.272000,0.616000
3991.001000,1.272000,0.619000
3992.001000,1.272000,0.619000
3993.001000,1.272000,0.618000
3994.001000,1.272000,0.620000
3995.001000,1.272000,0.618000
3996.001000,1.272000,0.617000
3997.001000,1.272000,0.616000
3998.001000,1.273000,0.617000
3999.001000,1.273000,0.617000
4000.001000,1.272000,0.616000
4001.001000,1.272000,0.617000
4002.001000,1.272000,0.615000
4003.001000,1.273000,0.621000
4004.001000,1.273000,0.621000
4005.001000,1.273000,0.619000
4006.001000,1.273000,0.618000
4007.001000,1.273000,0.618000
4008.001000,1.274000,0.617000
4009.001000,1.274000,0.615000
4010.001000,1.274000,0.619000
4011.001000,1.274000,0.617000
4012.001000,1.274000,0.614000
4013.001000,1.274000,0.615000
4014.001000,1.274000,0.615000
4015.001000,1.274000,0.616000
4016.001000,1.275000,0.611000
4017.001000,1.275000,0.614000
4018.001000,1.275000,0.613000
4019.001000,1.275000,0.615000
4020.001000,1.275000,0.617000
4021.001000,1.275000,0.618000
4022.001000,1.276000,0.618000
4023.001000,1.276000,0.615000
4024.001000,1.276000,0.615000
4025.001000,1.276000,0.609000
4026.001000,1.276000,0.602000
4027.001000,1.277000,0.606000
4028.001000,1.277000,0.605000
4029.001000,1.278000,0.598000
4030.001000,1.278000,0.596000
4031.001000,1.278000,0.599000
4032.001000,1.279000,0.595000
4033.001000,1.279000,0.598000
4034.001000,1.280000,0.600000
4035.001000,1.280000,0.595000
4036.001000,1.280000,0.597000
4037.001000,1.281000,0.597000
4038.001000,1.281000,0.597000
4039.001000,1.281000,0.595000
4040.001000,1.281000,0.599000
4041.001000,1.282000,0.595000
4042.001000,1.282000,0.594000
4043.001000,1.282000,0.597000
4044.001000,1.283000,0.591000
4045.001000,1.283000,0.593000
4046.001000,1.283000,0.595000
4047.001000,1.284000,0.594000
4048.001000,1.284000,0.592000
4049.001000,1.284000,0.587000
4050.001000,1.284000,0.593000
4051.001000,1.285000,0.590000
4052.001000,1.285000,0.592000
4053.001000,1.285000,0.595000
4054.001000,1.285000,0.595000
4055.001000,1.286000,0.598000
4056.001000,1.285000,0.595000
4057.001000,1.286000,0.595000
4058.001000,1.286000,0.591000
4059.001000,1.286000,0.593000
4060.001000,1.286000,0.591000
4061.001000,1.286000,0.592000
4062.001000,1.286000,0.591000
4063.001000,1.286000,0.592000
4064.001000,1.286000,0.590000
4065.001000,1.287000,0.588000
4066.001000,1.287000,0.591000
4067.001000,1.287000,0.592000
4068.001000,1.287000,0.595000
4069.001000,1.288000,0.592000
4070.001000,1.288000,0.591000
4071.001000,1.288000,0.593000
4072.001000,1.288000,0.591000
4073.001000,1.288000,0.590000
4074.001000,1.289000,0.591000
4075.001000,1.289000,0.591000
4076.001000,1.289000,0.591000
4077.001000,1.289000,0.593000
4078.001000,1.289000,0.593000
4079.001000,1.290000,0.589000
4080.001000,1.290000,0.590000
4081.001000,1.290000,0.594000
4082.001000,1.289000,0.603000
4083.001000,1.288000,0.607000
4084.001000,1.288000,0.606000
4085.001000,1.288000,0.608000
4086.001000,1.289000,0.610000
4087.001000,1.289000,0.610000
4088.001000,1.289000,0.608000
4089.001000,1.289000,0.612000
4090.001000,1.289000,0.603000
4091.001000,1.289000,0.605000
4092.001000,1.290000,0.608000
4093.001000,1.290000,0.608000
4094.001000,1.290000,0.609000
4095.001000,1.290000,0.599000
4096.001000,1.290000,0.605000
4097.001000,1.290000,0.605000
4098.001000,1.290000,0.605000
4099.001000,1.290000,0.610000
4100.001000,1.290000,0.614000
4101.001000,1.290000,0.606000
4102.001000,1.290000,0.604000
4103.001000,1.291000,0.608000
4104.001000,1.291000,0.608000
4105.001000,1.292000,0.609000
4106.001000,1.292000,0.606000
4107.001000,1.292000,0.604000
4108.001000,1.292000,0.601000
4109.001000,1.292000,0.606000
4110.001000,1.292000,0.605000
4111.001000,1.291000,0.603000
4112.001000,1.291000,0.609000
4113.001000,1.291000,0.602000
4114.001000,1.290000,0.604000
4115.001000,1.290000,0.603000
4116.001000,1.290000,0.604000
4117.001000,1.289000,0.600000
4118.001000,1.289000,0.598000
4119.001000,1.289000,0.602000
4120.001000,1.289000,0.605000
4121.001000,1.289000,0.605000
4122.001000,1.288000,0.600000
4123.001000,1.289000,0.603000
4124.001000,1.288000,0.606000
4125.001000,1.289000,0.604000
4126.001000,1.289000,0.603000
4127.001000,1.289000,0.602000
4128.001000,1.288000,0.601000
4129.001000,1.288000,0.602000
4130.001000,1.289000,0.602000
4131.001000,1.289000,0.603000
4132.001000,1.289000,0.601000
4133.001000,1.289000,0.601000
4134.001000,1.289000,0.581000
4135.001000,1.289000,0.583000
4136.001000,1.288000,0.586000
4137.001000,1.288000,0.584000
4138.001000,1.288000,0.586000
4139.001000,1.289000,0.587000
4140.001000,1.289000,0.584000
4141.001000,1.289000,0.584000
4142.001000,1.290000,0.582000
4143.001000,1.290000,0.584000
4144.001000,1.290000,0.594000
4145.001000,1.290000,0.595000
4146.001000,1.290000,0.598000
4147.001000,1.290000,0.602000
4148.001000,1.290000,0.601000
4149.001000,1.290000,0.604000
4150.001000,1.290000,0.601000
4151.001000,1.291000,0.597000
4152.001000,1.291000,0.602000
4153.001000,1.291000,0.599000
4154.001000,1.291000,0.600000
4155.001000,1.290000,0.600000
4156.001000,1.289000,0.597000
4157.001000,1.290000,0.600000
4158.001000,1.290000,0.602000
4159.001000,1.290000,0.601000
4160.001000,1.290000,0.599000
4161.001000,1.290000,0.602000
4162.001000,1.290000,0.604000
4163.001000,1.290000,0.600000
4164.001000,1.290000,0.602000
4165.001000,1.290000,0.602000
4166.001000,1.290000,0.597000
4167.001000,1.290000,0.593000
4168.001000,1.290000,0.589000
4169.001000,1.290000,0.591000
4170.001000,1.290000,0.582000
4171.001000,1.290000,0.582000
4172.001000,1.291000,0.580000
4173.001000,1.291000,0.581000
4174.001000,1.291000,0.580000
4175.001000,1.291000,0.580000
4176.001000,1.292000,0.580000
4177.001000,1.292000,0.579000
4178.001000,1.292000,0.576000
4179.001000,1.292000,0.580000
4180.001000,1.291000,0.577000
4181.001000,1.292000,0.579000
4182.001000,1.291000,0.581000
4183.001000,1.291000,0.584000
4184.001000,1.292000,0.581000
4185.001000,1.292000,0.584000
4186.001000,1.291000,0.587000
4187.001000,1.291000,0.587000
4188.001000,1.290000,0.593000
4189.001000,1.291000,0.592000
4190.001000,1.291000,0.585000
4191.001000,1.292000,0.590000
4192.001000,1.292000,0.594000
4193.001000,1.293000,0.589000
4194.001000,1.293000,0.587000
4195.001000,1.293000,0.592000
4196.001000,1.294000,0.590000
4197.001000,1.294000,0.593000
4198.001000,1.294000,0.589000
4199.001000,1.294000,0.592000
4200.001000,1.294000,0.593000
4201.001000,1.294000,0.593000
4202.001000,1.295000,0.590000
4203.001000,1.295000,0.587000
4204.001000,1.296000,0.586000
4205.001000,1.296000,0.592000
4206.001000,1.296000,0.593000
4207.001000,1.296000,0.595000
4208.001000,1.296000,0.589000
4209.001000,1.296000,0.590000
4210.001000,1.296000,0.587000
4211.001000,1.296000,0.589000
4212.001000,1.296000,0.589000
4213.001000,1.296000,0.588000
4214.001000,1.295000,0.589000
4215.001000,1.294000,0.588000
4216.001000,1.294000,0.587000
4217.001000,1.295000,0.581000
4218.001000,1.296000,0.575000
4219.001000,1.296000,0.580000
4220.001000,1.297000,0.588000
4221.001000,1.298000,0.591000
4222.001000,1.297000,0.588000
4223.001000,1.297000,0.589000
4224.001000,1.298000,0.592000
4225.001000,1.297000,0.590000
4226.001000,1.296000,0.596000
4227.001000,1.296000,0.591000
4228.001000,1.296000,0.590000
4229.001000,1.296000,0.591000
4230.001000,1.296000,0.593000
4231.001000,1.296000,0.591000
4232.001000,1.296000,0.588000
4233.001000,1.296000,0.588000
4234.001000,1.296000,0.588000
4235.001000,1.296000,0.582000
4236.001000,1.295000,0.589000
4237.001000,1.295000,0.581000
4238.001000,1.294000,0.583000
4239.001000,1.294000,0.585000
4240.001000,1.295000,0.586000
4241.001000,1.295000,0.585000
4242.001000,1.295000,0.582000
4243.001000,1.295000,0.582000
4244.001000,1.295000,0.584000
4245.001000,1.295000,0.586000
4246.001000,1.295000,0.581000
4247.001000,1.295000,0.581000
4248.001000,1.295000,0.580000
4249.001000,1.295000,0.582000
4250.001000,1.296000,0.584000
4251.001000,1.296000,0.578000
4252.001000,1.296000,0.591000
4253.001000,1.296000,0.596000
4254.001000,1.296000,0.600000
4255.001000,1.295000,0.601000
4256.001000,1.294000,0.599000
4257.001000,1.294000,0.593000
4258.001000,1.295000,0.599000
4259.001000,1.295000,0.593000
4260.001000,1.296000,0.595000
4261.001000,1.296000,0.598000
4262.001000,1.296000,0.595000
4263.001000,1.296000,0.595000
4264.001000,1.296000,0.595000
4265.001000,1.296000,0.595000
4266.001000,1.296000,0.595000
4267.001000,1.296000,0.596000
4268.001000,1.296000,0.599000
4269.001000,1.297000,0.592000
4270.001000,1.297000,0.594000
4271.001000,1.298000,0.599000
4272.001000,1.298000,0.597000
4273.001000,1.298000,0.600000
4274.001000,1.299000,0.596000
4275.001000,1.299000,0.600000
4276.001000,1.299000,0.599000
4277.001000,1.299000,0.594000
4278.001000,1.299000,0.591000
4279.001000,1.299000,0.590000
4280.001000,1.298000,0.597000
4281.001000,1.298000,0.594000
4282.001000,1.299000,0.595000
4283.001000,1.298000,0.596000
4284.001000,1.299000,0.590000
4285.001000,1.299000,0.594000
4286.001000,1.299000,0.596000
4287.001000,1.299000,0.595000
4288.001000,1.299000,0.597000
4289.001000,1.299000,0.594000
4290.001000,1.300000,0.592000
4291.001000,1.300000,0.591000
4292.001000,1.301000,0.583000
4293.001000,1.301000,0.579000
4294.001000,1.301000,0.579000
4295.001000,1.301000,0.578000
4296.001000,1.301000,0.576000
4297.001000,1.302000,0.575000
4298.001000,1.301000,0.579000
4299.001000,1.301000,0.580000
4300.001000,1.300000,0.582000
4301.001000,1.299000,0.581000
4302.001000,1.298000,0.581000
4303.001000,1.298000,0.583000
4304.001000,1.298000,0.580000
4305.001000,1.299000,0.580000
4306.001000,1.299000,0.579000
4307.001000,1.300000,0.581000
4308.001000,1.300000,0.580000
4309.001000,1.302000,0.576000
4310.001000,1.304000,0.580000
4311.001000,1.304000,0.577000
4312.001000,1.305000,0.580000
4313.001000,1.306000,0.580000
4314.001000,1.305000,0.576000
4315.001000,1.306000,0.580000
4316.001000,1.306000,0.579000
4317.001000,1.307000,0.581000
4318.001000,1.308000,0.578000
4319.001000,1.308000,0.574000
4320.001000,1.309000,0.579000
4321.001000,1.309000,0.576000
4322.001000,1.309000,0.574000
4323.001000,1.309000,0.575000
4324.001000,1.309000,0.573000
4325.001000,1.309000,0.575000
4326.001000,1.309000,0.572000
4327.001000,1.309000,0.575000
4328.001000,1.309000,0.578000
4329.001000,1.309000,0.575000
4330.001000,1.309000,0.575000
4331.001000,1.308000,0.579000
4332.001000,1.308000,0.571000
4333.001000,1.308000,0.570000
4334.001000,1.307000,0.572000
4335.001000,1.307000,0.567000
4336.001000,1.306000,0.566000
4337.001000,1.306000,0.568000
4338.001000,1.306000,0.571000
4339.001000,1.306000,0.565000
4340.001000,1.306000,0.572000
4341.001000,1.305000,0.568000
4342.001000,1.305000,0.575000
4343.001000,1.305000,0.572000
4344.001000,1.305000,0.570000
4345.001000,1.306000,0.573000
4346.001000,1.306000,0.572000
4347.001000,1.307000,0.575000
4348.001000,1.306000,0.572000
4349.001000,1.306000,0.572000
4350.001000,1.306000,0.570000
4351.001000,1.306000,0.571000
4352.001000,1.306000,0.574000
4353.001000,1.307000,0.570000
4354.001000,1.307000,0.572000
4355.001000,1.307000,0.570000
4356.001000,1.307000,0.567000
4357.001000,1.307000,0.570000
4358.001000,1.308000,0.570000
4359.001000,1.309000,0.566000
4360.001000,1.309000,0.567000
4361.001000,1.309000,0.567000
4362.001000,1.310000,0.567000
4363.001000,1.310000,0.570000
4364.001000,1.310000,0.571000
4365.001000,1.310000,0.574000
4366.001000,1.310000,0.566000
4367.001000,1.310000,0.572000
4368.001000,1.310000,0.572000
4369.001000,1.310000,0.574000
4370.001000,1.310000,0.577000
4371.001000,1.311000,0.574000
4372.001000,1.311000,0.574000
4373.001000,1.311000,0.571000
4374.001000,1.311000,0.568000
4375.001000,1.312000,0.571000
4376.001000,1.312000,0.571000
4377.001000,1.312000,0.575000
4378.001000,1.312000,0.576000
4379.001000,1.311000,0.575000
4380.001000,1.311000,0.575000
4381.001000,1.312000,0.576000
4382.001000,1.312000,0.576000
4383.001000,1.313000,0.575000
4384.001000,1.313000,0.579000
4385.001000,1.313000,0.579000
4386.001000,1.314000,0.576000
4387.001000,1.314000,0.578000
4388.001000,1.315000,0.579000
4389.001000,1.315000,0.577000
4390.001000,1.316000,0.578000
4391.001000,1.316000,0.579000
4392.001000,1.316000,0.578000
4393.001000,1.316000,0.577000
4394.001000,1.316000,0.580000
4395.001000,1.316000,0.579000
4396.001000,1.317000,0.578000
4397.001000,1.317000,0.575000
4398.001000,1.317000,0.578000
4399.001000,1.318000,0.577000
4400.001000,1.318000,0.575000
4401.001000,1.318000,0.574000
4402.001000,1.318000,0.577000
4403.001000,1.318000,0.571000
4404.001000,1.318000,0.575000
4405.001000,1.318000,0.581000
4406.001000,1.318000,0.579000
4407.001000,1.318000,0.582000
4408.001000,1.318000,0.585000
4409.001000,1.318000,0.584000
4410.001000,1.319000,0.583000
4411.001000,1.319000,0.583000
4412.001000,1.319000,0.580000
4413.001000,1.319000,0.582000
4414.001000,1.320000,0.585000
4415.001000,1.320000,0.584000
4416.001000,1.320000,0.582000
4417.001000,1.320000,0.583000
4418.001000,1.321000,0.585000
4419.001000,1.321000,0.583000
4420.001000,1.322000,0.583000
4421.001000,1.324000,0.582000
4422.001000,1.325000,0.581000
4423.001000,1.325000,0.585000
4424.001000,1.326000,0.583000
4425.001000,1.327000,0.587000
4426.001000,1.328000,0.586000
4427.001000,1.328000,0.588000
4428.001000,1.329000,0.580000
4429.001000,1.329000,0.585000
4430.001000,1.329000,0.581000
4431.001000,1.329000,0.583000
4432.001000,1.330000,0.580000
4433.001000,1.330000,0.579000
4434.001000,1.331000,0.582000
4435.001000,1.332000,0.581000
4436.001000,1.333000,0.587000
4437.001000,1.334000,0.582000
4438.001000,1.334000,0.586000
4439.001000,1.334000,0.581000
4440.001000,1.335000,0.586000
4441.001000,1.337000,0.585000
4442.001000,1.338000,0.584000
4443.001000,1.338000,0.583000
4444.001000,1.338000,0.582000
4445.001000,1.339000,0.587000
4446.001000,1.339000,0.585000
4447.001000,1.340000,0.587000
4448.001000,1.340000,0.587000
4449.001000,1.341000,0.590000
4450.001000,1.341000,0.593000
4451.001000,1.341000,0.598000
4452.001000,1.341000,0.602000
4453.001000,1.341000,0.603000
4454.001000,1.341000,0.605000
4455.001000,1.341000,0.604000
4456.001000,1.342000,0.603000
4457.001000,1.342000,0.607000
4458.001000,1.343000,0.606000
4459.001000,1.342000,0.606000
4460.001000,1.343000,0.605000
4461.001000,1.343000,0.606000
4462.001000,1.344000,0.598000
4463.001000,1.344000,0.591000
4464.001000,1.344000,0.597000
4465.001000,1.344000,0.587000
4466.001000,1.342000,0.587000
4467.001000,1.342000,0.589000
4468.001000,1.342000,0.588000
4469.001000,1.342000,0.596000
4470.001000,1.342000,0.590000
4471.001000,1.343000,0.589000
4472.001000,1.344000,0.595000
4473.001000,1.346000,0.594000
4474.001000,1.346000,0.593000
4475.001000,1.346000,0.593000
4476.001000,1.347000,0.592000
4477.001000,1.348000,0.595000
4478.001000,1.348000,0.596000
4479.001000,1.349000,0.599000
4480.001000,1.348000,0.593000
4481.001000,1.349000,0.596000
4482.001000,1.350000,0.595000
4483.001000,1.350000,0.597000
4484.001000,1.351000,0.593000
4485.001000,1.351000,0.591000
4486.001000,1.351000,0.597000
4487.001000,1.351000,0.596000
4488.001000,1.351000,0.596000
4489.001000,1.352000,0.592000
4490.001000,1.351000,0.596000
4491.001000,1.352000,0.596000
4492.001000,1.352000,0.599000
4493.001000,1.352000,0.595000
4494.001000,1.353000,0.594000
4495.001000,1.354000,0.598000
4496.001000,1.354000,0.600000
4497.001000,1.354000,0.604000
4498.001000,1.354000,0.605000
4499.001000,1.355000,0.608000
4500.001000,1.354000,0.603000
4501.001000,1.355000,0.609000
4502.001000,1.356000,0.607000
4503.001000,1.356000,0.608000
4504.001000,1.356000,0.611000
4505.001000,1.357000,0.608000
4506.001000,1.357000,0.607000
4507.001000,1.358000,0.611000
4508.001000,1.358000,0.610000
4509.001000,1.358000,0.612000
4510.001000,1.359000,0.612000
4511.001000,1.360000,0.611000
4512.001000,1.360000,0.613000
4513.001000,1.361000,0.611000
4514.001000,1.362000,0.601000
4515.001000,1.362000,0.601000
4516.001000,1.363000,0.605000
4517.001000,1.364000,0.606000
4518.001000,1.364000,0.602000
4519.001000,1.365000,0.604000
4520.001000,1.365000,0.607000
4521.001000,1.366000,0.609000
4522.001000,1.367000,0.610000
4523.001000,1.367000,0.611000
4524.001000,1.368000,0.612000
4525.001000,1.368000,0.617000
4526.001000,1.368000,0.621000
4527.001000,1.369000,0.610000
4528.001000,1.370000,0.614000
4529.001000,1.370000,0.616000
4530.001000,1.370000,0.614000
4531.001000,1.370000,0.617000
4532.001000,1.370000,0.615000
4533.001000,1.370000,0.611000
4534.001000,1.370000,0.617000
4535.001000,1.370000,0.617000
4536.001000,1.370000,0.615000
4537.001000,1.371000,0.615000
4538.001000,1.371000,0.614000
4539.001000,1.371000,0.614000
4540.001000,1.371000,0.615000
4541.001000,1.371000,0.611000
4542.001000,1.372000,0.617000
4543.001000,1.372000,0.619000
4544.001000,1.373000,0.615000
4545.001000,1.373000,0.616000
4546.001000,1.374000,0.614000
4547.001000,1.377000,0.618000
4548.001000,1.378000,0.620000
4549.001000,1.379000,0.613000
4550.001000,1.380000,0.613000
4551.001000,1.382000,0.615000
4552.001000,1.383000,0.619000
4553.001000,1.384000,0.617000
4554.001000,1.386000,0.616000
4555.001000,1.386000,0.623000
4556.001000,1.387000,0.622000
4557.001000,1.387000,0.623000
4558.001000,1.387000,0.620000
4559.001000,1.385000,0.616000
4560.001000,1.386000,0.618000
4561.001000,1.385000,0.617000
4562.001000,1.386000,0.616000
4563.001000,1.386000,0.620000
4564.001000,1.387000,0.621000
4565.001000,1.389000,0.623000
4566.001000,1.389000,0.621000
4567.001000,1.390000,0.611000
4568.001000,1.391000,0.612000
4569.001000,1.391000,0.608000
4570.001000,1.391000,0.609000
4571.001000,1.391000,0.610000
4572.001000,1.392000,0.612000
4573.001000,1.392000,0.614000
4574.001000,1.392000,0.608000
4575.001000,1.392000,0.608000
4576.001000,1.392000,0.607000
4577.001000,1.393000,0.610000
4578.001000,1.393000,0.610000
4579.001000,1.393000,0.605000
4580.001000,1.393000,0.612000
4581.001000,1.394000,0.610000
4582.001000,1.394000,0.608000
4583.001000,1.394000,0.612000
4584.001000,1.395000,0.610000
4585.001000,1.395000,0.609000
4586.001000,1.395000,0.611000
4587.001000,1.395000,0.607000
4588.001000,1.395000,0.611000
4589.001000,1.394000,0.616000
4590.001000,1.394000,0.621000
4591.001000,1.394000,0.616000
4592.001000,1.394000,0.629000
4593.001000,1.394000,0.625000
4594.001000,1.395000,0.625000
4595.001000,1.396000,0.626000
4596.001000,1.397000,0.624000
4597.001000,1.397000,0.627000
4598.001000,1.398000,0.623000
4599.001000,1.398000,0.628000
4600.001000,1.399000,0.627000
4601.001000,1.399000,0.628000
4602.001000,1.399000,0.630000
4603.001000,1.399000,0.629000
4604.001000,1.399000,0.627000
4605.001000,1.399000,0.628000
4606.001000,1.400000,0.629000
4607.001000,1.400000,0.625000
4608.001000,1.401000,0.627000
4609.001000,1.401000,0.627000
4610.001000,1.401000,0.627000
4611.001000,1.401000,0.625000
4612.001000,1.401000,0.625000
4613.001000,1.402000,0.625000
4614.001000,1.402000,0.628000
4615.001000,1.403000,0.627000
4616.001000,1.404000,0.629000
4617.001000,1.403000,0.626000
4618.001000,1.404000,0.632000
4619.001000,1.404000,0.632000
4620.001000,1.405000,0.630000
4621.001000,1.405000,0.629000
4622.001000,1.405000,0.628000
4623.001000,1.406000,0.629000
4624.001000,1.406000,0.630000
4625.001000,1.407000,0.634000
4626.001000,1.407000,0.632000
4627.001000,1.407000,0.633000
4628.001000,1.408000,0.633000
4629.001000,1.408000,0.634000
4630.001000,1.409000,0.634000
4631.001000,1.409000,0.634000
4632.001000,1.409000,0.630000
4633.001000,1.409000,0.629000
4634.001000,1.410000,0.630000
4635.001000,1.410000,0.633000
4636.001000,1.410000,0.631000
4637.001000,1.410000,0.627000
4638.001000,1.409000,0.630000
4639.001000,1.410000,0.635000
4640.001000,1.411000,0.622000
4641.001000,1.411000,0.613000
4642.001000,1.411000,0.618000
4643.001000,1.411000,0.617000
4644.001000,1.411000,0.614000
4645.001000,1.411000,0.612000
4646.001000,1.411000,0.613000
4647.001000,1.411000,0.615000
4648.001000,1.411000,0.610000
4649.001000,1.412000,0.610000
4650.001000,1.412000,0.615000
4651.001000,1.412000,0.617000
4652.001000,1.413000,0.615000
4653.001000,1.413000,0.616000
4654.001000,1.413000,0.618000
4655.001000,1.414000,0.617000
4656.001000,1.414000,0.616000
4657.001000,1.414000,0.616000
4658.001000,1.415000,0.616000
4659.001000,1.415000,0.621000
4660.001000,1.415000,0.618000
4661.001000,1.415000,0.615000
4662.001000,1.415000,0.616000
4663.001000,1.415000,0.617000
4664.001000,1.415000,0.618000
4665.001000,1.415000,0.619000
4666.001000,1.416000,0.621000
4667.001000,1.416000,0.628000
4668.001000,1.416000,0.634000
4669.001000,1.416000,0.635000
4670.001000,1.416000,0.635000
4671.001000,1.416000,0.632000
4672.001000,1.416000,0.638000
4673.001000,1.417000,0.639000
4674.001000,1.417000,0.637000
4675.001000,1.417000,0.635000
4676.001000,1.417000,0.636000
4677.001000,1.417000,0.638000
4678.001000,1.417000,0.637000
4679.001000,1.418000,0.642000
4680.001000,1.418000,0.642000
4681.001000,1.418000,0.638000
4682.001000,1.418000,0.640000
4683.001000,1.419000,0.640000
4684.001000,1.419000,0.642000
4685.001000,1.419000,0.641000
4686.001000,1.419000,0.640000
4687.001000,1.419000,0.640000
4688.001000,1.420000,0.639000
4689.001000,1.420000,0.640000
4690.001000,1.420000,0.640000
4691.001000,1.420000,0.638000
4692.001000,1.421000,0.638000
4693.001000,1.421000,0.642000
4694.001000,1.421000,0.641000
4695.001000,1.421000,0.638000
4696.001000,1.421000,0.635000
4697.001000,1.421000,0.636000
4698.001000,1.421000,0.638000
4699.001000,1.421000,0.638000
4700.001000,1.422000,0.639000
4701.001000,1.422000,0.636000
4702.001000,1.422000,0.637000
4703.001000,1.422000,0.634000
4704.001000,1.423000,0.637000
4705.001000,1.425000,0.636000
4706.001000,1.426000,0.639000
4707.001000,1.427000,0.641000
4708.001000,1.428000,0.644000
4709.001000,1.428000,0.640000
4710.001000,1.429000,0.640000
4711.001000,1.430000,0.637000
4712.001000,1.430000,0.638000
4713.001000,1.431000,0.643000
4714.001000,1.432000,0.638000
4715.002000,1.433000,0.641000
4716.001000,1.433000,0.638000
4717.001000,1.433000,0.639000
4718.001000,1.433000,0.637000
4719.001000,1.434000,0.636000
4720.001000,1.434000,0.636000
4721.001000,1.434000,0.640000
4722.001000,1.435000,0.639000
4723.001000,1.435000,0.634000
4724.001000,1.436000,0.638000
4725.001000,1.436000,0.640000
4726.001000,1.436000,0.642000
4727.001000,1.436000,0.643000
4728.001000,1.437000,0.642000
4729.001000,1.437000,0.642000
4730.001000,1.437000,0.639000
4731.001000,1.438000,0.642000
4732.001000,1.438000,0.640000
4733.001000,1.438000,0.642000
4734.001000,1.439000,0.637000
4735.001000,1.439000,0.641000
4736.001000,1.439000,0.641000
4737.001000,1.440000,0.636000
4738.001000,1.439000,0.637000
4739.001000,1.439000,0.638000
4740.001000,1.440000,0.643000
4741.001000,1.440000,0.640000
4742.001000,1.440000,0.636000
4743.001000,1.440000,0.641000
4744.001000,1.440000,0.645000
4745.001000,1.440000,0.643000
4746.001000,1.441000,0.644000
4747.001000,1.441000,0.642000
4748.001000,1.441000,0.639000
4749.001000,1.441000,0.643000
4750.001000,1.441000,0.643000
4751.001000,1.442000,0.645000
4752.001000,1.442000,0.642000
4753.001000,1.442000,0.647000
4754.001000,1.442000,0.644000
4755.001000,1.442000,0.639000
4756.001000,1.442000,0.643000
4757.001000,1.442000,0.643000
4758.001000,1.442000,0.643000
4759.001000,1.443000,0.643000
4760.001000,1.443000,0.642000
4761.001000,1.443000,0.643000
4762.001000,1.443000,0.641000
4763.001000,1.443000,0.642000
4764.001000,1.443000,0.646000
4765.001000,1.443000,0.643000
4766.001000,1.443000,0.640000
4767.001000,1.443000,0.639000
4768.001000,1.443000,0.647000
4769.001000,1.443000,0.641000
4770.001000,1.443000,0.646000
4771.001000,1.443000,0.643000
4772.001000,1.442000,0.643000
4773.001000,1.442000,0.643000
4774.001000,1.442000,0.643000
4775.001000,1.442000,0.644000
4776.001000,1.442000,0.640000
4777.001000,1.442000,0.644000
4778.001000,1.442000,0.649000
4779.001000,1.441000,0.645000
4780.001000,1.441000,0.643000
4781.001000,1.441000,0.647000
4782.001000,1.441000,0.646000
4783.001000,1.441000,0.644000
4784.001000,1.442000,0.640000
4785.001000,1.442000,0.641000
4786.001000,1.443000,0.640000
4787.001000,1.443000,0.639000
4788.001000,1.443000,0.641000
4789.001000,1.444000,0.641000
4790.001000,1.444000,0.644000
4791.001000,1.444000,0.642000
4792.001000,1.445000,0.641000
4793.001000,1.446000,0.640000
4794.001000,1.446000,0.640000
4795.001000,1.447000,0.641000
4796.001000,1.447000,0.647000
4797.001000,1.447000,0.646000
4798.001000,1.448000,0.642000
4799.001000,1.448000,0.641000
4800.001000,1.448000,0.642000
4801.001000,1.449000,0.647000
4802.001000,1.449000,0.645000
4803.001000,1.449000,0.646000
4804.001000,1.449000,0.645000
4805.001000,1.449000,0.646000
4806.001000,1.450000,0.642000
4807.001000,1.450000,0.638000
4808.001000,1.450000,0.636000
4809.001000,1.450000,0.645000
4810.001000,1.450000,0.633000
4811.001000,1.450000,0.630000
4812.001000,1.451000,0.632000
4813.001000,1.451000,0.632000
4814.001000,1.451000,0.636000
4815.001000,1.452000,0.627000
4816.001000,1.452000,0.632000
4817.001000,1.452000,0.634000
4818.001000,1.452000,0.633000
4819.001000,1.453000,0.637000
4820.001000,1.453000,0.642000
4821.001000,1.454000,0.635000
4822.001000,1.454000,0.642000
4823.001000,1.454000,0.630000
4824.001000,1.455000,0.628000
4825.001000,1.455000,0.630000
4826.001000,1.456000,0.628000
4827.001000,1.456000,0.627000
4828.001000,1.456000,0.626000
4829.001000,1.456000,0.631000
4830.001000,1.457000,0.626000
4831.001000,1.457000,0.627000
4832.001000,1.457000,0.625000
4833.001000,1.458000,0.628000
4834.001000,1.459000,0.628000
4835.001000,1.459000,0.625000
4836.001000,1.459000,0.626000
4837.001000,1.460000,0.624000
4838.001000,1.460000,0.624000
4839.001000,1.460000,0.627000
4840.001000,1.461000,0.633000
4841.001000,1.461000,0.634000
4842.001000,1.461000,0.630000
4843.001000,1.462000,0.631000
4844.001000,1.462000,0.627000
4845.001000,1.462000,0.627000
4846.001000,1.462000,0.627000
4847.001000,1.462000,0.624000
4848.001000,1.463000,0.627000
4849.001000,1.463000,0.624000
4850.001000,1.463000,0.628000
4851.001000,1.463000,0.629000
4852.001000,1.463000,0.625000
4853.001000,1.463000,0.626000
4854.001000,1.464000,0.625000
4855.001000,1.464000,0.629000
4856.001000,1.464000,0.628000
4857.001000,1.464000,0.628000
4858.001000,1.464000,0.628000
4859.001000,1.464000,0.628000
4860.001000,1.465000,0.630000
4861.001000,1.465000,0.623000
4862.001000,1.465000,0.628000
4863.001000,1.465000,0.625000
4864.001000,1.465000,0.629000
4865.001000,1.465000,0.627000
4866.001000,1.465000,0.626000
4867.001000,1.465000,0.627000
4868.001000,1.465000,0.627000
4869.001000,1.465000,0.630000
4870.001000,1.465000,0.626000
4871.001000,1.466000,0.628000
4872.001000,1.466000,0.630000
4873.001000,1.466000,0.630000
4874.001000,1.466000,0.630000
4875.001000,1.466000,0.631000
4876.001000,1.467000,0.632000
4877.001000,1.466000,0.629000
4878.001000,1.467000,0.631000
4879.001000,1.466000,0.636000
4880.001000,1.467000,0.634000
4881.001000,1.467000,0.631000
4882.001000,1.467000,0.632000
4883.001000,1.467000,0.633000
4884.001000,1.468000,0.631000
4885.001000,1.468000,0.632000
4886.001000,1.468000,0.637000
4887.001000,1.468000,0.635000
4888.001000,1.469000,0.633000
4889.001000,1.469000,0.632000
4890.001000,1.469000,0.632000
4891.001000,1.469000,0.635000
4892.001000,1.469000,0.629000
4893.001000,1.468000,0.630000
4894.001000,1.469000,0.633000
4895.001000,1.469000,0.632000
4896.001000,1.469000,0.629000
4897.001000,1.470000,0.634000
4898.001000,1.470000,0.632000
4899.001000,1.470000,0.633000
4900.001000,1.470000,0.635000
4901.001000,1.470000,0.634000
4902.001000,1.471000,0.630000
4903.001000,1.471000,0.631000
4904.001000,1.471000,0.633000
4905.001000,1.471000,0.637000
4906.001000,1.472000,0.635000
4907.001000,1.472000,0.634000
4908.001000,1.472000,0.636000
4909.001000,1.472000,0.635000
4910.001000,1.473000,0.634000
4911.001000,1.473000,0.634000
4912.001000,1.473000,0.633000
4913.001000,1.473000,0.631000
4914.001000,1.473000,0.633000
4915.001000,1.473000,0.634000
4916.001000,1.473000,0.637000
4917.001000,1.473000,0.634000
4918.001000,1.473000,0.634000
4919.001000,1.474000,0.634000
4920.001000,1.474000,0.634000
4921.001000,1.474000,0.637000
4922.001000,1.474000,0.638000
4923.001000,1.474000,0.638000
4924.001000,1.474000,0.638000
4925.001000,1.475000,0.641000
4926.001000,1.475000,0.637000
4927.001000,1.475000,0.633000
4928.001000,1.476000,0.635000
4929.001000,1.476000,0.637000
4930.001000,1.477000,0.638000
4931.001000,1.477000,0.633000
4932.001000,1.477000,0.639000
4933.001000,1.478000,0.637000
4934.001000,1.478000,0.639000
4935.001000,1.478000,0.640000
4936.001000,1.479000,0.641000
4937.001000,1.479000,0.641000
4938.001000,1.480000,0.642000
4939.001000,1.480000,0.642000
4940.001000,1.480000,0.641000
4941.001000,1.481000,0.633000
4942.001000,1.481000,0.640000
4943.001000,1.481000,0.651000
4944.001000,1.481000,0.659000
4945.001000,1.482000,0.656000
4946.001000,1.482000,0.656000
4947.001000,1.482000,0.657000
4948.001000,1.482000,0.660000
4949.001000,1.482000,0.658000
4950.001000,1.483000,0.662000
4951.001000,1.483000,0.664000
4952.001000,1.484000,0.661000
4953.001000,1.484000,0.657000
4954.001000,1.484000,0.658000
4955.001000,1.484000,0.660000
4956.001000,1.485000,0.657000
4957.001000,1.485000,0.661000
4958.001000,1.485000,0.658000
4959.001000,1.486000,0.659000
4960.001000,1.486000,0.660000
4961.001000,1.486000,0.654000
4962.001000,1.486000,0.660000
4963.001000,1.486000,0.661000
4964.001000,1.486000,0.661000
4965.001000,1.486000,0.660000
4966.001000,1.487000,0.660000
4967.001000,1.487000,0.660000
4968.001000,1.487000,0.663000
4969.001000,1.488000,0.663000
4970.001000,1.488000,0.661000
4971.001000,1.488000,0.662000
4972.001000,1.488000,0.662000
4973.001000,1.488000,0.660000
4974.001000,1.489000,0.653000
4975.001000,1.489000,0.649000
4976.001000,1.489000,0.647000
4977.001000,1.489000,0.639000
4978.001000,1.490000,0.646000
4979.001000,1.490000,0.648000
4980.001000,1.490000,0.652000
4981.001000,1.490000,0.651000
4982.001000,1.491000,0.651000
4983.001000,1.491000,0.646000
4984.001000,1.491000,0.650000
4985.001000,1.492000,0.644000
4986.001000,1.492000,0.644000
4987.001000,1.492000,0.646000
4988.001000,1.492000,0.646000
4989.001000,1.492000,0.651000
4990.001000,1.492000,0.652000
4991.001000,1.492000,0.661000
4992.001000,1.492000,0.659000
4993.001000,1.492000,0.654000
4994.001000,1.492000,0.650000
4995.001000,1.493000,0.663000
4996.001000,1.493000,0.666000
4997.001000,1.493000,0.661000
4998.001000,1.493000,0.656000
4999.001000,1.494000,0.665000
5000.001000,1.494000,0.662000
5001.001000,1.494000,0.658000
5002.001000,1.494000,0.649000
5003.001000,1.494000,0.661000
5004.001000,1.494000,0.660000
5005.001000,1.493000,0.662000
5006.001000,1.493000,0.664000
5007.001000,1.494000,0.665000
5008.001000,1.494000,0.666000
5009.001000,1.494000,0.670000
5010.001000,1.495000,0.663000
5011.001000,1.495000,0.665000
5012.001000,1.495000,0.668000
5013.001000,1.496000,0.665000
5014.001000,1.496000,0.664000
5015.001000,1.496000,0.668000
5016.001000,1.497000,0.664000
5017.001000,1.497000,0.665000
5018.001000,1.497000,0.666000
5019.001000,1.497000,0.662000
5020.001000,1.497000,0.662000
5021.001000,1.497000,0.665000
5022.001000,1.497000,0.661000
5023.001000,1.497000,0.660000
5024.001000,1.498000,0.663000
5025.001000,1.498000,0.663000
5026.001000,1.499000,0.666000
5027.001000,1.499000,0.667000
5028.001000,1.499000,0.669000
5029.001000,1.499000,0.669000
5030.001000,1.500000,0.669000
5031.001000,1.500000,0.667000
5032.001000,1.500000,0.668000
5033.001000,1.500000,0.668000
5034.001000,1.500000,0.669000
5035.001000,1.500000,0.665000
5036.001000,1.501000,0.670000
5037.001000,1.501000,0.667000
5038.001000,1.501000,0.669000
5039.001000,1.501000,0.669000
5040.001000,1.501000,0.671000
5041.001000,1.502000,0.667000
5042.001000,1.502000,0.672000
5043.001000,1.502000,0.673000
5044.001000,1.503000,0.668000
5045.001000,1.503000,0.670000
5046.001000,1.503000,0.667000
5047.001000,1.503000,0.672000
5048.001000,1.504000,0.668000
5049.001000,1.504000,0.669000
5050.001000,1.504000,0.669000
5051.001000,1.504000,0.668000
5052.001000,1.504000,0.669000
5053.001000,1.504000,0.666000
5054.001000,1.505000,0.667000
5055.001000,1.505000,0.668000
5056.001000,1.506000,0.673000
5057.001000,1.506000,0.671000
5058.001000,1.506000,0.671000
5059.001000,1.506000,0.669000
5060.001000,1.506000,0.670000
5061.001000,1.506000,0.672000
5062.001000,1.507000,0.669000
5063.001000,1.507000,0.669000
5064.001000,1.507000,0.673000
5065.001000,1.508000,0.669000
5066.001000,1.508000,0.668000
5067.001000,1.508000,0.666000
5068.001000,1.509000,0.668000
5069.001000,1.509000,0.670000
5070.001000,1.509000,0.668000
5071.001000,1.509000,0.665000
5072.001000,1.510000,0.668000
5073.001000,1.510000,0.670000
5074.001000,1.510000,0.667000
5075.001000,1.510000,0.648000
5076.001000,1.510000,0.647000
5077.001000,1.510000,0.651000
5078.001000,1.511000,0.651000
5079.001000,1.511000,0.656000
5080.001000,1.511000,0.650000
5081.001000,1.511000,0.653000
5082.001000,1.511000,0.651000
5083.001000,1.512000,0.648000
5084.001000,1.512000,0.650000
5085.001000,1.512000,0.655000
5086.001000,1.512000,0.652000
5087.001000,1.512000,0.651000
5088.001000,1.513000,0.654000
5089.001000,1.513000,0.652000
5090.001000,1.513000,0.649000
5091.001000,1.513000,0.651000
5092.001000,1.513000,0.652000
5093.001000,1.513000,0.653000
5094.001000,1.513000,0.653000
5095.001000,1.514000,0.652000
5096.001000,1.514000,0.668000
5097.001000,1.514000,0.668000
5098.001000,1.514000,0.669000
5099.001000,1.514000,0.664000
5100.001000,1.514000,0.665000
5101.001000,1.514000,0.656000
5102.001000,1.515000,0.667000
5103.001000,1.515000,0.664000
5104.001000,1.514000,0.664000
5105.001000,1.515000,0.671000
5106.001000,1.515000,0.671000
5107.001000,1.515000,0.672000
5108.001000,1.515000,0.672000
5109.001000,1.515000,0.672000
5110.001000,1.515000,0.671000
5111.001000,1.516000,0.668000
5112.001000,1.516000,0.667000
5113.001000,1.516000,0.669000
5114.001000,1.516000,0.667000
5115.001000,1.516000,0.669000
5116.001000,1.516000,0.669000
5117.001000,1.516000,0.670000
5118.001000,1.516000,0.668000
5119.001000,1.516000,0.669000
5120.001000,1.517000,0.672000
5121.001000,1.517000,0.673000
5122.001000,1.517000,0.669000
5123.001000,1.517000,0.668000
5124.001000,1.517000,0.670000
5125.001000,1.517000,0.673000
5126.001000,1.518000,0.674000
5127.001000,1.518000,0.670000
5128.001000,1.518000,0.673000
5129.001000,1.518000,0.670000
5130.001000,1.518000,0.669000
5131.001000,1.518000,0.670000
5132.001000,1.519000,0.668000
5133.001000,1.519000,0.674000
5134.001000,1.519000,0.668000
5135.001000,1.519000,0.674000
5136.001000,1.520000,0.668000
5137.001000,1.520000,0.670000
5138.001000,1.520000,0.667000
5139.001000,1.520000,0.655000
5140.001000,1.520000,0.654000
5141.001000,1.520000,0.652000
5142.001000,1.520000,0.652000
5143.001000,1.520000,0.651000
5144.001000,1.520000,0.653000
5145.001000,1.520000,0.650000
5146.001000,1.520000,0.652000
5147.001000,1.521000,0.655000
5148.001000,1.521000,0.654000
5149.001000,1.521000,0.650000
5150.001000,1.521000,0.649000
5151.001000,1.521000,0.650000
5152.001000,1.522000,0.650000
5153.001000,1.522000,0.650000
5154.001000,1.522000,0.649000
5155.001000,1.522000,0.653000
5156.001000,1.522000,0.653000
5157.001000,1.523000,0.650000
5158.001000,1.523000,0.652000
5159.001000,1.523000,0.648000
5160.001000,1.524000,0.649000
5161.001000,1.524000,0.648000
5162.001000,1.524000,0.649000
5163.001000,1.524000,0.647000
5164.001000,1.525000,0.650000
5165.001000,1.525000,0.650000
5166.001000,1.525000,0.649000
5167.001000,1.525000,0.646000
5168.001000,1.525000,0.647000
5169.001000,1.526000,0.645000
5170.001000,1.526000,0.649000
5171.001000,1.526000,0.651000
5172.001000,1.526000,0.648000
5173.001000,1.526000,0.650000
5174.001000,1.526000,0.649000
5175.001000,1.526000,0.647000
5176.001000,1.526000,0.646000
5177.001000,1.526000,0.645000
5178.001000,1.526000,0.647000
5179.001000,1.526000,0.647000
5180.001000,1.526000,0.648000
5181.001000,1.526000,0.649000
5182.001000,1.526000,0.645000
5183.001000,1.526000,0.649000
5184.001000,1.526000,0.647000
5185.001000,1.526000,0.651000
5186.001000,1.527000,0.649000
5187.001000,1.526000,0.651000
5188.001000,1.527000,0.650000
5189.001000,1.527000,0.650000
5190.001000,1.527000,0.649000
5191.001000,1.527000,0.653000
5192.001000,1.527000,0.649000
5193.001000,1.528000,0.652000
5194.001000,1.528000,0.648000
5195.001000,1.528000,0.651000
5196.001000,1.528000,0.652000
5197.001000,1.528000,0.652000
5198.001000,1.529000,0.650000
5199.001000,1.529000,0.653000
5200.001000,1.529000,0.651000
5201.001000,1.529000,0.650000
5202.001000,1.529000,0.650000
5203.001000,1.529000,0.650000
5204.001000,1.529000,0.647000
5205.001000,1.529000,0.647000
5206.001000,1.529000,0.652000
5207.001000,1.530000,0.648000
5208.001000,1.530000,0.648000
5209.001000,1.530000,0.648000
5210.001000,1.530000,0.649000
5211.001000,1.529000,0.647000
5212.001000,1.529000,0.648000
5213.001000,1.529000,0.646000
5214.001000,1.529000,0.648000
5215.001000,1.529000,0.647000
5216.001000,1.530000,0.644000
5217.001000,1.530000,0.651000
5218.001000,1.530000,0.648000
5219.001000,1.530000,0.649000
5220.001000,1.530000,0.646000
5221.001000,1.530000,0.647000
5222.001000,1.530000,0.648000
5223.001000,1.531000,0.647000
5224.001000,1.531000,0.647000
5225.001000,1.531000,0.653000
5226.001000,1.531000,0.647000
5227.001000,1.531000,0.647000
5228.001000,1.531000,0.647000
5229.001000,1.531000,0.645000
5230.001000,1.531000,0.647000
5231.001000,1.532000,0.646000
5232.001000,1.532000,0.645000
5233.001000,1.532000,0.647000
5234.001000,1.532000,0.645000
5235.001000,1.532000,0.644000
5236.001000,1.532000,0.647000
5237.001000,1.531000,0.648000
5238.001000,1.531000,0.648000
5239.001000,1.531000,0.649000
5240.001000,1.531000,0.649000
5241.001000,1.531000,0.650000
5242.001000,1.532000,0.651000
5243.001000,1.532000,0.651000
5244.001000,1.532000,0.649000
5245.001000,1.532000,0.648000
5246.001000,1.532000,0.645000
5247.001000,1.532000,0.650000
5248.001000,1.532000,0.640000
5249.001000,1.532000,0.648000
5250.001000,1.533000,0.648000
5251.001000,1.533000,0.648000
5252.001000,1.533000,0.653000
5253.001000,1.533000,0.649000
5254.001000,1.533000,0.649000
5255.001000,1.533000,0.651000
5256.001000,1.533000,0.651000
5257.001000,1.533000,0.647000
5258.001000,1.533000,0.650000
5259.001000,1.533000,0.650000
5260.001000,1.534000,0.653000
5261.001000,1.534000,0.645000
5262.001000,1.533000,0.647000
5263.001000,1.533000,0.647000
5264.001000,1.533000,0.648000
5265.001000,1.533000,0.648000
5266.001000,1.533000,0.651000
5267.001000,1.533000,0.644000
5268.001000,1.534000,0.649000
5269.001000,1.534000,0.665000
5270.001000,1.534000,0.651000
5271.001000,1.534000,0.652000
5272.001000,1.534000,0.654000
5273.001000,1.534000,0.653000
5274.001000,1.534000,0.656000
5275.001000,1.534000,0.649000
5276.001000,1.534000,0.652000
5277.001000,1.534000,0.659000
5278.001000,1.534000,0.653000
5279.001000,1.534000,0.652000
5280.001000,1.534000,0.652000
5281.001000,1.535000,0.654000
5282.001000,1.535000,0.654000
5283.001000,1.535000,0.655000
5284.001000,1.535000,0.652000
5285.001000,1.535000,0.660000
5286.001000,1.536000,0.649000
5287.001000,1.536000,0.650000
5288.001000,1.536000,0.656000
5289.001000,1.536000,0.651000
5290.001000,1.536000,0.655000
5291.001000,1.536000,0.651000
5292.001000,1.536000,0.652000
5293.001000,1.537000,0.661000
5294.001000,1.537000,0.662000
5295.001000,1.537000,0.666000
5296.001000,1.537000,0.666000
5297.001000,1.537000,0.669000
5298.001000,1.537000,0.664000
5299.001000,1.537000,0.665000
5300.001000,1.538000,0.655000
5301.001000,1.538000,0.653000
5302.001000,1.538000,0.653000
5303.001000,1.539000,0.653000
5304.001000,1.539000,0.661000
5305.001000,1.540000,0.671000
5306.001000,1.540000,0.668000
5307.001000,1.541000,0.665000
5308.001000,1.541000,0.667000
5309.001000,1.541000,0.661000
5310.001000,1.542000,0.658000
5311.001000,1.542000,0.660000
5312.001000,1.542000,0.648000
5313.001000,1.542000,0.654000
5314.001000,1.542000,0.655000
5315.001000,1.542000,0.659000
5316.001000,1.542000,0.664000
5317.001000,1.542000,0.661000
5318.001000,1.542000,0.665000
5319.001000,1.543000,0.667000
5320.001000,1.543000,0.669000
5321.001000,1.543000,0.671000
5322.001000,1.543000,0.673000
5323.001000,1.543000,0.670000
5324.001000,1.543000,0.666000
5325.001000,1.543000,0.673000
5326.001000,1.543000,0.672000
5327.001000,1.543000,0.674000
5328.001000,1.543000,0.675000
5329.001000,1.543000,0.674000
5330.001000,1.544000,0.671000
5331.001000,1.544000,0.666000
5332.001000,1.544000,0.657000
5333.001000,1.544000,0.664000
5334.001000,1.544000,0.668000
5335.001000,1.545000,0.666000
5336.001000,1.545000,0.672000
5337.001000,1.545000,0.667000
5338.001000,1.545000,0.671000
5339.001000,1.545000,0.671000
5340.001000,1.545000,0.674000
5341.001000,1.545000,0.674000
5342.001000,1.545000,0.676000
5343.001000,1.545000,0.676000
5344.001000,1.545000,0.676000
5345.001000,1.545000,0.676000
5346.001000,1.546000,0.670000
5347.001000,1.546000,0.680000
5348.001000,1.546000,0.673000
5349.001000,1.546000,0.673000
5350.001000,1.546000,0.673000
5351.001000,1.546000,0.667000
5352.001000,1.546000,0.671000
5353.001000,1.546000,0.662000
5354.001000,1.547000,0.661000
5355.001000,1.547000,0.666000
5356.001000,1.547000,0.661000
5357.001000,1.547000,0.662000
5358.001000,1.547000,0.659000
5359.001000,1.547000,0.667000
5360.001000,1.547000,0.663000
5361.001000,1.548000,0.661000
5362.001000,1.548000,0.660000
5363.001000,1.548000,0.660000
5364.001000,1.548000,0.662000
5365.001000,1.549000,0.662000
5366.001000,1.549000,0.670000
5367.001000,1.549000,0.674000
5368.001000,1.549000,0.673000
5369.001000,1.549000,0.671000
5370.001000,1.550000,0.676000
5371.001000,1.550000,0.677000
5372.001000,1.550000,0.676000
5373.001000,1.550000,0.678000
5374.001000,1.550000,0.679000
5375.001000,1.550000,0.679000
5376.001000,1.551000,0.677000
5377.001000,1.551000,0.678000
5378.001000,1.552000,0.675000
5379.001000,1.552000,0.678000
5380.001000,1.552000,0.681000
5381.001000,1.553000,0.680000
5382.001000,1.553000,0.675000
5383.001000,1.553000,0.677000
5384.001000,1.554000,0.681000
5385.001000,1.554000,0.684000
5386.001000,1.555000,0.680000
5387.001000,1.554000,0.678000
5388.001000,1.555000,0.678000
5389.001000,1.555000,0.680000
5390.001000,1.555000,0.675000
5391.001000,1.555000,0.682000
5392.001000,1.555000,0.676000
5393.001000,1.555000,0.680000
5394.001000,1.555000,0.679000
5395.001000,1.555000,0.680000
5396.001000,1.556000,0.679000
5397.001000,1.556000,0.682000
5398.001000,1.556000,0.688000
5399.001000,1.557000,0.683000
5400.001000,1.557000,0.681000
5401.001000,1.557000,0.680000
5402.001000,1.557000,0.682000
5403.001000,1.558000,0.681000
5404.001000,1.558000,0.677000
5405.001000,1.558000,0.679000
5406.001000,1.558000,0.684000
5407.001000,1.558000,0.683000
5408.001000,1.558000,0.684000
5409.001000,1.558000,0.686000
5410.001000,1.558000,0.685000
5411.001000,1.558000,0.682000
5412.001000,1.558000,0.681000
5413.001000,1.559000,0.684000
5414.001000,1.559000,0.684000
5415.001000,1.559000,0.684000
5416.001000,1.559000,0.684000
5417.001000,1.559000,0.685000
5418.001000,1.559000,0.685000
5419.001000,1.559000,0.684000
5420.001000,1.560000,0.688000
5421.001000,1.560000,0.683000
5422.001000,1.560000,0.682000
5423.001000,1.560000,0.686000
5424.001000,1.560000,0.683000
5425.001000,1.560000,0.683000
5426.001000,1.561000,0.680000
5427.001000,1.561000,0.685000
5428.001000,1.561000,0.683000
5429.001000,1.561000,0.676000
5430.001000,1.561000,0.680000
5431.001000,1.561000,0.677000
5432.001000,1.561000,0.679000
5433.001000,1.561000,0.675000
5434.001000,1.561000,0.672000
5435.001000,1.561000,0.678000
5436.001000,1.561000,0.681000
5437.001000,1.562000,0.681000
5438.001000,1.562000,0.678000
5439.001000,1.562000,0.677000
5440.001000,1.562000,0.678000
5441.001000,1.561000,0.677000
5442.001000,1.562000,0.680000
5443.001000,1.562000,0.677000
5444.001000,1.562000,0.683000
5445.001000,1.562000,0.680000
5446.001000,1.562000,0.683000
5447.001000,1.562000,0.679000
5448.001000,1.562000,0.682000
5449.001000,1.562000,0.680000
5450.001000,1.563000,0.683000
5451.001000,1.563000,0.683000
5452.001000,1.563000,0.681000
5453.001000,1.563000,0.683000
5454.001000,1.563000,0.685000
5455.001000,1.563000,0.686000
5456.001000,1.564000,0.682000
5457.001000,1.564000,0.681000
5458.001000,1.564000,0.687000
5459.001000,1.564000,0.682000
5460.001000,1.565000,0.680000
5461.001000,1.565000,0.680000
5462.001000,1.565000,0.681000
5463.001000,1.565000,0.682000
5464.001000,1.565000,0.681000
5465.001000,1.565000,0.681000
5466.001000,1.566000,0.682000
5467.001000,1.566000,0.678000
5468.001000,1.566000,0.680000
5469.001000,1.566000,0.680000
5470.001000,1.566000,0.677000
5471.001000,1.567000,0.678000
5472.001000,1.567000,0.680000
5473.001000,1.567000,0.676000
5474.001000,1.567000,0.684000
5475.001000,1.567000,0.680000
5476.001000,1.567000,0.680000
5477.001000,1.567000,0.683000
5478.001000,1.568000,0.682000
5479.001000,1.568000,0.680000
5480.001000,1.568000,0.681000
5481.001000,1.568000,0.682000
5482.001000,1.568000,0.678000
5483.001000,1.569000,0.676000
5484.001000,1.569000,0.684000
5485.001000,1.569000,0.685000
5486.001000,1.569000,0.682000
5487.001000,1.569000,0.681000
5488.001000,1.569000,0.682000
5489.001000,1.570000,0.683000
5490.001000,1.570000,0.679000
5491.001000,1.570000,0.679000
5492.001000,1.570000,0.680000
5493.001000,1.570000,0.678000
5494.001000,1.571000,0.681000
5495.001000,1.571000,0.682000
5496.001000,1.570000,0.684000
5497.001000,1.570000,0.682000
5498.001000,1.571000,0.678000
5499.001000,1.571000,0.682000
5500.001000,1.571000,0.683000
5501.001000,1.571000,0.683000
5502.001000,1.571000,0.682000
5503.001000,1.572000,0.680000
5504.001000,1.572000,0.681000
5505.001000,1.572000,0.681000
5506.001000,1.572000,0.675000
5507.001000,1.572000,0.678000
5508.001000,1.573000,0.682000
5509.001000,1.573000,0.680000
5510.001000,1.573000,0.681000
5511.001000,1.574000,0.680000
5512.001000,1.574000,0.683000
5513.001000,1.574000,0.679000
5514.001000,1.574000,0.681000
5515.001000,1.574000,0.684000
5516.001000,1.575000,0.679000
5517.001000,1.575000,0.687000
5518.001000,1.575000,0.681000
5519.001000,1.575000,0.678000
5520.001000,1.575000,0.683000
5521.001000,1.575000,0.682000
5522.001000,1.575000,0.684000
5523.001000,1.575000,0.681000
5524.001000,1.576000,0.682000
5525.001000,1.576000,0.683000
5526.001000,1.576000,0.681000
5527.001000,1.576000,0.680000
5528.001000,1.576000,0.679000
5529.001000,1.576000,0.679000
5530.001000,1.576000,0.678000
5531.001000,1.576000,0.678000
5532.001000,1.576000,0.679000
5533.001000,1.576000,0.681000
5534.001000,1.577000,0.679000
5535.001000,1.576000,0.679000
5536.001000,1.576000,0.679000
5537.001000,1.577000,0.675000
5538.001000,1.577000,0.680000
5539.001000,1.577000,0.683000
5540.001000,1.577000,0.679000
5541.001000,1.577000,0.681000
5542.001000,1.577000,0.678000
5543.001000,1.577000,0.683000
5544.001000,1.576000,0.680000
5545.001000,1.576000,0.679000
5546.001000,1.576000,0.680000
5547.001000,1.577000,0.681000
5548.001000,1.577000,0.683000
5549.001000,1.577000,0.682000
5550.001000,1.577000,0.679000
5551.001000,1.576000,0.682000
5552.001000,1.575000,0.683000
5553.001000,1.575000,0.678000
5554.001000,1.575000,0.678000
5555.001000,1.575000,0.679000
5556.001000,1.575000,0.675000
5557.001000,1.575000,0.673000
5558.001000,1.576000,0.676000
5559.001000,1.576000,0.677000
5560.001000,1.576000,0.677000
5561.001000,1.576000,0.675000
5562.001000,1.576000,0.676000
5563.001000,1.576000,0.678000
5564.001000,1.576000,0.682000
5565.001000,1.575000,0.677000
5566.001000,1.573000,0.671000
5567.001000,1.573000,0.675000
5568.001000,1.572000,0.674000
5569.001000,1.572000,0.672000
5570.001000,1.572000,0.675000
5571.001000,1.572000,0.674000
5572.001000,1.572000,0.660000
5573.001000,1.572000,0.660000
5574.001000,1.572000,0.655000
5575.001000,1.571000,0.654000
5576.001000,1.571000,0.652000
5577.001000,1.571000,0.657000
5578.001000,1.571000,0.654000
5579.001000,1.571000,0.659000
5580.001000,1.571000,0.655000
5581.001000,1.571000,0.656000
5582.001000,1.570000,0.657000
5583.001000,1.570000,0.656000
5584.001000,1.571000,0.653000
5585.001000,1.571000,0.654000
5586.001000,1.571000,0.652000
5587.001000,1.571000,0.656000
5588.001000,1.570000,0.658000
5589.001000,1.571000,0.661000
5590.001000,1.570000,0.671000
5591.001000,1.571000,0.667000
5592.001000,1.570000,0.672000
5593.001000,1.570000,0.668000
5594.001000,1.570000,0.670000
5595.001000,1.570000,0.670000
5596.001000,1.570000,0.670000
5597.001000,1.570000,0.668000
5598.001000,1.570000,0.670000
5599.001000,1.570000,0.669000
5600.001000,1.569000,0.674000
5601.001000,1.569000,0.672000
5602.001000,1.569000,0.668000
5603.001000,1.569000,0.673000
5604.001000,1.569000,0.671000
5605.001000,1.569000,0.670000
5606.001000,1.570000,0.667000
5607.002000,1.570000,0.672000
5608.001000,1.570000,0.672000
5609.001000,1.571000,0.670000
5610.001000,1.571000,0.671000
5611.001000,1.571000,0.674000
5612.001000,1.571000,0.675000
5613.001000,1.572000,0.676000
5614.001000,1.571000,0.675000
5615.001000,1.572000,0.676000
5616.001000,1.572000,0.674000
5617.001000,1.572000,0.676000
5618.001000,1.572000,0.670000
5619.001000,1.572000,0.672000
5620.001000,1.572000,0.673000
5621.001000,1.572000,0.670000
5622.001000,1.572000,0.675000
5623.001000,1.572000,0.670000
5624.001000,1.573000,0.675000
5625.001000,1.573000,0.674000
5626.001000,1.573000,0.665000
5627.001000,1.573000,0.659000
5628.001000,1.573000,0.661000
5629.001000,1.573000,0.657000
5630.001000,1.573000,0.658000
5631.001000,1.573000,0.662000
5632.001000,1.573000,0.656000
5633.001000,1.573000,0.657000
5634.001000,1.573000,0.654000
5635.001000,1.573000,0.657000
5636.001000,1.573000,0.659000
5637.001000,1.573000,0.657000
5638.001000,1.572000,0.657000
5639.001000,1.572000,0.660000
5640.001000,1.572000,0.656000
5641.001000,1.570000,0.658000
5642.001000,1.570000,0.660000
5643.001000,1.570000,0.659000
5644.001000,1.571000,0.658000
5645.001000,1.572000,0.654000
5646.001000,1.572000,0.659000
5647.001000,1.573000,0.654000
5648.001000,1.573000,0.659000
5649.001000,1.573000,0.661000
5650.001000,1.573000,0.662000
5651.001000,1.573000,0.659000
5652.001000,1.573000,0.665000
5653.001000,1.573000,0.666000
5654.001000,1.573000,0.672000
5655.001000,1.573000,0.669000
5656.001000,1.573000,0.669000
5657.001000,1.574000,0.672000
5658.001000,1.574000,0.668000
5659.001000,1.574000,0.670000
5660.001000,1.574000,0.668000
5661.001000,1.574000,0.668000
5662.001000,1.573000,0.668000
5663.001000,1.573000,0.673000
5664.001000,1.573000,0.670000
5665.001000,1.573000,0.672000
5666.001000,1.573000,0.671000
5667.001000,1.573000,0.671000
5668.001000,1.573000,0.665000
5669.001000,1.573000,0.666000
5670.001000,1.573000,0.668000
5671.001000,1.573000,0.665000
5672.001000,1.572000,0.662000
5673.001000,1.572000,0.663000
5674.001000,1.572000,0.658000
5675.001000,1.572000,0.662000
5676.001000,1.572000,0.665000
5677.001000,1.572000,0.662000
5678.001000,1.572000,0.662000
5679.001000,1.572000,0.663000
5680.001000,1.573000,0.660000
5681.001000,1.573000,0.662000
5682.001000,1.573000,0.657000
5683.001000,1.573000,0.658000
5684.001000,1.573000,0.658000
5685.001000,1.573000,0.660000
5686.001000,1.574000,0.658000
5687.001000,1.573000,0.658000
5688.001000,1.573000,0.663000
5689.001000,1.572000,0.658000
5690.001000,1.571000,0.652000
5691.001000,1.569000,0.651000
5692.001000,1.569000,0.655000
5693.001000,1.569000,0.655000
5694.001000,1.569000,0.657000
5695.001000,1.569000,0.658000
5696.001000,1.569000,0.661000
5697.001000,1.569000,0.656000
5698.001000,1.569000,0.660000
5699.001000,1.570000,0.659000
5700.001000,1.570000,0.656000
5701.001000,1.570000,0.658000
5702.001000,1.570000,0.656000
5703.001000,1.569000,0.659000
5704.001000,1.569000,0.661000
5705.001000,1.569000,0.658000
5706.001000,1.569000,0.656000
5707.001000,1.570000,0.661000
5708.001000,1.570000,0.659000
5709.001000,1.570000,0.654000
5710.001000,1.570000,0.656000
5711.001000,1.571000,0.656000
5712.001000,1.571000,0.661000
5713.001000,1.571000,0.655000
5714.001000,1.571000,0.654000
5715.001000,1.571000,0.654000
5716.001000,1.571000,0.656000
5717.001000,1.571000,0.658000
5718.001000,1.571000,0.654000
5719.001000,1.571000,0.658000
5720.001000,1.571000,0.659000
5721.001000,1.571000,0.654000
5722.001000,1.571000,0.651000
5723.001000,1.571000,0.653000
5724.001000,1.571000,0.663000
5725.001000,1.571000,0.664000
5726.001000,1.571000,0.666000
5727.001000,1.570000,0.664000
5728.001000,1.570000,0.666000
5729.001000,1.570000,0.665000
5730.001000,1.570000,0.665000
5731.001000,1.570000,0.665000
5732.001000,1.570000,0.665000
5733.001000,1.569000,0.667000
5734.001000,1.569000,0.665000
5735.001000,1.569000,0.664000
5736.001000,1.570000,0.661000
5737.001000,1.570000,0.663000
5738.001000,1.570000,0.665000
5739.001000,1.570000,0.663000
5740.001000,1.570000,0.665000
5741.001000,1.570000,0.670000
5742.001000,1.570000,0.664000
5743.001000,1.570000,0.667000
5744.001000,1.570000,0.660000
5745.001000,1.570000,0.662000
5746.001000,1.570000,0.666000
5747.001000,1.569000,0.664000
5748.001000,1.569000,0.662000
5749.001000,1.569000,0.667000
5750.001000,1.569000,0.662000
5751.001000,1.569000,0.659000
5752.001000,1.569000,0.661000
5753.001000,1.569000,0.662000
5754.001000,1.569000,0.664000
5755.001000,1.568000,0.664000
5756.001000,1.568000,0.664000
5757.001000,1.568000,0.662000
5758.001000,1.569000,0.662000
5759.001000,1.569000,0.667000
5760.001000,1.569000,0.666000
5761.001000,1.569000,0.662000
5762.001000,1.569000,0.666000
5763.001000,1.569000,0.668000
5764.001000,1.569000,0.663000
5765.001000,1.569000,0.663000
5766.001000,1.569000,0.664000
5767.001000,1.570000,0.667000
5768.001000,1.570000,0.666000
5769.001000,1.570000,0.663000
5770.001000,1.570000,0.670000
5771.001000,1.570000,0.666000
5772.001000,1.571000,0.666000
5773.001000,1.571000,0.663000
5774.001000,1.571000,0.665000
5775.001000,1.571000,0.665000
5776.001000,1.571000,0.665000
5777.001000,1.571000,0.664000
5778.001000,1.571000,0.667000
5779.001000,1.572000,0.656000
5780.001000,1.572000,0.661000
5781.001000,1.572000,0.658000
5782.001000,1.572000,0.665000
5783.001000,1.572000,0.660000
5784.001000,1.572000,0.664000
5785.001000,1.573000,0.661000
5786.001000,1.573000,0.664000
5787.001000,1.573000,0.661000
5788.001000,1.574000,0.665000
5789.001000,1.574000,0.663000
5790.001000,1.574000,0.661000
5791.001000,1.574000,0.664000
5792.001000,1.575000,0.665000
5793.001000,1.575000,0.666000
5794.001000,1.575000,0.668000
5795.001000,1.575000,0.664000
5796.001000,1.575000,0.667000
5797.001000,1.575000,0.665000
5798.001000,1.575000,0.663000
5799.001000,1.576000,0.666000
5800.001000,1.576000,0.664000
5801.001000,1.576000,0.663000
5802.001000,1.576000,0.663000
5803.001000,1.577000,0.661000
5804.001000,1.577000,0.662000
5805.001000,1.577000,0.663000
5806.001000,1.577000,0.668000
5807.001000,1.580000,0.669000
5808.001000,1.580000,0.666000
5809.001000,1.581000,0.666000
5810.001000,1.581000,0.664000
5811.001000,1.582000,0.665000
5812.001000,1.582000,0.667000
5813.001000,1.582000,0.670000
5814.001000,1.583000,0.665000
5815.001000,1.582000,0.670000
5816.001000,1.582000,0.669000
5817.001000,1.582000,0.673000
5818.001000,1.583000,0.672000
5819.001000,1.582000,0.671000
5820.001000,1.582000,0.671000
5821.001000,1.583000,0.673000
5822.001000,1.585000,0.668000
5823.001000,1.586000,0.671000
5824.001000,1.586000,0.667000
5825.001000,1.587000,0.670000
5826.001000,1.587000,0.674000
5827.001000,1.587000,0.671000
5828.001000,1.587000,0.670000
5829.001000,1.588000,0.674000
5830.001000,1.588000,0.671000
5831.001000,1.588000,0.673000
5832.001000,1.589000,0.670000
5833.001000,1.589000,0.673000
5834.001000,1.590000,0.672000
5835.001000,1.590000,0.673000
5836.001000,1.590000,0.671000
5837.001000,1.591000,0.675000
5838.001000,1.592000,0.678000
5839.001000,1.592000,0.677000
5840.001000,1.592000,0.673000
5841.001000,1.593000,0.672000
5842.001000,1.593000,0.677000
5843.001000,1.594000,0.676000
5844.001000,1.594000,0.678000
5845.001000,1.594000,0.676000
5846.001000,1.595000,0.676000
5847.001000,1.595000,0.676000
5848.001000,1.595000,0.676000
5849.001000,1.595000,0.675000
5850.001000,1.594000,0.679000
5851.001000,1.594000,0.677000
5852.001000,1.594000,0.678000
5853.001000,1.594000,0.678000
5854.001000,1.593000,0.668000
5855.001000,1.593000,0.664000
5856.001000,1.594000,0.661000
5857.001000,1.594000,0.659000
5858.001000,1.595000,0.659000
5859.001000,1.595000,0.661000
5860.001000,1.595000,0.662000
5861.001000,1.595000,0.657000
5862.001000,1.596000,0.662000
5863.001000,1.596000,0.664000
5864.001000,1.596000,0.658000
5865.001000,1.597000,0.656000
5866.001000,1.597000,0.662000
5867.001000,1.598000,0.663000
5868.001000,1.598000,0.661000
5869.001000,1.598000,0.660000
5870.001000,1.598000,0.658000
5871.001000,1.598000,0.658000
5872.001000,1.598000,0.659000
5873.001000,1.598000,0.667000
5874.001000,1.599000,0.663000
5875.001000,1.599000,0.660000
5876.001000,1.599000,0.661000
5877.001000,1.599000,0.658000
5878.001000,1.599000,0.660000
5879.001000,1.600000,0.662000
5880.001000,1.600000,0.664000
5881.001000,1.600000,0.664000
5882.001000,1.600000,0.662000
5883.001000,1.600000,0.665000
5884.001000,1.600000,0.662000
5885.001000,1.601000,0.662000
5886.001000,1.601000,0.665000
5887.001000,1.601000,0.672000
5888.001000,1.600000,0.668000
5889.001000,1.599000,0.676000
5890.001000,1.599000,0.678000
5891.001000,1.599000,0.679000
5892.001000,1.599000,0.677000
5893.001000,1.600000,0.677000
5894.001000,1.601000,0.680000
5895.001000,1.601000,0.681000
5896.001000,1.602000,0.680000
5897.001000,1.602000,0.679000
5898.001000,1.603000,0.680000
5899.001000,1.603000,0.680000
5900.001000,1.603000,0.681000
5901.001000,1.603000,0.681000
5902.001000,1.603000,0.682000
5903.001000,1.604000,0.680000
5904.001000,1.604000,0.680000
5905.001000,1.604000,0.683000
5906.001000,1.604000,0.683000
5907.001000,1.605000,0.682000
5908.001000,1.605000,0.679000
5909.001000,1.605000,0.684000
5910.001000,1.605000,0.681000
5911.001000,1.606000,0.682000
5912.001000,1.606000,0.680000
5913.001000,1.606000,0.681000
5914.001000,1.606000,0.680000
5915.001000,1.606000,0.686000
5916.001000,1.607000,0.687000
5917.001000,1.607000,0.687000
5918.001000,1.607000,0.683000
5919.001000,1.608000,0.686000
5920.001000,1.608000,0.683000
5921.001000,1.608000,0.684000
5922.001000,1.609000,0.683000
5923.001000,1.609000,0.685000
5924.001000,1.609000,0.688000
5925.001000,1.609000,0.689000
5926.001000,1.610000,0.687000
5927.001000,1.610000,0.687000
5928.001000,1.610000,0.687000
5929.001000,1.611000,0.687000
5930.001000,1.611000,0.682000
5931.001000,1.611000,0.686000
5932.001000,1.611000,0.683000
5933.001000,1.612000,0.689000
5934.001000,1.612000,0.686000
5935.001000,1.612000,0.688000
5936.001000,1.612000,0.688000
5937.001000,1.612000,0.687000
5938.001000,1.613000,0.690000
5939.001000,1.613000,0.687000
5940.001000,1.613000,0.687000
5941.001000,1.614000,0.689000
5942.001000,1.614000,0.692000
5943.001000,1.615000,0.684000
5944.001000,1.615000,0.688000
5945.001000,1.615000,0.688000
5946.001000,1.616000,0.684000
5947.001000,1.616000,0.690000
5948.001000,1.616000,0.686000
5949.001000,1.616000,0.692000
5950.001000,1.617000,0.676000
5951.001000,1.617000,0.669000
5952.001000,1.617000,0.669000
5953.001000,1.617000,0.668000
5954.001000,1.618000,0.669000
5955.001000,1.618000,0.667000
5956.001000,1.618000,0.672000
5957.001000,1.618000,0.667000
5958.001000,1.618000,0.669000
5959.001000,1.618000,0.669000
5960.001000,1.619000,0.668000
5961.001000,1.619000,0.667000
5962.001000,1.619000,0.672000
5963.001000,1.619000,0.667000
5964.001000,1.620000,0.674000
5965.001000,1.620000,0.672000
5966.001000,1.620000,0.673000
5967.001000,1.620000,0.672000
5968.001000,1.620000,0.671000
5969.001000,1.620000,0.670000
5970.001000,1.621000,0.679000
5971.001000,1.621000,0.676000
5972.001000,1.621000,0.672000
5973.001000,1.621000,0.672000
5974.001000,1.622000,0.674000
5975.001000,1.622000,0.691000
5976.001000,1.622000,0.677000
5977.001000,1.622000,0.690000
5978.001000,1.622000,0.691000
5979.001000,1.622000,0.688000
5980.001000,1.622000,0.692000
5981.001000,1.622000,0.692000
5982.001000,1.622000,0.691000
5983.001000,1.622000,0.692000
5984.001000,1.622000,0.693000
5985.001000,1.622000,0.692000
5986.001000,1.622000,0.692000
5987.001000,1.623000,0.695000
5988.001000,1.623000,0.696000
5989.001000,1.623000,0.696000
5990.001000,1.623000,0.696000
5991.001000,1.623000,0.696000
5992.001000,1.623000,0.696000
5993.001000,1.624000,0.696000
5994.001000,1.624000,0.695000
5995.001000,1.623000,0.696000
5996.001000,1.624000,0.697000
5997.001000,1.624000,0.692000
5998.001000,1.624000,0.695000
5999.001000,1.624000,0.695000
6000.001000,1.624000,0.701000
6001.001000,1.625000,0.698000
6002.001000,1.625000,0.701000
6003.001000,1.625000,0.702000
6004.001000,1.625000,0.704000
6005.001000,1.625000,0.707000
6006.001000,1.625000,0.703000
6007.001000,1.626000,0.702000
6008.001000,1.625000,0.704000
6009.001000,1.625000,0.700000
6010.001000,1.627000,0.705000
6011.001000,1.628000,0.705000
6012.001000,1.629000,0.695000
6013.001000,1.629000,0.701000
6014.001000,1.629000,0.702000
6015.001000,1.629000,0.705000
6016.001000,1.629000,0.704000
6017.001000,1.629000,0.700000
6018.001000,1.630000,0.697000
6019.001000,1.631000,0.699000
6020.001000,1.632000,0.701000
6021.001000,1.633000,0.698000
6022.001000,1.633000,0.696000
6023.001000,1.634000,0.699000
6024.001000,1.634000,0.698000
6025.001000,1.635000,0.696000
6026.001000,1.635000,0.697000
6027.001000,1.636000,0.698000
6028.001000,1.636000,0.701000
6029.001000,1.637000,0.701000
6030.001000,1.637000,0.702000
6031.001000,1.637000,0.696000
6032.001000,1.638000,0.699000
6033.001000,1.638000,0.702000
6034.001000,1.639000,0.704000
6035.001000,1.639000,0.700000
6036.001000,1.640000,0.701000
6037.001000,1.640000,0.700000
6038.001000,1.640000,0.706000
6039.001000,1.641000,0.705000
6040.001000,1.641000,0.703000
6041.001000,1.641000,0.706000
6042.001000,1.641000,0.707000
6043.001000,1.641000,0.706000
6044.001000,1.642000,0.706000
6045.001000,1.642000,0.701000
6046.001000,1.643000,0.702000
6047.001000,1.643000,0.705000
6048.001000,1.643000,0.707000
6049.001000,1.643000,0.705000
6050.001000,1.644000,0.698000
6051.001000,1.644000,0.701000
6052.001000,1.644000,0.707000
6053.001000,1.644000,0.707000
6054.001000,1.644000,0.706000
6055.001000,1.645000,0.704000
6056.001000,1.645000,0.705000
6057.001000,1.645000,0.705000
6058.001000,1.645000,0.707000
6059.001000,1.645000,0.706000
6060.001000,1.646000,0.709000
6061.001000,1.646000,0.708000
6062.001000,1.645000,0.706000
6063.001000,1.645000,0.705000
6064.001000,1.646000,0.704000
6065.001000,1.645000,0.711000
6066.001000,1.646000,0.708000
6067.001000,1.646000,0.706000
6068.001000,1.646000,0.696000
6069.001000,1.646000,0.705000
6070.001000,1.646000,0.700000
6071.001000,1.646000,0.689000
6072.001000,1.646000,0.688000
6073.001000,1.646000,0.687000
6074.001000,1.646000,0.686000
6075.001000,1.646000,0.683000
6076.001000,1.647000,0.684000
6077.001000,1.647000,0.681000
6078.001000,1.647000,0.685000
6079.001000,1.647000,0.680000
6080.001000,1.647000,0.682000
6081.001000,1.646000,0.681000
6082.001000,1.646000,0.681000
6083.001000,1.646000,0.686000
6084.001000,1.646000,0.687000
6085.001000,1.646000,0.683000
6086.001000,1.646000,0.686000
6087.001000,1.646000,0.684000
6088.001000,1.646000,0.685000
6089.001000,1.646000,0.681000
6090.001000,1.646000,0.683000
6091.001000,1.646000,0.685000
6092.001000,1.646000,0.685000
6093.001000,1.647000,0.688000
6094.001000,1.647000,0.684000
6095.001000,1.648000,0.686000
6096.001000,1.648000,0.691000
6097.001000,1.648000,0.687000
6098.001000,1.648000,0.690000
6099.001000,1.649000,0.687000
6100.001000,1.649000,0.691000
6101.001000,1.649000,0.689000
6102.001000,1.649000,0.690000
6103.001000,1.649000,0.690000
6104.001000,1.649000,0.688000
6105.001000,1.650000,0.693000
6106.001000,1.650000,0.689000
6107.001000,1.650000,0.687000
6108.001000,1.650000,0.688000
6109.001000,1.650000,0.693000
6110.001000,1.650000,0.687000
6111.001000,1.650000,0.688000
6112.001000,1.651000,0.696000
6113.001000,1.651000,0.692000
6114.001000,1.651000,0.697000
6115.001000,1.651000,0.693000
6116.001000,1.652000,0.694000
6117.001000,1.652000,0.690000
6118.001000,1.652000,0.691000
6119.001000,1.651000,0.693000
6120.001000,1.652000,0.692000
6121.001000,1.652000,0.692000
6122.001000,1.652000,0.690000
6123.001000,1.652000,0.693000
6124.001000,1.652000,0.690000
6125.001000,1.652000,0.689000
6126.001000,1.652000,0.690000
6127.001000,1.653000,0.691000
6128.001000,1.653000,0.692000
6129.001000,1.653000,0.693000
6130.001000,1.653000,0.692000
6131.001000,1.654000,0.689000
6132.001000,1.654000,0.691000
6133.001000,1.654000,0.690000
6134.001000,1.654000,0.695000
6135.001000,1.654000,0.692000
6136.001000,1.654000,0.687000
6137.001000,1.655000,0.689000
6138.001000,1.655000,0.689000
6139.001000,1.655000,0.690000
6140.001000,1.655000,0.689000
6141.001000,1.655000,0.690000
6142.001000,1.655000,0.689000
6143.001000,1.655000,0.692000
6144.001000,1.655000,0.692000
6145.001000,1.654000,0.692000
6146.001000,1.654000,0.690000
6147.001000,1.655000,0.695000
6148.001000,1.654000,0.697000
6149.001000,1.654000,0.712000
6150.001000,1.654000,0.713000
6151.001000,1.654000,0.712000
6152.001000,1.655000,0.712000
6153.001000,1.655000,0.713000
6154.001000,1.655000,0.709000
6155.001000,1.655000,0.711000
6156.001000,1.655000,0.713000
6157.001000,1.655000,0.712000
6158.001000,1.655000,0.713000
6159.001000,1.656000,0.712000
6160.001000,1.656000,0.715000
6161.001000,1.656000,0.714000
6162.001000,1.656000,0.714000
6163.001000,1.656000,0.715000
6164.001000,1.656000,0.713000
6165.001000,1.657000,0.714000
6166.001000,1.657000,0.713000
6167.001000,1.657000,0.715000
6168.001000,1.657000,0.715000
6169.001000,1.657000,0.718000
6170.001000,1.657000,0.713000
6171.001000,1.657000,0.714000
6172.001000,1.657000,0.713000
6173.001000,1.657000,0.716000
6174.001000,1.658000,0.713000
6175.001000,1.658000,0.718000
6176.001000,1.658000,0.710000
6177.001000,1.658000,0.713000
6178.001000,1.658000,0.713000
6179.001000,1.658000,0.716000
6180.001000,1.658000,0.716000
6181.001000,1.658000,0.713000
6182.001000,1.658000,0.711000
6183.001000,1.659000,0.713000
6184.001000,1.659000,0.712000
6185.001000,1.659000,0.711000
6186.001000,1.659000,0.714000
6187.001000,1.659000,0.713000
6188.001000,1.659000,0.716000
6189.001000,1.659000,0.718000
6190.001000,1.660000,0.716000
6191.001000,1.660000,0.714000
6192.001000,1.660000,0.714000
6193.001000,1.660000,0.710000
6194.001000,1.660000,0.715000
6195.001000,1.660000,0.716000
6196.001000,1.660000,0.716000
6197.001000,1.660000,0.716000
6198.001000,1.660000,0.711000
6199.001000,1.660000,0.714000
6200.001000,1.660000,0.713000
6201.001000,1.660000,0.716000
6202.001000,1.660000,0.714000
6203.001000,1.660000,0.715000
6204.001000,1.660000,0.714000
6205.001000,1.660000,0.716000
6206.001000,1.660000,0.716000
6207.001000,1.661000,0.717000
6208.001000,1.661000,0.718000
6209.001000,1.660000,0.717000
6210.001000,1.660000,0.715000
6211.001000,1.660000,0.716000
6212.001000,1.659000,0.715000
6213.001000,1.660000,0.715000
6214.001000,1.660000,0.716000
6215.001000,1.660000,0.711000
6216.001000,1.660000,0.714000
6217.001000,1.660000,0.715000
6218.001000,1.660000,0.719000
6219.001000,1.660000,0.714000
6220.001000,1.661000,0.716000
6221.001000,1.661000,0.719000
6222.001000,1.661000,0.710000
6223.001000,1.661000,0.716000
6224.001000,1.661000,0.716000
6225.001000,1.661000,0.715000
6226.001000,1.661000,0.713000
6227.001000,1.661000,0.714000
6228.001000,1.661000,0.714000
6229.001000,1.661000,0.721000
6230.001000,1.662000,0.717000
6231.001000,1.662000,0.717000
6232.001000,1.662000,0.718000
6233.001000,1.662000,0.719000
6234.001000,1.662000,0.719000
6235.001000,1.662000,0.715000
6236.001000,1.663000,0.715000
6237.001000,1.663000,0.713000
6238.001000,1.663000,0.715000
6239.001000,1.663000,0.716000
6240.001000,1.663000,0.704000
6241.001000,1.663000,0.697000
6242.001000,1.663000,0.697000
6243.001000,1.664000,0.695000
6244.001000,1.664000,0.694000
6245.001000,1.664000,0.704000
6246.001000,1.664000,0.696000
6247.001000,1.664000,0.695000
6248.001000,1.664000,0.697000
6249.001000,1.664000,0.699000
6250.001000,1.664000,0.698000
6251.001000,1.664000,0.699000
6252.001000,1.664000,0.698000
6253.001000,1.665000,0.697000
6254.001000,1.665000,0.697000
6255.001000,1.665000,0.695000
6256.001000,1.665000,0.700000
6257.001000,1.665000,0.699000
6258.001000,1.665000,0.697000
6259.001000,1.665000,0.700000
6260.001000,1.665000,0.702000
6261.001000,1.666000,0.699000
6262.001000,1.666000,0.703000
6263.001000,1.666000,0.702000
6264.001000,1.666000,0.701000
6265.001000,1.666000,0.699000
6266.001000,1.666000,0.698000
6267.001000,1.666000,0.698000
6268.001000,1.666000,0.696000
6269.001000,1.667000,0.699000
6270.001000,1.667000,0.697000
6271.001000,1.667000,0.698000
6272.001000,1.667000,0.699000
6273.001000,1.667000,0.700000
6274.001000,1.667000,0.699000
6275.001000,1.667000,0.701000
6276.001000,1.668000,0.697000
6277.001000,1.668000,0.698000
6278.001000,1.668000,0.700000
6279.001000,1.668000,0.700000
6280.001000,1.668000,0.702000
6281.001000,1.668000,0.696000
6282.001000,1.668000,0.696000
6283.001000,1.668000,0.698000
6284.001000,1.668000,0.701000
6285.001000,1.668000,0.698000
6286.001000,1.669000,0.699000
6287.001000,1.668000,0.694000
6288.001000,1.669000,0.696000
6289.001000,1.669000,0.698000
6290.001000,1.669000,0.697000
6291.001000,1.669000,0.695000
6292.001000,1.669000,0.696000
6293.001000,1.669000,0.700000
6294.001000,1.669000,0.698000
6295.001000,1.669000,0.699000
6296.001000,1.669000,0.700000
6297.001000,1.669000,0.701000
6298.001000,1.669000,0.699000
6299.001000,1.669000,0.697000
6300.001000,1.670000,0.694000
6301.001000,1.670000,0.698000
6302.001000,1.670000,0.703000
6303.001000,1.670000,0.698000
6304.001000,1.671000,0.699000
6305.001000,1.671000,0.697000
6306.001000,1.671000,0.699000
6307.001000,1.671000,0.701000
6308.001000,1.671000,0.699000
6309.001000,1.671000,0.701000
6310.001000,1.671000,0.702000
6311.001000,1.671000,0.699000
6312.001000,1.671000,0.697000
6313.001000,1.671000,0.700000
6314.001000,1.671000,0.701000
6315.001000,1.671000,0.702000
6316.001000,1.671000,0.699000
6317.001000,1.671000,0.699000
6318.001000,1.671000,0.702000
6319.001000,1.671000,0.698000
6320.001000,1.672000,0.698000
6321.001000,1.672000,0.700000
6322.001000,1.672000,0.699000
6323.001000,1.672000,0.703000
6324.001000,1.672000,0.700000
6325.001000,1.672000,0.699000
6326.001000,1.672000,0.702000
6327.001000,1.672000,0.701000
6328.001000,1.672000,0.699000
6329.001000,1.672000,0.698000
6330.001000,1.672000,0.704000
6331.001000,1.672000,0.700000
6332.001000,1.672000,0.703000
6333.001000,1.672000,0.703000
6334.001000,1.673000,0.702000
6335.001000,1.673000,0.701000
6336.001000,1.673000,0.701000
6337.001000,1.673000,0.700000
6338.001000,1.673000,0.698000
6339.001000,1.673000,0.703000
6340.001000,1.673000,0.700000
6341.001000,1.673000,0.704000
6342.001000,1.674000,0.703000
6343.001000,1.674000,0.706000
6344.001000,1.674000,0.706000
6345.001000,1.674000,0.703000
6346.001000,1.674000,0.700000
6347.001000,1.674000,0.699000
6348.001000,1.674000,0.703000
6349.001000,1.674000,0.705000
6350.001000,1.674000,0.706000
6351.001000,1.674000,0.704000
6352.001000,1.674000,0.705000
6353.001000,1.674000,0.706000
6354.001000,1.674000,0.705000
6355.001000,1.674000,0.698000
6356.001000,1.674000,0.700000
6357.001000,1.674000,0.704000
6358.001000,1.674000,0.700000
6359.001000,1.674000,0.703000
6360.001000,1.674000,0.704000
6361.001000,1.675000,0.701000
6362.001000,1.674000,0.700000
6363.001000,1.674000,0.704000
6364.001000,1.674000,0.706000
6365.001000,1.674000,0.704000
6366.001000,1.674000,0.706000
6367.001000,1.674000,0.705000
6368.001000,1.674000,0.702000
6369.001000,1.674000,0.701000
6370.001000,1.675000,0.700000
6371.001000,1.675000,0.702000
6372.001000,1.675000,0.703000
6373.001000,1.675000,0.702000
6374.001000,1.676000,0.707000
6375.001000,1.676000,0.697000
6376.001000,1.676000,0.702000
6377.001000,1.676000,0.702000
6378.001000,1.676000,0.700000
6379.001000,1.677000,0.699000
6380.001000,1.677000,0.705000
6381.001000,1.677000,0.702000
6382.001000,1.677000,0.705000
6383.001000,1.677000,0.709000
6384.001000,1.677000,0.704000
6385.001000,1.678000,0.705000
6386.001000,1.678000,0.706000
6387.001000,1.678000,0.708000
6388.001000,1.678000,0.708000
6389.001000,1.678000,0.705000
6390.001000,1.678000,0.703000
6391.001000,1.678000,0.712000
6392.001000,1.678000,0.708000
6393.001000,1.678000,0.709000
6394.001000,1.678000,0.704000
6395.001000,1.679000,0.705000
6396.001000,1.679000,0.712000
6397.001000,1.679000,0.711000
6398.001000,1.679000,0.709000
6399.001000,1.680000,0.706000
6400.001000,1.680000,0.709000
6401.001000,1.680000,0.711000
6402.001000,1.680000,0.711000
6403.001000,1.681000,0.708000
6404.001000,1.680000,0.706000
6405.001000,1.680000,0.707000
6406.001000,1.680000,0.705000
6407.001000,1.680000,0.709000
6408.001000,1.681000,0.706000
6409.001000,1.681000,0.711000
6410.001000,1.681000,0.709000
6411.001000,1.681000,0.711000
6412.001000,1.681000,0.712000
6413.001000,1.682000,0.715000
6414.001000,1.681000,0.712000
6415.001000,1.681000,0.710000
6416.001000,1.681000,0.714000
6417.001000,1.681000,0.711000
6418.001000,1.681000,0.713000
6419.001000,1.682000,0.712000
6420.001000,1.682000,0.714000
6421.001000,1.682000,0.714000
6422.001000,1.683000,0.709000
6423.001000,1.683000,0.712000
6424.001000,1.683000,0.710000
6425.001000,1.683000,0.715000
6426.001000,1.684000,0.713000
6427.001000,1.684000,0.710000
6428.001000,1.684000,0.717000
6429.001000,1.684000,0.716000
6430.001000,1.685000,0.714000
6431.001000,1.685000,0.712000
6432.001000,1.685000,0.714000
6433.001000,1.685000,0.714000
6434.001000,1.685000,0.710000
6435.001000,1.685000,0.715000
6436.001000,1.686000,0.713000
6437.001000,1.686000,0.720000
6438.001000,1.686000,0.718000
6439.001000,1.686000,0.720000
6440.001000,1.686000,0.723000
6441.001000,1.687000,0.720000
6442.001000,1.687000,0.721000
6443.001000,1.687000,0.721000
6444.001000,1.687000,0.721000
6445.001000,1.687000,0.713000
6446.001000,1.687000,0.714000
6447.001000,1.687000,0.723000
6448.001000,1.688000,0.721000
6449.001000,1.688000,0.724000
6450.001000,1.688000,0.723000
6451.001000,1.688000,0.728000
6452.001000,1.688000,0.725000
6453.001000,1.688000,0.728000
6454.001000,1.688000,0.725000
6455.001000,1.689000,0.723000
6456.001000,1.689000,0.722000
6457.001000,1.689000,0.720000
6458.001000,1.689000,0.721000
6459.001000,1.689000,0.719000
6460.001000,1.690000,0.721000
6461.001000,1.690000,0.721000
6462.001000,1.690000,0.724000
6463.001000,1.690000,0.721000
6464.001000,1.691000,0.725000
6465.001000,1.691000,0.720000
6466.001000,1.691000,0.722000
6467.001000,1.692000,0.722000
6468.001000,1.692000,0.720000
6469.001000,1.692000,0.723000
6470.001000,1.692000,0.725000
6471.001000,1.693000,0.721000
6472.001000,1.693000,0.723000
6473.001000,1.693000,0.722000
6474.001000,1.693000,0.723000
6475.001000,1.693000,0.725000
6476.001000,1.694000,0.725000
6477.001000,1.694000,0.726000
6478.001000,1.694000,0.723000
6479.001000,1.694000,0.725000
6480.001000,1.694000,0.727000
6481.001000,1.695000,0.724000
6482.001000,1.695000,0.727000
6483.001000,1.695000,0.725000
6484.001000,1.696000,0.726000
6485.001000,1.697000,0.726000
6486.001000,1.697000,0.729000
6487.001000,1.697000,0.719000
6488.001000,1.697000,0.723000
6489.001000,1.697000,0.723000
6490.001000,1.697000,0.726000
6491.001000,1.698000,0.726000
6492.001000,1.698000,0.723000
6493.001000,1.698000,0.727000
6494.001000,1.698000,0.726000
6495.001000,1.698000,0.724000
6496.001000,1.698000,0.723000
6497.001000,1.698000,0.728000
6498.001000,1.698000,0.728000
6499.001000,1.698000,0.725000
6500.001000,1.698000,0.724000
6501.001000,1.698000,0.727000
6502.001000,1.699000,0.724000
6503.001000,1.699000,0.723000
6504.001000,1.699000,0.719000
6505.001000,1.700000,0.723000
6506.001000,1.700000,0.727000
6507.001000,1.700000,0.725000
6508.001000,1.701000,0.725000
6509.001000,1.701000,0.722000
6510.001000,1.701000,0.721000
6511.001000,1.702000,0.725000
6512.001000,1.702000,0.725000
6513.001000,1.703000,0.723000
6514.001000,1.703000,0.721000
6515.001000,1.703000,0.723000
6516.001000,1.704000,0.723000
6517.001000,1.704000,0.722000
6518.001000,1.704000,0.723000
6519.001000,1.704000,0.723000
6520.001000,1.704000,0.722000
6521.001000,1.705000,0.724000
6522.001000,1.705000,0.724000
6523.001000,1.705000,0.726000
6524.001000,1.705000,0.727000
6525.001000,1.705000,0.725000
6526.001000,1.705000,0.728000
6527.001000,1.706000,0.725000
6528.001000,1.706000,0.726000
6529.001000,1.706000,0.726000
6530.001000,1.706000,0.728000
6531.001000,1.706000,0.727000
6532.001000,1.706000,0.726000
6533.001000,1.707000,0.727000
6534.001000,1.707000,0.726000
6535.001000,1.707000,0.727000
6536.001000,1.707000,0.726000
6537.001000,1.708000,0.724000
6538.001000,1.708000,0.725000
6539.001000,1.708000,0.724000
6540.001000,1.708000,0.725000
6541.001000,1.708000,0.728000
6542.001000,1.708000,0.728000
6543.001000,1.708000,0.726000
6544.001000,1.708000,0.729000
6545.001000,1.709000,0.729000
6546.001000,1.709000,0.727000
6547.001000,1.709000,0.726000
6548.001000,1.709000,0.728000
6549.001000,1.709000,0.724000
6550.001000,1.709000,0.725000
6551.001000,1.709000,0.725000
6552.001000,1.709000,0.728000
6553.001000,1.709000,0.727000
6554.001000,1.710000,0.723000
6555.001000,1.710000,0.725000
6556.001000,1.710000,0.726000
6557.001000,1.710000,0.727000
6558.001000,1.710000,0.726000
6559.001000,1.710000,0.724000
6560.001000,1.710000,0.724000
6561.001000,1.710000,0.727000
6562.001000,1.710000,0.726000
6563.001000,1.710000,0.723000
6564.001000,1.710000,0.724000
6565.001000,1.709000,0.722000
6566.001000,1.709000,0.725000
6567.001000,1.709000,0.726000
6568.001000,1.709000,0.726000
6569.001000,1.709000,0.726000
6570.001000,1.709000,0.726000
6571.001000,1.709000,0.728000
6572.001000,1.709000,0.731000
6573.001000,1.709000,0.735000
6574.001000,1.709000,0.728000
6575.001000,1.709000,0.724000
6576.001000,1.709000,0.727000
6577.001000,1.709000,0.727000
6578.001000,1.709000,0.724000
6579.001000,1.710000,0.725000
6580.001000,1.710000,0.727000
6581.001000,1.709000,0.727000
6582.001000,1.710000,0.724000
6583.001000,1.710000,0.725000
6584.001000,1.710000,0.725000
6585.001000,1.710000,0.727000
6586.001000,1.710000,0.723000
6587.001000,1.710000,0.724000
6588.001000,1.710000,0.726000
6589.001000,1.710000,0.725000
6590.001000,1.710000,0.723000
6591.001000,1.710000,0.725000
6592.001000,1.711000,0.724000
6593.001000,1.711000,0.724000
6594.001000,1.710000,0.725000
6595.001000,1.710000,0.724000
6596.001000,1.710000,0.726000
6597.001000,1.710000,0.728000
6598.001000,1.710000,0.727000
6599.001000,1.711000,0.729000
6600.001000,1.711000,0.727000
6601.001000,1.711000,0.727000
6602.001000,1.711000,0.722000
6603.001000,1.711000,0.724000
6604.001000,1.711000,0.726000
6605.001000,1.711000,0.727000
6606.001000,1.711000,0.727000
6607.001000,1.711000,0.725000
6608.001000,1.712000,0.726000
6609.001000,1.712000,0.730000
6610.001000,1.712000,0.725000
6611.001000,1.712000,0.723000
6612.001000,1.712000,0.723000
6613.001000,1.712000,0.723000
6614.001000,1.713000,0.722000
6615.001000,1.713000,0.724000
6616.001000,1.713000,0.723000
6617.001000,1.713000,0.723000
6618.001000,1.713000,0.725000
6619.001000,1.713000,0.723000
6620.001000,1.713000,0.721000
6621.001000,1.713000,0.723000
6622.001000,1.713000,0.723000
6623.001000,1.713000,0.724000
6624.001000,1.713000,0.726000
6625.001000,1.714000,0.722000
6626.001000,1.714000,0.726000
6627.001000,1.714000,0.721000
6628.001000,1.714000,0.723000
6629.001000,1.714000,0.725000
6630.001000,1.714000,0.725000
6631.001000,1.714000,0.726000
6632.001000,1.714000,0.724000
6633.001000,1.714000,0.726000
6634.001000,1.714000,0.725000
6635.001000,1.714000,0.725000
6636.001000,1.714000,0.725000
6637.001000,1.714000,0.728000
6638.001000,1.714000,0.728000
6639.001000,1.714000,0.727000
6640.001000,1.714000,0.728000
6641.001000,1.714000,0.724000
6642.001000,1.714000,0.725000
6643.001000,1.714000,0.726000
6644.001000,1.714000,0.724000
6645.001000,1.714000,0.722000
6646.001000,1.713000,0.720000
6647.001000,1.713000,0.719000
6648.001000,1.713000,0.719000
6649.001000,1.713000,0.726000
6650.001000,1.714000,0.724000
6651.001000,1.714000,0.724000
6652.001000,1.714000,0.721000
6653.001000,1.713000,0.721000
6654.001000,1.713000,0.721000
6655.001000,1.713000,0.722000
6656.001000,1.713000,0.721000
6657.001000,1.713000,0.722000
6658.001000,1.713000,0.720000
6659.001000,1.713000,0.719000
6660.001000,1.713000,0.722000
6661.001000,1.713000,0.721000
6662.001000,1.713000,0.720000
6663.001000,1.713000,0.720000
6664.001000,1.712000,0.718000
6665.001000,1.712000,0.718000
6666.001000,1.712000,0.715000
6667.001000,1.712000,0.716000
6668.001000,1.712000,0.717000
6669.001000,1.712000,0.718000
6670.001000,1.712000,0.719000
6671.001000,1.712000,0.717000
6672.001000,1.712000,0.722000
6673.001000,1.712000,0.721000
6674.001000,1.712000,0.718000
6675.001000,1.712000,0.717000
6676.001000,1.712000,0.721000
6677.001000,1.712000,0.721000
6678.001000,1.712000,0.723000
6679.001000,1.712000,0.728000
6680.001000,1.712000,0.723000
6681.001000,1.713000,0.725000
6682.001000,1.713000,0.726000
6683.001000,1.713000,0.725000
6684.001000,1.713000,0.724000
6685.001000,1.713000,0.726000
6686.001000,1.713000,0.723000
6687.001000,1.713000,0.717000
6688.001000,1.713000,0.723000
6689.001000,1.713000,0.721000
6690.001000,1.713000,0.721000
6691.001000,1.714000,0.722000
6692.001000,1.714000,0.722000
6693.001000,1.714000,0.720000
6694.001000,1.714000,0.721000
6695.001000,1.714000,0.717000
6696.001000,1.714000,0.724000
6697.001000,1.714000,0.720000
6698.001000,1.714000,0.719000
6699.001000,1.714000,0.721000
6700.001000,1.714000,0.721000
6701.001000,1.714000,0.719000
6702.001000,1.715000,0.720000
6703.001000,1.715000,0.725000
6704.001000,1.715000,0.722000
6705.001000,1.714000,0.724000
6706.001000,1.714000,0.723000
6707.001000,1.715000,0.725000
6708.001000,1.715000,0.723000
6709.001000,1.715000,0.724000
6710.001000,1.715000,0.721000
6711.001000,1.714000,0.727000
6712.001000,1.714000,0.722000
6713.001000,1.714000,0.723000
6714.001000,1.714000,0.721000
6715.001000,1.714000,0.718000
6716.001000,1.714000,0.723000
6717.001000,1.714000,0.723000
6718.001000,1.714000,0.723000
6719.001000,1.715000,0.723000
6720.001000,1.715000,0.723000
6721.001000,1.715000,0.724000
6722.001000,1.715000,0.723000
6723.001000,1.715000,0.719000
6724.001000,1.715000,0.722000
6725.001000,1.715000,0.719000
6726.001000,1.715000,0.721000
6727.001000,1.715000,0.720000
6728.001000,1.715000,0.723000
6729.001000,1.715000,0.718000
6730.001000,1.714000,0.720000
6731.001000,1.714000,0.716000
6732.001000,1.714000,0.720000
6733.001000,1.714000,0.720000
6734.001000,1.714000,0.720000
6735.001000,1.715000,0.720000
6736.001000,1.715000,0.722000
6737.001000,1.715000,0.723000
6738.001000,1.715000,0.727000
6739.001000,1.715000,0.724000
6740.001000,1.715000,0.723000
6741.001000,1.715000,0.723000
6742.001000,1.714000,0.725000
6743.001000,1.714000,0.721000
6744.001000,1.714000,0.719000
6745.001000,1.714000,0.720000
6746.001000,1.715000,0.720000
6747.001000,1.715000,0.720000
6748.001000,1.715000,0.719000
6749.001000,1.715000,0.720000
6750.001000,1.715000,0.719000
6751.001000,1.715000,0.720000
6752.001000,1.715000,0.719000
6753.001000,1.715000,0.720000
6754.001000,1.715000,0.717000
6755.001000,1.714000,0.719000
6756.001000,1.715000,0.719000
6757.001000,1.714000,0.722000
6758.001000,1.714000,0.718000
6759.001000,1.715000,0.717000
6760.001000,1.715000,0.719000
6761.001000,1.715000,0.719000
6762.001000,1.715000,0.723000
6763.001000,1.715000,0.720000
6764.001000,1.715000,0.718000
6765.001000,1.715000,0.722000
6766.001000,1.715000,0.723000
6767.001000,1.716000,0.718000
6768.001000,1.716000,0.721000
6769.001000,1.716000,0.723000
6770.001000,1.716000,0.722000
6771.001000,1.716000,0.722000
6772.001000,1.716000,0.723000
6773.001000,1.716000,0.722000
6774.001000,1.716000,0.720000
6775.001000,1.716000,0.723000
6776.001000,1.716000,0.723000
6777.001000,1.717000,0.721000
6778.001000,1.716000,0.720000
6779.001000,1.716000,0.723000
6780.001000,1.716000,0.721000
6781.001000,1.716000,0.724000
6782.001000,1.716000,0.719000
6783.001000,1.716000,0.717000
6784.001000,1.716000,0.722000
6785.001000,1.716000,0.721000
6786.001000,1.716000,0.721000
6787.001000,1.716000,0.722000
6788.001000,1.716000,0.720000
6789.001000,1.716000,0.724000
6790.001000,1.716000,0.725000
6791.001000,1.716000,0.721000
6792.001000,1.716000,0.727000
6793.001000,1.716000,0.724000
6794.001000,1.716000,0.724000
6795.001000,1.716000,0.724000
6796.001000,1.716000,0.723000
6797.001000,1.717000,0.725000
6798.001000,1.716000,0.726000
6799.001000,1.716000,0.724000
6800.001000,1.717000,0.724000
6801.001000,1.717000,0.728000
6802.001000,1.717000,0.722000
6803.001000,1.717000,0.723000
6804.001000,1.717000,0.722000
6805.001000,1.717000,0.724000
6806.001000,1.717000,0.726000
6807.001000,1.717000,0.726000
6808.001000,1.717000,0.724000
6809.001000,1.718000,0.725000
6810.001000,1.718000,0.723000
6811.001000,1.718000,0.724000
6812.001000,1.718000,0.726000
6813.001000,1.718000,0.726000
6814.001000,1.718000,0.724000
6815.001000,1.717000,0.722000
6816.001000,1.717000,0.720000
6817.001000,1.717000,0.718000
6818.001000,1.717000,0.720000
6819.001000,1.717000,0.722000
6820.001000,1.717000,0.718000
6821.001000,1.717000,0.718000
6822.001000,1.717000,0.715000
6823.001000,1.717000,0.718000
6824.001000,1.717000,0.720000
6825.001000,1.717000,0.723000
6826.001000,1.718000,0.722000
6827.001000,1.718000,0.720000
6828.001000,1.718000,0.714000
6829.001000,1.718000,0.723000
6830.001000,1.718000,0.723000
6831.001000,1.718000,0.723000
6832.001000,1.718000,0.727000
6833.001000,1.718000,0.722000
6834.001000,1.719000,0.722000
6835.001000,1.719000,0.721000
6836.001000,1.719000,0.716000
6837.001000,1.718000,0.718000
6838.001000,1.718000,0.721000
6839.001000,1.718000,0.721000
6840.001000,1.718000,0.718000
6841.001000,1.718000,0.729000
6842.001000,1.718000,0.729000
6843.001000,1.718000,0.729000
6844.001000,1.718000,0.727000
6845.001000,1.718000,0.732000
6846.001000,1.719000,0.735000
6847.001000,1.719000,0.727000
6848.001000,1.719000,0.722000
6849.001000,1.719000,0.724000
6850.001000,1.719000,0.730000
6851.001000,1.719000,0.730000
6852.001000,1.719000,0.733000
6853.001000,1.719000,0.713000
6854.001000,1.719000,0.716000
6855.001000,1.719000,0.717000
6856.001000,1.719000,0.718000
6857.001000,1.719000,0.715000
6858.001000,1.719000,0.715000
6859.001000,1.719000,0.715000
6860.001000,1.719000,0.718000
6861.001000,1.719000,0.718000
6862.001000,1.719000,0.722000
6863.001000,1.720000,0.721000
6864.001000,1.720000,0.721000
6865.001000,1.720000,0.719000
6866.001000,1.720000,0.714000
6867.001000,1.720000,0.717000
6868.001000,1.720000,0.720000
6869.001000,1.720000,0.721000
6870.001000,1.720000,0.716000
6871.001000,1.720000,0.719000
6872.001000,1.720000,0.717000
6873.001000,1.720000,0.719000
6874.001000,1.720000,0.718000
6875.001000,1.720000,0.719000
6876.001000,1.720000,0.718000
6877.001000,1.720000,0.721000
6878.001000,1.720000,0.719000
6879.001000,1.720000,0.721000
6880.001000,1.721000,0.725000
6881.001000,1.721000,0.720000
6882.001000,1.721000,0.718000
6883.001000,1.721000,0.718000
6884.001000,1.721000,0.717000
6885.001000,1.721000,0.716000
6886.001000,1.721000,0.718000
6887.001000,1.721000,0.713000
6888.001000,1.721000,0.719000
6889.001000,1.721000,0.719000
6890.001000,1.721000,0.714000
6891.001000,1.722000,0.717000
6892.001000,1.722000,0.716000
6893.001000,1.722000,0.712000
6894.001000,1.722000,0.711000
6895.001000,1.722000,0.715000
6896.001000,1.722000,0.715000
6897.001000,1.721000,0.713000
6898.001000,1.721000,0.714000
6899.001000,1.722000,0.714000
6900.001000,1.722000,0.712000
6901.001000,1.722000,0.715000
6902.001000,1.722000,0.715000
6903.001000,1.722000,0.718000
6904.001000,1.722000,0.714000
6905.001000,1.723000,0.710000
6906.001000,1.723000,0.717000
6907.001000,1.723000,0.719000
6908.001000,1.723000,0.722000
6909.001000,1.723000,0.716000
6910.001000,1.724000,0.718000
6911.001000,1.724000,0.716000
6912.001000,1.724000,0.715000
6913.001000,1.724000,0.716000
6914.001000,1.724000,0.721000
6915.001000,1.724000,0.731000
6916.001000,1.724000,0.733000
6917.001000,1.724000,0.733000
6918.001000,1.725000,0.729000
6919.001000,1.725000,0.731000
6920.001000,1.725000,0.730000
6921.001000,1.725000,0.734000
6922.001000,1.725000,0.733000
6923.001000,1.725000,0.729000
6924.001000,1.725000,0.732000
6925.002000,1.725000,0.732000
6926.001000,1.725000,0.735000
6927.001000,1.725000,0.733000
6928.001000,1.725000,0.733000
6929.001000,1.725000,0.734000
6930.001000,1.724000,0.737000
6931.001000,1.723000,0.737000
6932.001000,1.723000,0.736000
6933.001000,1.723000,0.732000
6934.001000,1.723000,0.740000
6935.001000,1.724000,0.740000
6936.001000,1.723000,0.736000
6937.001000,1.723000,0.736000
6938.001000,1.723000,0.745000
6939.001000,1.723000,0.741000
6940.001000,1.723000,0.738000
6941.001000,1.723000,0.737000
6942.001000,1.722000,0.734000
6943.001000,1.723000,0.737000
6944.001000,1.723000,0.742000
6945.001000,1.723000,0.739000
6946.001000,1.723000,0.737000
6947.001000,1.723000,0.738000
6948.001000,1.724000,0.740000
6949.001000,1.724000,0.736000
6950.001000,1.724000,0.742000
6951.001000,1.724000,0.742000
6952.001000,1.724000,0.746000
6953.001000,1.724000,0.722000
6954.001000,1.725000,0.723000
6955.001000,1.725000,0.723000
6956.001000,1.725000,0.722000
6957.001000,1.725000,0.725000
6958.001000,1.726000,0.724000
6959.001000,1.726000,0.724000
6960.001000,1.726000,0.725000
6961.001000,1.726000,0.728000
6962.001000,1.726000,0.722000
6963.001000,1.726000,0.723000
6964.001000,1.726000,0.725000
6965.001000,1.725000,0.724000
6966.001000,1.724000,0.725000
6967.001000,1.722000,0.721000
6968.001000,1.721000,0.721000
6969.001000,1.721000,0.719000
6970.001000,1.721000,0.719000
6971.001000,1.721000,0.722000
6972.001000,1.721000,0.720000
6973.001000,1.721000,0.713000
6974.001000,1.720000,0.716000
6975.001000,1.720000,0.717000
6976.001000,1.720000,0.717000
6977.001000,1.719000,0.719000
6978.001000,1.719000,0.716000
6979.001000,1.720000,0.715000
6980.001000,1.721000,0.717000
6981.001000,1.721000,0.720000
6982.001000,1.721000,0.724000
6983.001000,1.721000,0.734000
6984.001000,1.721000,0.729000
6985.001000,1.721000,0.733000
6986.001000,1.721000,0.731000
6987.001000,1.721000,0.731000
6988.001000,1.721000,0.733000
6989.001000,1.721000,0.731000
6990.001000,1.721000,0.733000
6991.001000,1.722000,0.730000
6992.001000,1.722000,0.729000
6993.001000,1.722000,0.728000
6994.001000,1.721000,0.729000
6995.001000,1.721000,0.730000
6996.001000,1.721000,0.728000
6997.001000,1.720000,0.725000
6998.001000,1.720000,0.725000
6999.001000,1.720000,0.725000
7000.001000,1.720000,0.728000
7001.001000,1.720000,0.728000
7002.001000,1.720000,0.733000
7003.001000,1.720000,0.729000
7004.001000,1.719000,0.732000
7005.001000,1.720000,0.734000
7006.001000,1.719000,0.732000
7007.001000,1.719000,0.732000
7008.001000,1.719000,0.734000
7009.001000,1.719000,0.727000
7010.001000,1.719000,0.728000
7011.001000,1.719000,0.732000
7012.001000,1.719000,0.726000
7013.001000,1.719000,0.730000
7014.001000,1.719000,0.729000
7015.001000,1.719000,0.730000
7016.001000,1.718000,0.730000
7017.001000,1.718000,0.732000
7018.001000,1.718000,0.728000
7019.001000,1.719000,0.726000
7020.001000,1.718000,0.729000
7021.001000,1.717000,0.724000
7022.001000,1.717000,0.731000
7023.001000,1.718000,0.723000
7024.001000,1.718000,0.726000
7025.001000,1.717000,0.725000
7026.001000,1.717000,0.727000
7027.001000,1.715000,0.729000
7028.001000,1.714000,0.727000
7029.001000,1.714000,0.725000
7030.001000,1.714000,0.729000
7031.001000,1.714000,0.731000
7032.001000,1.714000,0.728000
7033.001000,1.715000,0.728000
7034.001000,1.716000,0.725000
7035.001000,1.716000,0.727000
7036.001000,1.716000,0.723000
7037.001000,1.716000,0.731000
7038.001000,1.716000,0.724000
7039.001000,1.715000,0.713000
7040.001000,1.714000,0.712000
7041.001000,1.715000,0.711000
7042.001000,1.714000,0.708000
7043.001000,1.714000,0.704000
7044.001000,1.714000,0.706000
7045.001000,1.713000,0.706000
7046.001000,1.713000,0.700000
7047.001000,1.713000,0.707000
7048.001000,1.713000,0.704000
7049.001000,1.713000,0.704000
7050.001000,1.713000,0.709000
7051.001000,1.713000,0.701000
7052.001000,1.713000,0.707000
7053.001000,1.714000,0.710000
7054.001000,1.714000,0.715000
7055.001000,1.714000,0.710000
7056.001000,1.714000,0.718000
7057.001000,1.714000,0.722000
7058.001000,1.714000,0.725000
7059.001000,1.714000,0.722000
7060.001000,1.713000,0.725000
7061.001000,1.713000,0.723000
7062.001000,1.713000,0.718000
7063.001000,1.713000,0.719000
7064.001000,1.714000,0.718000
7065.001000,1.714000,0.716000
7066.001000,1.714000,0.717000
7067.001000,1.713000,0.719000
7068.001000,1.713000,0.715000
7069.001000,1.713000,0.721000
7070.001000,1.713000,0.719000
7071.001000,1.713000,0.716000
7072.001000,1.713000,0.718000
7073.001000,1.713000,0.718000
7074.001000,1.713000,0.718000
7075.001000,1.713000,0.718000
7076.001000,1.713000,0.715000
7077.001000,1.714000,0.716000
7078.001000,1.713000,0.719000
7079.001000,1.713000,0.718000
7080.001000,1.713000,0.711000
7081.001000,1.713000,0.709000
7082.001000,1.713000,0.706000
7083.001000,1.713000,0.703000
7084.001000,1.713000,0.703000
7085.001000,1.713000,0.702000
7086.001000,1.713000,0.703000
7087.001000,1.713000,0.702000
7088.001000,1.713000,0.702000
7089.001000,1.713000,0.703000
7090.001000,1.714000,0.702000
7091.001000,1.713000,0.704000
7092.001000,1.713000,0.704000
7093.001000,1.713000,0.703000
7094.001000,1.710000,0.700000
7095.001000,1.709000,0.700000
7096.001000,1.709000,0.702000
7097.001000,1.710000,0.703000
7098.001000,1.711000,0.701000
7099.001000,1.712000,0.703000
7100.001000,1.712000,0.701000
7101.001000,1.712000,0.705000
7102.001000,1.712000,0.713000
7103.001000,1.713000,0.721000
7104.001000,1.712000,0.719000
7105.001000,1.712000,0.718000
7106.001000,1.712000,0.719000
7107.001000,1.712000,0.719000
7108.001000,1.711000,0.716000
7109.001000,1.711000,0.721000
7110.001000,1.710000,0.716000
7111.001000,1.710000,0.712000
7112.001000,1.710000,0.716000
7113.001000,1.711000,0.712000
7114.001000,1.711000,0.714000
7115.001000,1.711000,0.713000
7116.001000,1.711000,0.715000
7117.001000,1.711000,0.714000
7118.001000,1.711000,0.717000
7119.001000,1.711000,0.714000
7120.001000,1.711000,0.718000
7121.001000,1.711000,0.717000
7122.001000,1.712000,0.715000
7123.001000,1.712000,0.715000
7124.001000,1.712000,0.714000
7125.001000,1.712000,0.713000
7126.001000,1.712000,0.715000
7127.001000,1.712000,0.718000
7128.001000,1.712000,0.719000
7129.001000,1.712000,0.722000
7130.001000,1.712000,0.717000
7131.001000,1.712000,0.712000
7132.001000,1.710000,0.715000
7133.001000,1.709000,0.714000
7134.001000,1.708000,0.714000
7135.001000,1.708000,0.715000
7136.001000,1.708000,0.715000
7137.001000,1.708000,0.715000
7138.001000,1.708000,0.715000
7139.001000,1.708000,0.713000
7140.001000,1.709000,0.717000
7141.001000,1.710000,0.714000
7142.001000,1.710000,0.712000
7143.001000,1.709000,0.714000
7144.001000,1.709000,0.708000
7145.001000,1.708000,0.709000
7146.001000,1.708000,0.710000
7147.001000,1.707000,0.712000
7148.001000,1.708000,0.716000
7149.001000,1.708000,0.710000
7150.001000,1.709000,0.712000
7151.001000,1.709000,0.715000
7152.001000,1.710000,0.710000
7153.001000,1.710000,0.714000
7154.001000,1.710000,0.713000
7155.001000,1.711000,0.714000
7156.001000,1.711000,0.711000
7157.001000,1.711000,0.716000
7158.001000,1.710000,0.714000
7159.001000,1.710000,0.715000
7160.001000,1.710000,0.717000
7161.001000,1.710000,0.717000
7162.001000,1.709000,0.713000
7163.001000,1.710000,0.713000
7164.001000,1.710000,0.708000
7165.001000,1.710000,0.712000
7166.001000,1.708000,0.713000
7167.001000,1.708000,0.707000
7168.001000,1.708000,0.710000
7169.001000,1.709000,0.713000
7170.001000,1.710000,0.713000
7171.001000,1.711000,0.715000
7172.001000,1.711000,0.709000
7173.001000,1.712000,0.711000
7174.001000,1.712000,0.716000
7175.001000,1.712000,0.717000
7176.001000,1.712000,0.716000
7177.001000,1.712000,0.719000
7178.001000,1.713000,0.715000
7179.001000,1.713000,0.709000
7180.001000,1.713000,0.714000
7181.001000,1.712000,0.717000
7182.001000,1.712000,0.717000
7183.001000,1.713000,0.717000
7184.001000,1.713000,0.716000
7185.001000,1.712000,0.715000
7186.001000,1.713000,0.716000
7187.001000,1.713000,0.719000
7188.001000,1.712000,0.713000
7189.001000,1.713000,0.711000
7190.001000,1.713000,0.717000
7191.001000,1.713000,0.716000
7192.001000,1.712000,0.717000
7193.001000,1.711000,0.718000
7194.001000,1.711000,0.718000
7195.001000,1.711000,0.717000
7196.001000,1.710000,0.722000
7197.001000,1.710000,0.719000
7198.001000,1.709000,0.716000
7199.001000,1.709000,0.717000
7200.001000,1.710000,0.711000
7201.001000,1.709000,0.713000
7202.001000,1.709000,0.717000
7203.001000,1.709000,0.714000
7204.001000,1.709000,0.718000
7205.001000,1.710000,0.717000
7206.001000,1.710000,0.712000
7207.001000,1.710000,0.718000
7208.001000,1.710000,0.717000
7209.001000,1.710000,0.717000
7210.001000,1.710000,0.717000
7211.001000,1.709000,0.716000
7212.001000,1.709000,0.713000
7213.001000,1.709000,0.711000
7214.001000,1.708000,0.710000
7215.001000,1.708000,0.713000
7216.001000,1.708000,0.715000
7217.001000,1.708000,0.713000
7218.001000,1.709000,0.713000
7219.001000,1.709000,0.716000
7220.001000,1.709000,0.714000
7221.001000,1.709000,0.711000
7222.001000,1.709000,0.716000
7223.001000,1.709000,0.716000
7224.001000,1.709000,0.710000
7225.001000,1.710000,0.713000
7226.001000,1.709000,0.715000
7227.001000,1.709000,0.713000
7228.001000,1.708000,0.713000
7229.001000,1.708000,0.708000
7230.001000,1.708000,0.710000
7231.001000,1.709000,0.711000
7232.001000,1.709000,0.713000
7233.001000,1.709000,0.711000
7234.001000,1.709000,0.711000
7235.001000,1.709000,0.715000
7236.001000,1.709000,0.713000
7237.001000,1.709000,0.711000
7238.001000,1.709000,0.712000
7239.001000,1.709000,0.710000
7240.001000,1.710000,0.709000
7241.001000,1.710000,0.709000
7242.001000,1.710000,0.706000
7243.001000,1.709000,0.709000
7244.001000,1.709000,0.709000
7245.001000,1.708000,0.708000
7246.001000,1.708000,0.712000
7247.001000,1.708000,0.710000
7248.001000,1.708000,0.710000
7249.001000,1.709000,0.711000
7250.001000,1.710000,0.711000
7251.001000,1.710000,0.713000
7252.001000,1.710000,0.710000
7253.001000,1.710000,0.710000
7254.001000,1.710000,0.714000
7255.001000,1.710000,0.713000
7256.001000,1.710000,0.710000
7257.001000,1.709000,0.709000
7258.001000,1.710000,0.712000
7259.001000,1.710000,0.712000
7260.001000,1.710000,0.711000
7261.001000,1.710000,0.711000
7262.001000,1.711000,0.712000
7263.001000,1.711000,0.714000
7264.001000,1.711000,0.717000
7265.001000,1.711000,0.716000
7266.001000,1.711000,0.714000
7267.001000,1.711000,0.718000
7268.001000,1.710000,0.715000
7269.001000,1.711000,0.714000
7270.001000,1.711000,0.714000
7271.001000,1.711000,0.714000
7272.001000,1.711000,0.715000
7273.001000,1.712000,0.714000
7274.001000,1.712000,0.717000
7275.001000,1.712000,0.717000
7276.001000,1.712000,0.715000
7277.001000,1.712000,0.713000
7278.001000,1.714000,0.717000
7279.001000,1.715000,0.715000
7280.001000,1.715000,0.717000
7281.001000,1.716000,0.723000
7282.001000,1.716000,0.718000
7283.001000,1.716000,0.720000
7284.001000,1.716000,0.718000
7285.001000,1.717000,0.717000
7286.001000,1.717000,0.719000
7287.001000,1.717000,0.715000
7288.001000,1.718000,0.718000
7289.001000,1.718000,0.715000
7290.001000,1.718000,0.722000
7291.001000,1.718000,0.717000
7292.001000,1.718000,0.723000
7293.001000,1.718000,0.717000
7294.001000,1.718000,0.722000
7295.001000,1.717000,0.719000
7296.001000,1.717000,0.718000
7297.001000,1.716000,0.719000
7298.001000,1.716000,0.722000
7299.001000,1.718000,0.728000
7300.001000,1.719000,0.722000
7301.001000,1.720000,0.711000
7302.001000,1.720000,0.713000
7303.001000,1.721000,0.709000
7304.001000,1.722000,0.708000
7305.001000,1.722000,0.709000
7306.001000,1.722000,0.710000
7307.001000,1.722000,0.711000
7308.001000,1.723000,0.710000
7309.001000,1.723000,0.708000
7310.001000,1.723000,0.713000
7311.001000,1.724000,0.715000
7312.001000,1.724000,0.717000
7313.001000,1.724000,0.715000
7314.001000,1.724000,0.710000
7315.001000,1.725000,0.708000
7316.001000,1.725000,0.712000
7317.001000,1.725000,0.711000
7318.001000,1.725000,0.712000
7319.001000,1.725000,0.715000
7320.001000,1.725000,0.714000
7321.001000,1.724000,0.722000
7322.001000,1.724000,0.724000
7323.001000,1.724000,0.726000
7324.001000,1.724000,0.725000
7325.001000,1.724000,0.732000
7326.001000,1.724000,0.726000
7327.001000,1.724000,0.729000
7328.001000,1.725000,0.721000
7329.001000,1.726000,0.725000
7330.001000,1.726000,0.727000
7331.001000,1.726000,0.730000
7332.001000,1.726000,0.725000
7333.001000,1.727000,0.724000
7334.001000,1.728000,0.727000
7335.001000,1.728000,0.725000
7336.001000,1.728000,0.733000
7337.001000,1.728000,0.732000
7338.001000,1.729000,0.729000
7339.001000,1.728000,0.729000
7340.001000,1.729000,0.731000
7341.001000,1.729000,0.733000
7342.001000,1.729000,0.735000
7343.001000,1.730000,0.731000
7344.001000,1.730000,0.732000
7345.001000,1.730000,0.729000
7346.001000,1.730000,0.730000
7347.001000,1.730000,0.732000
7348.001000,1.730000,0.731000
7349.001000,1.731000,0.733000
7350.001000,1.731000,0.732000
7351.001000,1.732000,0.731000
7352.001000,1.732000,0.727000
7353.001000,1.733000,0.736000
7354.001000,1.733000,0.736000
7355.001000,1.733000,0.732000
7356.001000,1.733000,0.734000
7357.001000,1.734000,0.732000
7358.001000,1.734000,0.734000
7359.001000,1.734000,0.736000
7360.001000,1.734000,0.726000
7361.001000,1.734000,0.729000
7362.001000,1.735000,0.725000
7363.001000,1.735000,0.728000
7364.001000,1.735000,0.725000
7365.001000,1.735000,0.726000
7366.001000,1.735000,0.732000
7367.001000,1.735000,0.728000
7368.001000,1.736000,0.720000
7369.001000,1.736000,0.719000
7370.001000,1.735000,0.716000
7371.001000,1.736000,0.719000
7372.001000,1.736000,0.719000
7373.001000,1.736000,0.713000
7374.001000,1.736000,0.721000
7375.001000,1.736000,0.714000
7376.001000,1.737000,0.717000
7377.001000,1.737000,0.716000
7378.001000,1.737000,0.715000
7379.001000,1.737000,0.718000
7380.001000,1.737000,0.720000
7381.001000,1.738000,0.717000
7382.001000,1.738000,0.715000
7383.001000,1.738000,0.717000
7384.001000,1.738000,0.722000
7385.001000,1.738000,0.719000
7386.001000,1.738000,0.725000
7387.001000,1.737000,0.722000
7388.001000,1.737000,0.725000
7389.001000,1.738000,0.722000
7390.001000,1.738000,0.730000
7391.001000,1.738000,0.722000
7392.001000,1.738000,0.723000
7393.001000,1.739000,0.729000
7394.001000,1.739000,0.735000
7395.001000,1.739000,0.739000
7396.001000,1.740000,0.744000
7397.001000,1.740000,0.742000
7398.001000,1.740000,0.742000
7399.001000,1.741000,0.742000
7400.001000,1.741000,0.737000
7401.001000,1.741000,0.743000
7402.001000,1.741000,0.743000
7403.001000,1.742000,0.745000
7404.001000,1.742000,0.743000
7405.001000,1.742000,0.743000
7406.001000,1.742000,0.742000
7407.001000,1.742000,0.748000
7408.001000,1.743000,0.743000
7409.001000,1.743000,0.743000
7410.001000,1.743000,0.740000
7411.001000,1.743000,0.749000
7412.001000,1.743000,0.746000
7413.001000,1.743000,0.746000
7414.001000,1.743000,0.748000
7415.001000,1.743000,0.753000
7416.001000,1.743000,0.755000
7417.001000,1.743000,0.749000
7418.001000,1.743000,0.752000
7419.001000,1.745000,0.749000
7420.001000,1.747000,0.748000
7421.001000,1.748000,0.747000
7422.001000,1.749000,0.751000
7423.001000,1.750000,0.749000
7424.001000,1.751000,0.751000
7425.001000,1.751000,0.754000
7426.001000,1.751000,0.749000
7427.001000,1.752000,0.749000
7428.001000,1.753000,0.752000
7429.001000,1.753000,0.752000
7430.001000,1.753000,0.751000
7431.001000,1.753000,0.753000
7432.001000,1.753000,0.751000
7433.001000,1.753000,0.753000
7434.001000,1.753000,0.752000
7435.001000,1.753000,0.753000
7436.001000,1.752000,0.755000
7437.001000,1.752000,0.755000
7438.001000,1.752000,0.754000
7439.001000,1.752000,0.755000
7440.001000,1.751000,0.753000
7441.001000,1.751000,0.754000
7442.001000,1.751000,0.753000
7443.001000,1.753000,0.754000
7444.001000,1.753000,0.753000
7445.001000,1.754000,0.753000
7446.001000,1.754000,0.756000
7447.001000,1.754000,0.756000
7448.001000,1.754000,0.755000
7449.001000,1.754000,0.756000
7450.001000,1.754000,0.757000
7451.001000,1.754000,0.755000
7452.001000,1.754000,0.757000
7453.001000,1.754000,0.756000
7454.001000,1.754000,0.748000
7455.001000,1.754000,0.754000
7456.001000,1.755000,0.754000
7457.001000,1.755000,0.756000
7458.001000,1.756000,0.760000
7459.001000,1.756000,0.753000
7460.001000,1.757000,0.752000
7461.001000,1.757000,0.753000
7462.001000,1.757000,0.754000
7463.001000,1.758000,0.749000
7464.001000,1.758000,0.753000
7465.001000,1.758000,0.745000
7466.001000,1.758000,0.737000
7467.001000,1.759000,0.735000
7468.001000,1.759000,0.740000
7469.001000,1.759000,0.737000
7470.001000,1.759000,0.738000
7471.001000,1.760000,0.738000
7472.001000,1.760000,0.735000
7473.001000,1.760000,0.735000
7474.001000,1.760000,0.734000
7475.001000,1.760000,0.735000
7476.001000,1.761000,0.738000
7477.001000,1.761000,0.737000
7478.001000,1.761000,0.741000
7479.001000,1.761000,0.734000
7480.001000,1.762000,0.738000
7481.001000,1.762000,0.737000
7482.001000,1.762000,0.736000
7483.001000,1.763000,0.734000
7484.001000,1.763000,0.738000
7485.001000,1.763000,0.735000
7486.001000,1.763000,0.737000
7487.001000,1.763000,0.740000
7488.001000,1.763000,0.738000
7489.001000,1.763000,0.736000
7490.001000,1.763000,0.734000
7491.001000,1.763000,0.733000
7492.001000,1.763000,0.734000
7493.001000,1.763000,0.736000
7494.001000,1.763000,0.734000
7495.001000,1.763000,0.734000
7496.001000,1.763000,0.735000
7497.001000,1.763000,0.739000
7498.001000,1.763000,0.735000
7499.001000,1.764000,0.736000
7500.001000,1.764000,0.738000
7501.001000,1.764000,0.733000
7502.001000,1.764000,0.735000
7503.001000,1.765000,0.736000
7504.001000,1.765000,0.736000
7505.001000,1.765000,0.734000
7506.001000,1.765000,0.736000
7507.001000,1.765000,0.736000
7508.001000,1.765000,0.735000
7509.001000,1.766000,0.738000
7510.001000,1.766000,0.738000
7511.001000,1.766000,0.737000
7512.001000,1.766000,0.739000
7513.001000,1.766000,0.736000
7514.001000,1.766000,0.740000
7515.001000,1.766000,0.737000
7516.001000,1.766000,0.732000
7517.001000,1.766000,0.737000
7518.001000,1.767000,0.735000
7519.001000,1.767000,0.740000
7520.001000,1.767000,0.739000
7521.001000,1.767000,0.744000
7522.001000,1.767000,0.742000
7523.001000,1.767000,0.742000
7524.001000,1.767000,0.743000
7525.001000,1.767000,0.741000
7526.001000,1.767000,0.738000
7527.001000,1.767000,0.741000
7528.001000,1.767000,0.740000
7529.001000,1.767000,0.741000
7530.001000,1.767000,0.740000
7531.001000,1.768000,0.744000
7532.001000,1.767000,0.738000
7533.001000,1.767000,0.744000
7534.001000,1.768000,0.743000
7535.001000,1.767000,0.744000
7536.001000,1.767000,0.752000
7537.001000,1.767000,0.764000
7538.001000,1.767000,0.768000
7539.001000,1.767000,0.767000
7540.001000,1.767000,0.767000
7541.001000,1.767000,0.760000
7542.001000,1.767000,0.756000
7543.001000,1.766000,0.763000
7544.001000,1.767000,0.765000
7545.001000,1.767000,0.764000
7546.001000,1.768000,0.762000
7547.001000,1.767000,0.769000
7548.001000,1.768000,0.769000
7549.001000,1.768000,0.772000
7550.001000,1.768000,0.771000
7551.001000,1.769000,0.769000
7552.001000,1.769000,0.766000
7553.001000,1.769000,0.767000
7554.001000,1.769000,0.770000
7555.001000,1.769000,0.766000
7556.001000,1.770000,0.767000
7557.001000,1.770000,0.770000
7558.001000,1.770000,0.769000
7559.001000,1.770000,0.771000
7560.001000,1.770000,0.770000
7561.001000,1.770000,0.767000
7562.001000,1.771000,0.771000
7563.001000,1.771000,0.767000
7564.001000,1.771000,0.774000
7565.001000,1.771000,0.772000
7566.001000,1.772000,0.770000
7567.001000,1.772000,0.769000
7568.001000,1.772000,0.771000
7569.001000,1.772000,0.772000
7570.001000,1.772000,0.772000
7571.001000,1.772000,0.774000
7572.001000,1.773000,0.773000
7573.001000,1.772000,0.774000
7574.001000,1.773000,0.776000
7575.001000,1.773000,0.771000
7576.001000,1.773000,0.771000
7577.001000,1.773000,0.768000
7578.001000,1.773000,0.773000
7579.001000,1.773000,0.774000
7580.001000,1.773000,0.763000
7581.001000,1.773000,0.759000
7582.001000,1.773000,0.758000
7583.001000,1.773000,0.760000
7584.001000,1.773000,0.755000
7585.001000,1.773000,0.755000
7586.001000,1.774000,0.757000
7587.001000,1.774000,0.754000
7588.001000,1.774000,0.756000
7589.001000,1.774000,0.758000
7590.001000,1.774000,0.760000
7591.001000,1.774000,0.757000
7592.001000,1.774000,0.754000
7593.001000,1.774000,0.755000
7594.001000,1.774000,0.754000
7595.001000,1.774000,0.754000
7596.001000,1.774000,0.752000
7597.001000,1.774000,0.748000
7598.001000,1.775000,0.755000
7599.001000,1.775000,0.750000
7600.001000,1.775000,0.752000
7601.001000,1.776000,0.752000
7602.001000,1.776000,0.754000
7603.001000,1.775000,0.755000
7604.001000,1.776000,0.753000
7605.001000,1.776000,0.754000
7606.001000,1.776000,0.753000
7607.001000,1.776000,0.750000
7608.001000,1.777000,0.750000
7609.001000,1.777000,0.753000
7610.001000,1.777000,0.750000
7611.001000,1.777000,0.749000
7612.001000,1.777000,0.751000
7613.001000,1.777000,0.757000
7614.001000,1.777000,0.754000
7615.001000,1.778000,0.756000
7616.001000,1.778000,0.757000
7617.001000,1.778000,0.758000
7618.001000,1.778000,0.756000
7619.001000,1.778000,0.749000
7620.001000,1.778000,0.754000
7621.001000,1.778000,0.755000
7622.001000,1.779000,0.757000
7623.001000,1.779000,0.755000
7624.001000,1.779000,0.757000
7625.001000,1.779000,0.760000
7626.001000,1.779000,0.763000
7627.001000,1.779000,0.759000
7628.001000,1.779000,0.759000
7629.001000,1.780000,0.758000
7630.001000,1.780000,0.754000
7631.001000,1.780000,0.756000
7632.001000,1.780000,0.758000
7633.001000,1.780000,0.758000
7634.001000,1.780000,0.754000
7635.001000,1.780000,0.755000
7636.001000,1.780000,0.758000
7637.001000,1.781000,0.752000
7638.001000,1.781000,0.754000
7639.001000,1.781000,0.752000
7640.001000,1.781000,0.751000
7641.001000,1.781000,0.753000
7642.001000,1.781000,0.752000
7643.001000,1.782000,0.758000
7644.001000,1.781000,0.754000
7645.001000,1.781000,0.754000
7646.001000,1.781000,0.753000
7647.001000,1.781000,0.752000
7648.001000,1.781000,0.747000
7649.001000,1.781000,0.755000
7650.001000,1.781000,0.755000
7651.001000,1.782000,0.756000
7652.001000,1.782000,0.749000
7653.001000,1.781000,0.752000
7654.001000,1.781000,0.754000
7655.001000,1.781000,0.755000
7656.001000,1.781000,0.751000
7657.001000,1.781000,0.753000
7658.001000,1.781000,0.756000
7659.001000,1.781000,0.758000
7660.001000,1.781000,0.758000
7661.001000,1.781000,0.760000
7662.001000,1.781000,0.760000
7663.001000,1.781000,0.762000
7664.001000,1.781000,0.758000
7665.001000,1.781000,0.758000
7666.001000,1.781000,0.759000
7667.001000,1.782000,0.761000
7668.001000,1.782000,0.761000
7669.001000,1.782000,0.761000
7670.001000,1.782000,0.763000
7671.001000,1.781000,0.760000
7672.001000,1.781000,0.759000
7673.001000,1.781000,0.758000
7674.001000,1.781000,0.761000
7675.001000,1.781000,0.758000
7676.001000,1.781000,0.761000
7677.001000,1.781000,0.760000
7678.001000,1.781000,0.764000
7679.001000,1.781000,0.760000
7680.001000,1.781000,0.761000
7681.001000,1.781000,0.759000
7682.001000,1.781000,0.761000
7683.001000,1.781000,0.760000
7684.001000,1.781000,0.757000
7685.001000,1.781000,0.761000
7686.001000,1.781000,0.760000
7687.001000,1.781000,0.757000
7688.001000,1.781000,0.759000
7689.001000,1.782000,0.760000
7690.001000,1.782000,0.758000
7691.001000,1.782000,0.761000
7692.001000,1.783000,0.759000
7693.001000,1.783000,0.763000
7694.001000,1.783000,0.762000
7695.001000,1.783000,0.764000
7696.001000,1.784000,0.761000
7697.001000,1.784000,0.761000
7698.001000,1.784000,0.764000
7699.001000,1.785000,0.763000
7700.001000,1.785000,0.764000
7701.001000,1.785000,0.763000
7702.001000,1.785000,0.755000
7703.001000,1.786000,0.761000
7704.001000,1.786000,0.762000
7705.001000,1.786000,0.760000
7706.001000,1.786000,0.759000
7707.001000,1.786000,0.757000
7708.001000,1.786000,0.759000
7709.001000,1.786000,0.757000
7710.001000,1.787000,0.758000
7711.001000,1.787000,0.760000
7712.001000,1.787000,0.761000
7713.001000,1.787000,0.762000
7714.001000,1.787000,0.761000
7715.001000,1.787000,0.761000
7716.001000,1.787000,0.763000
7717.001000,1.787000,0.761000
7718.001000,1.787000,0.763000
7719.001000,1.787000,0.764000
7720.001000,1.787000,0.762000
7721.001000,1.787000,0.763000
7722.001000,1.787000,0.762000
7723.001000,1.788000,0.763000
7724.001000,1.788000,0.766000
7725.001000,1.788000,0.764000
7726.001000,1.788000,0.764000
7727.001000,1.788000,0.767000
7728.001000,1.788000,0.767000
7729.001000,1.788000,0.765000
7730.001000,1.788000,0.767000
7731.001000,1.788000,0.763000
7732.001000,1.788000,0.766000
7733.001000,1.788000,0.766000
7734.001000,1.788000,0.765000
7735.001000,1.788000,0.765000
7736.001000,1.788000,0.767000
7737.001000,1.787000,0.763000
7738.001000,1.787000,0.768000
7739.001000,1.788000,0.764000
7740.001000,1.788000,0.768000
7741.001000,1.788000,0.771000
7742.001000,1.788000,0.765000
7743.001000,1.787000,0.762000
7744.001000,1.788000,0.759000
7745.001000,1.787000,0.754000
7746.001000,1.787000,0.756000
7747.001000,1.787000,0.758000
7748.001000,1.787000,0.755000
7749.001000,1.787000,0.757000
7750.001000,1.787000,0.754000
7751.001000,1.787000,0.758000
7752.001000,1.787000,0.756000
7753.001000,1.787000,0.759000
7754.001000,1.787000,0.758000
7755.001000,1.787000,0.760000
7756.001000,1.787000,0.756000
7757.001000,1.787000,0.753000
7758.001000,1.787000,0.755000
7759.001000,1.787000,0.759000
7760.001000,1.787000,0.755000
7761.001000,1.787000,0.761000
7762.001000,1.788000,0.761000
7763.001000,1.788000,0.758000
7764.001000,1.788000,0.757000
7765.001000,1.788000,0.755000
7766.001000,1.788000,0.759000
7767.001000,1.788000,0.755000
7768.001000,1.788000,0.758000
7769.001000,1.788000,0.760000
7770.001000,1.788000,0.756000
7771.001000,1.789000,0.766000
7772.001000,1.789000,0.761000
7773.001000,1.789000,0.765000
7774.001000,1.789000,0.760000
7775.001000,1.789000,0.767000
7776.001000,1.789000,0.767000
7777.001000,1.788000,0.764000
7778.001000,1.787000,0.763000
7779.001000,1.788000,0.765000
7780.001000,1.787000,0.766000
7781.001000,1.788000,0.763000
7782.001000,1.788000,0.766000
7783.001000,1.788000,0.763000
7784.001000,1.788000,0.765000
7785.001000,1.788000,0.763000
7786.001000,1.788000,0.764000
7787.001000,1.788000,0.765000
7788.001000,1.788000,0.764000
7789.001000,1.788000,0.763000
7790.001000,1.789000,0.761000
7791.001000,1.788000,0.766000
7792.001000,1.788000,0.767000
7793.001000,1.789000,0.765000
7794.001000,1.789000,0.763000
7795.001000,1.790000,0.760000
7796.001000,1.790000,0.763000
7797.001000,1.790000,0.761000
7798.001000,1.791000,0.762000
7799.001000,1.791000,0.764000
7800.001000,1.792000,0.760000
7801.001000,1.792000,0.764000
7802.001000,1.792000,0.760000
7803.001000,1.793000,0.759000
7804.001000,1.793000,0.758000
7805.001000,1.793000,0.763000
7806.001000,1.793000,0.761000
7807.001000,1.794000,0.758000
7808.001000,1.793000,0.760000
7809.001000,1.794000,0.756000
7810.001000,1.794000,0.756000
7811.001000,1.794000,0.756000
7812.001000,1.794000,0.763000
7813.001000,1.794000,0.764000
7814.001000,1.794000,0.765000
7815.001000,1.795000,0.764000
7816.001000,1.795000,0.763000
7817.001000,1.795000,0.757000
7818.001000,1.795000,0.765000
7819.001000,1.796000,0.766000
7820.001000,1.796000,0.764000
7821.001000,1.796000,0.763000
7822.001000,1.796000,0.768000
7823.001000,1.796000,0.771000
7824.001000,1.796000,0.764000
7825.001000,1.797000,0.767000
7826.001000,1.797000,0.765000
7827.001000,1.797000,0.765000
7828.001000,1.797000,0.768000
7829.001000,1.798000,0.763000
7830.001000,1.798000,0.763000
7831.001000,1.798000,0.765000
7832.001000,1.799000,0.770000
7833.001000,1.799000,0.773000
7834.001000,1.799000,0.768000
7835.001000,1.799000,0.769000
7836.001000,1.799000,0.770000
7837.001000,1.799000,0.770000
7838.001000,1.799000,0.771000
7839.001000,1.799000,0.775000
7840.001000,1.800000,0.770000
7841.001000,1.800000,0.771000
7842.001000,1.800000,0.774000
7843.001000,1.800000,0.766000
7844.001000,1.800000,0.763000
7845.001000,1.800000,0.769000
7846.001000,1.800000,0.768000
7847.001000,1.801000,0.765000
7848.001000,1.801000,0.771000
7849.001000,1.801000,0.772000
7850.001000,1.802000,0.771000
7851.001000,1.802000,0.774000
7852.001000,1.802000,0.774000
7853.001000,1.802000,0.773000
7854.001000,1.802000,0.771000
7855.001000,1.802000,0.772000
7856.001000,1.802000,0.771000
7857.001000,1.802000,0.770000
7858.001000,1.803000,0.772000
7859.001000,1.803000,0.772000
7860.001000,1.803000,0.766000
7861.001000,1.803000,0.764000
7862.001000,1.803000,0.771000
7863.001000,1.804000,0.764000
7864.001000,1.803000,0.768000
7865.001000,1.804000,0.770000
7866.001000,1.804000,0.766000
7867.001000,1.804000,0.765000
7868.001000,1.804000,0.768000
7869.001000,1.804000,0.768000
7870.001000,1.804000,0.772000
7871.001000,1.804000,0.765000
7872.001000,1.804000,0.767000
7873.001000,1.804000,0.768000
7874.001000,1.805000,0.770000
7875.001000,1.805000,0.774000
7876.001000,1.805000,0.774000
7877.001000,1.805000,0.772000
7878.001000,1.805000,0.773000
7879.001000,1.805000,0.774000
7880.001000,1.805000,0.768000
7881.001000,1.806000,0.766000
7882.001000,1.806000,0.768000
7883.001000,1.806000,0.770000
7884.001000,1.806000,0.773000
7885.001000,1.806000,0.767000
7886.001000,1.807000,0.771000
7887.001000,1.807000,0.765000
7888.001000,1.807000,0.767000
7889.001000,1.807000,0.768000
7890.001000,1.807000,0.770000
7891.001000,1.807000,0.770000
7892.001000,1.807000,0.768000
7893.001000,1.807000,0.774000
7894.001000,1.807000,0.769000
7895.001000,1.807000,0.772000
7896.001000,1.807000,0.773000
7897.001000,1.807000,0.769000
7898.001000,1.808000,0.771000
7899.001000,1.808000,0.773000
7900.001000,1.808000,0.773000
7901.001000,1.808000,0.771000
7902.001000,1.808000,0.773000
7903.001000,1.808000,0.773000
7904.001000,1.808000,0.768000
7905.001000,1.808000,0.773000
7906.001000,1.808000,0.771000
7907.001000,1.808000,0.771000
7908.001000,1.808000,0.771000
7909.001000,1.809000,0.771000
7910.001000,1.809000,0.772000
7911.001000,1.809000,0.774000
7912.001000,1.809000,0.773000
7913.001000,1.809000,0.773000
7914.001000,1.809000,0.769000
7915.001000,1.810000,0.775000
7916.001000,1.810000,0.773000
7917.001000,1.810000,0.770000
7918.001000,1.810000,0.775000
7919.001000,1.810000,0.771000
7920.001000,1.810000,0.774000
7921.001000,1.811000,0.772000
7922.001000,1.811000,0.774000
7923.001000,1.811000,0.773000
7924.001000,1.811000,0.774000
7925.001000,1.811000,0.773000
7926.001000,1.811000,0.773000
7927.002000,1.812000,0.774000
7928.001000,1.812000,0.770000
7929.001000,1.812000,0.777000
7930.001000,1.812000,0.774000
7931.001000,1.812000,0.775000
7932.001000,1.812000,0.777000
7933.001000,1.812000,0.774000
7934.001000,1.813000,0.773000
7935.001000,1.813000,0.773000
7936.001000,1.813000,0.779000
7937.001000,1.813000,0.774000
7938.001000,1.813000,0.774000
7939.001000,1.813000,0.775000
7940.001000,1.813000,0.774000
7941.001000,1.814000,0.775000
7942.001000,1.814000,0.775000
7943.001000,1.814000,0.775000
7944.001000,1.814000,0.775000
7945.001000,1.814000,0.780000
7946.001000,1.814000,0.782000
7947.001000,1.815000,0.778000
7948.001000,1.815000,0.775000
7949.001000,1.815000,0.775000
7950.001000,1.815000,0.778000
7951.001000,1.815000,0.775000
7952.001000,1.815000,0.775000
7953.001000,1.815000,0.776000
7954.001000,1.815000,0.779000
7955.001000,1.815000,0.775000
7956.001000,1.815000,0.781000
7957.001000,1.815000,0.777000
7958.001000,1.815000,0.775000
7959.001000,1.816000,0.777000
7960.001000,1.816000,0.775000
7961.001000,1.816000,0.780000
7962.001000,1.816000,0.782000
7963.001000,1.816000,0.777000
7964.001000,1.816000,0.778000
7965.001000,1.816000,0.778000
7966.001000,1.816000,0.777000
7967.001000,1.817000,0.781000
7968.001000,1.817000,0.781000
7969.001000,1.817000,0.780000
7970.001000,1.817000,0.781000
7971.001000,1.817000,0.782000
7972.001000,1.817000,0.779000
7973.001000,1.817000,0.777000
7974.001000,1.817000,0.778000
7975.001000,1.818000,0.776000
7976.001000,1.818000,0.779000
7977.001000,1.818000,0.776000
7978.001000,1.818000,0.776000
7979.001000,1.818000,0.778000
7980.001000,1.818000,0.777000
7981.001000,1.818000,0.781000
7982.001000,1.818000,0.782000
7983.001000,1.818000,0.776000
7984.001000,1.818000,0.775000
7985.001000,1.819000,0.776000
7986.001000,1.819000,0.772000
7987.001000,1.819000,0.779000
7988.001000,1.819000,0.778000
7989.001000,1.819000,0.779000
7990.001000,1.819000,0.774000
7991.001000,1.819000,0.778000
7992.001000,1.819000,0.777000
7993.001000,1.819000,0.775000
7994.001000,1.819000,0.777000
7995.001000,1.820000,0.777000
7996.001000,1.820000,0.780000
7997.001000,1.820000,0.777000
7998.001000,1.820000,0.777000
7999.001000,1.820000,0.774000
8000.001000,1.821000,0.774000
8001.001000,1.821000,0.771000
8002.001000,1.821000,0.772000
8003.001000,1.821000,0.775000
8004.001000,1.821000,0.771000
8005.001000,1.822000,0.773000
8006.001000,1.822000,0.773000
8007.001000,1.822000,0.773000
8008.001000,1.822000,0.776000
8009.001000,1.822000,0.773000
8010.001000,1.822000,0.771000
8011.001000,1.822000,0.775000
8012.001000,1.822000,0.774000
8013.001000,1.823000,0.771000
8014.001000,1.823000,0.773000
8015.001000,1.823000,0.772000
8016.001000,1.823000,0.771000
8017.001000,1.823000,0.772000
8018.001000,1.823000,0.771000
8019.001000,1.823000,0.769000
8020.001000,1.823000,0.771000
8021.001000,1.823000,0.768000
8022.001000,1.823000,0.770000
8023.001000,1.823000,0.772000
8024.001000,1.823000,0.771000
8025.001000,1.823000,0.768000
8026.001000,1.824000,0.772000
8027.001000,1.824000,0.773000
8028.001000,1.824000,0.772000
8029.001000,1.824000,0.772000
8030.001000,1.824000,0.773000
8031.001000,1.824000,0.773000
8032.001000,1.824000,0.769000
8033.001000,1.824000,0.772000
8034.001000,1.825000,0.774000
8035.001000,1.825000,0.774000
8036.001000,1.824000,0.776000
8037.001000,1.825000,0.774000
8038.001000,1.825000,0.775000
8039.001000,1.825000,0.777000
8040.001000,1.825000,0.772000
8041.001000,1.825000,0.774000
8042.001000,1.824000,0.775000
8043.001000,1.824000,0.774000
8044.001000,1.824000,0.773000
8045.001000,1.824000,0.773000
8046.001000,1.824000,0.766000
8047.001000,1.825000,0.767000
8048.001000,1.825000,0.770000
8049.001000,1.825000,0.768000
8050.001000,1.825000,0.773000
8051.001000,1.825000,0.769000
8052.001000,1.826000,0.770000
8053.001000,1.826000,0.767000
8054.001000,1.826000,0.775000
8055.001000,1.826000,0.774000
8056.001000,1.826000,0.774000
8057.001000,1.826000,0.775000
8058.001000,1.826000,0.777000
8059.001000,1.826000,0.775000
8060.001000,1.826000,0.775000
8061.001000,1.826000,0.776000
8062.001000,1.826000,0.778000
8063.001000,1.826000,0.779000
8064.001000,1.827000,0.777000
8065.001000,1.827000,0.778000
8066.001000,1.827000,0.775000
8067.001000,1.827000,0.776000
8068.001000,1.827000,0.776000
8069.001000,1.828000,0.775000
8070.001000,1.828000,0.776000
8071.001000,1.828000,0.774000
8072.001000,1.828000,0.774000
8073.001000,1.828000,0.771000
8074.001000,1.828000,0.776000
8075.001000,1.828000,0.776000
8076.001000,1.828000,0.775000
8077.001000,1.827000,0.774000
8078.001000,1.827000,0.778000
8079.001000,1.827000,0.781000
8080.001000,1.827000,0.778000
8081.001000,1.827000,0.776000
8082.001000,1.827000,0.774000
8083.001000,1.828000,0.774000
8084.001000,1.828000,0.775000
8085.001000,1.828000,0.773000
8086.001000,1.828000,0.779000
8087.001000,1.828000,0.766000
8088.001000,1.829000,0.774000
8089.001000,1.828000,0.773000
8090.001000,1.829000,0.771000
8091.001000,1.828000,0.777000
8092.001000,1.828000,0.777000
8093.001000,1.828000,0.775000
8094.001000,1.828000,0.776000
8095.001000,1.828000,0.768000
8096.001000,1.828000,0.768000
8097.001000,1.828000,0.774000
8098.001000,1.828000,0.770000
8099.001000,1.828000,0.771000
8100.001000,1.828000,0.774000
8101.001000,1.828000,0.775000
8102.001000,1.828000,0.773000
8103.001000,1.827000,0.768000
8104.001000,1.827000,0.776000
8105.001000,1.827000,0.774000
8106.001000,1.827000,0.775000
8107.001000,1.828000,0.771000
8108.001000,1.828000,0.775000
8109.001000,1.828000,0.776000
8110.001000,1.828000,0.778000
8111.001000,1.828000,0.775000
8112.001000,1.828000,0.776000
8113.001000,1.828000,0.774000
8114.001000,1.828000,0.774000
8115.001000,1.829000,0.772000
8116.001000,1.828000,0.771000
8117.001000,1.828000,0.768000
8118.001000,1.828000,0.769000
8119.001000,1.828000,0.773000
8120.001000,1.829000,0.777000
8121.001000,1.829000,0.777000
8122.001000,1.829000,0.773000
8123.001000,1.828000,0.778000
8124.001000,1.828000,0.776000
8125.001000,1.828000,0.775000
8126.001000,1.828000,0.776000
8127.001000,1.828000,0.778000
8128.001000,1.828000,0.781000
8129.001000,1.827000,0.782000
8130.001000,1.827000,0.781000
8131.001000,1.826000,0.777000
8132.001000,1.825000,0.768000
8133.001000,1.825000,0.766000
8134.001000,1.825000,0.767000
8135.001000,1.825000,0.766000
8136.001000,1.825000,0.770000
8137.001000,1.825000,0.776000
8138.001000,1.826000,0.774000
8139.001000,1.826000,0.778000
8140.001000,1.826000,0.776000
8141.001000,1.825000,0.775000
8142.001000,1.824000,0.776000
8143.001000,1.824000,0.781000
8144.001000,1.825000,0.780000
8145.001000,1.824000,0.775000
8146.001000,1.824000,0.782000
8147.001000,1.824000,0.781000
8148.001000,1.824000,0.780000
8149.001000,1.824000,0.776000
8150.001000,1.825000,0.777000
8151.001000,1.825000,0.780000
8152.001000,1.825000,0.781000
8153.001000,1.825000,0.782000
8154.001000,1.825000,0.781000
8155.001000,1.825000,0.782000
8156.001000,1.825000,0.781000
8157.001000,1.825000,0.781000
8158.001000,1.825000,0.780000
8159.001000,1.826000,0.776000
8160.001000,1.826000,0.774000
8161.001000,1.825000,0.777000
8162.001000,1.825000,0.775000
8163.001000,1.826000,0.777000
8164.001000,1.826000,0.778000
8165.001000,1.826000,0.775000
8166.001000,1.825000,0.773000
8167.001000,1.825000,0.773000
8168.001000,1.825000,0.776000
8169.001000,1.825000,0.774000
8170.001000,1.825000,0.774000
8171.001000,1.825000,0.774000
8172.001000,1.825000,0.774000
8173.001000,1.825000,0.773000
8174.001000,1.825000,0.776000
8175.001000,1.824000,0.773000
8176.001000,1.824000,0.776000
8177.001000,1.824000,0.773000
8178.001000,1.824000,0.774000
8179.001000,1.824000,0.774000
8180.001000,1.823000,0.771000
8181.001000,1.823000,0.768000
8182.001000,1.823000,0.769000
8183.001000,1.823000,0.769000
8184.001000,1.824000,0.772000
8185.001000,1.824000,0.767000
8186.001000,1.823000,0.773000
8187.001000,1.823000,0.772000
8188.001000,1.823000,0.768000
8189.001000,1.823000,0.764000
8190.001000,1.823000,0.769000
8191.001000,1.822000,0.769000
8192.001000,1.822000,0.771000
8193.001000,1.822000,0.768000
8194.001000,1.822000,0.774000
8195.001000,1.822000,0.777000
8196.001000,1.822000,0.775000
8197.001000,1.822000,0.776000
8198.001000,1.822000,0.774000
8199.001000,1.822000,0.776000
8200.001000,1.822000,0.774000
8201.001000,1.822000,0.773000
8202.001000,1.822000,0.773000
8203.001000,1.823000,0.772000
8204.001000,1.823000,0.770000
8205.001000,1.823000,0.769000
8206.001000,1.823000,0.770000
8207.001000,1.823000,0.770000
8208.001000,1.823000,0.774000
8209.001000,1.823000,0.775000
8210.001000,1.823000,0.776000
8211.001000,1.823000,0.775000
8212.001000,1.823000,0.775000
8213.001000,1.823000,0.774000
8214.001000,1.823000,0.775000
8215.001000,1.824000,0.775000
8216.001000,1.824000,0.777000
8217.001000,1.823000,0.777000
8218.001000,1.824000,0.769000
8219.001000,1.824000,0.776000
8220.001000,1.824000,0.775000
8221.001000,1.824000,0.773000
8222.001000,1.824000,0.773000
8223.001000,1.824000,0.773000
8224.001000,1.824000,0.771000
8225.001000,1.825000,0.774000
8226.001000,1.825000,0.776000
8227.001000,1.825000,0.777000
8228.001000,1.825000,0.775000
8229.001000,1.825000,0.774000
8230.001000,1.825000,0.777000
8231.001000,1.825000,0.775000
8232.001000,1.825000,0.774000
8233.001000,1.825000,0.775000
8234.001000,1.825000,0.769000
8235.001000,1.825000,0.773000
8236.001000,1.825000,0.768000
8237.001000,1.825000,0.773000
8238.001000,1.825000,0.773000
8239.001000,1.826000,0.772000
8240.001000,1.825000,0.769000
8241.001000,1.824000,0.767000
8242.001000,1.824000,0.775000
8243.001000,1.824000,0.770000
8244.001000,1.824000,0.767000
8245.001000,1.824000,0.773000
8246.001000,1.824000,0.770000
8247.001000,1.824000,0.771000
8248.001000,1.824000,0.772000
8249.001000,1.824000,0.773000
8250.001000,1.824000,0.774000
8251.001000,1.824000,0.772000
8252.001000,1.824000,0.776000
8253.001000,1.824000,0.779000
8254.001000,1.824000,0.775000
8255.001000,1.825000,0.774000
8256.001000,1.824000,0.770000
8257.001000,1.824000,0.776000
8258.001000,1.824000,0.772000
8259.001000,1.825000,0.773000
8260.001000,1.825000,0.773000
8261.001000,1.825000,0.769000
8262.001000,1.824000,0.768000
8263.001000,1.824000,0.764000
8264.001000,1.824000,0.768000
8265.001000,1.824000,0.768000
8266.001000,1.824000,0.767000
8267.001000,1.824000,0.765000
8268.001000,1.824000,0.766000
8269.001000,1.824000,0.763000
8270.001000,1.824000,0.767000
8271.001000,1.824000,0.771000
8272.001000,1.824000,0.767000
8273.001000,1.824000,0.760000
8274.001000,1.824000,0.766000
8275.001000,1.824000,0.762000
8276.001000,1.824000,0.766000
8277.001000,1.824000,0.768000
8278.001000,1.824000,0.762000
8279.001000,1.823000,0.771000
8280.001000,1.823000,0.774000
8281.001000,1.823000,0.771000
8282.001000,1.823000,0.771000
8283.001000,1.822000,0.771000
8284.001000,1.822000,0.772000
8285.001000,1.822000,0.774000
8286.001000,1.822000,0.772000
8287.001000,1.822000,0.773000
8288.001000,1.822000,0.777000
8289.001000,1.822000,0.777000
8290.001000,1.823000,0.775000
8291.001000,1.823000,0.775000
8292.001000,1.823000,0.771000
8293.001000,1.823000,0.778000
8294.001000,1.823000,0.770000
8295.001000,1.823000,0.768000
8296.001000,1.823000,0.770000
8297.001000,1.823000,0.774000
8298.001000,1.823000,0.771000
8299.001000,1.823000,0.772000
8300.001000,1.823000,0.774000
8301.001000,1.823000,0.774000
8302.001000,1.823000,0.775000
8303.001000,1.823000,0.776000
8304.001000,1.823000,0.776000
8305.001000,1.823000,0.777000
8306.001000,1.823000,0.773000
8307.001000,1.824000,0.777000
8308.001000,1.824000,0.775000
8309.001000,1.824000,0.778000
8310.001000,1.824000,0.778000
8311.001000,1.824000,0.779000
8312.001000,1.824000,0.777000
8313.001000,1.824000,0.777000
8314.001000,1.824000,0.777000
8315.001000,1.824000,0.771000
8316.001000,1.824000,0.771000
8317.001000,1.824000,0.769000
8318.001000,1.824000,0.771000
8319.001000,1.825000,0.775000
8320.001000,1.824000,0.772000
8321.001000,1.825000,0.771000
8322.001000,1.825000,0.769000
8323.001000,1.824000,0.771000
8324.001000,1.824000,0.771000
8325.001000,1.825000,0.775000
8326.001000,1.824000,0.771000
8327.001000,1.825000,0.772000
8328.001000,1.825000,0.773000
8329.001000,1.825000,0.772000
8330.001000,1.825000,0.771000
8331.001000,1.825000,0.774000
8332.001000,1.825000,0.770000
8333.001000,1.825000,0.773000
8334.001000,1.825000,0.772000
8335.001000,1.825000,0.773000
8336.001000,1.825000,0.775000
8337.001000,1.825000,0.772000
8338.001000,1.825000,0.773000
8339.001000,1.825000,0.776000
8340.001000,1.825000,0.776000
8341.001000,1.825000,0.771000
8342.001000,1.826000,0.775000
8343.001000,1.826000,0.772000
8344.001000,1.826000,0.772000
8345.001000,1.826000,0.772000
8346.001000,1.826000,0.772000
8347.001000,1.826000,0.773000
8348.001000,1.826000,0.773000
8349.001000,1.826000,0.774000
8350.001000,1.826000,0.773000
8351.001000,1.827000,0.774000
8352.001000,1.827000,0.774000
8353.001000,1.827000,0.774000
8354.001000,1.827000,0.776000
8355.001000,1.827000,0.771000
8356.001000,1.827000,0.772000
8357.001000,1.827000,0.773000
8358.001000,1.827000,0.774000
8359.001000,1.827000,0.774000
8360.001000,1.827000,0.776000
8361.001000,1.827000,0.775000
8362.001000,1.827000,0.772000
8363.001000,1.826000,0.775000
8364.001000,1.826000,0.778000
8365.001000,1.827000,0.773000
8366.001000,1.827000,0.780000
8367.001000,1.827000,0.780000
8368.001000,1.827000,0.780000
8369.001000,1.827000,0.780000
8370.001000,1.827000,0.780000
8371.001000,1.827000,0.781000
8372.001000,1.827000,0.775000
8373.001000,1.827000,0.777000
8374.001000,1.827000,0.774000
8375.001000,1.827000,0.777000
8376.001000,1.827000,0.778000
8377.001000,1.827000,0.777000
8378.001000,1.827000,0.775000
8379.001000,1.828000,0.781000
8380.001000,1.828000,0.779000
8381.001000,1.828000,0.782000
8382.001000,1.828000,0.783000
8383.001000,1.828000,0.785000
8384.001000,1.828000,0.783000
8385.001000,1.828000,0.779000
8386.001000,1.828000,0.782000
8387.001000,1.828000,0.783000
8388.001000,1.828000,0.783000
8389.001000,1.828000,0.782000
8390.001000,1.828000,0.782000
8391.001000,1.828000,0.780000
8392.001000,1.827000,0.784000
8393.001000,1.827000,0.782000
8394.001000,1.828000,0.782000
8395.001000,1.828000,0.784000
8396.001000,1.828000,0.785000
8397.001000,1.828000,0.786000
8398.001000,1.828000,0.784000
8399.001000,1.828000,0.784000
8400.001000,1.828000,0.786000
8401.001000,1.828000,0.786000
8402.001000,1.828000,0.784000
8403.001000,1.828000,0.786000
8404.001000,1.828000,0.788000
8405.001000,1.828000,0.784000
8406.001000,1.828000,0.787000
8407.001000,1.828000,0.783000
8408.001000,1.828000,0.788000
8409.001000,1.828000,0.788000
8410.001000,1.829000,0.786000
8411.001000,1.828000,0.785000
8412.001000,1.828000,0.786000
8413.001000,1.829000,0.790000
8414.001000,1.829000,0.790000
8415.001000,1.829000,0.780000
8416.001000,1.829000,0.784000
8417.001000,1.829000,0.783000
8418.001000,1.829000,0.781000
8419.001000,1.829000,0.781000
8420.001000,1.829000,0.786000
8421.001000,1.830000,0.784000
8422.001000,1.830000,0.784000
8423.001000,1.830000,0.786000
8424.001000,1.830000,0.789000
8425.001000,1.830000,0.789000
8426.001000,1.830000,0.789000
8427.001000,1.830000,0.786000
8428.001000,1.831000,0.789000
8429.001000,1.831000,0.786000
8430.001000,1.831000,0.787000
8431.001000,1.831000,0.788000
8432.001000,1.831000,0.789000
8433.001000,1.831000,0.787000
8434.001000,1.832000,0.788000
8435.001000,1.832000,0.788000
8436.001000,1.832000,0.788000
8437.001000,1.832000,0.791000
8438.001000,1.832000,0.787000
8439.001000,1.832000,0.787000
8440.001000,1.832000,0.786000
8441.001000,1.831000,0.790000
8442.001000,1.831000,0.785000
8443.001000,1.831000,0.788000
8444.001000,1.831000,0.785000
8445.001000,1.831000,0.786000
8446.001000,1.832000,0.787000
8447.001000,1.832000,0.786000
8448.001000,1.831000,0.785000
8449.001000,1.831000,0.786000
8450.001000,1.832000,0.786000
8451.001000,1.832000,0.783000
8452.001000,1.832000,0.786000
8453.001000,1.832000,0.786000
8454.001000,1.832000,0.784000
8455.001000,1.832000,0.782000
8456.001000,1.832000,0.785000
8457.001000,1.833000,0.785000
8458.001000,1.833000,0.786000
8459.001000,1.833000,0.788000
8460.001000,1.833000,0.786000
8461.001000,1.833000,0.783000
8462.001000,1.833000,0.785000
8463.001000,1.833000,0.785000
8464.001000,1.834000,0.786000
8465.001000,1.833000,0.786000
8466.001000,1.834000,0.788000
8467.001000,1.834000,0.791000
8468.001000,1.834000,0.790000
8469.001000,1.834000,0.791000
8470.001000,1.834000,0.789000
8471.001000,1.834000,0.787000
8472.001000,1.834000,0.787000
8473.001000,1.834000,0.788000
8474.001000,1.834000,0.787000
8475.001000,1.835000,0.788000
8476.001000,1.835000,0.791000
8477.001000,1.835000,0.789000
8478.001000,1.835000,0.787000
8479.001000,1.835000,0.791000
8480.001000,1.835000,0.787000
8481.001000,1.835000,0.788000
8482.001000,1.835000,0.788000
8483.001000,1.835000,0.785000
8484.001000,1.835000,0.787000
8485.001000,1.835000,0.786000
8486.001000,1.836000,0.785000
8487.001000,1.836000,0.789000
8488.001000,1.836000,0.785000
8489.001000,1.836000,0.787000
8490.001000,1.836000,0.787000
8491.001000,1.836000,0.788000
8492.001000,1.836000,0.787000
8493.001000,1.836000,0.789000
8494.001000,1.836000,0.791000
8495.001000,1.837000,0.786000
8496.001000,1.837000,0.786000
8497.001000,1.837000,0.784000
8498.001000,1.837000,0.786000
8499.001000,1.837000,0.788000
8500.001000,1.837000,0.789000
8501.001000,1.837000,0.786000
8502.001000,1.837000,0.787000
8503.001000,1.838000,0.785000
8504.001000,1.838000,0.786000
8505.001000,1.838000,0.788000
8506.001000,1.838000,0.786000
8507.001000,1.838000,0.789000
8508.001000,1.838000,0.787000
8509.001000,1.838000,0.786000
8510.001000,1.838000,0.784000
8511.001000,1.837000,0.789000
8512.001000,1.837000,0.785000
8513.001000,1.837000,0.785000
8514.001000,1.837000,0.786000
8515.001000,1.837000,0.786000
8516.001000,1.838000,0.786000
8517.001000,1.838000,0.784000
8518.001000,1.838000,0.786000
8519.001000,1.838000,0.785000
8520.001000,1.838000,0.783000
8521.001000,1.838000,0.783000
8522.001000,1.838000,0.784000
8523.001000,1.838000,0.787000
8524.001000,1.838000,0.788000
8525.001000,1.838000,0.785000
8526.001000,1.838000,0.784000
8527.001000,1.839000,0.782000
8528.001000,1.839000,0.786000
8529.001000,1.839000,0.786000
8530.001000,1.839000,0.785000
8531.001000,1.839000,0.784000
8532.001000,1.839000,0.784000
8533.001000,1.839000,0.783000
8534.001000,1.839000,0.786000
8535.001000,1.839000,0.782000
8536.001000,1.839000,0.782000
8537.001000,1.839000,0.784000
8538.001000,1.839000,0.781000
8539.001000,1.839000,0.783000
8540.001000,1.839000,0.784000
8541.001000,1.839000,0.779000
8542.001000,1.839000,0.784000
8543.001000,1.840000,0.788000
8544.001000,1.840000,0.787000
8545.001000,1.840000,0.784000
8546.001000,1.840000,0.784000
8547.001000,1.840000,0.784000
8548.001000,1.840000,0.784000
8549.001000,1.840000,0.779000
8550.001000,1.840000,0.778000
8551.001000,1.840000,0.777000
8552.001000,1.840000,0.781000
8553.001000,1.841000,0.781000
8554.001000,1.840000,0.777000
8555.001000,1.840000,0.783000
8556.001000,1.839000,0.780000
8557.001000,1.839000,0.782000
8558.001000,1.839000,0.777000
8559.001000,1.836000,0.779000
8560.001000,1.834000,0.775000
8561.001000,1.834000,0.774000
8562.001000,1.835000,0.778000
8563.001000,1.834000,0.780000
8564.001000,1.835000,0.778000
8565.001000,1.835000,0.783000
8566.001000,1.835000,0.779000
8567.001000,1.835000,0.777000
8568.001000,1.835000,0.776000
8569.001000,1.835000,0.777000
8570.001000,1.835000,0.778000
8571.001000,1.835000,0.777000
8572.001000,1.835000,0.777000
8573.001000,1.835000,0.777000
8574.001000,1.834000,0.776000
8575.001000,1.834000,0.776000
8576.001000,1.834000,0.777000
8577.001000,1.834000,0.778000
8578.001000,1.834000,0.782000
8579.001000,1.833000,0.778000
8580.001000,1.833000,0.779000
8581.001000,1.833000,0.776000
8582.001000,1.833000,0.782000
8583.001000,1.833000,0.784000
8584.001000,1.833000,0.784000
8585.001000,1.833000,0.786000
8586.001000,1.833000,0.787000
8587.001000,1.833000,0.788000
8588.001000,1.833000,0.788000
8589.001000,1.833000,0.789000
8590.001000,1.833000,0.786000
8591.001000,1.833000,0.789000
8592.001000,1.832000,0.790000
8593.001000,1.832000,0.786000
8594.001000,1.832000,0.790000
8595.001000,1.832000,0.787000
8596.001000,1.832000,0.788000
8597.001000,1.832000,0.790000
8598.001000,1.832000,0.784000
8599.001000,1.832000,0.775000
8600.001000,1.832000,0.770000
8601.001000,1.832000,0.771000
8602.001000,1.832000,0.768000
8603.001000,1.832000,0.768000
8604.001000,1.832000,0.766000
8605.001000,1.832000,0.767000
8606.001000,1.832000,0.765000
8607.001000,1.832000,0.768000
8608.001000,1.832000,0.768000
8609.001000,1.832000,0.766000
8610.001000,1.832000,0.770000
8611.001000,1.832000,0.768000
8612.001000,1.832000,0.767000
8613.001000,1.832000,0.763000
8614.001000,1.832000,0.761000
8615.001000,1.832000,0.760000
8616.001000,1.832000,0.761000
8617.001000,1.832000,0.764000
8618.001000,1.832000,0.761000
8619.001000,1.832000,0.761000
8620.001000,1.832000,0.759000
8621.001000,1.832000,0.758000
8622.001000,1.832000,0.754000
8623.001000,1.832000,0.759000
8624.001000,1.831000,0.756000
8625.001000,1.832000,0.761000
8626.001000,1.832000,0.760000
8627.001000,1.832000,0.762000
8628.001000,1.832000,0.767000
8629.001000,1.832000,0.777000
8630.001000,1.831000,0.780000
8631.001000,1.830000,0.779000
8632.001000,1.829000,0.784000
8633.001000,1.826000,0.776000
8634.001000,1.826000,0.781000
8635.001000,1.825000,0.779000
8636.001000,1.825000,0.780000
8637.001000,1.825000,0.777000
8638.001000,1.825000,0.776000
8639.001000,1.824000,0.778000
8640.001000,1.823000,0.776000
8641.001000,1.823000,0.775000
8642.001000,1.823000,0.777000
8643.001000,1.823000,0.774000
8644.001000,1.823000,0.777000
8645.001000,1.822000,0.776000
8646.001000,1.822000,0.779000
8647.001000,1.822000,0.772000
8648.001000,1.821000,0.776000
8649.001000,1.821000,0.776000
8650.001000,1.820000,0.775000
8651.001000,1.820000,0.774000
8652.001000,1.819000,0.775000
8653.001000,1.819000,0.775000
8654.001000,1.819000,0.776000
8655.001000,1.819000,0.778000
8656.001000,1.819000,0.775000
8657.001000,1.818000,0.774000
8658.001000,1.818000,0.780000
8659.001000,1.818000,0.779000
8660.001000,1.818000,0.777000
8661.001000,1.818000,0.777000
8662.001000,1.817000,0.781000
8663.001000,1.817000,0.779000
8664.001000,1.817000,0.776000
8665.001000,1.817000,0.770000
8666.001000,1.817000,0.762000
8667.001000,1.816000,0.761000
8668.001000,1.816000,0.757000
8669.001000,1.816000,0.760000
8670.001000,1.817000,0.760000
8671.001000,1.815000,0.754000
8672.001000,1.815000,0.753000
8673.001000,1.814000,0.751000
8674.001000,1.814000,0.751000
8675.001000,1.814000,0.758000
8676.001000,1.814000,0.757000
8677.001000,1.814000,0.756000
8678.001000,1.814000,0.767000
8679.001000,1.814000,0.764000
8680.001000,1.814000,0.753000
8681.001000,1.814000,0.754000
8682.001000,1.812000,0.762000
8683.001000,1.811000,0.769000
8684.001000,1.811000,0.766000
8685.001000,1.812000,0.772000
8686.001000,1.812000,0.766000
8687.001000,1.812000,0.771000
8688.001000,1.813000,0.771000
8689.001000,1.813000,0.774000
8690.001000,1.813000,0.775000
8691.001000,1.813000,0.773000
8692.001000,1.813000,0.775000
8693.001000,1.813000,0.777000
8694.001000,1.813000,0.772000
8695.001000,1.813000,0.777000
8696.001000,1.814000,0.777000
8697.001000,1.814000,0.776000
8698.001000,1.814000,0.778000
8699.001000,1.814000,0.774000
8700.001000,1.814000,0.770000
8701.001000,1.814000,0.776000
8702.001000,1.814000,0.775000
8703.001000,1.813000,0.775000
8704.001000,1.813000,0.773000
8705.001000,1.813000,0.778000
8706.001000,1.814000,0.778000
8707.001000,1.814000,0.778000
8708.001000,1.814000,0.769000
8709.001000,1.814000,0.772000
8710.001000,1.814000,0.773000
8711.001000,1.813000,0.773000
8712.001000,1.813000,0.770000
8713.001000,1.812000,0.771000
8714.001000,1.812000,0.771000
8715.001000,1.812000,0.767000
8716.001000,1.812000,0.769000
8717.001000,1.812000,0.768000
8718.001000,1.812000,0.770000
8719.001000,1.812000,0.770000
8720.001000,1.812000,0.771000
8721.001000,1.811000,0.773000
8722.001000,1.811000,0.774000
8723.001000,1.811000,0.769000
8724.001000,1.810000,0.772000
8725.001000,1.810000,0.771000
8726.001000,1.810000,0.773000
8727.001000,1.810000,0.772000
8728.001000,1.810000,0.777000
8729.001000,1.810000,0.775000
8730.001000,1.811000,0.774000
8731.001000,1.811000,0.773000
8732.001000,1.811000,0.775000
8733.001000,1.811000,0.774000
8734.001000,1.812000,0.779000
8735.001000,1.812000,0.777000
8736.001000,1.812000,0.774000
8737.001000,1.813000,0.779000
8738.001000,1.813000,0.775000
8739.001000,1.813000,0.773000
8740.001000,1.813000,0.777000
8741.001000,1.813000,0.774000
8742.001000,1.813000,0.776000
8743.001000,1.813000,0.776000
8744.001000,1.813000,0.775000
8745.001000,1.813000,0.773000
8746.001000,1.813000,0.773000
8747.001000,1.813000,0.771000
8748.001000,1.813000,0.773000
8749.001000,1.813000,0.771000
8750.001000,1.813000,0.772000
8751.001000,1.812000,0.773000
8752.001000,1.812000,0.771000
8753.001000,1.812000,0.771000
8754.001000,1.812000,0.770000
8755.001000,1.812000,0.769000
8756.001000,1.811000,0.769000
8757.001000,1.811000,0.776000
8758.001000,1.811000,0.776000
8759.001000,1.811000,0.767000
8760.001000,1.811000,0.775000
8761.001000,1.811000,0.774000
8762.001000,1.811000,0.775000
8763.001000,1.811000,0.775000
8764.001000,1.811000,0.774000
8765.001000,1.811000,0.771000
8766.001000,1.811000,0.774000
8767.001000,1.811000,0.775000
8768.001000,1.811000,0.774000
8769.001000,1.811000,0.775000
8770.001000,1.811000,0.774000
8771.001000,1.812000,0.777000
8772.001000,1.812000,0.772000
8773.001000,1.812000,0.773000
8774.001000,1.813000,0.776000
8775.001000,1.813000,0.777000
8776.001000,1.813000,0.776000
8777.001000,1.813000,0.771000
8778.001000,1.813000,0.776000
8779.001000,1.813000,0.776000
8780.001000,1.813000,0.770000
8781.001000,1.814000,0.772000
8782.001000,1.814000,0.773000
8783.001000,1.814000,0.777000
8784.001000,1.814000,0.776000
8785.001000,1.814000,0.775000
8786.001000,1.814000,0.769000
8787.001000,1.814000,0.760000
8788.001000,1.814000,0.763000
8789.001000,1.815000,0.764000
8790.001000,1.815000,0.760000
8791.001000,1.815000,0.762000
8792.001000,1.816000,0.764000
8793.001000,1.816000,0.766000
8794.001000,1.816000,0.761000
8795.001000,1.816000,0.757000
8796.001000,1.817000,0.757000
8797.001000,1.817000,0.762000
8798.001000,1.817000,0.757000
8799.001000,1.817000,0.760000
8800.001000,1.817000,0.758000
8801.001000,1.817000,0.759000
8802.001000,1.818000,0.759000
8803.001000,1.818000,0.760000
8804.001000,1.818000,0.758000
8805.001000,1.818000,0.761000
8806.001000,1.818000,0.760000
8807.001000,1.818000,0.758000
8808.001000,1.818000,0.759000
8809.001000,1.819000,0.761000
8810.001000,1.818000,0.763000
8811.001000,1.818000,0.759000
8812.001000,1.818000,0.761000
8813.001000,1.819000,0.760000
8814.001000,1.820000,0.765000
8815.001000,1.820000,0.763000
8816.001000,1.820000,0.757000
8817.001000,1.820000,0.761000
8818.001000,1.820000,0.763000
8819.001000,1.820000,0.767000
8820.001000,1.820000,0.777000
8821.001000,1.820000,0.777000
8822.001000,1.820000,0.784000
8823.001000,1.820000,0.778000
8824.001000,1.820000,0.783000
8825.001000,1.820000,0.782000
8826.001000,1.821000,0.784000
8827.001000,1.821000,0.786000
8828.001000,1.821000,0.789000
8829.001000,1.821000,0.790000
8830.001000,1.821000,0.788000
8831.001000,1.822000,0.788000
8832.001000,1.822000,0.794000
8833.001000,1.822000,0.788000
8834.001000,1.822000,0.791000
8835.001000,1.822000,0.787000
8836.001000,1.822000,0.789000
8837.001000,1.822000,0.792000
8838.001000,1.822000,0.791000
8839.001000,1.822000,0.789000
8840.001000,1.822000,0.787000
8841.001000,1.822000,0.784000
8842.001000,1.822000,0.789000
8843.001000,1.822000,0.788000
8844.001000,1.823000,0.790000
8845.001000,1.823000,0.790000
8846.001000,1.824000,0.788000
8847.001000,1.825000,0.789000
8848.001000,1.826000,0.789000
8849.001000,1.827000,0.789000
8850.001000,1.827000,0.786000
8851.001000,1.828000,0.788000
8852.001000,1.829000,0.790000
8853.001000,1.829000,0.792000
8854.001000,1.829000,0.791000
8855.001000,1.829000,0.791000
8856.001000,1.829000,0.789000
8857.001000,1.829000,0.788000
8858.001000,1.830000,0.793000
8859.001000,1.830000,0.789000
8860.001000,1.829000,0.788000
8861.001000,1.830000,0.791000
8862.001000,1.830000,0.790000
8863.001000,1.830000,0.794000
8864.001000,1.830000,0.792000
8865.001000,1.829000,0.792000
8866.001000,1.829000,0.792000
8867.001000,1.829000,0.788000
8868.001000,1.829000,0.789000
8869.001000,1.829000,0.792000
8870.001000,1.829000,0.794000
8871.001000,1.829000,0.790000
8872.001000,1.829000,0.791000
8873.001000,1.829000,0.795000
8874.001000,1.829000,0.795000
8875.001000,1.829000,0.792000
8876.001000,1.829000,0.794000
8877.001000,1.829000,0.798000
8878.001000,1.829000,0.794000
8879.001000,1.829000,0.798000
8880.001000,1.829000,0.794000
8881.001000,1.830000,0.793000
8882.001000,1.829000,0.796000
8883.001000,1.830000,0.800000
8884.001000,1.830000,0.798000
8885.001000,1.830000,0.800000
8886.001000,1.830000,0.799000
8887.001000,1.830000,0.802000
8888.001000,1.830000,0.796000
8889.001000,1.830000,0.800000
8890.001000,1.830000,0.800000
8891.001000,1.831000,0.798000
8892.001000,1.832000,0.794000
8893.001000,1.832000,0.794000
8894.001000,1.832000,0.783000
8895.001000,1.833000,0.784000
8896.001000,1.833000,0.785000
8897.001000,1.834000,0.783000
8898.001000,1.835000,0.786000
8899.001000,1.835000,0.783000
8900.001000,1.835000,0.785000
8901.001000,1.836000,0.786000
8902.001000,1.836000,0.786000
8903.001000,1.836000,0.787000
8904.001000,1.836000,0.787000
8905.001000,1.836000,0.783000
8906.001000,1.837000,0.785000
8907.001000,1.837000,0.787000
8908.001000,1.837000,0.781000
8909.001000,1.837000,0.784000
8910.001000,1.838000,0.783000
8911.001000,1.838000,0.783000
8912.001000,1.838000,0.786000
8913.001000,1.838000,0.787000
8914.001000,1.838000,0.789000
8915.001000,1.839000,0.786000
8916.001000,1.839000,0.785000
8917.001000,1.839000,0.788000
8918.001000,1.839000,0.788000
8919.001000,1.839000,0.791000
8920.001000,1.839000,0.792000
8921.001000,1.840000,0.790000
8922.001000,1.840000,0.787000
8923.001000,1.840000,0.790000
8924.001000,1.840000,0.787000
8925.001000,1.840000,0.790000
8926.001000,1.840000,0.788000
8927.001000,1.840000,0.786000
8928.001000,1.840000,0.785000
8929.001000,1.841000,0.783000
8930.001000,1.840000,0.785000
8931.001000,1.841000,0.789000
8932.001000,1.841000,0.785000
8933.001000,1.841000,0.787000
8934.001000,1.841000,0.787000
8935.001000,1.841000,0.786000
8936.001000,1.841000,0.785000
8937.001000,1.841000,0.785000
8938.001000,1.841000,0.787000
8939.001000,1.841000,0.785000
8940.001000,1.841000,0.791000
8941.001000,1.842000,0.787000
8942.001000,1.842000,0.787000
8943.001000,1.842000,0.799000
8944.001000,1.842000,0.808000
8945.001000,1.842000,0.812000
8946.001000,1.843000,0.809000
8947.001000,1.843000,0.812000
8948.001000,1.843000,0.812000
8949.001000,1.843000,0.812000
8950.001000,1.843000,0.810000
8951.001000,1.843000,0.808000
8952.001000,1.843000,0.814000
8953.001000,1.843000,0.803000
8954.001000,1.843000,0.805000
8955.001000,1.843000,0.808000
8956.001000,1.844000,0.799000
8957.001000,1.843000,0.811000
8958.001000,1.844000,0.810000
8959.001000,1.844000,0.815000
8960.001000,1.844000,0.811000
8961.001000,1.844000,0.811000
8962.001000,1.844000,0.808000
8963.001000,1.844000,0.812000
8964.001000,1.844000,0.812000
8965.001000,1.844000,0.812000
8966.001000,1.844000,0.807000
8967.001000,1.845000,0.800000
8968.001000,1.845000,0.810000
8969.001000,1.845000,0.806000
8970.001000,1.845000,0.809000
8971.001000,1.845000,0.803000
8972.001000,1.845000,0.810000
8973.001000,1.845000,0.809000
8974.001000,1.845000,0.811000
8975.001000,1.845000,0.812000
8976.001000,1.845000,0.809000
8977.001000,1.845000,0.812000
8978.001000,1.846000,0.812000
8979.001000,1.846000,0.811000
8980.001000,1.846000,0.812000
8981.001000,1.846000,0.810000
8982.001000,1.846000,0.806000
8983.001000,1.846000,0.809000
8984.001000,1.846000,0.809000
8985.001000,1.846000,0.810000
8986.001000,1.847000,0.813000
8987.001000,1.847000,0.811000
8988.001000,1.846000,0.812000
8989.001000,1.846000,0.812000
8990.001000,1.846000,0.810000
8991.001000,1.846000,0.810000
8992.001000,1.846000,0.813000
8993.001000,1.846000,0.814000
8994.001000,1.846000,0.809000
8995.001000,1.847000,0.814000
8996.001000,1.847000,0.810000
8997.001000,1.847000,0.814000
8998.001000,1.847000,0.818000
8999.001000,1.847000,0.814000
9000.001000,1.847000,0.814000
9001.001000,1.847000,0.812000
9002.001000,1.847000,0.815000
9003.001000,1.848000,0.815000
9004.001000,1.848000,0.811000
9005.001000,1.848000,0.814000
9006.001000,1.848000,0.814000
9007.001000,1.848000,0.811000
9008.001000,1.849000,0.808000
9009.001000,1.849000,0.817000
9010.001000,1.849000,0.815000
9011.001000,1.849000,0.818000
9012.001000,1.849000,0.818000
9013.001000,1.849000,0.814000
9014.001000,1.849000,0.814000
9015.001000,1.849000,0.818000
9016.001000,1.850000,0.810000
9017.001000,1.850000,0.816000
9018.001000,1.850000,0.811000
9019.001000,1.850000,0.809000
9020.001000,1.850000,0.814000
9021.001000,1.850000,0.806000
9022.001000,1.850000,0.801000
9023.001000,1.850000,0.803000
9024.001000,1.850000,0.805000
9025.001000,1.850000,0.807000
9026.001000,1.850000,0.808000
9027.001000,1.851000,0.806000
9028.001000,1.851000,0.809000
9029.001000,1.851000,0.802000
9030.001000,1.851000,0.797000
9031.001000,1.851000,0.798000
9032.001000,1.851000,0.799000
9033.001000,1.850000,0.810000
9034.001000,1.849000,0.803000
9035.001000,1.849000,0.799000
9036.001000,1.849000,0.794000
9037.001000,1.849000,0.792000
9038.001000,1.850000,0.792000
9039.001000,1.850000,0.796000
9040.001000,1.849000,0.791000
9041.001000,1.849000,0.790000
9042.001000,1.849000,0.791000
9043.001000,1.849000,0.791000
9044.001000,1.849000,0.792000
9045.001000,1.849000,0.795000
9046.001000,1.850000,0.796000
9047.001000,1.850000,0.794000
9048.001000,1.850000,0.796000
9049.001000,1.850000,0.795000
9050.001000,1.850000,0.795000
9051.001000,1.850000,0.795000
9052.001000,1.850000,0.794000
9053.001000,1.850000,0.795000
9054.001000,1.850000,0.797000
9055.001000,1.850000,0.799000
9056.001000,1.850000,0.798000
9057.001000,1.851000,0.797000
9058.001000,1.851000,0.797000
9059.001000,1.851000,0.797000
9060.001000,1.851000,0.796000
9061.001000,1.851000,0.796000
9062.001000,1.852000,0.797000
9063.001000,1.852000,0.798000
9064.001000,1.852000,0.796000
9065.001000,1.852000,0.797000
9066.001000,1.852000,0.798000
9067.001000,1.852000,0.795000
9068.001000,1.852000,0.795000
9069.001000,1.852000,0.797000
9070.001000,1.852000,0.800000
9071.001000,1.852000,0.794000
9072.001000,1.852000,0.800000
9073.001000,1.852000,0.794000
9074.001000,1.852000,0.799000
9075.001000,1.852000,0.801000
9076.001000,1.852000,0.802000
9077.001000,1.851000,0.801000
9078.001000,1.851000,0.800000
9079.001000,1.851000,0.798000
9080.001000,1.851000,0.798000
9081.001000,1.852000,0.798000
9082.001000,1.852000,0.802000
9083.001000,1.852000,0.800000
9084.001000,1.852000,0.804000
9085.001000,1.853000,0.798000
9086.001000,1.853000,0.799000
9087.001000,1.853000,0.797000
9088.001000,1.852000,0.799000
9089.001000,1.852000,0.799000
9090.001000,1.852000,0.797000
9091.001000,1.852000,0.795000
9092.001000,1.852000,0.792000
9093.001000,1.852000,0.793000
9094.001000,1.852000,0.799000
9095.001000,1.852000,0.796000
9096.001000,1.852000,0.798000
9097.001000,1.852000,0.797000
9098.001000,1.852000,0.800000
9099.001000,1.852000,0.797000
9100.001000,1.853000,0.796000
9101.001000,1.853000,0.795000
9102.001000,1.853000,0.793000
9103.001000,1.853000,0.794000
9104.001000,1.853000,0.795000
9105.001000,1.853000,0.792000
9106.001000,1.853000,0.798000
9107.001000,1.853000,0.796000
9108.001000,1.853000,0.796000
9109.001000,1.853000,0.795000
9110.001000,1.853000,0.798000
9111.001000,1.853000,0.799000
9112.001000,1.853000,0.798000
9113.001000,1.853000,0.799000
9114.001000,1.853000,0.802000
9115.001000,1.853000,0.806000
9116.001000,1.853000,0.806000
9117.001000,1.854000,0.806000
9118.001000,1.854000,0.808000
9119.001000,1.854000,0.807000
9120.001000,1.854000,0.808000
9121.001000,1.854000,0.806000
9122.001000,1.854000,0.809000
9123.001000,1.854000,0.809000
9124.001000,1.854000,0.808000
9125.001000,1.854000,0.804000
9126.001000,1.854000,0.803000
9127.001000,1.854000,0.802000
9128.001000,1.854000,0.803000
9129.001000,1.854000,0.804000
9130.001000,1.854000,0.803000
9131.001000,1.854000,0.805000
9132.001000,1.854000,0.803000
9133.001000,1.854000,0.806000
9134.001000,1.854000,0.803000
9135.001000,1.854000,0.805000
9136.001000,1.854000,0.801000
9137.001000,1.855000,0.803000
9138.001000,1.855000,0.803000
9139.001000,1.855000,0.806000
9140.001000,1.855000,0.809000
9141.001000,1.856000,0.809000
9142.001000,1.856000,0.807000
9143.001000,1.857000,0.804000
9144.001000,1.857000,0.805000
9145.001000,1.857000,0.806000
9146.001000,1.857000,0.806000
9147.001000,1.858000,0.809000
9148.001000,1.858000,0.808000
9149.001000,1.858000,0.808000
9150.001000,1.858000,0.810000
9151.001000,1.859000,0.808000
9152.001000,1.859000,0.814000
9153.001000,1.859000,0.811000
9154.001000,1.859000,0.812000
9155.001000,1.859000,0.810000
9156.001000,1.860000,0.812000
9157.001000,1.860000,0.811000
9158.001000,1.860000,0.809000
9159.001000,1.860000,0.810000
9160.001000,1.860000,0.809000
9161.001000,1.860000,0.807000
9162.001000,1.860000,0.808000
9163.001000,1.860000,0.806000
9164.001000,1.860000,0.808000
9165.001000,1.860000,0.811000
9166.001000,1.860000,0.811000
9167.001000,1.860000,0.809000
9168.001000,1.860000,0.809000
9169.001000,1.860000,0.809000
9170.001000,1.860000,0.811000
9171.001000,1.860000,0.809000
9172.001000,1.860000,0.810000
9173.001000,1.860000,0.808000
9174.001000,1.860000,0.809000
9175.001000,1.860000,0.809000
9176.001000,1.861000,0.808000
9177.001000,1.861000,0.810000
9178.001000,1.861000,0.809000
9179.001000,1.861000,0.809000
9180.001000,1.861000,0.809000
9181.001000,1.861000,0.807000
9182.001000,1.861000,0.807000
9183.001000,1.861000,0.808000
9184.001000,1.861000,0.813000
9185.001000,1.861000,0.806000
9186.001000,1.860000,0.801000
9187.001000,1.861000,0.801000
9188.001000,1.861000,0.799000
9189.001000,1.861000,0.799000
9190.001000,1.861000,0.799000
9191.001000,1.861000,0.797000
9192.001000,1.861000,0.801000
9193.001000,1.861000,0.799000
9194.001000,1.861000,0.800000
9195.001000,1.862000,0.801000
9196.001000,1.862000,0.805000
9197.001000,1.862000,0.796000
9198.001000,1.862000,0.804000
9199.001000,1.862000,0.805000
9200.001000,1.863000,0.805000
9201.001000,1.863000,0.805000
9202.001000,1.863000,0.805000
9203.001000,1.863000,0.811000
9204.001000,1.863000,0.807000
9205.001000,1.863000,0.806000
9206.001000,1.863000,0.806000
9207.001000,1.863000,0.804000
9208.001000,1.863000,0.807000
9209.001000,1.863000,0.806000
9210.001000,1.863000,0.807000
9211.001000,1.863000,0.807000
9212.001000,1.863000,0.809000
9213.001000,1.863000,0.811000
9214.001000,1.863000,0.808000
9215.001000,1.863000,0.806000
9216.001000,1.864000,0.804000
9217.001000,1.864000,0.804000
9218.001000,1.864000,0.805000
9219.001000,1.865000,0.805000
9220.001000,1.865000,0.806000
9221.001000,1.864000,0.804000
9222.001000,1.865000,0.804000
9223.001000,1.865000,0.807000
9224.001000,1.865000,0.804000
9225.001000,1.865000,0.803000
9226.001000,1.865000,0.804000
9227.001000,1.865000,0.808000
9228.001000,1.865000,0.807000
9229.001000,1.866000,0.808000
9230.001000,1.866000,0.807000
9231.001000,1.866000,0.809000
9232.001000,1.866000,0.807000
9233.001000,1.866000,0.809000
9234.001000,1.866000,0.809000
9235.001000,1.866000,0.804000
9236.001000,1.866000,0.807000
9237.001000,1.867000,0.806000
9238.001000,1.867000,0.804000
9239.001000,1.867000,0.807000
9240.001000,1.866000,0.805000
9241.001000,1.867000,0.800000
9242.001000,1.867000,0.803000
9243.001000,1.867000,0.805000
9244.001000,1.867000,0.803000
9245.001000,1.866000,0.803000
9246.001000,1.866000,0.805000
9247.001000,1.867000,0.804000
9248.001000,1.867000,0.809000
9249.001000,1.867000,0.804000
9250.001000,1.867000,0.804000
9251.001000,1.867000,0.807000
9252.001000,1.867000,0.806000
9253.001000,1.867000,0.807000
9254.001000,1.867000,0.808000
9255.001000,1.867000,0.807000
9256.001000,1.868000,0.803000
9257.001000,1.868000,0.807000
9258.001000,1.868000,0.807000
9259.001000,1.868000,0.806000
9260.001000,1.868000,0.805000
9261.001000,1.868000,0.805000
9262.001000,1.868000,0.810000
9263.001000,1.869000,0.806000
9264.001000,1.869000,0.805000
9265.001000,1.869000,0.809000
9266.001000,1.869000,0.806000
9267.001000,1.869000,0.808000
9268.001000,1.869000,0.806000
9269.001000,1.869000,0.807000
9270.001000,1.869000,0.807000
9271.001000,1.870000,0.807000
9272.001000,1.870000,0.812000
9273.001000,1.870000,0.809000
9274.001000,1.870000,0.813000
9275.001000,1.870000,0.809000
9276.001000,1.871000,0.811000
9277.001000,1.871000,0.813000
9278.001000,1.871000,0.809000
9279.001000,1.871000,0.807000
9280.001000,1.871000,0.812000
9281.001000,1.872000,0.811000
9282.001000,1.872000,0.811000
9283.001000,1.872000,0.813000
9284.001000,1.872000,0.810000
9285.001000,1.872000,0.811000
9286.001000,1.872000,0.812000
9287.001000,1.872000,0.811000
9288.001000,1.873000,0.814000
9289.001000,1.873000,0.811000
9290.001000,1.873000,0.810000
9291.001000,1.873000,0.816000
9292.001000,1.873000,0.811000
9293.001000,1.874000,0.813000
9294.001000,1.874000,0.815000
9295.001000,1.874000,0.810000
9296.001000,1.874000,0.810000
9297.001000,1.874000,0.810000
9298.001000,1.875000,0.814000
9299.001000,1.875000,0.812000
9300.001000,1.875000,0.813000
9301.001000,1.875000,0.812000
9302.001000,1.876000,0.810000
9303.001000,1.876000,0.816000
9304.001000,1.876000,0.812000
9305.001000,1.876000,0.817000
9306.001000,1.876000,0.812000
9307.001000,1.876000,0.813000
9308.001000,1.876000,0.816000
9309.001000,1.876000,0.812000
9310.001000,1.877000,0.807000
9311.001000,1.877000,0.814000
9312.001000,1.877000,0.814000
9313.001000,1.877000,0.814000
9314.001000,1.877000,0.811000
9315.001000,1.877000,0.809000
9316.001000,1.877000,0.810000
9317.001000,1.877000,0.813000
9318.001000,1.878000,0.817000
9319.001000,1.878000,0.816000
9320.001000,1.878000,0.813000
9321.001000,1.878000,0.811000
9322.001000,1.878000,0.812000
9323.001000,1.878000,0.814000
9324.001000,1.878000,0.810000
9325.001000,1.878000,0.813000
9326.001000,1.878000,0.812000
9327.001000,1.878000,0.812000
9328.001000,1.878000,0.815000
9329.001000,1.878000,0.816000
9330.001000,1.878000,0.814000
9331.001000,1.878000,0.813000
9332.001000,1.878000,0.813000
9333.001000,1.878000,0.812000
9334.001000,1.878000,0.813000
9335.001000,1.878000,0.815000
9336.001000,1.878000,0.817000
9337.001000,1.879000,0.815000
9338.001000,1.878000,0.819000
9339.001000,1.878000,0.817000
9340.001000,1.879000,0.816000
9341.001000,1.879000,0.813000
9342.001000,1.879000,0.821000
9343.001000,1.879000,0.814000
9344.001000,1.879000,0.815000
9345.001000,1.879000,0.816000
9346.001000,1.880000,0.816000
9347.001000,1.880000,0.817000
9348.001000,1.880000,0.818000
9349.001000,1.880000,0.816000
9350.001000,1.880000,0.820000
9351.001000,1.880000,0.815000
9352.001000,1.880000,0.816000
9353.001000,1.880000,0.817000
9354.001000,1.880000,0.817000
9355.001000,1.880000,0.816000
9356.001000,1.880000,0.819000
9357.001000,1.880000,0.816000
9358.001000,1.881000,0.817000
9359.001000,1.881000,0.816000
9360.001000,1.880000,0.814000
9361.001000,1.880000,0.816000
9362.001000,1.880000,0.813000
9363.001000,1.881000,0.812000
9364.001000,1.881000,0.816000
9365.001000,1.881000,0.816000
9366.001000,1.881000,0.819000
9367.001000,1.881000,0.812000
9368.001000,1.881000,0.815000
9369.001000,1.881000,0.816000
9370.001000,1.881000,0.816000
9371.001000,1.881000,0.812000
9372.001000,1.881000,0.814000
9373.001000,1.881000,0.811000
9374.001000,1.881000,0.811000
9375.001000,1.882000,0.814000
9376.001000,1.882000,0.815000
9377.001000,1.882000,0.815000
9378.001000,1.882000,0.815000
9379.001000,1.882000,0.812000
9380.001000,1.882000,0.815000
9381.001000,1.882000,0.819000
9382.001000,1.883000,0.819000
9383.001000,1.883000,0.819000
9384.001000,1.883000,0.819000
9385.001000,1.883000,0.817000
9386.001000,1.882000,0.815000
9387.001000,1.882000,0.816000
9388.001000,1.882000,0.816000
9389.001000,1.883000,0.819000
9390.001000,1.883000,0.817000
9391.001000,1.883000,0.817000
9392.001000,1.883000,0.818000
9393.001000,1.883000,0.816000
9394.001000,1.883000,0.814000
9395.001000,1.883000,0.814000
9396.001000,1.883000,0.814000
9397.001000,1.883000,0.816000
9398.001000,1.883000,0.818000
9399.001000,1.883000,0.819000
9400.001000,1.883000,0.820000
9401.001000,1.883000,0.817000
9402.001000,1.883000,0.818000
9403.001000,1.883000,0.822000
9404.001000,1.883000,0.818000
9405.001000,1.883000,0.819000
9406.001000,1.883000,0.819000
9407.001000,1.883000,0.820000
9408.001000,1.883000,0.816000
9409.001000,1.883000,0.818000
9410.001000,1.883000,0.818000
9411.001000,1.883000,0.818000
9412.001000,1.883000,0.819000
9413.001000,1.883000,0.815000
9414.001000,1.883000,0.818000
9415.001000,1.884000,0.817000
9416.001000,1.884000,0.814000
9417.001000,1.884000,0.815000
9418.001000,1.884000,0.818000
9419.001000,1.884000,0.812000
9420.001000,1.884000,0.815000
9421.001000,1.884000,0.818000
9422.001000,1.884000,0.817000
9423.001000,1.884000,0.814000
9424.001000,1.884000,0.816000
9425.001000,1.884000,0.818000
9426.001000,1.884000,0.816000
9427.001000,1.884000,0.820000
9428.001000,1.884000,0.819000
9429.001000,1.884000,0.818000
9430.001000,1.884000,0.813000
9431.001000,1.884000,0.817000
9432.001000,1.884000,0.815000
9433.001000,1.884000,0.813000
9434.001000,1.884000,0.813000
9435.001000,1.884000,0.815000
9436.001000,1.884000,0.816000
9437.001000,1.884000,0.819000
9438.001000,1.885000,0.816000
9439.001000,1.885000,0.817000
9440.001000,1.885000,0.811000
9441.001000,1.885000,0.815000
9442.001000,1.885000,0.816000
9443.001000,1.885000,0.814000
9444.001000,1.885000,0.814000
9445.001000,1.885000,0.812000
9446.001000,1.885000,0.817000
9447.001000,1.886000,0.815000
9448.001000,1.886000,0.816000
9449.001000,1.886000,0.816000
9450.001000,1.886000,0.817000
9451.001000,1.886000,0.815000
9452.001000,1.886000,0.815000
9453.001000,1.886000,0.815000
9454.001000,1.886000,0.814000
9455.001000,1.886000,0.814000
9456.001000,1.887000,0.813000
9457.001000,1.887000,0.814000
9458.001000,1.887000,0.813000
9459.001000,1.887000,0.812000
9460.001000,1.887000,0.815000
9461.001000,1.887000,0.816000
9462.001000,1.887000,0.812000
9463.001000,1.887000,0.816000
9464.001000,1.887000,0.818000
9465.001000,1.887000,0.818000
9466.001000,1.887000,0.816000
9467.001000,1.888000,0.817000
9468.001000,1.888000,0.816000
9469.001000,1.888000,0.817000
9470.001000,1.888000,0.815000
9471.001000,1.889000,0.816000
9472.001000,1.889000,0.815000
9473.001000,1.889000,0.817000
9474.001000,1.889000,0.816000
9475.001000,1.889000,0.814000
9476.001000,1.889000,0.812000
9477.001000,1.889000,0.813000
9478.001000,1.889000,0.812000
9479.001000,1.889000,0.818000
9480.001000,1.889000,0.814000
9481.001000,1.889000,0.818000
9482.001000,1.889000,0.818000
9483.001000,1.890000,0.817000
9484.001000,1.890000,0.814000
9485.001000,1.890000,0.809000
9486.001000,1.890000,0.811000
9487.001000,1.889000,0.815000
9488.001000,1.889000,0.815000
9489.001000,1.889000,0.815000
9490.001000,1.889000,0.816000
9491.001000,1.889000,0.815000
9492.001000,1.890000,0.817000
9493.001000,1.890000,0.818000
9494.001000,1.890000,0.815000
9495.001000,1.890000,0.817000
9496.001000,1.890000,0.815000
9497.001000,1.890000,0.816000
9498.001000,1.890000,0.816000
9499.001000,1.889000,0.816000
9500.001000,1.889000,0.817000
9501.001000,1.890000,0.817000
9502.001000,1.889000,0.813000
9503.001000,1.889000,0.814000
9504.001000,1.890000,0.813000
9505.001000,1.890000,0.811000
9506.001000,1.890000,0.811000
9507.001000,1.890000,0.812000
9508.001000,1.890000,0.813000
9509.001000,1.890000,0.812000
9510.001000,1.890000,0.812000
9511.001000,1.890000,0.812000
9512.001000,1.890000,0.816000
9513.001000,1.889000,0.812000
9514.001000,1.890000,0.814000
9515.001000,1.890000,0.816000
9516.001000,1.890000,0.815000
9517.001000,1.890000,0.817000
9518.001000,1.890000,0.816000
9519.001000,1.890000,0.816000
9520.001000,1.890000,0.815000
9521.001000,1.890000,0.813000
9522.001000,1.890000,0.816000
9523.001000,1.890000,0.814000
9524.001000,1.890000,0.813000
9525.001000,1.891000,0.813000
9526.001000,1.891000,0.812000
9527.001000,1.891000,0.814000
9528.001000,1.891000,0.814000
9529.001000,1.891000,0.814000
9530.001000,1.891000,0.817000
9531.001000,1.892000,0.817000
9532.001000,1.892000,0.815000
9533.001000,1.892000,0.818000
9534.001000,1.892000,0.815000
9535.001000,1.892000,0.814000
9536.001000,1.892000,0.813000
9537.001000,1.893000,0.815000
9538.001000,1.893000,0.812000
9539.001000,1.893000,0.815000
9540.001000,1.893000,0.814000
9541.001000,1.893000,0.814000
9542.001000,1.893000,0.814000
9543.001000,1.894000,0.817000
9544.001000,1.894000,0.814000
9545.001000,1.893000,0.816000
9546.001000,1.894000,0.815000
9547.001000,1.894000,0.816000
9548.001000,1.893000,0.817000
9549.001000,1.893000,0.815000
9550.001000,1.894000,0.817000
9551.001000,1.894000,0.813000
9552.001000,1.894000,0.817000
9553.001000,1.894000,0.815000
9554.001000,1.894000,0.816000
9555.001000,1.895000,0.816000
9556.001000,1.895000,0.817000
9557.001000,1.895000,0.818000
9558.001000,1.895000,0.816000
9559.001000,1.896000,0.817000
9560.001000,1.896000,0.817000
9561.001000,1.896000,0.817000
9562.001000,1.896000,0.815000
9563.001000,1.896000,0.814000
9564.001000,1.896000,0.817000
9565.001000,1.896000,0.816000
9566.001000,1.896000,0.815000
9567.001000,1.896000,0.816000
9568.001000,1.896000,0.816000
9569.001000,1.896000,0.818000
9570.001000,1.896000,0.818000
9571.001000,1.896000,0.819000
9572.001000,1.896000,0.819000
9573.001000,1.896000,0.816000
9574.001000,1.897000,0.818000
9575.001000,1.897000,0.818000
9576.001000,1.897000,0.819000
9577.001000,1.897000,0.817000
9578.001000,1.897000,0.816000
9579.001000,1.897000,0.820000
9580.001000,1.897000,0.818000
9581.001000,1.897000,0.817000
9582.001000,1.898000,0.818000
9583.001000,1.898000,0.819000
9584.001000,1.898000,0.818000
9585.001000,1.898000,0.819000
9586.001000,1.898000,0.817000
9587.001000,1.898000,0.815000
9588.001000,1.899000,0.816000
9589.001000,1.899000,0.815000
9590.001000,1.899000,0.819000
9591.001000,1.899000,0.821000
9592.001000,1.899000,0.821000
9593.001000,1.899000,0.819000
9594.001000,1.899000,0.822000
9595.001000,1.899000,0.821000
9596.001000,1.899000,0.820000
9597.001000,1.899000,0.818000
9598.001000,1.899000,0.817000
9599.001000,1.899000,0.817000
9600.001000,1.899000,0.820000
9601.001000,1.899000,0.819000
9602.001000,1.899000,0.817000
9603.001000,1.899000,0.821000
9604.001000,1.899000,0.819000
9605.001000,1.899000,0.818000
9606.001000,1.899000,0.819000
9607.001000,1.899000,0.819000
9608.001000,1.899000,0.817000
9609.001000,1.899000,0.815000
9610.001000,1.899000,0.813000
9611.001000,1.900000,0.813000
9612.001000,1.899000,0.809000
9613.001000,1.899000,0.812000
9614.001000,1.899000,0.812000
9615.001000,1.899000,0.810000
9616.001000,1.899000,0.810000
9617.001000,1.899000,0.808000
9618.001000,1.899000,0.811000
9619.001000,1.899000,0.813000
9620.001000,1.899000,0.811000
9621.001000,1.899000,0.810000
9622.001000,1.899000,0.814000
9623.001000,1.899000,0.813000
9624.001000,1.899000,0.810000
9625.001000,1.899000,0.811000
9626.001000,1.899000,0.811000
9627.001000,1.899000,0.812000
9628.001000,1.899000,0.813000
9629.001000,1.899000,0.808000
9630.001000,1.899000,0.810000
9631.001000,1.899000,0.815000
9632.001000,1.899000,0.811000
9633.001000,1.899000,0.808000
9634.001000,1.899000,0.810000
9635.001000,1.899000,0.813000
9636.001000,1.899000,0.811000
9637.001000,1.899000,0.811000
9638.001000,1.899000,0.810000
9639.001000,1.899000,0.811000
9640.001000,1.899000,0.810000
9641.001000,1.898000,0.810000
9642.001000,1.898000,0.814000
9643.001000,1.898000,0.813000
9644.001000,1.897000,0.813000
9645.001000,1.897000,0.816000
9646.001000,1.896000,0.814000
9647.001000,1.896000,0.813000
9648.001000,1.896000,0.814000
9649.001000,1.897000,0.814000
9650.001000,1.897000,0.813000
9651.001000,1.897000,0.814000
9652.001000,1.897000,0.816000
9653.001000,1.897000,0.809000
9654.001000,1.897000,0.816000
9655.001000,1.897000,0.814000
9656.001000,1.897000,0.815000
9657.001000,1.897000,0.815000
9658.001000,1.897000,0.811000
9659.001000,1.895000,0.809000
9660.001000,1.895000,0.810000
9661.001000,1.895000,0.813000
9662.001000,1.895000,0.816000
9663.001000,1.895000,0.816000
9664.001000,1.895000,0.814000
9665.001000,1.894000,0.815000
9666.001000,1.894000,0.818000
9667.001000,1.894000,0.817000
9668.001000,1.894000,0.816000
9669.001000,1.894000,0.813000
9670.001000,1.895000,0.813000
9671.001000,1.894000,0.815000
9672.001000,1.894000,0.813000
9673.001000,1.894000,0.813000
9674.001000,1.894000,0.817000
9675.001000,1.894000,0.819000
9676.001000,1.894000,0.816000
9677.001000,1.894000,0.817000
9678.001000,1.894000,0.818000
9679.001000,1.893000,0.819000
9680.001000,1.893000,0.816000
9681.001000,1.893000,0.816000
9682.001000,1.893000,0.819000
9683.001000,1.893000,0.819000
9684.001000,1.893000,0.815000
9685.001000,1.892000,0.816000
9686.001000,1.892000,0.816000
9687.001000,1.892000,0.815000
9688.001000,1.892000,0.811000
9689.001000,1.891000,0.812000
9690.001000,1.891000,0.818000
9691.001000,1.891000,0.817000
9692.001000,1.891000,0.816000
9693.001000,1.891000,0.813000
9694.001000,1.891000,0.815000
9695.001000,1.891000,0.814000
9696.001000,1.891000,0.813000
9697.001000,1.892000,0.812000
9698.001000,1.892000,0.814000
9699.001000,1.892000,0.815000
9700.001000,1.892000,0.817000
9701.001000,1.892000,0.812000
9702.001000,1.892000,0.816000
9703.001000,1.892000,0.818000
9704.001000,1.891000,0.815000
9705.001000,1.891000,0.812000
9706.001000,1.891000,0.812000
9707.001000,1.891000,0.813000
9708.001000,1.891000,0.812000
9709.001000,1.891000,0.813000
9710.001000,1.891000,0.814000
9711.001000,1.890000,0.817000
9712.001000,1.890000,0.812000
9713.001000,1.890000,0.815000
9714.001000,1.890000,0.817000
9715.001000,1.890000,0.810000
9716.001000,1.889000,0.813000
9717.001000,1.889000,0.808000
9718.001000,1.890000,0.812000
9719.001000,1.890000,0.813000
9720.001000,1.889000,0.811000
9721.001000,1.889000,0.812000
9722.001000,1.888000,0.813000
9723.001000,1.888000,0.814000
9724.001000,1.888000,0.814000
9725.001000,1.888000,0.816000
9726.001000,1.888000,0.810000
9727.001000,1.888000,0.812000
9728.001000,1.888000,0.815000
9729.001000,1.888000,0.815000
9730.001000,1.888000,0.813000
9731.001000,1.889000,0.816000
9732.001000,1.889000,0.813000
9733.001000,1.889000,0.818000
9734.001000,1.889000,0.809000
9735.001000,1.889000,0.808000
9736.001000,1.889000,0.812000
9737.001000,1.889000,0.812000
9738.001000,1.889000,0.814000
9739.001000,1.889000,0.812000
9740.001000,1.888000,0.819000
9741.001000,1.888000,0.820000
9742.001000,1.888000,0.819000
9743.001000,1.888000,0.818000
9744.001000,1.888000,0.818000
9745.001000,1.888000,0.818000
9746.001000,1.888000,0.816000
9747.001000,1.888000,0.810000
9748.001000,1.888000,0.814000
9749.001000,1.888000,0.816000
9750.001000,1.888000,0.816000
9751.001000,1.888000,0.815000
9752.001000,1.888000,0.814000
9753.001000,1.888000,0.813000
9754.001000,1.888000,0.813000
9755.001000,1.888000,0.817000
9756.001000,1.888000,0.816000
9757.001000,1.889000,0.816000
9758.001000,1.889000,0.818000
9759.001000,1.889000,0.814000
9760.001000,1.889000,0.812000
9761.001000,1.889000,0.816000
9762.001000,1.889000,0.808000
9763.001000,1.889000,0.814000
9764.001000,1.888000,0.813000
9765.001000,1.888000,0.813000
9766.001000,1.888000,0.813000
9767.001000,1.889000,0.814000
9768.001000,1.888000,0.812000
9769.001000,1.888000,0.810000
9770.001000,1.888000,0.811000
9771.001000,1.888000,0.813000
9772.001000,1.889000,0.815000
9773.001000,1.889000,0.811000
9774.001000,1.889000,0.812000
9775.001000,1.889000,0.809000
9776.001000,1.888000,0.815000
9777.001000,1.888000,0.813000
9778.001000,1.889000,0.813000
9779.001000,1.889000,0.813000
9780.001000,1.888000,0.814000
9781.001000,1.888000,0.829000
9782.001000,1.889000,0.831000
9783.001000,1.889000,0.831000
9784.001000,1.889000,0.832000
9785.001000,1.889000,0.832000
9786.001000,1.889000,0.830000
9787.001000,1.889000,0.832000
9788.001000,1.889000,0.834000
9789.001000,1.889000,0.832000
9790.001000,1.889000,0.833000
9791.001000,1.889000,0.834000
9792.001000,1.890000,0.835000
9793.001000,1.890000,0.832000
9794.001000,1.890000,0.832000
9795.001000,1.890000,0.822000
9796.001000,1.890000,0.836000
9797.001000,1.890000,0.835000
9798.001000,1.889000,0.837000
9799.001000,1.889000,0.837000
9800.001000,1.889000,0.836000
9801.001000,1.889000,0.835000
9802.001000,1.889000,0.811000
9803.001000,1.889000,0.816000
9804.001000,1.889000,0.818000
9805.001000,1.889000,0.816000
9806.001000,1.889000,0.819000
9807.001000,1.889000,0.813000
9808.001000,1.889000,0.815000
9809.001000,1.889000,0.818000
9810.001000,1.889000,0.817000
9811.001000,1.889000,0.817000
9812.001000,1.889000,0.818000
9813.001000,1.889000,0.818000
9814.001000,1.889000,0.820000
9815.001000,1.889000,0.818000
9816.001000,1.889000,0.820000
9817.001000,1.889000,0.818000
9818.001000,1.888000,0.833000
9819.001000,1.888000,0.833000
9820.001000,1.888000,0.833000
9821.001000,1.888000,0.829000
9822.001000,1.888000,0.833000
9823.001000,1.888000,0.837000
9824.001000,1.888000,0.835000
9825.001000,1.888000,0.835000
9826.001000,1.888000,0.835000
9827.001000,1.887000,0.836000
9828.001000,1.887000,0.837000
9829.001000,1.887000,0.836000
9830.001000,1.887000,0.835000
9831.001000,1.888000,0.835000
9832.001000,1.888000,0.837000
9833.001000,1.888000,0.833000
9834.001000,1.888000,0.832000
9835.001000,1.888000,0.825000
9836.001000,1.888000,0.823000
9837.001000,1.888000,0.820000
9838.001000,1.888000,0.822000
9839.001000,1.888000,0.824000
9840.001000,1.888000,0.819000
9841.001000,1.888000,0.819000
9842.001000,1.888000,0.818000
9843.001000,1.888000,0.820000
9844.001000,1.888000,0.818000
9845.001000,1.888000,0.817000
9846.001000,1.888000,0.817000
9847.001000,1.888000,0.815000
9848.001000,1.887000,0.813000
9849.001000,1.887000,0.817000
9850.001000,1.887000,0.820000
9851.001000,1.887000,0.820000
9852.001000,1.887000,0.820000
9853.001000,1.887000,0.814000
9854.001000,1.887000,0.817000
9855.001000,1.887000,0.816000
9856.001000,1.886000,0.815000
9857.001000,1.886000,0.812000
9858.001000,1.886000,0.818000
9859.001000,1.886000,0.817000
9860.001000,1.886000,0.816000
9861.001000,1.886000,0.817000
9862.001000,1.886000,0.815000
9863.001000,1.886000,0.817000
9864.001000,1.886000,0.815000
9865.001000,1.885000,0.809000
9866.001000,1.886000,0.810000
9867.001000,1.886000,0.814000
9868.001000,1.886000,0.812000
9869.001000,1.886000,0.812000
9870.001000,1.886000,0.812000
9871.001000,1.886000,0.810000
9872.001000,1.887000,0.809000
9873.001000,1.887000,0.813000
9874.001000,1.887000,0.822000
9875.001000,1.887000,0.830000
9876.001000,1.887000,0.832000
9877.001000,1.887000,0.824000
9878.001000,1.887000,0.828000
9879.001000,1.887000,0.830000
9880.001000,1.887000,0.830000
9881.001000,1.887000,0.828000
9882.001000,1.886000,0.831000
9883.001000,1.886000,0.831000
9884.001000,1.886000,0.831000
9885.001000,1.886000,0.832000
9886.001000,1.886000,0.831000
9887.001000,1.885000,0.828000
9888.001000,1.885000,0.833000
9889.001000,1.885000,0.831000
9890.001000,1.885000,0.830000
9891.001000,1.885000,0.830000
9892.001000,1.885000,0.830000
9893.001000,1.885000,0.833000
9894.001000,1.884000,0.831000
9895.001000,1.884000,0.829000
9896.001000,1.884000,0.831000
9897.001000,1.884000,0.831000
9898.001000,1.884000,0.830000
9899.001000,1.884000,0.832000
9900.001000,1.884000,0.823000
9901.001000,1.884000,0.830000
9902.001000,1.884000,0.826000
9903.001000,1.884000,0.829000
9904.001000,1.883000,0.828000
9905.001000,1.881000,0.832000
9906.001000,1.881000,0.826000
9907.001000,1.881000,0.826000
9908.001000,1.881000,0.829000
9909.001000,1.881000,0.824000
9910.001000,1.881000,0.826000
9911.001000,1.881000,0.827000
9912.001000,1.880000,0.825000
9913.001000,1.880000,0.826000
9914.001000,1.879000,0.829000
9915.001000,1.876000,0.830000
9916.001000,1.876000,0.827000
9917.002000,1.875000,0.827000
9918.001000,1.873000,0.825000
9919.001000,1.873000,0.821000
9920.001000,1.873000,0.819000
9921.001000,1.873000,0.811000
9922.001000,1.873000,0.803000
9923.001000,1.872000,0.806000
9924.001000,1.873000,0.806000
9925.001000,1.873000,0.806000
9926.001000,1.873000,0.807000
9927.001000,1.872000,0.809000
9928.001000,1.872000,0.805000
9929.001000,1.872000,0.806000
9930.001000,1.872000,0.812000
9931.001000,1.872000,0.816000
9932.001000,1.872000,0.822000
9933.001000,1.872000,0.818000
9934.001000,1.871000,0.820000
9935.001000,1.872000,0.822000
9936.001000,1.872000,0.818000
9937.001000,1.872000,0.822000
9938.001000,1.872000,0.819000
9939.001000,1.872000,0.821000
9940.001000,1.871000,0.819000
9941.001000,1.871000,0.820000
9942.001000,1.871000,0.818000
9943.001000,1.871000,0.819000
9944.001000,1.871000,0.820000
9945.001000,1.870000,0.823000
9946.001000,1.870000,0.818000
9947.001000,1.870000,0.811000
9948.001000,1.870000,0.816000
9949.001000,1.870000,0.815000
9950.001000,1.870000,0.814000
9951.001000,1.870000,0.821000
9952.001000,1.870000,0.816000
9953.001000,1.870000,0.813000
9954.001000,1.869000,0.808000
9955.001000,1.870000,0.806000
9956.001000,1.869000,0.808000
9957.001000,1.869000,0.807000
9958.001000,1.869000,0.803000
9959.001000,1.869000,0.808000
9960.001000,1.868000,0.805000
9961.001000,1.869000,0.806000
9962.001000,1.869000,0.807000
9963.001000,1.869000,0.805000
9964.001000,1.869000,0.804000
9965.001000,1.869000,0.804000
9966.002000,1.870000,0.803000
9967.001000,1.869000,0.801000
9968.001000,1.868000,0.799000
9969.001000,1.868000,0.801000
9970.001000,1.868000,0.811000
9971.001000,1.867000,0.814000
9972.001000,1.867000,0.813000
9973.001000,1.868000,0.809000
9974.001000,1.868000,0.813000
9975.001000,1.869000,0.813000
9976.001000,1.869000,0.812000
9977.001000,1.869000,0.811000
9978.001000,1.869000,0.811000
9979.001000,1.869000,0.811000
9980.001000,1.869000,0.808000
9981.001000,1.869000,0.809000
9982.001000,1.868000,0.809000
9983.001000,1.868000,0.811000
9984.001000,1.867000,0.807000
9985.001000,1.867000,0.814000
9986.001000,1.867000,0.815000
9987.001000,1.867000,0.811000
9988.001000,1.867000,0.811000
9989.001000,1.867000,0.812000
9990.001000,1.867000,0.817000
9991.001000,1.867000,0.814000
9992.001000,1.867000,0.810000
9993.001000,1.866000,0.810000
9994.001000,1.866000,0.810000
9995.001000,1.865000,0.809000
9996.001000,1.864000,0.811000
9997.001000,1.864000,0.808000
9998.001000,1.863000,0.806000
9999.001000,1.862000,0.809000
10000.001000,1.862000,0.805000
10001.001000,1.862000,0.805000
10002.001000,1.862000,0.809000
10003.001000,1.861000,0.805000
10004.001000,1.861000,0.803000
10005.001000,1.861000,0.812000
10006.001000,1.861000,0.812000
10007.001000,1.861000,0.813000
10008.001000,1.860000,0.814000
10009.001000,1.860000,0.811000
10010.001000,1.860000,0.813000
10011.001000,1.861000,0.814000
10012.001000,1.860000,0.809000
10013.001000,1.860000,0.818000
10014.001000,1.860000,0.809000
10015.001000,1.860000,0.810000
10016.001000,1.860000,0.808000
10017.001000,1.860000,0.800000
10018.001000,1.860000,0.807000
10019.001000,1.860000,0.805000
10020.001000,1.859000,0.806000
10021.001000,1.859000,0.808000
10022.001000,1.859000,0.804000
10023.001000,1.859000,0.807000
10024.001000,1.859000,0.802000
10025.001000,1.858000,0.803000
10026.001000,1.859000,0.803000
10027.001000,1.859000,0.803000
10028.001000,1.859000,0.807000
10029.001000,1.859000,0.801000
10030.001000,1.859000,0.801000
10031.001000,1.859000,0.802000
10032.001000,1.859000,0.802000
10033.001000,1.859000,0.803000
10034.001000,1.859000,0.803000
10035.001000,1.859000,0.803000
10036.001000,1.858000,0.799000
10037.001000,1.859000,0.804000
10038.001000,1.859000,0.801000
10039.001000,1.860000,0.804000
10040.001000,1.860000,0.801000
10041.001000,1.860000,0.798000
10042.001000,1.860000,0.799000
10043.001000,1.860000,0.804000
10044.001000,1.860000,0.802000
10045.001000,1.861000,0.799000
10046.001000,1.860000,0.800000
10047.001000,1.860000,0.800000
10048.001000,1.860000,0.798000
10049.001000,1.860000,0.801000
10050.001000,1.860000,0.802000
10051.001000,1.859000,0.801000
10052.001000,1.859000,0.802000
10053.001000,1.858000,0.801000
10054.001000,1.859000,0.801000
10055.001000,1.860000,0.799000
10056.001000,1.860000,0.800000
10057.001000,1.860000,0.801000
10058.001000,1.859000,0.800000
10059.001000,1.860000,0.801000
10060.001000,1.859000,0.800000
10061.001000,1.858000,0.798000
10062.001000,1.858000,0.800000
10063.001000,1.859000,0.797000
10064.001000,1.859000,0.798000
10065.001000,1.859000,0.800000
10066.001000,1.860000,0.798000
10067.001000,1.860000,0.801000
10068.001000,1.860000,0.800000
10069.001000,1.859000,0.805000
10070.001000,1.859000,0.803000
10071.001000,1.860000,0.806000
10072.001000,1.860000,0.803000
10073.001000,1.861000,0.806000
10074.001000,1.861000,0.807000
10075.001000,1.861000,0.807000
10076.001000,1.861000,0.811000
10077.001000,1.860000,0.809000
10078.001000,1.861000,0.811000
10079.001000,1.861000,0.807000
10080.001000,1.862000,0.808000
10081.001000,1.862000,0.807000
10082.001000,1.862000,0.803000
10083.001000,1.862000,0.806000
10084.001000,1.862000,0.804000
10085.001000,1.861000,0.804000
10086.001000,1.862000,0.802000
10087.001000,1.862000,0.810000
10088.001000,1.862000,0.806000
10089.001000,1.862000,0.807000
10090.001000,1.862000,0.809000
10091.001000,1.863000,0.804000
10092.001000,1.863000,0.804000
10093.001000,1.863000,0.801000
10094.001000,1.863000,0.803000
10095.001000,1.864000,0.806000
10096.001000,1.863000,0.805000
10097.001000,1.864000,0.806000
10098.001000,1.864000,0.807000
10099.001000,1.865000,0.805000
10100.001000,1.864000,0.808000
10101.001000,1.864000,0.803000
10102.001000,1.864000,0.806000
10103.001000,1.865000,0.805000
10104.001000,1.865000,0.810000
10105.001000,1.865000,0.808000
10106.001000,1.865000,0.808000
10107.001000,1.865000,0.805000
10108.001000,1.865000,0.808000
10109.001000,1.866000,0.810000
10110.001000,1.866000,0.810000
10111.001000,1.866000,0.812000
10112.001000,1.866000,0.810000
10113.001000,1.866000,0.811000
10114.001000,1.866000,0.811000
10115.001000,1.866000,0.815000
10116.001000,1.865000,0.812000
10117.001000,1.866000,0.813000
10118.001000,1.866000,0.814000
10119.001000,1.866000,0.821000
10120.001000,1.866000,0.816000
10121.001000,1.867000,0.818000
10122.001000,1.867000,0.818000
10123.001000,1.866000,0.818000
10124.001000,1.866000,0.819000
10125.001000,1.866000,0.819000
10126.001000,1.867000,0.819000
10127.001000,1.866000,0.819000
10128.001000,1.866000,0.819000
10129.001000,1.866000,0.819000
10130.001000,1.866000,0.818000
10131.001000,1.867000,0.821000
10132.001000,1.868000,0.824000
10133.001000,1.868000,0.824000
10134.001000,1.868000,0.821000
10135.001000,1.868000,0.821000
10136.001000,1.868000,0.818000
10137.001000,1.867000,0.820000
10138.001000,1.867000,0.822000
10139.001000,1.868000,0.814000
10140.001000,1.869000,0.810000
10141.001000,1.869000,0.811000
10142.001000,1.869000,0.810000
10143.001000,1.868000,0.813000
10144.001000,1.868000,0.816000
10145.001000,1.869000,0.818000
10146.001000,1.870000,0.823000
10147.001000,1.869000,0.816000
10148.001000,1.868000,0.816000
10149.001000,1.869000,0.813000
10150.001000,1.869000,0.817000
10151.001000,1.869000,0.816000
10152.001000,1.869000,0.818000
10153.001000,1.870000,0.817000
10154.001000,1.870000,0.825000
10155.001000,1.870000,0.820000
10156.001000,1.870000,0.818000
10157.001000,1.870000,0.820000
10158.001000,1.870000,0.822000
10159.001000,1.871000,0.821000
10160.001000,1.871000,0.819000
10161.001000,1.870000,0.822000
10162.001000,1.872000,0.821000
10163.001000,1.873000,0.822000
10164.001000,1.875000,0.827000
10165.001000,1.875000,0.822000
10166.001000,1.876000,0.826000
10167.001000,1.876000,0.827000
10168.001000,1.876000,0.825000
10169.001000,1.876000,0.827000
10170.001000,1.876000,0.826000
10171.001000,1.876000,0.825000
10172.001000,1.877000,0.823000
10173.001000,1.877000,0.827000
10174.001000,1.877000,0.825000
10175.001000,1.877000,0.827000
10176.001000,1.877000,0.825000
10177.001000,1.877000,0.825000
10178.001000,1.877000,0.826000
10179.001000,1.877000,0.829000
10180.001000,1.877000,0.828000
10181.001000,1.877000,0.827000
10182.001000,1.876000,0.823000
10183.001000,1.875000,0.825000
10184.001000,1.875000,0.821000
10185.001000,1.875000,0.827000
10186.001000,1.875000,0.822000
10187.001000,1.875000,0.822000
10188.001000,1.874000,0.823000
10189.001000,1.872000,0.824000
10190.001000,1.871000,0.823000
10191.001000,1.872000,0.824000
10192.001000,1.872000,0.824000
10193.001000,1.873000,0.822000
10194.001000,1.874000,0.828000
10195.001000,1.874000,0.826000
10196.001000,1.876000,0.827000
10197.001000,1.876000,0.825000
10198.001000,1.876000,0.828000
10199.001000,1.876000,0.825000
10200.001000,1.876000,0.827000
10201.001000,1.877000,0.829000
10202.001000,1.877000,0.828000
10203.001000,1.877000,0.829000
10204.001000,1.877000,0.828000
10205.001000,1.877000,0.827000
10206.001000,1.877000,0.825000
10207.001000,1.877000,0.828000
10208.001000,1.878000,0.824000
10209.001000,1.878000,0.829000
10210.001000,1.878000,0.830000
10211.001000,1.878000,0.829000
10212.001000,1.878000,0.829000
10213.001000,1.878000,0.832000
10214.001000,1.878000,0.824000
10215.001000,1.878000,0.816000
10216.001000,1.879000,0.820000
10217.001000,1.879000,0.813000
10218.001000,1.879000,0.818000
10219.001000,1.879000,0.819000
10220.001000,1.879000,0.817000
10221.001000,1.879000,0.816000
10222.001000,1.879000,0.815000
10223.001000,1.879000,0.815000
10224.001000,1.879000,0.817000
10225.001000,1.879000,0.815000
10226.001000,1.879000,0.815000
10227.001000,1.879000,0.817000
10228.001000,1.879000,0.820000
10229.001000,1.879000,0.819000
10230.001000,1.879000,0.816000
10231.001000,1.880000,0.817000
10232.001000,1.880000,0.817000
10233.001000,1.880000,0.816000
10234.001000,1.880000,0.816000
10235.001000,1.881000,0.818000
10236.001000,1.881000,0.816000
10237.001000,1.881000,0.817000
10238.001000,1.881000,0.818000
10239.001000,1.881000,0.817000
10240.001000,1.882000,0.820000
10241.001000,1.882000,0.818000
10242.001000,1.881000,0.821000
10243.001000,1.881000,0.816000
10244.001000,1.881000,0.817000
10245.001000,1.881000,0.815000
10246.001000,1.881000,0.817000
10247.001000,1.882000,0.817000
10248.001000,1.881000,0.816000
10249.001000,1.881000,0.817000
10250.001000,1.881000,0.820000
10251.001000,1.881000,0.816000
10252.001000,1.882000,0.819000
10253.001000,1.882000,0.818000
10254.001000,1.883000,0.819000
10255.001000,1.883000,0.820000
10256.001000,1.883000,0.819000
10257.001000,1.883000,0.822000
10258.001000,1.883000,0.823000
10259.001000,1.883000,0.822000
10260.001000,1.883000,0.820000
10261.001000,1.883000,0.820000
10262.001000,1.883000,0.818000
10263.001000,1.884000,0.819000
10264.001000,1.884000,0.822000
10265.001000,1.884000,0.821000
10266.001000,1.884000,0.834000
10267.001000,1.884000,0.831000
10268.001000,1.885000,0.831000
10269.001000,1.885000,0.831000
10270.001000,1.884000,0.833000
10271.001000,1.884000,0.835000
10272.001000,1.884000,0.835000
10273.001000,1.884000,0.836000
10274.001000,1.884000,0.838000
10275.001000,1.884000,0.832000
10276.001000,1.884000,0.837000
10277.001000,1.884000,0.839000
10278.001000,1.885000,0.836000
10279.001000,1.885000,0.839000
10280.001000,1.885000,0.838000
10281.001000,1.885000,0.841000
10282.001000,1.886000,0.840000
10283.001000,1.885000,0.839000
10284.001000,1.886000,0.841000
10285.001000,1.886000,0.839000
10286.001000,1.886000,0.841000
10287.001000,1.887000,0.839000
10288.001000,1.887000,0.840000
10289.001000,1.888000,0.839000
10290.001000,1.888000,0.839000
10291.001000,1.888000,0.841000
10292.001000,1.887000,0.839000
10293.001000,1.888000,0.843000
10294.001000,1.888000,0.839000
10295.001000,1.888000,0.839000
10296.001000,1.888000,0.844000
10297.001000,1.888000,0.844000
10298.001000,1.888000,0.839000
10299.001000,1.886000,0.841000
10300.001000,1.886000,0.839000
10301.001000,1.887000,0.843000
10302.001000,1.887000,0.842000
10303.001000,1.887000,0.841000
10304.001000,1.887000,0.842000
10305.001000,1.887000,0.843000
10306.001000,1.887000,0.842000
10307.001000,1.887000,0.831000
10308.001000,1.887000,0.820000
10309.001000,1.887000,0.824000
10310.001000,1.887000,0.823000
10311.001000,1.888000,0.824000
10312.001000,1.888000,0.826000
10313.001000,1.888000,0.826000
10314.001000,1.887000,0.827000
10315.001000,1.887000,0.826000
10316.001000,1.887000,0.826000
10317.001000,1.887000,0.825000
10318.001000,1.887000,0.825000
10319.001000,1.888000,0.825000
10320.001000,1.888000,0.826000
10321.001000,1.888000,0.826000
10322.001000,1.888000,0.828000
10323.001000,1.888000,0.829000
10324.001000,1.888000,0.827000
10325.001000,1.888000,0.830000
10326.001000,1.889000,0.829000
10327.001000,1.889000,0.828000
10328.001000,1.889000,0.829000
10329.001000,1.889000,0.828000
10330.001000,1.889000,0.826000
10331.001000,1.889000,0.828000
10332.001000,1.889000,0.827000
10333.001000,1.889000,0.827000
10334.001000,1.890000,0.826000
10335.001000,1.889000,0.828000
10336.001000,1.889000,0.835000
10337.001000,1.889000,0.831000
10338.001000,1.889000,0.829000
10339.001000,1.890000,0.829000
10340.001000,1.889000,0.829000
10341.001000,1.890000,0.829000
10342.001000,1.890000,0.842000
10343.001000,1.890000,0.841000
10344.001000,1.891000,0.842000
10345.001000,1.891000,0.844000
10346.001000,1.891000,0.845000
10347.001000,1.892000,0.846000
10348.001000,1.893000,0.847000
10349.001000,1.893000,0.847000
10350.001000,1.894000,0.846000
10351.001000,1.894000,0.844000
10352.001000,1.895000,0.845000
10353.001000,1.895000,0.843000
10354.001000,1.895000,0.844000
10355.001000,1.895000,0.845000
10356.001000,1.895000,0.844000
10357.001000,1.895000,0.845000
10358.001000,1.896000,0.845000
10359.001000,1.895000,0.846000
10360.001000,1.895000,0.845000
10361.001000,1.895000,0.844000
10362.001000,1.895000,0.846000
10363.001000,1.894000,0.848000
10364.001000,1.894000,0.847000
10365.001000,1.895000,0.845000
10366.001000,1.895000,0.847000
10367.001000,1.895000,0.845000
10368.001000,1.895000,0.843000
10369.001000,1.895000,0.846000
10370.001000,1.895000,0.847000
10371.001000,1.896000,0.848000
10372.001000,1.896000,0.847000
10373.001000,1.895000,0.852000
10374.001000,1.895000,0.850000
10375.001000,1.895000,0.847000
10376.001000,1.895000,0.851000
10377.001000,1.895000,0.852000
10378.001000,1.895000,0.847000
10379.001000,1.895000,0.851000
10380.001000,1.896000,0.851000
10381.001000,1.896000,0.852000
10382.001000,1.895000,0.856000
10383.001000,1.895000,0.854000
10384.001000,1.895000,0.851000
10385.001000,1.894000,0.850000
10386.001000,1.894000,0.851000
10387.001000,1.894000,0.843000
10388.001000,1.894000,0.851000
10389.001000,1.894000,0.854000
10390.001000,1.894000,0.856000
10391.001000,1.894000,0.857000
10392.001000,1.894000,0.854000
10393.001000,1.894000,0.855000
10394.001000,1.894000,0.857000
10395.001000,1.893000,0.857000
10396.001000,1.893000,0.852000
10397.001000,1.894000,0.847000
10398.001000,1.894000,0.841000
10399.001000,1.894000,0.841000
10400.001000,1.895000,0.836000
10401.001000,1.895000,0.841000
10402.001000,1.896000,0.838000
10403.001000,1.896000,0.839000
10404.001000,1.896000,0.837000
10405.001000,1.897000,0.842000
10406.001000,1.897000,0.835000
10407.001000,1.897000,0.836000
10408.001000,1.897000,0.836000
10409.001000,1.898000,0.839000
10410.001000,1.898000,0.835000
10411.001000,1.898000,0.836000
10412.001000,1.898000,0.839000
10413.001000,1.898000,0.838000
10414.001000,1.898000,0.836000
10415.001000,1.898000,0.835000
10416.001000,1.898000,0.835000
10417.001000,1.898000,0.836000
10418.001000,1.898000,0.838000
10419.001000,1.898000,0.839000
10420.001000,1.899000,0.837000
10421.001000,1.899000,0.837000
10422.001000,1.899000,0.838000
10423.001000,1.899000,0.841000
10424.001000,1.899000,0.842000
10425.001000,1.899000,0.836000
10426.001000,1.900000,0.838000
10427.001000,1.900000,0.838000
10428.001000,1.899000,0.841000
10429.001000,1.899000,0.841000
10430.001000,1.898000,0.846000
10431.001000,1.899000,0.846000
10432.001000,1.899000,0.842000
10433.001000,1.899000,0.835000
10434.001000,1.899000,0.836000
10435.001000,1.899000,0.839000
10436.001000,1.899000,0.837000
10437.001000,1.900000,0.835000
10438.001000,1.899000,0.839000
10439.001000,1.900000,0.841000
10440.001000,1.900000,0.836000
10441.001000,1.900000,0.839000
10442.001000,1.900000,0.839000
10443.001000,1.901000,0.844000
10444.001000,1.901000,0.839000
10445.001000,1.901000,0.840000
10446.001000,1.901000,0.840000
10447.001000,1.901000,0.838000
10448.001000,1.901000,0.841000
10449.001000,1.902000,0.840000
10450.001000,1.902000,0.836000
10451.001000,1.902000,0.842000
10452.001000,1.902000,0.847000
10453.001000,1.902000,0.839000
10454.001000,1.902000,0.841000
10455.001000,1.902000,0.841000
10456.001000,1.902000,0.844000
10457.001000,1.903000,0.840000
10458.001000,1.903000,0.840000
10459.001000,1.903000,0.853000
10460.001000,1.903000,0.856000
10461.001000,1.903000,0.855000
10462.001000,1.903000,0.858000
10463.001000,1.903000,0.838000
10464.001000,1.903000,0.840000
10465.001000,1.903000,0.847000
10466.001000,1.903000,0.843000
10467.001000,1.903000,0.841000
10468.001000,1.903000,0.839000
10469.001000,1.903000,0.840000
10470.001000,1.903000,0.843000
10471.001000,1.902000,0.839000
10472.001000,1.902000,0.834000
10473.001000,1.902000,0.842000
10474.001000,1.902000,0.838000
10475.001000,1.901000,0.839000
10476.001000,1.901000,0.838000
10477.001000,1.901000,0.838000
10478.001000,1.901000,0.836000
10479.001000,1.901000,0.837000
10480.001000,1.901000,0.838000
10481.001000,1.901000,0.836000
10482.001000,1.902000,0.839000
10483.001000,1.902000,0.838000
10484.001000,1.902000,0.838000
10485.001000,1.902000,0.844000
10486.001000,1.902000,0.858000
10487.001000,1.903000,0.860000
10488.001000,1.903000,0.859000
10489.001000,1.903000,0.858000
10490.001000,1.903000,0.858000
10491.001000,1.903000,0.855000
10492.001000,1.903000,0.859000
10493.001000,1.904000,0.860000
10494.001000,1.904000,0.859000
10495.001000,1.903000,0.860000
10496.001000,1.903000,0.847000
10497.001000,1.903000,0.847000
10498.001000,1.903000,0.849000
10499.001000,1.904000,0.847000
10500.001000,1.904000,0.847000
10501.001000,1.904000,0.843000
10502.001000,1.904000,0.848000
10503.001000,1.902000,0.852000
10504.001000,1.902000,0.849000
10505.001000,1.902000,0.849000
10506.001000,1.903000,0.851000
10507.001000,1.903000,0.855000
10508.001000,1.903000,0.864000
10509.001000,1.903000,0.866000
10510.001000,1.903000,0.863000
10511.001000,1.903000,0.864000
10512.001000,1.903000,0.864000
10513.001000,1.903000,0.862000
10514.001000,1.903000,0.862000
10515.001000,1.902000,0.864000
10516.001000,1.902000,0.863000
10517.001000,1.902000,0.862000
10518.001000,1.901000,0.861000
10519.001000,1.901000,0.861000
10520.001000,1.901000,0.863000
10521.001000,1.900000,0.862000
10522.001000,1.900000,0.863000
10523.001000,1.900000,0.862000
10524.001000,1.901000,0.863000
10525.001000,1.901000,0.866000
10526.001000,1.902000,0.864000
10527.001000,1.902000,0.861000
10528.001000,1.902000,0.863000
10529.001000,1.902000,0.864000
10530.001000,1.903000,0.863000
10531.001000,1.903000,0.861000
10532.001000,1.902000,0.861000
10533.001000,1.903000,0.864000
10534.001000,1.903000,0.864000
10535.001000,1.903000,0.863000
10536.001000,1.903000,0.860000
10537.001000,1.904000,0.862000
10538.001000,1.903000,0.864000
10539.001000,1.903000,0.864000
10540.001000,1.902000,0.865000
10541.001000,1.902000,0.863000
10542.001000,1.902000,0.863000
10543.001000,1.902000,0.862000
10544.001000,1.902000,0.860000
10545.001000,1.902000,0.860000
10546.001000,1.902000,0.863000
10547.001000,1.902000,0.865000
10548.001000,1.902000,0.861000
10549.001000,1.902000,0.864000
10550.001000,1.903000,0.863000
10551.001000,1.903000,0.859000
10552.001000,1.903000,0.864000
10553.001000,1.903000,0.865000
10554.001000,1.903000,0.863000
10555.001000,1.903000,0.861000
10556.001000,1.903000,0.864000
10557.001000,1.903000,0.867000
10558.001000,1.903000,0.866000
10559.001000,1.903000,0.863000
10560.001000,1.903000,0.867000
10561.001000,1.903000,0.866000
10562.001000,1.903000,0.865000
10563.001000,1.903000,0.868000
10564.001000,1.903000,0.865000
10565.001000,1.903000,0.865000
10566.001000,1.904000,0.864000
10567.001000,1.904000,0.866000
10568.001000,1.904000,0.866000
10569.001000,1.904000,0.865000
10570.001000,1.904000,0.866000
10571.001000,1.905000,0.865000
10572.001000,1.905000,0.863000
10573.001000,1.905000,0.866000
10574.001000,1.905000,0.858000
10575.001000,1.904000,0.861000
10576.001000,1.904000,0.861000
10577.001000,1.904000,0.863000
10578.001000,1.904000,0.864000
10579.001000,1.905000,0.865000
10580.001000,1.905000,0.866000
10581.001000,1.905000,0.864000
10582.001000,1.905000,0.863000
10583.001000,1.906000,0.865000
10584.001000,1.906000,0.867000
10585.001000,1.906000,0.866000
10586.001000,1.906000,0.863000
10587.001000,1.906000,0.865000
10588.001000,1.905000,0.866000
10589.001000,1.905000,0.864000
10590.001000,1.905000,0.858000
10591.001000,1.905000,0.853000
10592.001000,1.906000,0.849000
10593.001000,1.906000,0.860000
10594.001000,1.906000,0.861000
10595.001000,1.906000,0.861000
10596.001000,1.906000,0.865000
10597.001000,1.906000,0.862000
10598.001000,1.907000,0.862000
10599.001000,1.907000,0.856000
10600.001000,1.907000,0.848000
10601.001000,1.907000,0.849000
10602.001000,1.907000,0.849000
10603.001000,1.907000,0.845000
10604.001000,1.907000,0.850000
10605.001000,1.907000,0.846000
10606.001000,1.906000,0.846000
10607.001000,1.906000,0.848000
10608.001000,1.906000,0.846000
10609.001000,1.906000,0.846000
10610.001000,1.906000,0.845000
10611.001000,1.906000,0.849000
10612.001000,1.906000,0.849000
10613.001000,1.906000,0.848000
10614.001000,1.906000,0.849000
10615.001000,1.907000,0.849000
10616.001000,1.906000,0.846000
10617.001000,1.906000,0.849000
10618.001000,1.907000,0.850000
10619.001000,1.907000,0.849000
10620.001000,1.907000,0.852000
10621.001000,1.907000,0.852000
10622.001000,1.907000,0.847000
10623.001000,1.907000,0.849000
10624.001000,1.907000,0.847000
10625.001000,1.908000,0.845000
10626.001000,1.908000,0.848000
10627.001000,1.908000,0.853000
10628.001000,1.908000,0.850000
10629.001000,1.908000,0.849000
10630.001000,1.908000,0.847000
10631.001000,1.908000,0.853000
10632.001000,1.908000,0.853000
10633.001000,1.909000,0.851000
10634.001000,1.909000,0.851000
10635.001000,1.908000,0.847000
10636.001000,1.908000,0.849000
10637.001000,1.908000,0.849000
10638.001000,1.908000,0.853000
10639.001000,1.908000,0.853000
10640.001000,1.909000,0.853000
10641.001000,1.909000,0.851000
10642.001000,1.908000,0.849000
10643.001000,1.908000,0.852000
10644.001000,1.909000,0.851000
10645.001000,1.909000,0.853000
10646.001000,1.908000,0.849000
10647.001000,1.908000,0.852000
10648.001000,1.908000,0.851000
10649.001000,1.908000,0.853000
10650.001000,1.908000,0.854000
10651.001000,1.908000,0.850000
10652.001000,1.909000,0.850000
10653.001000,1.909000,0.849000
10654.001000,1.909000,0.849000
10655.001000,1.909000,0.852000
10656.001000,1.909000,0.852000
10657.001000,1.909000,0.857000
10658.001000,1.909000,0.853000
10659.001000,1.909000,0.851000
10660.001000,1.909000,0.851000
10661.001000,1.909000,0.851000
10662.001000,1.909000,0.850000
10663.001000,1.909000,0.850000
10664.001000,1.909000,0.851000
10665.001000,1.909000,0.847000
10666.001000,1.909000,0.851000
10667.001000,1.909000,0.852000
10668.001000,1.909000,0.848000
10669.001000,1.909000,0.851000
10670.001000,1.909000,0.848000
10671.001000,1.910000,0.849000
10672.001000,1.910000,0.850000
10673.001000,1.910000,0.849000
10674.001000,1.910000,0.849000
10675.001000,1.910000,0.850000
10676.001000,1.911000,0.847000
10677.001000,1.911000,0.848000
10678.001000,1.910000,0.849000
10679.001000,1.911000,0.847000
10680.001000,1.910000,0.845000
10681.001000,1.910000,0.849000
10682.001000,1.911000,0.849000
10683.001000,1.911000,0.848000
10684.001000,1.911000,0.848000
10685.001000,1.911000,0.849000
10686.001000,1.910000,0.848000
10687.001000,1.910000,0.847000
10688.001000,1.910000,0.846000
10689.001000,1.910000,0.845000
10690.001000,1.910000,0.849000
10691.001000,1.910000,0.851000
10692.001000,1.910000,0.851000
10693.001000,1.910000,0.851000
10694.001000,1.910000,0.849000
10695.001000,1.910000,0.851000
10696.001000,1.910000,0.853000
10697.001000,1.910000,0.853000
10698.001000,1.910000,0.851000
10699.001000,1.910000,0.850000
10700.001000,1.910000,0.852000
10701.001000,1.910000,0.853000
10702.001000,1.910000,0.852000
10703.001000,1.910000,0.856000
10704.001000,1.911000,0.853000
10705.001000,1.911000,0.853000
10706.001000,1.911000,0.852000
10707.001000,1.911000,0.853000
10708.001000,1.911000,0.850000
10709.001000,1.911000,0.855000
10710.001000,1.911000,0.854000
10711.001000,1.911000,0.855000
10712.001000,1.911000,0.852000
10713.001000,1.912000,0.851000
10714.001000,1.912000,0.849000
10715.001000,1.912000,0.853000
10716.001000,1.912000,0.852000
10717.001000,1.912000,0.852000
10718.001000,1.912000,0.853000
10719.001000,1.912000,0.847000
10720.001000,1.912000,0.848000
10721.001000,1.912000,0.852000
10722.001000,1.912000,0.850000
10723.001000,1.912000,0.852000
10724.001000,1.912000,0.853000
10725.001000,1.913000,0.854000
10726.001000,1.913000,0.852000
10727.001000,1.913000,0.852000
10728.001000,1.913000,0.855000
10729.001000,1.913000,0.853000
10730.001000,1.912000,0.855000
10731.001000,1.912000,0.852000
10732.001000,1.913000,0.852000
10733.001000,1.913000,0.854000
10734.001000,1.913000,0.852000
10735.001000,1.913000,0.856000
10736.001000,1.913000,0.855000
10737.001000,1.914000,0.855000
10738.001000,1.914000,0.850000
10739.001000,1.914000,0.853000
10740.001000,1.914000,0.852000
10741.001000,1.915000,0.858000
10742.001000,1.915000,0.857000
10743.001000,1.915000,0.858000
10744.001000,1.915000,0.859000
10745.001000,1.915000,0.859000
10746.001000,1.916000,0.859000
10747.001000,1.916000,0.858000
10748.001000,1.916000,0.862000
10749.001000,1.916000,0.859000
10750.001000,1.916000,0.858000
10751.001000,1.916000,0.859000
10752.001000,1.917000,0.861000
10753.001000,1.917000,0.861000
10754.001000,1.917000,0.862000
10755.001000,1.917000,0.861000
10756.001000,1.917000,0.861000
10757.001000,1.917000,0.860000
10758.001000,1.917000,0.859000
10759.001000,1.917000,0.858000
10760.001000,1.917000,0.859000
10761.001000,1.917000,0.860000
10762.001000,1.918000,0.856000
10763.001000,1.918000,0.856000
10764.001000,1.918000,0.858000
10765.001000,1.918000,0.859000
10766.001000,1.918000,0.858000
10767.001000,1.919000,0.860000
10768.001000,1.918000,0.857000
10769.001000,1.918000,0.856000
10770.001000,1.918000,0.857000
10771.001000,1.919000,0.859000
10772.001000,1.918000,0.854000
10773.001000,1.918000,0.857000
10774.001000,1.918000,0.858000
10775.001000,1.918000,0.859000
10776.001000,1.918000,0.856000
10777.001000,1.919000,0.863000
10778.001000,1.919000,0.857000
10779.001000,1.919000,0.859000
10780.001000,1.919000,0.858000
10781.001000,1.918000,0.861000
10782.001000,1.918000,0.862000
10783.001000,1.919000,0.862000
10784.001000,1.919000,0.862000
10785.001000,1.919000,0.857000
10786.001000,1.919000,0.862000
10787.001000,1.919000,0.863000
10788.001000,1.919000,0.861000
10789.001000,1.920000,0.863000
10790.001000,1.920000,0.858000
10791.001000,1.920000,0.860000
10792.001000,1.920000,0.860000
10793.001000,1.920000,0.858000
10794.001000,1.920000,0.862000
10795.001000,1.920000,0.860000
10796.001000,1.920000,0.862000
10797.001000,1.920000,0.865000
10798.001000,1.920000,0.865000
10799.001000,1.920000,0.867000
10800.001000,1.919000,0.867000
10801.001000,1.920000,0.864000
10802.001000,1.920000,0.865000
10803.001000,1.919000,0.863000
10804.001000,1.919000,0.860000
10805.001000,1.919000,0.861000
10806.001000,1.919000,0.860000
10807.001000,1.919000,0.859000
10808.001000,1.919000,0.864000
10809.001000,1.919000,0.857000
10810.001000,1.919000,0.858000
10811.001000,1.919000,0.858000
10812.001000,1.919000,0.857000
10813.001000,1.919000,0.861000
10814.001000,1.919000,0.861000
10815.001000,1.919000,0.857000
10816.001000,1.919000,0.856000
10817.001000,1.919000,0.858000
10818.001000,1.919000,0.857000
10819.001000,1.919000,0.857000
10820.001000,1.920000,0.862000
10821.001000,1.920000,0.859000
10822.001000,1.920000,0.859000
10823.001000,1.920000,0.863000
10824.001000,1.920000,0.861000
10825.001000,1.920000,0.862000
10826.001000,1.921000,0.864000
10827.001000,1.921000,0.860000
10828.001000,1.921000,0.862000
10829.001000,1.921000,0.863000
10830.001000,1.921000,0.864000
10831.001000,1.921000,0.864000
10832.001000,1.921000,0.861000
10833.001000,1.921000,0.867000
10834.001000,1.921000,0.867000
10835.001000,1.921000,0.867000
10836.001000,1.921000,0.869000
10837.001000,1.922000,0.871000
10838.001000,1.921000,0.868000
10839.001000,1.921000,0.867000
10840.001000,1.921000,0.868000
10841.001000,1.921000,0.867000
10842.001000,1.921000,0.861000
10843.001000,1.921000,0.865000
10844.001000,1.921000,0.866000
10845.001000,1.921000,0.866000
10846.001000,1.922000,0.867000
10847.001000,1.922000,0.863000
10848.001000,1.921000,0.868000
10849.001000,1.922000,0.863000
10850.001000,1.922000,0.863000
10851.001000,1.922000,0.861000
10852.001000,1.922000,0.860000
10853.001000,1.922000,0.864000
10854.001000,1.922000,0.866000
10855.001000,1.922000,0.865000
10856.001000,1.923000,0.865000
10857.001000,1.923000,0.864000
10858.001000,1.923000,0.864000
10859.001000,1.923000,0.864000
10860.001000,1.923000,0.869000
10861.001000,1.923000,0.868000
10862.001000,1.924000,0.870000
10863.001000,1.924000,0.865000
10864.001000,1.924000,0.865000
10865.001000,1.924000,0.866000
10866.001000,1.924000,0.864000
10867.001000,1.923000,0.861000
10868.001000,1.924000,0.861000
10869.001000,1.924000,0.860000
10870.001000,1.924000,0.859000
10871.001000,1.924000,0.860000
10872.001000,1.924000,0.862000
10873.001000,1.924000,0.862000
10874.001000,1.924000,0.859000
10875.001000,1.925000,0.863000
10876.001000,1.925000,0.862000
10877.001000,1.925000,0.865000
10878.001000,1.925000,0.862000
10879.001000,1.925000,0.862000
10880.001000,1.925000,0.869000
10881.001000,1.925000,0.866000
10882.001000,1.925000,0.866000
10883.001000,1.925000,0.863000
10884.001000,1.924000,0.861000
10885.001000,1.924000,0.865000
10886.001000,1.924000,0.865000
10887.001000,1.925000,0.864000
10888.001000,1.925000,0.866000
10889.001000,1.925000,0.862000
10890.001000,1.925000,0.857000
10891.001000,1.925000,0.860000
10892.001000,1.925000,0.861000
10893.001000,1.925000,0.866000
10894.001000,1.926000,0.862000
10895.001000,1.925000,0.862000
10896.001000,1.926000,0.861000
10897.001000,1.926000,0.859000
10898.001000,1.926000,0.859000
10899.001000,1.926000,0.860000
10900.001000,1.926000,0.864000
10901.001000,1.926000,0.865000
10902.001000,1.926000,0.864000
10903.001000,1.926000,0.863000
10904.001000,1.925000,0.859000
10905.001000,1.925000,0.864000
10906.001000,1.925000,0.863000
10907.001000,1.925000,0.862000
10908.001000,1.925000,0.861000
10909.001000,1.925000,0.861000
10910.001000,1.925000,0.860000
10911.001000,1.925000,0.859000
10912.001000,1.925000,0.861000
10913.001000,1.926000,0.862000
10914.001000,1.926000,0.860000
10915.001000,1.926000,0.858000
10916.001000,1.926000,0.861000
10917.001000,1.926000,0.861000
10918.001000,1.926000,0.862000
10919.001000,1.926000,0.858000
10920.001000,1.925000,0.860000
10921.001000,1.925000,0.860000
10922.001000,1.925000,0.863000
10923.001000,1.925000,0.861000
10924.001000,1.925000,0.861000
10925.001000,1.925000,0.863000
10926.001000,1.926000,0.863000
10927.001000,1.926000,0.862000
10928.001000,1.925000,0.863000
10929.001000,1.926000,0.859000
10930.001000,1.926000,0.859000
10931.001000,1.926000,0.861000
10932.001000,1.926000,0.862000
10933.001000,1.927000,0.862000
10934.001000,1.927000,0.860000
10935.001000,1.927000,0.864000
10936.001000,1.927000,0.860000
10937.001000,1.927000,0.863000
10938.001000,1.927000,0.864000
10939.001000,1.928000,0.868000
10940.001000,1.927000,0.864000
10941.001000,1.928000,0.867000
10942.001000,1.928000,0.870000
10943.001000,1.928000,0.866000
10944.001000,1.928000,0.865000
10945.001000,1.928000,0.863000
10946.001000,1.929000,0.862000
10947.001000,1.928000,0.864000
10948.001000,1.928000,0.863000
10949.001000,1.928000,0.861000
10950.001000,1.928000,0.862000
10951.001000,1.928000,0.861000
10952.001000,1.928000,0.862000
10953.001000,1.928000,0.862000
10954.001000,1.928000,0.862000
10955.001000,1.928000,0.866000
10956.001000,1.928000,0.862000
10957.001000,1.928000,0.862000
10958.001000,1.928000,0.862000
10959.001000,1.928000,0.862000
10960.001000,1.928000,0.858000
10961.001000,1.928000,0.863000
10962.001000,1.928000,0.865000
10963.001000,1.928000,0.860000
10964.001000,1.928000,0.866000
10965.001000,1.928000,0.863000
10966.001000,1.929000,0.865000
10967.001000,1.929000,0.862000
10968.001000,1.929000,0.861000
10969.001000,1.929000,0.863000
10970.001000,1.929000,0.860000
10971.001000,1.929000,0.861000
10972.001000,1.929000,0.860000
10973.001000,1.928000,0.859000
10974.001000,1.928000,0.862000
10975.001000,1.929000,0.865000
10976.001000,1.928000,0.867000
10977.001000,1.928000,0.866000
10978.001000,1.929000,0.864000
10979.001000,1.928000,0.863000
10980.001000,1.928000,0.866000
10981.001000,1.928000,0.866000
10982.001000,1.928000,0.870000
10983.001000,1.928000,0.864000
10984.001000,1.929000,0.867000
10985.001000,1.929000,0.870000
10986.001000,1.929000,0.873000
10987.001000,1.929000,0.868000
10988.001000,1.929000,0.870000
10989.001000,1.929000,0.873000
10990.001000,1.929000,0.872000
10991.001000,1.929000,0.869000
10992.001000,1.929000,0.867000
10993.001000,1.929000,0.867000
10994.001000,1.929000,0.870000
10995.001000,1.929000,0.870000
10996.001000,1.929000,0.869000
10997.001000,1.929000,0.870000
10998.001000,1.929000,0.868000
10999.001000,1.929000,0.868000
11000.001000,1.929000,0.870000
11001.001000,1.929000,0.870000
11002.001000,1.929000,0.869000
11003.001000,1.929000,0.874000
11004.001000,1.929000,0.873000
11005.001000,1.929000,0.870000
11006.001000,1.929000,0.869000
11007.001000,1.929000,0.871000
11008.001000,1.929000,0.870000
11009.001000,1.929000,0.870000
11010.001000,1.929000,0.867000
11011.001000,1.929000,0.867000
11012.001000,1.929000,0.866000
11013.001000,1.929000,0.866000
11014.001000,1.929000,0.865000
11015.001000,1.929000,0.863000
11016.001000,1.929000,0.865000
11017.001000,1.930000,0.865000
11018.001000,1.930000,0.865000
11019.001000,1.930000,0.861000
11020.001000,1.930000,0.859000
11021.001000,1.930000,0.859000
11022.001000,1.930000,0.864000
11023.001000,1.931000,0.864000
11024.001000,1.931000,0.867000
11025.001000,1.931000,0.868000
11026.001000,1.931000,0.869000
11027.001000,1.930000,0.868000
11028.001000,1.930000,0.871000
11029.001000,1.930000,0.868000
11030.001000,1.930000,0.868000
11031.001000,1.930000,0.869000
11032.001000,1.930000,0.871000
11033.001000,1.930000,0.870000
11034.001000,1.930000,0.867000
11035.001000,1.930000,0.863000
11036.001000,1.930000,0.865000
11037.001000,1.930000,0.868000
11038.001000,1.931000,0.868000
11039.001000,1.931000,0.865000
11040.001000,1.931000,0.864000
11041.001000,1.931000,0.863000
11042.001000,1.931000,0.863000
11043.001000,1.931000,0.866000
11044.001000,1.931000,0.864000
11045.001000,1.931000,0.861000
11046.001000,1.931000,0.864000
11047.001000,1.931000,0.865000
11048.001000,1.932000,0.861000
11049.001000,1.932000,0.865000
11050.001000,1.932000,0.867000
11051.001000,1.932000,0.862000
11052.001000,1.932000,0.866000
11053.001000,1.932000,0.860000
11054.001000,1.932000,0.866000
11055.001000,1.932000,0.859000
11056.001000,1.931000,0.862000
11057.001000,1.931000,0.865000
11058.001000,1.931000,0.865000
11059.001000,1.931000,0.870000
11060.001000,1.931000,0.866000
11061.001000,1.931000,0.868000
11062.001000,1.931000,0.866000
11063.001000,1.931000,0.867000
11064.001000,1.931000,0.869000
11065.001000,1.931000,0.864000
11066.001000,1.931000,0.863000
11067.001000,1.931000,0.865000
11068.001000,1.931000,0.862000
11069.001000,1.931000,0.868000
11070.001000,1.931000,0.865000
11071.001000,1.931000,0.866000
11072.001000,1.931000,0.865000
11073.001000,1.931000,0.865000
11074.001000,1.931000,0.863000
11075.001000,1.931000,0.863000
11076.001000,1.930000,0.864000
11077.001000,1.930000,0.867000
11078.001000,1.930000,0.863000
11079.001000,1.930000,0.866000
11080.001000,1.929000,0.867000
11081.001000,1.929000,0.865000
11082.001000,1.929000,0.862000
11083.001000,1.929000,0.857000
11084.001000,1.929000,0.859000
11085.001000,1.929000,0.862000
11086.001000,1.929000,0.863000
11087.001000,1.928000,0.861000
11088.001000,1.928000,0.859000
11089.001000,1.929000,0.862000
11090.001000,1.929000,0.859000
11091.001000,1.929000,0.864000
11092.001000,1.929000,0.862000
11093.001000,1.929000,0.863000
11094.001000,1.929000,0.859000
11095.001000,1.930000,0.857000
11096.001000,1.929000,0.858000
11097.001000,1.929000,0.863000
11098.001000,1.929000,0.861000
11099.001000,1.929000,0.859000
11100.001000,1.930000,0.863000
11101.001000,1.930000,0.866000
11102.001000,1.930000,0.859000
11103.001000,1.930000,0.860000
11104.001000,1.929000,0.863000
11105.001000,1.929000,0.864000
11106.001000,1.929000,0.864000
11107.001000,1.929000,0.869000
11108.001000,1.929000,0.879000
11109.001000,1.928000,0.870000
11110.001000,1.928000,0.873000
11111.001000,1.928000,0.875000
11112.001000,1.928000,0.877000
11113.001000,1.928000,0.877000
11114.001000,1.929000,0.885000
11115.001000,1.929000,0.880000
11116.001000,1.929000,0.879000
11117.001000,1.929000,0.880000
11118.001000,1.929000,0.867000
11119.001000,1.928000,0.865000
11120.001000,1.928000,0.861000
11121.001000,1.928000,0.867000
11122.001000,1.929000,0.865000
11123.001000,1.929000,0.869000
11124.001000,1.929000,0.867000
11125.001000,1.929000,0.867000
11126.001000,1.929000,0.865000
11127.001000,1.929000,0.867000
11128.001000,1.929000,0.869000
11129.001000,1.930000,0.867000
11130.001000,1.929000,0.867000
11131.001000,1.930000,0.864000
11132.001000,1.930000,0.869000
11133.001000,1.929000,0.867000
11134.001000,1.929000,0.866000
11135.001000,1.929000,0.865000
11136.001000,1.929000,0.866000
11137.001000,1.929000,0.872000
11138.001000,1.929000,0.868000
11139.001000,1.929000,0.867000
11140.001000,1.929000,0.872000
11141.001000,1.929000,0.870000
11142.001000,1.929000,0.871000
11143.001000,1.930000,0.867000
11144.001000,1.929000,0.870000
11145.001000,1.929000,0.869000
11146.001000,1.930000,0.867000
11147.001000,1.930000,0.869000
11148.001000,1.930000,0.869000
11149.001000,1.930000,0.866000
11150.001000,1.930000,0.866000
11151.001000,1.930000,0.868000
11152.001000,1.930000,0.866000
11153.001000,1.930000,0.860000
11154.001000,1.930000,0.865000
11155.001000,1.929000,0.866000
11156.001000,1.929000,0.876000
11157.001000,1.928000,0.867000
11158.001000,1.929000,0.871000
11159.001000,1.928000,0.867000
11160.001000,1.929000,0.868000
11161.001000,1.929000,0.877000
11162.001000,1.928000,0.882000
11163.001000,1.926000,0.885000
11164.001000,1.926000,0.883000
11165.001000,1.927000,0.879000
11166.001000,1.927000,0.883000
11167.001000,1.927000,0.885000
11168.001000,1.927000,0.885000
11169.001000,1.927000,0.885000
11170.001000,1.927000,0.878000
11171.001000,1.927000,0.882000
11172.001000,1.927000,0.884000
11173.001000,1.927000,0.883000
11174.001000,1.927000,0.880000
11175.001000,1.927000,0.878000
11176.001000,1.927000,0.876000
11177.001000,1.927000,0.878000
11178.001000,1.927000,0.880000
11179.001000,1.927000,0.875000
11180.001000,1.927000,0.882000
11181.001000,1.927000,0.879000
11182.001000,1.927000,0.878000
11183.001000,1.927000,0.876000
11184.001000,1.928000,0.871000
11185.001000,1.928000,0.870000
11186.001000,1.928000,0.867000
11187.001000,1.928000,0.868000
11188.001000,1.928000,0.865000
11189.001000,1.928000,0.865000
11190.001000,1.928000,0.865000
11191.001000,1.929000,0.863000
11192.001000,1.929000,0.861000
11193.001000,1.929000,0.872000
11194.001000,1.928000,0.880000
11195.001000,1.928000,0.880000
11196.001000,1.928000,0.864000
11197.001000,1.928000,0.869000
11198.001000,1.928000,0.866000
11199.001000,1.928000,0.866000
11200.001000,1.928000,0.864000
11201.001000,1.927000,0.865000
11202.001000,1.927000,0.867000
11203.001000,1.927000,0.864000
11204.001000,1.927000,0.865000
11205.001000,1.927000,0.869000
11206.001000,1.927000,0.867000
11207.001000,1.927000,0.863000
11208.001000,1.927000,0.864000
11209.001000,1.927000,0.867000
11210.001000,1.927000,0.866000
11211.001000,1.927000,0.863000
11212.001000,1.927000,0.867000
11213.001000,1.927000,0.866000
11214.001000,1.927000,0.862000
11215.001000,1.927000,0.861000
11216.001000,1.928000,0.866000
11217.001000,1.927000,0.865000
11218.001000,1.927000,0.866000
11219.001000,1.928000,0.861000
11220.001000,1.928000,0.861000
11221.001000,1.928000,0.860000
11222.001000,1.928000,0.859000
11223.001000,1.928000,0.859000
11224.001000,1.927000,0.860000
11225.001000,1.928000,0.865000
11226.001000,1.928000,0.863000
11227.001000,1.928000,0.858000
11228.001000,1.928000,0.860000
11229.001000,1.928000,0.857000
11230.001000,1.928000,0.858000
11231.001000,1.928000,0.858000
11232.001000,1.928000,0.860000
11233.001000,1.928000,0.859000
11234.001000,1.928000,0.860000
11235.001000,1.928000,0.857000
11236.001000,1.928000,0.857000
11237.001000,1.928000,0.860000
11238.001000,1.928000,0.857000
11239.001000,1.928000,0.856000
11240.001000,1.927000,0.858000
11241.001000,1.928000,0.862000
11242.001000,1.927000,0.862000
11243.001000,1.928000,0.857000
11244.001000,1.928000,0.860000
11245.001000,1.928000,0.860000
11246.001000,1.928000,0.864000
11247.001000,1.928000,0.862000
11248.001000,1.928000,0.863000
11249.001000,1.928000,0.860000
11250.001000,1.928000,0.865000
11251.001000,1.928000,0.864000
11252.001000,1.928000,0.864000
11253.001000,1.928000,0.863000
11254.001000,1.928000,0.860000
11255.001000,1.928000,0.862000
11256.001000,1.928000,0.864000
11257.001000,1.928000,0.864000
11258.001000,1.928000,0.860000
11259.001000,1.928000,0.861000
11260.001000,1.928000,0.863000
11261.001000,1.928000,0.862000
11262.001000,1.928000,0.858000
11263.001000,1.928000,0.861000
11264.001000,1.928000,0.861000
11265.001000,1.928000,0.861000
11266.001000,1.928000,0.863000
11267.001000,1.928000,0.859000
11268.001000,1.929000,0.861000
11269.001000,1.929000,0.858000
11270.001000,1.929000,0.862000
11271.001000,1.929000,0.862000
11272.001000,1.929000,0.859000
11273.001000,1.929000,0.856000
11274.001000,1.930000,0.860000
11275.001000,1.930000,0.860000
11276.001000,1.930000,0.860000
11277.001000,1.930000,0.861000
11278.001000,1.930000,0.859000
11279.001000,1.929000,0.859000
11280.001000,1.928000,0.861000
11281.001000,1.928000,0.862000
11282.001000,1.928000,0.863000
11283.001000,1.928000,0.863000
11284.001000,1.929000,0.862000
11285.001000,1.929000,0.857000
11286.001000,1.929000,0.859000
11287.001000,1.928000,0.860000
11288.001000,1.929000,0.862000
11289.001000,1.929000,0.865000
11290.001000,1.929000,0.859000
11291.001000,1.928000,0.861000
11292.001000,1.928000,0.859000
11293.001000,1.928000,0.863000
11294.001000,1.928000,0.861000
11295.001000,1.928000,0.856000
11296.001000,1.928000,0.863000
11297.001000,1.926000,0.858000
11298.001000,1.926000,0.858000
11299.001000,1.926000,0.860000
11300.001000,1.927000,0.857000
11301.001000,1.927000,0.863000
11302.001000,1.927000,0.863000
11303.001000,1.927000,0.860000
11304.001000,1.927000,0.858000
11305.001000,1.927000,0.861000
11306.001000,1.928000,0.859000
11307.001000,1.928000,0.863000
11308.001000,1.928000,0.865000
11309.001000,1.928000,0.861000
11310.001000,1.928000,0.860000
11311.001000,1.928000,0.855000
11312.001000,1.928000,0.861000
11313.001000,1.928000,0.860000
11314.001000,1.928000,0.862000
11315.001000,1.928000,0.862000
11316.001000,1.928000,0.863000
11317.001000,1.927000,0.862000
11318.001000,1.927000,0.863000
11319.001000,1.927000,0.863000
11320.001000,1.927000,0.862000
11321.001000,1.928000,0.861000
11322.001000,1.928000,0.863000
11323.001000,1.928000,0.863000
11324.001000,1.928000,0.861000
11325.001000,1.928000,0.859000
11326.001000,1.928000,0.859000
11327.001000,1.928000,0.859000
11328.001000,1.928000,0.861000
11329.001000,1.928000,0.866000
11330.001000,1.928000,0.863000
11331.001000,1.928000,0.861000
11332.001000,1.928000,0.861000
11333.001000,1.928000,0.865000
11334.001000,1.928000,0.864000
11335.001000,1.928000,0.863000
11336.001000,1.928000,0.866000
11337.001000,1.928000,0.862000
11338.001000,1.929000,0.861000
11339.001000,1.929000,0.864000
11340.001000,1.929000,0.861000
11341.001000,1.929000,0.866000
11342.001000,1.929000,0.861000
11343.001000,1.929000,0.866000
11344.001000,1.929000,0.865000
11345.001000,1.929000,0.866000
11346.001000,1.929000,0.867000
11347.001000,1.929000,0.867000
11348.001000,1.930000,0.866000
11349.001000,1.930000,0.868000
11350.001000,1.930000,0.868000
11351.001000,1.930000,0.868000
11352.001000,1.930000,0.866000
11353.001000,1.930000,0.865000
11354.001000,1.930000,0.863000
11355.001000,1.930000,0.868000
11356.001000,1.930000,0.867000
11357.001000,1.930000,0.866000
11358.001000,1.930000,0.862000
11359.001000,1.929000,0.864000
11360.001000,1.929000,0.863000
11361.001000,1.929000,0.863000
11362.001000,1.929000,0.864000
11363.001000,1.929000,0.861000
11364.001000,1.929000,0.861000
11365.001000,1.928000,0.858000
11366.001000,1.929000,0.867000
11367.001000,1.929000,0.861000
11368.001000,1.929000,0.862000
11369.001000,1.928000,0.862000
11370.001000,1.928000,0.863000
11371.001000,1.928000,0.862000
11372.001000,1.928000,0.864000
11373.001000,1.929000,0.864000
11374.001000,1.929000,0.868000
11375.001000,1.929000,0.862000
11376.001000,1.929000,0.868000
11377.001000,1.929000,0.866000
11378.001000,1.929000,0.862000
11379.001000,1.930000,0.868000
11380.001000,1.930000,0.864000
11381.001000,1.930000,0.867000
11382.001000,1.930000,0.869000
11383.001000,1.930000,0.866000
11384.001000,1.930000,0.867000
11385.001000,1.930000,0.868000
11386.001000,1.931000,0.866000
11387.001000,1.931000,0.865000
11388.001000,1.931000,0.865000
11389.001000,1.931000,0.863000
11390.001000,1.931000,0.863000
11391.001000,1.931000,0.868000
11392.001000,1.931000,0.863000
11393.001000,1.931000,0.862000
11394.001000,1.931000,0.865000
11395.001000,1.931000,0.866000
11396.001000,1.931000,0.865000
11397.001000,1.931000,0.870000
11398.001000,1.931000,0.864000
11399.001000,1.932000,0.865000
11400.001000,1.932000,0.862000
11401.001000,1.932000,0.866000
11402.001000,1.932000,0.868000
11403.001000,1.932000,0.868000
11404.001000,1.932000,0.863000
11405.001000,1.932000,0.866000
11406.001000,1.932000,0.866000
11407.001000,1.932000,0.866000
11408.001000,1.932000,0.867000
11409.001000,1.933000,0.867000
11410.001000,1.933000,0.866000
11411.001000,1.933000,0.868000
11412.001000,1.933000,0.868000
11413.001000,1.933000,0.868000
11414.001000,1.933000,0.865000
11415.001000,1.933000,0.872000
11416.001000,1.933000,0.867000
11417.001000,1.933000,0.868000
11418.001000,1.933000,0.874000
11419.001000,1.933000,0.875000
11420.001000,1.933000,0.874000
11421.001000,1.933000,0.870000
11422.001000,1.934000,0.872000
11423.001000,1.934000,0.872000
11424.001000,1.934000,0.879000
11425.001000,1.934000,0.886000
11426.001000,1.934000,0.891000
11427.001000,1.934000,0.890000
11428.001000,1.934000,0.889000
11429.001000,1.934000,0.890000
11430.001000,1.935000,0.889000
11431.001000,1.934000,0.888000
11432.001000,1.935000,0.893000
11433.001000,1.935000,0.890000
11434.001000,1.935000,0.886000
11435.001000,1.934000,0.888000
11436.001000,1.934000,0.890000
11437.001000,1.935000,0.889000
11438.001000,1.935000,0.888000
11439.001000,1.935000,0.890000
11440.001000,1.935000,0.891000
11441.001000,1.935000,0.893000
11442.001000,1.935000,0.890000
11443.001000,1.935000,0.887000
11444.001000,1.935000,0.890000
11445.001000,1.935000,0.892000
11446.001000,1.935000,0.890000
11447.001000,1.936000,0.891000
11448.001000,1.936000,0.890000
11449.001000,1.936000,0.889000
11450.001000,1.936000,0.893000
11451.001000,1.936000,0.890000
11452.001000,1.936000,0.886000
11453.001000,1.936000,0.888000
11454.001000,1.936000,0.887000
11455.001000,1.936000,0.888000
11456.001000,1.935000,0.890000
11457.001000,1.935000,0.889000
11458.001000,1.935000,0.890000
11459.001000,1.935000,0.883000
11460.001000,1.935000,0.888000
11461.001000,1.935000,0.881000
11462.001000,1.935000,0.889000
11463.001000,1.934000,0.888000
11464.001000,1.933000,0.886000
11465.001000,1.933000,0.891000
11466.001000,1.933000,0.885000
11467.001000,1.934000,0.889000
11468.001000,1.934000,0.886000
11469.001000,1.933000,0.884000
11470.001000,1.933000,0.878000
11471.001000,1.933000,0.883000
11472.001000,1.934000,0.883000
11473.001000,1.934000,0.874000
11474.001000,1.934000,0.874000
11475.001000,1.933000,0.879000
11476.001000,1.933000,0.880000
11477.001000,1.933000,0.874000
11478.001000,1.932000,0.877000
11479.001000,1.932000,0.882000
11480.001000,1.933000,0.884000
11481.001000,1.933000,0.885000
11482.001000,1.933000,0.884000
11483.001000,1.933000,0.885000
11484.001000,1.933000,0.884000
11485.001000,1.933000,0.878000
11486.001000,1.933000,0.880000
11487.001000,1.933000,0.878000
11488.001000,1.933000,0.879000
11489.001000,1.933000,0.878000
11490.001000,1.933000,0.877000
11491.001000,1.932000,0.866000
11492.001000,1.931000,0.872000
11493.001000,1.930000,0.869000
11494.001000,1.930000,0.868000
11495.001000,1.930000,0.873000
11496.001000,1.930000,0.879000
11497.001000,1.930000,0.879000
11498.001000,1.930000,0.886000
11499.001000,1.930000,0.888000
11500.001000,1.931000,0.888000
11501.001000,1.931000,0.891000
11502.001000,1.932000,0.889000
11503.001000,1.932000,0.889000
11504.001000,1.932000,0.888000
11505.001000,1.932000,0.886000
11506.001000,1.932000,0.886000
11507.001000,1.932000,0.889000
11508.001000,1.932000,0.883000
11509.001000,1.932000,0.887000
11510.001000,1.932000,0.887000
11511.001000,1.932000,0.887000
11512.001000,1.932000,0.890000
11513.001000,1.933000,0.891000
11514.001000,1.933000,0.886000
11515.001000,1.932000,0.886000
11516.001000,1.933000,0.890000
11517.001000,1.933000,0.889000
11518.001000,1.933000,0.887000
11519.001000,1.933000,0.889000
11520.001000,1.933000,0.888000
11521.001000,1.932000,0.886000
11522.001000,1.932000,0.884000
11523.001000,1.932000,0.885000
11524.001000,1.932000,0.887000
11525.001000,1.932000,0.884000
11526.001000,1.932000,0.890000
11527.001000,1.932000,0.890000
11528.001000,1.933000,0.887000
11529.001000,1.933000,0.889000
11530.001000,1.933000,0.887000
11531.001000,1.933000,0.891000
11532.001000,1.932000,0.890000
11533.001000,1.932000,0.893000
11534.001000,1.932000,0.890000
11535.001000,1.933000,0.889000
11536.001000,1.933000,0.891000
11537.001000,1.933000,0.890000
11538.001000,1.933000,0.891000
11539.001000,1.933000,0.890000
11540.001000,1.933000,0.887000
11541.001000,1.934000,0.891000
11542.001000,1.934000,0.891000
11543.001000,1.934000,0.893000
11544.001000,1.934000,0.889000
11545.001000,1.934000,0.889000
11546.001000,1.934000,0.892000
11547.001000,1.934000,0.889000
11548.001000,1.935000,0.892000
11549.001000,1.934000,0.886000
11550.001000,1.934000,0.889000
11551.001000,1.934000,0.888000
11552.001000,1.934000,0.891000
11553.001000,1.934000,0.889000
11554.001000,1.934000,0.888000
11555.001000,1.934000,0.886000
11556.001000,1.934000,0.888000
11557.001000,1.934000,0.891000
11558.001000,1.933000,0.892000
11559.001000,1.933000,0.890000
11560.001000,1.933000,0.891000
11561.001000,1.933000,0.892000
11562.001000,1.933000,0.888000
11563.001000,1.933000,0.888000
11564.001000,1.934000,0.892000
11565.001000,1.934000,0.892000
11566.001000,1.934000,0.890000
11567.001000,1.934000,0.889000
11568.001000,1.933000,0.888000
11569.001000,1.932000,0.890000
11570.001000,1.933000,0.888000
11571.001000,1.933000,0.891000
11572.001000,1.933000,0.892000
11573.001000,1.934000,0.891000
11574.001000,1.934000,0.892000
11575.001000,1.934000,0.891000
11576.001000,1.934000,0.889000
11577.001000,1.934000,0.887000
11578.001000,1.935000,0.887000
11579.001000,1.935000,0.888000
11580.001000,1.935000,0.889000
11581.001000,1.935000,0.888000
11582.001000,1.935000,0.887000
11583.001000,1.935000,0.891000
11584.001000,1.935000,0.891000
11585.001000,1.935000,0.892000
11586.001000,1.935000,0.893000
11587.001000,1.935000,0.895000
11588.001000,1.935000,0.890000
11589.001000,1.936000,0.891000
11590.001000,1.936000,0.892000
11591.001000,1.936000,0.893000
11592.001000,1.936000,0.894000
11593.001000,1.936000,0.893000
11594.001000,1.934000,0.897000
11595.001000,1.934000,0.893000
11596.001000,1.934000,0.894000
11597.001000,1.934000,0.893000
11598.001000,1.934000,0.896000
11599.001000,1.934000,0.895000
11600.001000,1.935000,0.892000
11601.001000,1.934000,0.891000
11602.001000,1.934000,0.895000
11603.001000,1.934000,0.891000
11604.001000,1.935000,0.890000
11605.001000,1.934000,0.889000
11606.001000,1.935000,0.887000
11607.001000,1.935000,0.890000
11608.001000,1.935000,0.890000
11609.001000,1.935000,0.891000
11610.001000,1.936000,0.892000
11611.001000,1.936000,0.892000
11612.001000,1.936000,0.894000
11613.001000,1.936000,0.890000
11614.001000,1.936000,0.893000
11615.001000,1.936000,0.889000
11616.001000,1.937000,0.887000
11617.001000,1.937000,0.894000
11618.001000,1.937000,0.893000
11619.001000,1.937000,0.891000
11620.001000,1.937000,0.893000
11621.001000,1.938000,0.892000
11622.001000,1.938000,0.893000
11623.001000,1.937000,0.895000
11624.001000,1.938000,0.894000
11625.001000,1.938000,0.895000
11626.001000,1.938000,0.894000
11627.001000,1.938000,0.893000
11628.001000,1.938000,0.892000
11629.001000,1.938000,0.893000
11630.001000,1.938000,0.892000
11631.001000,1.938000,0.896000
11632.001000,1.938000,0.893000
11633.001000,1.938000,0.893000
11634.001000,1.938000,0.894000
11635.001000,1.938000,0.892000
11636.001000,1.938000,0.893000
11637.001000,1.938000,0.892000
11638.001000,1.937000,0.896000
11639.001000,1.937000,0.890000
11640.001000,1.937000,0.892000
11641.001000,1.938000,0.885000
11642.001000,1.938000,0.893000
11643.001000,1.937000,0.893000
11644.001000,1.937000,0.890000
11645.001000,1.937000,0.894000
11646.001000,1.937000,0.892000
11647.001000,1.937000,0.893000
11648.001000,1.937000,0.888000
11649.001000,1.937000,0.876000
11650.001000,1.937000,0.878000
11651.001000,1.937000,0.875000
11652.001000,1.938000,0.874000
11653.001000,1.938000,0.871000
11654.001000,1.938000,0.872000
11655.001000,1.938000,0.876000
11656.001000,1.938000,0.880000
11657.001000,1.938000,0.873000
11658.001000,1.939000,0.878000
11659.001000,1.939000,0.872000
11660.001000,1.939000,0.875000
11661.001000,1.939000,0.875000
11662.001000,1.939000,0.881000
11663.001000,1.938000,0.881000
11664.001000,1.938000,0.878000
11665.001000,1.939000,0.877000
11666.001000,1.939000,0.879000
11667.001000,1.939000,0.877000
11668.001000,1.939000,0.879000
11669.001000,1.939000,0.877000
11670.001000,1.939000,0.875000
11671.001000,1.939000,0.876000
11672.001000,1.940000,0.874000
11673.001000,1.940000,0.878000
11674.001000,1.940000,0.878000
11675.001000,1.940000,0.879000
11676.001000,1.940000,0.875000
11677.001000,1.940000,0.873000
11678.001000,1.940000,0.876000
11679.001000,1.940000,0.875000
11680.001000,1.940000,0.877000
11681.001000,1.940000,0.894000
11682.001000,1.940000,0.897000
11683.001000,1.940000,0.896000
11684.001000,1.940000,0.884000
11685.001000,1.940000,0.880000
11686.001000,1.940000,0.881000
11687.001000,1.941000,0.880000
11688.001000,1.941000,0.880000
11689.001000,1.941000,0.876000
11690.001000,1.941000,0.877000
11691.001000,1.941000,0.877000
11692.001000,1.941000,0.880000
11693.001000,1.941000,0.881000
11694.001000,1.941000,0.880000
11695.001000,1.941000,0.880000
11696.001000,1.941000,0.876000
11697.001000,1.942000,0.883000
11698.001000,1.942000,0.879000
11699.001000,1.942000,0.881000
11700.001000,1.942000,0.879000
11701.001000,1.942000,0.878000
11702.001000,1.942000,0.879000
11703.001000,1.941000,0.879000
11704.001000,1.941000,0.884000
11705.001000,1.940000,0.880000
11706.001000,1.940000,0.878000
11707.001000,1.939000,0.873000
11708.001000,1.939000,0.877000
11709.001000,1.940000,0.877000
11710.001000,1.940000,0.875000
11711.001000,1.940000,0.878000
11712.001000,1.941000,0.879000
11713.001000,1.941000,0.878000
11714.001000,1.941000,0.878000
11715.001000,1.941000,0.877000
11716.001000,1.941000,0.878000
11717.001000,1.942000,0.880000
11718.001000,1.942000,0.881000
11719.001000,1.942000,0.881000
11720.001000,1.942000,0.880000
11721.001000,1.942000,0.882000
11722.001000,1.943000,0.880000
11723.001000,1.943000,0.883000
11724.001000,1.943000,0.881000
11725.001000,1.943000,0.878000
11726.001000,1.943000,0.883000
11727.001000,1.944000,0.879000
11728.001000,1.944000,0.880000
11729.001000,1.944000,0.885000
11730.001000,1.944000,0.883000
11731.001000,1.944000,0.884000
11732.001000,1.945000,0.878000
11733.001000,1.945000,0.882000
11734.001000,1.945000,0.883000
11735.001000,1.945000,0.883000
11736.001000,1.945000,0.886000
11737.001000,1.945000,0.894000
11738.001000,1.945000,0.899000
11739.001000,1.945000,0.899000
11740.001000,1.945000,0.898000
11741.001000,1.946000,0.901000
11742.001000,1.946000,0.902000
11743.001000,1.946000,0.903000
11744.001000,1.946000,0.903000
11745.001000,1.946000,0.899000
11746.001000,1.947000,0.900000
11747.001000,1.947000,0.903000
11748.001000,1.947000,0.902000
11749.001000,1.947000,0.901000
11750.001000,1.947000,0.901000
11751.001000,1.947000,0.902000
11752.001000,1.947000,0.901000
11753.001000,1.947000,0.903000
11754.001000,1.947000,0.904000
11755.001000,1.947000,0.901000
11756.001000,1.947000,0.901000
11757.001000,1.947000,0.904000
11758.001000,1.948000,0.904000
11759.001000,1.948000,0.900000
11760.001000,1.948000,0.900000
11761.001000,1.948000,0.903000
11762.001000,1.949000,0.900000
11763.001000,1.949000,0.905000
11764.001000,1.949000,0.907000
11765.001000,1.949000,0.909000
11766.001000,1.949000,0.904000
11767.001000,1.949000,0.901000
11768.001000,1.949000,0.905000
11769.001000,1.949000,0.901000
11770.001000,1.950000,0.901000
11771.001000,1.949000,0.903000
11772.001000,1.949000,0.904000
11773.001000,1.950000,0.903000
11774.001000,1.950000,0.905000
11775.001000,1.950000,0.902000
11776.001000,1.950000,0.906000
11777.001000,1.950000,0.907000
11778.001000,1.950000,0.903000
11779.001000,1.950000,0.905000
11780.001000,1.950000,0.903000
11781.001000,1.950000,0.903000
11782.001000,1.950000,0.904000
11783.001000,1.950000,0.910000
11784.001000,1.950000,0.905000
11785.001000,1.951000,0.907000
11786.001000,1.951000,0.902000
11787.001000,1.951000,0.899000
11788.001000,1.951000,0.899000
11789.001000,1.951000,0.888000
11790.001000,1.951000,0.888000
11791.001000,1.951000,0.888000
11792.001000,1.951000,0.895000
11793.001000,1.951000,0.897000
11794.001000,1.951000,0.893000
11795.001000,1.952000,0.894000
11796.001000,1.952000,0.894000
11797.001000,1.952000,0.887000
11798.001000,1.952000,0.888000
11799.001000,1.952000,0.888000
11800.001000,1.952000,0.889000
11801.001000,1.952000,0.892000
11802.001000,1.952000,0.891000
11803.001000,1.952000,0.888000
11804.001000,1.953000,0.886000
11805.001000,1.953000,0.884000
11806.001000,1.953000,0.889000
11807.001000,1.953000,0.887000
11808.001000,1.953000,0.886000
11809.001000,1.953000,0.889000
11810.001000,1.953000,0.886000
11811.001000,1.953000,0.884000
11812.001000,1.953000,0.882000
11813.001000,1.953000,0.887000
11814.001000,1.953000,0.886000
11815.001000,1.953000,0.888000
11816.001000,1.953000,0.886000
11817.001000,1.953000,0.890000
11818.001000,1.953000,0.889000
11819.001000,1.953000,0.885000
11820.001000,1.953000,0.889000
11821.001000,1.954000,0.886000
11822.001000,1.954000,0.886000
11823.001000,1.954000,0.892000
11824.001000,1.954000,0.888000
11825.001000,1.954000,0.888000
11826.001000,1.954000,0.885000
11827.001000,1.954000,0.887000
11828.001000,1.954000,0.881000
11829.001000,1.954000,0.883000
11830.001000,1.954000,0.888000
11831.001000,1.954000,0.887000
11832.001000,1.954000,0.891000
11833.001000,1.954000,0.887000
11834.001000,1.954000,0.888000
11835.001000,1.954000,0.890000
11836.001000,1.955000,0.887000
11837.001000,1.955000,0.887000
11838.001000,1.955000,0.889000
11839.001000,1.955000,0.886000
11840.001000,1.955000,0.888000
11841.001000,1.955000,0.886000
11842.001000,1.955000,0.888000
11843.001000,1.954000,0.888000
11844.001000,1.954000,0.890000
11845.001000,1.954000,0.889000
11846.001000,1.954000,0.889000
11847.001000,1.955000,0.888000
11848.001000,1.955000,0.886000
11849.001000,1.955000,0.889000
11850.001000,1.955000,0.891000
11851.001000,1.955000,0.890000
11852.001000,1.955000,0.888000
11853.001000,1.956000,0.889000
11854.001000,1.956000,0.890000
11855.001000,1.956000,0.890000
11856.001000,1.956000,0.890000
11857.001000,1.956000,0.886000
11858.001000,1.957000,0.887000
11859.001000,1.957000,0.888000
11860.001000,1.957000,0.892000
11861.001000,1.957000,0.890000
11862.001000,1.957000,0.888000
11863.001000,1.957000,0.889000
11864.001000,1.957000,0.891000
11865.001000,1.957000,0.889000
11866.001000,1.958000,0.889000
11867.001000,1.958000,0.893000
11868.001000,1.958000,0.890000
11869.001000,1.958000,0.890000
11870.001000,1.958000,0.887000
11871.001000,1.959000,0.888000
11872.001000,1.959000,0.893000
11873.001000,1.959000,0.893000
11874.001000,1.959000,0.889000
11875.001000,1.959000,0.889000
11876.001000,1.959000,0.887000
11877.001000,1.960000,0.891000
11878.001000,1.960000,0.888000
11879.001000,1.960000,0.889000
11880.001000,1.960000,0.885000
11881.001000,1.960000,0.890000
11882.001000,1.960000,0.889000
11883.001000,1.960000,0.892000
11884.001000,1.961000,0.890000
11885.001000,1.961000,0.891000
11886.001000,1.961000,0.892000
11887.001000,1.961000,0.894000
11888.001000,1.961000,0.891000
11889.001000,1.961000,0.889000
11890.001000,1.961000,0.891000
11891.001000,1.961000,0.893000
11892.001000,1.961000,0.897000
11893.001000,1.961000,0.895000
11894.001000,1.961000,0.892000
11895.001000,1.961000,0.895000
11896.001000,1.961000,0.895000
11897.001000,1.962000,0.894000
11898.001000,1.962000,0.896000
11899.001000,1.962000,0.894000
11900.001000,1.962000,0.897000
11901.001000,1.962000,0.897000
11902.001000,1.962000,0.896000
11903.001000,1.962000,0.898000
11904.001000,1.962000,0.898000
11905.001000,1.962000,0.898000
11906.001000,1.962000,0.899000
11907.001000,1.963000,0.897000
11908.001000,1.963000,0.898000
11909.001000,1.963000,0.897000
11910.001000,1.963000,0.898000
11911.001000,1.963000,0.896000
11912.001000,1.963000,0.898000
11913.001000,1.963000,0.896000
11914.001000,1.963000,0.897000
11915.001000,1.963000,0.895000
11916.001000,1.963000,0.896000
11917.001000,1.963000,0.895000
11918.001000,1.963000,0.897000
11919.001000,1.964000,0.896000
11920.001000,1.963000,0.895000
11921.001000,1.964000,0.898000
11922.001000,1.964000,0.899000
11923.001000,1.964000,0.897000
11924.001000,1.964000,0.896000
11925.001000,1.964000,0.898000
11926.001000,1.964000,0.899000
11927.001000,1.964000,0.896000
11928.001000,1.964000,0.898000
11929.001000,1.964000,0.899000
11930.001000,1.964000,0.895000
11931.001000,1.964000,0.897000
11932.001000,1.964000,0.898000
11933.001000,1.964000,0.895000
11934.001000,1.965000,0.897000
11935.001000,1.965000,0.898000
11936.001000,1.965000,0.900000
11937.001000,1.965000,0.900000
11938.001000,1.965000,0.899000
11939.001000,1.965000,0.901000
11940.001000,1.965000,0.900000
11941.001000,1.965000,0.896000
11942.001000,1.965000,0.899000
11943.001000,1.965000,0.898000
11944.001000,1.965000,0.898000
11945.001000,1.964000,0.897000
11946.001000,1.964000,0.901000
11947.001000,1.965000,0.903000
11948.001000,1.965000,0.904000
11949.001000,1.965000,0.898000
11950.001000,1.965000,0.899000
11951.001000,1.965000,0.898000
11952.001000,1.965000,0.899000
11953.001000,1.965000,0.897000
11954.001000,1.965000,0.897000
11955.001000,1.965000,0.900000
11956.001000,1.965000,0.897000
11957.001000,1.965000,0.899000
11958.001000,1.965000,0.899000
11959.001000,1.965000,0.897000
11960.001000,1.965000,0.896000
11961.001000,1.965000,0.895000
11962.001000,1.966000,0.897000
11963.001000,1.966000,0.901000
11964.001000,1.966000,0.901000
11965.001000,1.966000,0.900000
11966.001000,1.966000,0.903000
11967.001000,1.966000,0.898000
11968.001000,1.966000,0.899000
11969.001000,1.966000,0.898000
11970.001000,1.966000,0.901000
11971.001000,1.966000,0.901000
11972.001000,1.966000,0.900000
11973.001000,1.966000,0.899000
11974.001000,1.966000,0.896000
11975.001000,1.967000,0.891000
11976.001000,1.967000,0.890000
11977.001000,1.967000,0.889000
11978.001000,1.966000,0.889000
11979.001000,1.966000,0.892000
11980.001000,1.966000,0.893000
11981.001000,1.966000,0.889000
11982.001000,1.966000,0.893000
11983.001000,1.966000,0.894000
11984.001000,1.966000,0.892000
11985.001000,1.966000,0.893000
11986.001000,1.966000,0.894000
11987.001000,1.967000,0.895000
11988.001000,1.967000,0.895000
11989.001000,1.966000,0.895000
11990.001000,1.967000,0.887000
11991.001000,1.967000,0.889000
11992.001000,1.967000,0.888000
11993.001000,1.967000,0.888000
11994.001000,1.967000,0.889000
11995.001000,1.967000,0.888000
11996.001000,1.967000,0.888000
11997.001000,1.967000,0.888000
11998.001000,1.967000,0.890000
11999.001000,1.968000,0.889000
12000.001000,1.968000,0.893000
12001.001000,1.968000,0.893000
12002.001000,1.968000,0.896000
12003.001000,1.968000,0.896000
12004.001000,1.968000,0.893000
12005.001000,1.968000,0.892000
12006.001000,1.968000,0.894000
12007.001000,1.969000,0.893000
12008.001000,1.969000,0.892000
12009.001000,1.969000,0.894000
12010.001000,1.969000,0.894000
12011.001000,1.969000,0.891000
12012.001000,1.969000,0.894000
12013.001000,1.969000,0.896000
12014.001000,1.969000,0.894000
12015.001000,1.969000,0.895000
12016.001000,1.969000,0.899000
12017.001000,1.969000,0.896000
12018.001000,1.969000,0.897000
12019.001000,1.970000,0.893000
12020.001000,1.970000,0.895000
12021.001000,1.970000,0.899000
12022.001000,1.970000,0.896000
12023.001000,1.970000,0.895000
12024.001000,1.971000,0.894000
12025.001000,1.971000,0.897000
12026.001000,1.971000,0.894000
12027.001000,1.971000,0.897000
12028.001000,1.971000,0.897000
12029.001000,1.971000,0.899000
12030.001000,1.971000,0.899000
12031.001000,1.972000,0.898000
12032.001000,1.972000,0.900000
12033.001000,1.972000,0.901000
12034.001000,1.972000,0.899000
12035.001000,1.973000,0.900000
12036.001000,1.973000,0.902000
12037.001000,1.973000,0.898000
12038.001000,1.973000,0.897000
12039.001000,1.972000,0.899000
12040.001000,1.972000,0.898000
12041.001000,1.973000,0.902000
12042.001000,1.973000,0.898000
12043.001000,1.973000,0.900000
12044.001000,1.973000,0.898000
12045.001000,1.973000,0.897000
12046.001000,1.973000,0.895000
12047.001000,1.973000,0.895000
12048.001000,1.973000,0.898000
12049.001000,1.973000,0.899000
12050.001000,1.973000,0.895000
12051.001000,1.973000,0.896000
12052.001000,1.974000,0.897000
12053.001000,1.974000,0.894000
12054.001000,1.974000,0.895000
12055.001000,1.974000,0.896000
12056.001000,1.974000,0.897000
12057.001000,1.974000,0.897000
12058.001000,1.974000,0.897000
12059.001000,1.974000,0.899000
12060.001000,1.974000,0.899000
12061.001000,1.975000,0.897000
12062.001000,1.975000,0.898000
12063.001000,1.975000,0.898000
12064.001000,1.975000,0.899000
12065.001000,1.975000,0.894000
12066.001000,1.975000,0.899000
12067.001000,1.976000,0.898000
12068.001000,1.976000,0.900000
12069.001000,1.976000,0.903000
12070.001000,1.976000,0.901000
12071.001000,1.976000,0.902000
12072.001000,1.977000,0.903000
12073.001000,1.977000,0.900000
12074.001000,1.977000,0.903000
12075.001000,1.977000,0.898000
12076.001000,1.977000,0.900000
12077.001000,1.977000,0.903000
12078.001000,1.977000,0.901000
12079.001000,1.977000,0.900000
12080.001000,1.977000,0.901000
12081.001000,1.978000,0.898000
12082.001000,1.978000,0.896000
12083.001000,1.978000,0.900000
12084.001000,1.978000,0.899000
12085.001000,1.978000,0.898000
12086.001000,1.978000,0.900000
12087.001000,1.978000,0.901000
12088.001000,1.978000,0.901000
12089.001000,1.978000,0.902000
12090.001000,1.978000,0.901000
12091.001000,1.978000,0.900000
12092.001000,1.978000,0.902000
12093.001000,1.978000,0.902000
12094.001000,1.979000,0.902000
12095.001000,1.979000,0.903000
12096.001000,1.979000,0.900000
12097.001000,1.979000,0.902000
12098.001000,1.979000,0.900000
12099.001000,1.979000,0.903000
12100.001000,1.979000,0.901000
12101.001000,1.979000,0.902000
12102.001000,1.980000,0.901000
12103.001000,1.980000,0.901000
12104.001000,1.980000,0.903000
12105.001000,1.980000,0.899000
12106.001000,1.980000,0.902000
12107.001000,1.980000,0.902000
12108.001000,1.980000,0.901000
12109.001000,1.980000,0.904000
12110.001000,1.980000,0.905000
12111.001000,1.980000,0.903000
12112.001000,1.980000,0.903000
12113.001000,1.979000,0.901000
12114.001000,1.980000,0.904000
12115.001000,1.980000,0.904000
12116.001000,1.980000,0.905000
12117.001000,1.980000,0.900000
12118.001000,1.980000,0.901000
12119.001000,1.980000,0.907000
12120.001000,1.980000,0.902000
12121.001000,1.980000,0.902000
12122.001000,1.980000,0.903000
12123.001000,1.980000,0.901000
12124.001000,1.980000,0.901000
12125.001000,1.980000,0.906000
12126.001000,1.981000,0.906000
12127.001000,1.981000,0.904000
12128.001000,1.981000,0.904000
12129.001000,1.981000,0.907000
12130.001000,1.981000,0.904000
12131.001000,1.981000,0.904000
12132.001000,1.982000,0.900000
12133.001000,1.982000,0.905000
12134.001000,1.982000,0.902000
12135.001000,1.982000,0.904000
12136.001000,1.982000,0.904000
12137.001000,1.981000,0.905000
12138.001000,1.981000,0.905000
12139.001000,1.982000,0.901000
12140.001000,1.981000,0.904000
12141.001000,1.982000,0.908000
12142.001000,1.982000,0.905000
12143.001000,1.982000,0.910000
12144.001000,1.982000,0.907000
12145.001000,1.982000,0.908000
12146.001000,1.982000,0.910000
12147.001000,1.983000,0.912000
12148.001000,1.983000,0.906000
12149.001000,1.983000,0.908000
12150.001000,1.983000,0.906000
12151.001000,1.983000,0.906000
12152.001000,1.983000,0.905000
12153.001000,1.984000,0.902000
12154.001000,1.984000,0.904000
12155.001000,1.984000,0.908000
12156.001000,1.984000,0.909000
12157.001000,1.984000,0.911000
12158.001000,1.984000,0.911000
12159.001000,1.984000,0.909000
12160.001000,1.984000,0.905000
12161.001000,1.984000,0.909000
12162.001000,1.984000,0.906000
12163.001000,1.984000,0.906000
12164.001000,1.985000,0.907000
12165.001000,1.985000,0.908000
12166.001000,1.985000,0.910000
12167.001000,1.985000,0.912000
12168.001000,1.985000,0.909000
12169.001000,1.985000,0.909000
12170.001000,1.985000,0.909000
12171.001000,1.985000,0.908000
12172.001000,1.985000,0.910000
12173.001000,1.986000,0.907000
12174.001000,1.985000,0.910000
12175.001000,1.985000,0.907000
12176.001000,1.986000,0.907000
12177.001000,1.986000,0.908000
12178.001000,1.986000,0.905000
12179.001000,1.986000,0.906000
12180.001000,1.986000,0.908000
12181.001000,1.986000,0.908000
12182.001000,1.986000,0.908000
12183.001000,1.986000,0.908000
12184.001000,1.987000,0.909000
12185.001000,1.987000,0.913000
12186.001000,1.987000,0.910000
12187.001000,1.987000,0.912000
12188.001000,1.988000,0.911000
12189.001000,1.988000,0.910000
12190.001000,1.988000,0.909000
12191.001000,1.988000,0.911000
12192.001000,1.988000,0.908000
12193.001000,1.988000,0.912000
12194.001000,1.989000,0.911000
12195.001000,1.989000,0.907000
12196.001000,1.989000,0.914000
12197.001000,1.989000,0.912000
12198.001000,1.989000,0.912000
12199.001000,1.990000,0.910000
12200.001000,1.990000,0.914000
12201.001000,1.990000,0.914000
12202.001000,1.990000,0.914000
12203.001000,1.990000,0.913000
12204.001000,1.990000,0.913000
12205.001000,1.991000,0.913000
12206.001000,1.991000,0.913000
12207.001000,1.991000,0.913000
12208.001000,1.991000,0.909000
12209.001000,1.991000,0.912000
12210.001000,1.991000,0.908000
12211.001000,1.991000,0.909000
12212.001000,1.992000,0.907000
12213.001000,1.992000,0.909000
12214.001000,1.992000,0.911000
12215.001000,1.992000,0.912000
12216.001000,1.992000,0.910000
12217.001000,1.992000,0.910000
12218.001000,1.992000,0.914000
12219.001000,1.993000,0.912000
12220.001000,1.993000,0.909000
12221.001000,1.993000,0.910000
12222.001000,1.993000,0.912000
12223.001000,1.994000,0.917000
12224.001000,1.994000,0.914000
12225.001000,1.994000,0.916000
12226.001000,1.994000,0.915000
12227.001000,1.994000,0.913000
12228.001000,1.994000,0.915000
12229.001000,1.994000,0.912000
12230.001000,1.993000,0.915000
12231.001000,1.994000,0.914000
12232.001000,1.994000,0.911000
12233.001000,1.994000,0.915000
12234.001000,1.994000,0.913000
12235.001000,1.994000,0.916000
12236.001000,1.994000,0.915000
12237.001000,1.994000,0.913000
12238.001000,1.994000,0.914000
12239.001000,1.994000,0.910000
12240.001000,1.994000,0.909000
12241.001000,1.994000,0.912000
12242.001000,1.994000,0.915000
12243.001000,1.995000,0.912000
12244.001000,1.995000,0.914000
12245.001000,1.995000,0.915000
12246.001000,1.995000,0.917000
12247.001000,1.995000,0.916000
12248.001000,1.995000,0.914000
12249.001000,1.995000,0.913000
12250.001000,1.995000,0.913000
12251.001000,1.995000,0.918000
12252.001000,1.995000,0.914000
12253.001000,1.995000,0.914000
12254.001000,1.995000,0.917000
12255.001000,1.996000,0.915000
12256.001000,1.996000,0.916000
12257.001000,1.996000,0.914000
12258.001000,1.996000,0.915000
12259.001000,1.996000,0.914000
12260.001000,1.996000,0.915000
12261.001000,1.997000,0.916000
12262.001000,1.997000,0.914000
12263.001000,1.997000,0.914000
12264.001000,1.997000,0.911000
12265.001000,1.997000,0.914000
12266.001000,1.998000,0.913000
12267.001000,1.998000,0.914000
12268.001000,1.998000,0.909000
12269.001000,1.998000,0.911000
12270.001000,1.999000,0.910000
12271.001000,1.999000,0.913000
12272.001000,1.999000,0.918000
12273.001000,1.999000,0.916000
12274.001000,1.999000,0.913000
12275.001000,1.999000,0.914000
12276.001000,2.000000,0.912000
12277.001000,2.000000,0.914000
12278.001000,2.000000,0.913000
12279.001000,2.000000,0.914000
12280.001000,2.000000,0.911000
12281.001000,2.001000,0.914000
12282.001000,2.001000,0.912000
12283.001000,2.001000,0.917000
12284.001000,2.001000,0.912000
12285.001000,2.001000,0.910000
12286.001000,2.001000,0.915000
12287.001000,2.001000,0.910000
12288.001000,2.002000,0.910000
12289.001000,2.002000,0.917000
12290.001000,2.002000,0.914000
12291.001000,2.002000,0.915000
12292.001000,2.003000,0.916000
12293.001000,2.003000,0.917000
12294.001000,2.003000,0.915000
12295.001000,2.003000,0.917000
12296.001000,2.004000,0.916000
12297.001000,2.004000,0.917000
12298.001000,2.004000,0.916000
12299.001000,2.004000,0.915000
12300.001000,2.004000,0.918000
12301.001000,2.004000,0.912000
12302.001000,2.004000,0.911000
12303.001000,2.005000,0.913000
12304.001000,2.005000,0.912000
12305.001000,2.005000,0.912000
12306.001000,2.005000,0.916000
12307.001000,2.005000,0.915000
12308.001000,2.005000,0.914000
12309.001000,2.006000,0.914000
12310.001000,2.006000,0.916000
12311.001000,2.006000,0.914000
12312.001000,2.006000,0.914000
12313.001000,2.006000,0.915000
12314.001000,2.007000,0.917000
12315.001000,2.007000,0.920000
12316.001000,2.007000,0.917000
12317.001000,2.007000,0.919000
12318.001000,2.007000,0.916000
12319.001000,2.007000,0.920000
12320.001000,2.008000,0.917000
12321.001000,2.008000,0.918000
12322.001000,2.008000,0.918000
12323.001000,2.008000,0.916000
12324.001000,2.008000,0.917000
12325.001000,2.008000,0.917000
12326.001000,2.008000,0.919000
12327.001000,2.008000,0.921000
12328.001000,2.008000,0.916000
12329.001000,2.009000,0.920000
12330.001000,2.008000,0.918000
12331.001000,2.009000,0.918000
12332.001000,2.009000,0.919000
12333.001000,2.009000,0.923000
12334.001000,2.009000,0.923000
12335.001000,2.009000,0.923000
12336.001000,2.009000,0.921000
12337.001000,2.009000,0.921000
12338.001000,2.009000,0.922000
12339.001000,2.009000,0.920000
12340.001000,2.009000,0.919000
12341.001000,2.009000,0.920000
12342.001000,2.009000,0.921000
12343.001000,2.009000,0.919000
12344.001000,2.009000,0.918000
12345.001000,2.009000,0.920000
12346.001000,2.009000,0.918000
12347.001000,2.009000,0.920000
12348.001000,2.009000,0.920000
12349.001000,2.009000,0.919000
12350.001000,2.009000,0.919000
12351.001000,2.009000,0.920000
12352.001000,2.010000,0.923000
12353.001000,2.010000,0.925000
12354.001000,2.010000,0.919000
12355.001000,2.009000,0.924000
12356.001000,2.008000,0.923000
12357.001000,2.008000,0.923000
12358.001000,2.008000,0.920000
12359.001000,2.008000,0.919000
12360.001000,2.009000,0.919000
12361.001000,2.009000,0.917000
12362.001000,2.009000,0.920000
12363.001000,2.009000,0.915000
12364.001000,2.009000,0.918000
12365.001000,2.009000,0.919000
12366.001000,2.010000,0.923000
12367.001000,2.010000,0.920000
12368.001000,2.010000,0.921000
12369.001000,2.010000,0.919000
12370.001000,2.010000,0.920000
12371.001000,2.010000,0.920000
12372.001000,2.010000,0.920000
12373.001000,2.010000,0.919000
12374.001000,2.009000,0.918000
12375.001000,2.009000,0.914000
12376.001000,2.009000,0.919000
12377.001000,2.009000,0.919000
12378.001000,2.009000,0.915000
12379.001000,2.009000,0.915000
12380.001000,2.009000,0.918000
12381.001000,2.009000,0.919000
12382.001000,2.009000,0.917000
12383.001000,2.009000,0.917000
12384.001000,2.009000,0.916000
12385.001000,2.009000,0.920000
12386.001000,2.009000,0.920000
12387.001000,2.009000,0.920000
12388.001000,2.009000,0.917000
12389.001000,2.009000,0.919000
12390.001000,2.010000,0.917000
12391.001000,2.009000,0.920000
12392.001000,2.010000,0.918000
12393.001000,2.010000,0.919000
12394.001000,2.010000,0.919000
12395.001000,2.010000,0.919000
12396.001000,2.010000,0.922000
12397.001000,2.010000,0.919000
12398.001000,2.010000,0.921000
12399.001000,2.010000,0.920000
12400.001000,2.010000,0.921000
12401.001000,2.010000,0.917000
12402.001000,2.010000,0.918000
12403.001000,2.010000,0.917000
12404.001000,2.010000,0.918000
12405.001000,2.010000,0.918000
12406.001000,2.010000,0.915000
12407.001000,2.010000,0.922000
12408.001000,2.010000,0.921000
12409.001000,2.010000,0.920000
12410.001000,2.010000,0.919000
12411.001000,2.010000,0.920000
12412.001000,2.010000,0.918000
12413.001000,2.010000,0.918000
12414.001000,2.010000,0.919000
12415.001000,2.010000,0.915000
12416.001000,2.010000,0.918000
12417.001000,2.010000,0.919000
12418.001000,2.010000,0.921000
12419.001000,2.010000,0.921000
12420.001000,2.010000,0.919000
12421.001000,2.010000,0.919000
12422.001000,2.009000,0.918000
12423.001000,2.009000,0.918000
12424.001000,2.008000,0.922000
12425.001000,2.007000,0.918000
12426.001000,2.006000,0.917000
12427.001000,2.006000,0.914000
12428.001000,2.004000,0.919000
12429.001000,2.004000,0.920000
12430.001000,2.004000,0.919000
12431.001000,2.004000,0.918000
12432.001000,2.004000,0.915000
12433.001000,2.004000,0.920000
12434.001000,2.004000,0.917000
12435.001000,2.005000,0.913000
12436.001000,2.005000,0.915000
12437.001000,2.004000,0.919000
12438.001000,2.004000,0.917000
12439.001000,2.004000,0.917000
12440.001000,2.004000,0.919000
12441.001000,2.004000,0.915000
12442.001000,2.005000,0.915000
12443.001000,2.005000,0.913000
12444.001000,2.005000,0.914000
12445.001000,2.005000,0.919000
12446.001000,2.005000,0.917000
12447.001000,2.004000,0.915000
12448.001000,2.004000,0.914000
12449.001000,2.004000,0.912000
12450.001000,2.004000,0.918000
12451.001000,2.004000,0.914000
12452.001000,2.004000,0.915000
12453.001000,2.004000,0.911000
12454.001000,2.004000,0.916000
12455.001000,2.003000,0.918000
12456.001000,2.003000,0.915000
12457.001000,2.003000,0.912000
12458.001000,2.003000,0.915000
12459.001000,2.003000,0.914000
12460.001000,2.003000,0.914000
12461.001000,2.003000,0.915000
12462.001000,2.003000,0.913000
12463.001000,2.003000,0.914000
12464.001000,2.003000,0.911000
12465.001000,2.003000,0.915000
12466.001000,2.003000,0.913000
12467.001000,2.003000,0.910000
12468.001000,2.003000,0.912000
12469.001000,2.003000,0.914000
12470.001000,2.003000,0.916000
12471.001000,2.003000,0.916000
12472.001000,2.003000,0.915000
12473.001000,2.003000,0.915000
12474.001000,2.003000,0.914000
12475.001000,2.003000,0.912000
12476.001000,2.003000,0.911000
12477.001000,2.003000,0.913000
12478.001000,2.003000,0.912000
12479.001000,2.003000,0.914000
12480.001000,2.003000,0.912000
12481.001000,2.003000,0.912000
12482.001000,2.003000,0.913000
12483.001000,2.003000,0.911000
12484.001000,2.004000,0.912000
12485.001000,2.004000,0.910000
12486.001000,2.004000,0.912000
12487.001000,2.004000,0.912000
12488.001000,2.004000,0.912000
12489.001000,2.004000,0.915000
12490.001000,2.004000,0.913000
12491.001000,2.004000,0.913000
12492.001000,2.004000,0.916000
12493.001000,2.004000,0.911000
