244.001000,-1.514000,-1.446000
245.001000,-1.515000,-1.448000
246.001000,-1.515000,-1.447000
247.001000,-1.515000,-1.446000
248.001000,-1.515000,-1.446000
249.001000,-1.517000,-1.446000
250.001000,-1.518000,-1.446000
251.001000,-1.517000,-1.446000
252.001000,-1.517000,-1.445000
253.001000,-1.517000,-1.447000
254.001000,-1.518000,-1.445000
255.001000,-1.518000,-1.446000
256.001000,-1.518000,-1.446000
257.001000,-1.518000,-1.445000
258.001000,-1.518000,-1.446000
259.001000,-1.518000,-1.446000
260.001000,-1.518000,-1.443000
261.001000,-1.518000,-1.444000
262.001000,-1.518000,-1.444000
263.001000,-1.517000,-1.445000
264.001000,-1.517000,-1.444000
265.001000,-1.518000,-1.445000
266.001000,-1.518000,-1.445000
267.001000,-1.518000,-1.443000
268.001000,-1.518000,-1.443000
269.001000,-1.517000,-1.444000
270.001000,-1.518000,-1.443000
271.001000,-1.517000,-1.442000
272.001000,-1.516000,-1.443000
273.001000,-1.516000,-1.442000
274.001000,-1.516000,-1.443000
275.001000,-1.516000,-1.443000
276.001000,-1.515000,-1.444000
277.001000,-1.515000,-1.445000
278.001000,-1.514000,-1.441000
279.001000,-1.515000,-1.443000
280.001000,-1.514000,-1.441000
281.001000,-1.514000,-1.443000
282.001000,-1.514000,-1.443000
283.001000,-1.513000,-1.443000
284.001000,-1.513000,-1.444000
285.001000,-1.512000,-1.442000
286.001000,-1.512000,-1.441000
287.001000,-1.512000,-1.444000
288.001000,-1.512000,-1.443000
289.001000,-1.511000,-1.442000
290.001000,-1.511000,-1.442000
291.001000,-1.511000,-1.443000
292.001000,-1.511000,-1.442000
293.001000,-1.511000,-1.441000
294.001000,-1.511000,-1.444000
295.001000,-1.510000,-1.441000
296.001000,-1.509000,-1.441000
297.001000,-1.508000,-1.441000
298.001000,-1.508000,-1.441000
299.001000,-1.507000,-1.442000
300.001000,-1.507000,-1.440000
301.001000,-1.506000,-1.441000
302.001000,-1.506000,-1.442000
303.001000,-1.505000,-1.443000
304.001000,-1.505000,-1.442000
305.001000,-1.504000,-1.441000
306.001000,-1.504000,-1.442000
307.001000,-1.504000,-1.444000
308.001000,-1.503000,-1.443000
309.001000,-1.502000,-1.444000
310.001000,-1.502000,-1.442000
311.001000,-1.502000,-1.442000
312.001000,-1.500000,-1.442000
313.001000,-1.497000,-1.442000
314.001000,-1.497000,-1.441000
315.001000,-1.497000,-1.441000
316.001000,-1.496000,-1.441000
317.001000,-1.491000,-1.443000
318.001000,-1.489000,-1.442000
319.001000,-1.488000,-1.441000
320.001000,-1.485000,-1.442000
321.001000,-1.484000,-1.442000
322.001000,-1.482000,-1.443000
323.001000,-1.481000,-1.442000
324.001000,-1.480000,-1.443000
325.001000,-1.479000,-1.443000
326.001000,-1.478000,-1.443000
327.001000,-1.479000,-1.441000
328.001000,-1.478000,-1.442000
329.001000,-1.478000,-1.442000
330.001000,-1.478000,-1.442000
331.001000,-1.477000,-1.442000
332.001000,-1.476000,-1.442000
333.001000,-1.476000,-1.443000
334.001000,-1.474000,-1.442000
335.001000,-1.473000,-1.443000
336.001000,-1.472000,-1.441000
337.001000,-1.472000,-1.441000
338.001000,-1.471000,-1.442000
339.001000,-1.470000,-1.442000
340.001000,-1.470000,-1.441000
341.001000,-1.470000,-1.440000
342.001000,-1.471000,-1.441000
343.001000,-1.471000,-1.440000
344.001000,-1.471000,-1.439000
345.001000,-1.472000,-1.440000
346.001000,-1.472000,-1.439000
347.001000,-1.472000,-1.441000
348.001000,-1.472000,-1.442000
349.001000,-1.473000,-1.441000
350.001000,-1.473000,-1.439000
351.001000,-1.473000,-1.441000
352.001000,-1.474000,-1.442000
353.001000,-1.474000,-1.440000
354.001000,-1.474000,-1.442000
355.001000,-1.474000,-1.442000
356.001000,-1.472000,-1.442000
357.001000,-1.468000,-1.441000
358.001000,-1.464000,-1.439000
359.001000,-1.462000,-1.439000
360.001000,-1.460000,-1.440000
361.001000,-1.459000,-1.441000
362.001000,-1.458000,-1.442000
363.001000,-1.457000,-1.442000
364.001000,-1.456000,-1.440000
365.001000,-1.456000,-1.441000
366.001000,-1.455000,-1.443000
367.001000,-1.455000,-1.441000
368.001000,-1.455000,-1.441000
369.001000,-1.455000,-1.442000
370.001000,-1.455000,-1.441000
371.001000,-1.455000,-1.441000
372.001000,-1.455000,-1.439000
373.001000,-1.454000,-1.440000
374.001000,-1.454000,-1.441000
375.001000,-1.454000,-1.441000
376.001000,-1.454000,-1.440000
377.001000,-1.454000,-1.440000
378.001000,-1.454000,-1.441000
379.001000,-1.453000,-1.440000
380.001000,-1.453000,-1.441000
381.001000,-1.453000,-1.440000
382.001000,-1.452000,-1.440000
383.001000,-1.451000,-1.441000
384.001000,-1.451000,-1.441000
385.001000,-1.450000,-1.441000
386.001000,-1.450000,-1.440000
387.001000,-1.449000,-1.442000
388.001000,-1.448000,-1.441000
389.001000,-1.447000,-1.442000
390.001000,-1.447000,-1.439000
391.001000,-1.447000,-1.439000
392.001000,-1.446000,-1.438000
393.001000,-1.446000,-1.438000
394.001000,-1.445000,-1.440000
395.001000,-1.444000,-1.440000
396.001000,-1.444000,-1.441000
397.001000,-1.443000,-1.440000
398.001000,-1.442000,-1.441000
399.001000,-1.440000,-1.438000
400.001000,-1.439000,-1.440000
401.001000,-1.439000,-1.438000
402.001000,-1.438000,-1.441000
403.001000,-1.438000,-1.440000
404.001000,-1.437000,-1.439000
405.001000,-1.436000,-1.440000
406.001000,-1.436000,-1.440000
407.001000,-1.436000,-1.437000
408.001000,-1.434000,-1.438000
409.001000,-1.434000,-1.442000
410.001000,-1.434000,-1.439000
411.001000,-1.434000,-1.439000
412.001000,-1.434000,-1.441000
413.001000,-1.434000,-1.439000
414.001000,-1.433000,-1.438000
415.001000,-1.433000,-1.439000
416.001000,-1.433000,-1.440000
417.001000,-1.433000,-1.440000
418.001000,-1.433000,-1.440000
419.001000,-1.433000,-1.438000
420.001000,-1.432000,-1.439000
421.001000,-1.432000,-1.439000
422.001000,-1.431000,-1.441000
423.001000,-1.431000,-1.440000
424.001000,-1.432000,-1.438000
425.001000,-1.432000,-1.439000
426.001000,-1.432000,-1.442000
427.001000,-1.430000,-1.440000
428.001000,-1.430000,-1.441000
429.001000,-1.429000,-1.441000
430.001000,-1.428000,-1.440000
431.001000,-1.426000,-1.442000
432.001000,-1.424000,-1.439000
433.001000,-1.424000,-1.436000
434.001000,-1.424000,-1.440000
435.001000,-1.423000,-1.440000
436.001000,-1.422000,-1.440000
437.001000,-1.422000,-1.439000
438.001000,-1.422000,-1.441000
439.001000,-1.421000,-1.441000
440.001000,-1.421000,-1.440000
441.001000,-1.422000,-1.439000
442.001000,-1.422000,-1.441000
443.001000,-1.422000,-1.437000
444.001000,-1.422000,-1.440000
445.001000,-1.422000,-1.439000
446.001000,-1.423000,-1.439000
447.001000,-1.424000,-1.440000
448.001000,-1.424000,-1.440000
449.001000,-1.425000,-1.440000
450.001000,-1.425000,-1.440000
451.001000,-1.424000,-1.441000
452.001000,-1.424000,-1.439000
453.001000,-1.424000,-1.440000
454.001000,-1.424000,-1.440000
455.001000,-1.423000,-1.440000
456.001000,-1.423000,-1.437000
457.001000,-1.422000,-1.438000
458.001000,-1.421000,-1.440000
459.001000,-1.421000,-1.439000
460.001000,-1.420000,-1.441000
461.001000,-1.420000,-1.438000
462.001000,-1.419000,-1.437000
463.001000,-1.419000,-1.438000
464.001000,-1.418000,-1.439000
465.001000,-1.417000,-1.439000
466.001000,-1.417000,-1.437000
467.001000,-1.416000,-1.439000
468.001000,-1.414000,-1.441000
469.001000,-1.412000,-1.438000
470.001000,-1.410000,-1.437000
471.001000,-1.407000,-1.439000
472.001000,-1.406000,-1.440000
473.001000,-1.405000,-1.438000
474.001000,-1.405000,-1.440000
475.001000,-1.405000,-1.440000
476.001000,-1.405000,-1.441000
477.001000,-1.406000,-1.441000
478.001000,-1.406000,-1.438000
479.001000,-1.406000,-1.439000
480.001000,-1.405000,-1.438000
481.001000,-1.406000,-1.440000
482.001000,-1.405000,-1.440000
483.001000,-1.405000,-1.439000
484.001000,-1.404000,-1.437000
485.001000,-1.402000,-1.439000
486.001000,-1.402000,-1.438000
487.001000,-1.402000,-1.439000
488.001000,-1.402000,-1.440000
489.001000,-1.402000,-1.440000
490.001000,-1.401000,-1.438000
491.001000,-1.399000,-1.438000
492.001000,-1.397000,-1.437000
493.001000,-1.397000,-1.440000
494.001000,-1.397000,-1.438000
495.001000,-1.399000,-1.438000
496.001000,-1.400000,-1.438000
497.001000,-1.399000,-1.439000
498.001000,-1.399000,-1.438000
499.001000,-1.399000,-1.441000
500.001000,-1.398000,-1.438000
501.001000,-1.397000,-1.437000
502.001000,-1.394000,-1.436000
503.001000,-1.393000,-1.436000
504.001000,-1.392000,-1.435000
505.001000,-1.393000,-1.439000
506.001000,-1.394000,-1.438000
507.001000,-1.394000,-1.437000
508.001000,-1.394000,-1.438000
509.001000,-1.394000,-1.438000
510.001000,-1.393000,-1.438000
511.001000,-1.393000,-1.436000
512.001000,-1.392000,-1.438000
513.001000,-1.392000,-1.436000
514.001000,-1.392000,-1.437000
515.001000,-1.391000,-1.438000
516.001000,-1.391000,-1.437000
517.001000,-1.391000,-1.438000
518.001000,-1.391000,-1.439000
519.001000,-1.391000,-1.438000
520.001000,-1.390000,-1.439000
521.001000,-1.389000,-1.436000
522.001000,-1.389000,-1.437000
523.001000,-1.387000,-1.439000
524.001000,-1.387000,-1.437000
525.001000,-1.385000,-1.435000
526.001000,-1.384000,-1.437000
527.001000,-1.380000,-1.437000
528.001000,-1.378000,-1.436000
529.001000,-1.378000,-1.438000
530.001000,-1.379000,-1.437000
531.001000,-1.379000,-1.435000
532.001000,-1.380000,-1.436000
533.001000,-1.380000,-1.438000
534.001000,-1.379000,-1.438000
535.001000,-1.378000,-1.438000
536.001000,-1.378000,-1.436000
537.001000,-1.379000,-1.439000
538.001000,-1.379000,-1.438000
539.001000,-1.379000,-1.437000
540.001000,-1.379000,-1.439000
541.001000,-1.379000,-1.437000
542.001000,-1.379000,-1.438000
543.001000,-1.379000,-1.436000
544.001000,-1.379000,-1.439000
545.001000,-1.377000,-1.437000
546.001000,-1.376000,-1.436000
547.001000,-1.374000,-1.438000
548.001000,-1.372000,-1.437000
549.001000,-1.370000,-1.436000
550.001000,-1.369000,-1.437000
551.001000,-1.368000,-1.436000
552.001000,-1.368000,-1.437000
553.001000,-1.367000,-1.438000
554.001000,-1.367000,-1.437000
555.001000,-1.366000,-1.438000
556.001000,-1.365000,-1.435000
557.001000,-1.365000,-1.438000
558.001000,-1.366000,-1.439000
559.001000,-1.365000,-1.437000
560.001000,-1.364000,-1.434000
561.001000,-1.362000,-1.437000
562.001000,-1.361000,-1.437000
563.001000,-1.361000,-1.437000
564.001000,-1.361000,-1.436000
565.001000,-1.362000,-1.435000
566.001000,-1.362000,-1.438000
567.001000,-1.362000,-1.436000
568.001000,-1.363000,-1.438000
569.001000,-1.363000,-1.436000
570.001000,-1.363000,-1.437000
571.001000,-1.362000,-1.432000
572.001000,-1.363000,-1.439000
573.001000,-1.362000,-1.439000
574.001000,-1.361000,-1.439000
575.001000,-1.360000,-1.434000
576.001000,-1.359000,-1.436000
577.001000,-1.356000,-1.437000
578.001000,-1.355000,-1.434000
579.001000,-1.354000,-1.434000
580.001000,-1.355000,-1.434000
581.001000,-1.354000,-1.435000
582.001000,-1.354000,-1.436000
583.001000,-1.354000,-1.436000
584.001000,-1.354000,-1.436000
585.001000,-1.352000,-1.436000
586.001000,-1.353000,-1.436000
587.001000,-1.353000,-1.435000
588.001000,-1.353000,-1.435000
589.001000,-1.353000,-1.436000
590.001000,-1.353000,-1.430000
591.001000,-1.352000,-1.435000
592.001000,-1.353000,-1.435000
593.001000,-1.353000,-1.435000
594.001000,-1.352000,-1.435000
595.001000,-1.352000,-1.435000
596.001000,-1.351000,-1.435000
597.001000,-1.350000,-1.433000
598.001000,-1.350000,-1.438000
599.001000,-1.350000,-1.435000
600.001000,-1.350000,-1.437000
601.001000,-1.350000,-1.432000
602.001000,-1.349000,-1.434000
603.001000,-1.349000,-1.433000
604.001000,-1.348000,-1.433000
605.001000,-1.349000,-1.438000
606.001000,-1.349000,-1.437000
607.001000,-1.348000,-1.436000
608.001000,-1.348000,-1.437000
609.001000,-1.347000,-1.436000
610.001000,-1.347000,-1.435000
611.001000,-1.346000,-1.436000
612.001000,-1.345000,-1.435000
613.001000,-1.345000,-1.434000
614.001000,-1.345000,-1.436000
615.001000,-1.344000,-1.434000
616.001000,-1.344000,-1.435000
617.001000,-1.342000,-1.434000
618.001000,-1.342000,-1.436000
619.001000,-1.341000,-1.435000
620.001000,-1.341000,-1.433000
621.001000,-1.340000,-1.432000
622.001000,-1.340000,-1.432000
623.001000,-1.340000,-1.433000
624.001000,-1.340000,-1.429000
625.001000,-1.339000,-1.433000
626.001000,-1.338000,-1.433000
627.001000,-1.337000,-1.430000
628.001000,-1.336000,-1.436000
629.001000,-1.335000,-1.431000
630.001000,-1.335000,-1.433000
631.001000,-1.335000,-1.427000
632.001000,-1.335000,-1.430000
633.001000,-1.335000,-1.437000
634.001000,-1.334000,-1.427000
635.001000,-1.333000,-1.430000
636.001000,-1.333000,-1.435000
637.001000,-1.332000,-1.432000
638.001000,-1.330000,-1.434000
639.001000,-1.330000,-1.433000
640.001000,-1.330000,-1.433000
641.001000,-1.330000,-1.432000
642.001000,-1.329000,-1.431000
643.001000,-1.330000,-1.431000
644.001000,-1.330000,-1.431000
645.001000,-1.330000,-1.433000
646.001000,-1.329000,-1.431000
647.001000,-1.329000,-1.432000
648.001000,-1.329000,-1.432000
649.001000,-1.330000,-1.432000
650.001000,-1.330000,-1.430000
651.001000,-1.328000,-1.431000
652.001000,-1.328000,-1.433000
653.001000,-1.327000,-1.434000
654.001000,-1.327000,-1.435000
655.001000,-1.326000,-1.432000
656.001000,-1.325000,-1.433000
657.001000,-1.325000,-1.429000
658.001000,-1.323000,-1.434000
659.001000,-1.323000,-1.435000
660.001000,-1.322000,-1.431000
661.001000,-1.322000,-1.436000
662.001000,-1.322000,-1.430000
663.001000,-1.322000,-1.431000
664.001000,-1.321000,-1.431000
665.001000,-1.320000,-1.435000
666.001000,-1.319000,-1.434000
667.001000,-1.319000,-1.430000
668.001000,-1.318000,-1.426000
669.001000,-1.318000,-1.433000
670.001000,-1.318000,-1.428000
671.001000,-1.317000,-1.428000
672.001000,-1.316000,-1.422000
673.001000,-1.315000,-1.420000
674.001000,-1.313000,-1.425000
675.001000,-1.313000,-1.435000
676.001000,-1.313000,-1.428000
677.001000,-1.313000,-1.427000
678.001000,-1.312000,-1.422000
679.001000,-1.312000,-1.426000
680.001000,-1.312000,-1.425000
681.001000,-1.312000,-1.434000
682.001000,-1.312000,-1.427000
683.001000,-1.311000,-1.431000
684.001000,-1.311000,-1.433000
685.001000,-1.311000,-1.430000
686.001000,-1.309000,-1.425000
687.001000,-1.310000,-1.428000
688.001000,-1.310000,-1.431000
689.001000,-1.309000,-1.432000
690.001000,-1.307000,-1.430000
691.001000,-1.306000,-1.433000
692.001000,-1.306000,-1.430000
693.001000,-1.305000,-1.433000
694.001000,-1.305000,-1.429000
695.001000,-1.305000,-1.430000
696.001000,-1.305000,-1.429000
697.001000,-1.305000,-1.429000
698.001000,-1.305000,-1.428000
699.001000,-1.304000,-1.429000
700.001000,-1.303000,-1.430000
701.001000,-1.303000,-1.431000
702.001000,-1.302000,-1.423000
703.001000,-1.301000,-1.429000
704.001000,-1.301000,-1.434000
705.001000,-1.299000,-1.433000
706.001000,-1.298000,-1.428000
707.001000,-1.298000,-1.423000
708.001000,-1.298000,-1.424000
709.001000,-1.297000,-1.426000
710.001000,-1.297000,-1.424000
711.001000,-1.297000,-1.419000
712.001000,-1.297000,-1.422000
713.001000,-1.297000,-1.415000
714.001000,-1.295000,-1.414000
715.001000,-1.294000,-1.418000
716.001000,-1.294000,-1.417000
717.001000,-1.294000,-1.423000
718.001000,-1.293000,-1.420000
719.001000,-1.293000,-1.417000
720.001000,-1.292000,-1.417000
721.001000,-1.291000,-1.421000
722.001000,-1.290000,-1.426000
723.001000,-1.289000,-1.413000
724.001000,-1.289000,-1.415000
725.001000,-1.289000,-1.422000
726.001000,-1.288000,-1.423000
727.001000,-1.288000,-1.418000
728.001000,-1.288000,-1.424000
729.001000,-1.288000,-1.416000
730.001000,-1.287000,-1.419000
731.001000,-1.287000,-1.421000
732.001000,-1.286000,-1.414000
733.001000,-1.285000,-1.422000
734.001000,-1.284000,-1.424000
735.001000,-1.284000,-1.414000
736.001000,-1.283000,-1.417000
737.001000,-1.282000,-1.422000
738.001000,-1.283000,-1.419000
739.001000,-1.282000,-1.418000
740.001000,-1.282000,-1.422000
741.001000,-1.280000,-1.425000
742.001000,-1.280000,-1.421000
743.001000,-1.279000,-1.422000
744.001000,-1.279000,-1.428000
745.001000,-1.278000,-1.420000
746.001000,-1.278000,-1.424000
747.001000,-1.277000,-1.426000
748.001000,-1.277000,-1.421000
749.001000,-1.277000,-1.427000
750.001000,-1.277000,-1.434000
751.001000,-1.276000,-1.432000
752.001000,-1.275000,-1.431000
753.001000,-1.274000,-1.429000
754.001000,-1.274000,-1.430000
755.001000,-1.273000,-1.429000
756.001000,-1.272000,-1.422000
757.001000,-1.272000,-1.423000
758.001000,-1.272000,-1.425000
759.001000,-1.272000,-1.424000
760.001000,-1.272000,-1.428000
761.001000,-1.272000,-1.424000
762.001000,-1.271000,-1.432000
763.001000,-1.272000,-1.424000
764.001000,-1.271000,-1.417000
765.001000,-1.271000,-1.420000
766.001000,-1.270000,-1.421000
767.001000,-1.269000,-1.423000
768.001000,-1.269000,-1.424000
769.001000,-1.268000,-1.412000
770.001000,-1.268000,-1.414000
771.001000,-1.267000,-1.418000
772.001000,-1.267000,-1.410000
773.001000,-1.267000,-1.421000
774.001000,-1.266000,-1.421000
775.001000,-1.266000,-1.420000
776.001000,-1.265000,-1.419000
777.001000,-1.265000,-1.418000
778.001000,-1.264000,-1.423000
779.001000,-1.263000,-1.417000
780.001000,-1.263000,-1.412000
781.001000,-1.263000,-1.419000
782.001000,-1.263000,-1.417000
783.001000,-1.263000,-1.416000
784.001000,-1.263000,-1.414000
785.001000,-1.263000,-1.404000
786.001000,-1.264000,-1.411000
787.001000,-1.263000,-1.412000
788.001000,-1.263000,-1.411000
789.001000,-1.262000,-1.410000
790.001000,-1.262000,-1.414000
791.001000,-1.261000,-1.422000
792.001000,-1.261000,-1.419000
793.001000,-1.260000,-1.415000
794.001000,-1.260000,-1.408000
795.001000,-1.258000,-1.417000
796.001000,-1.258000,-1.419000
797.001000,-1.258000,-1.421000
798.001000,-1.257000,-1.410000
799.001000,-1.257000,-1.411000
800.001000,-1.257000,-1.408000
801.001000,-1.256000,-1.414000
802.001000,-1.256000,-1.403000
803.001000,-1.256000,-1.409000
804.001000,-1.255000,-1.402000
805.001000,-1.254000,-1.415000
806.001000,-1.253000,-1.414000
807.001000,-1.253000,-1.412000
808.001000,-1.252000,-1.409000
809.001000,-1.252000,-1.409000
810.001000,-1.251000,-1.402000
811.001000,-1.250000,-1.405000
812.001000,-1.248000,-1.405000
813.001000,-1.248000,-1.400000
814.001000,-1.247000,-1.403000
815.001000,-1.246000,-1.402000
816.001000,-1.245000,-1.405000
817.001000,-1.245000,-1.400000
818.001000,-1.245000,-1.401000
819.001000,-1.245000,-1.399000
820.001000,-1.245000,-1.403000
821.001000,-1.244000,-1.397000
822.001000,-1.244000,-1.400000
823.001000,-1.243000,-1.398000
824.001000,-1.242000,-1.393000
825.001000,-1.242000,-1.396000
826.001000,-1.241000,-1.394000
827.001000,-1.240000,-1.394000
828.001000,-1.240000,-1.388000
829.001000,-1.240000,-1.399000
830.001000,-1.241000,-1.387000
831.001000,-1.240000,-1.391000
832.001000,-1.238000,-1.386000
833.001000,-1.238000,-1.393000
834.001000,-1.237000,-1.396000
835.001000,-1.237000,-1.395000
836.001000,-1.236000,-1.392000
837.001000,-1.235000,-1.395000
838.001000,-1.235000,-1.386000
839.001000,-1.234000,-1.392000
840.001000,-1.234000,-1.394000
841.001000,-1.234000,-1.389000
842.001000,-1.234000,-1.396000
843.001000,-1.233000,-1.402000
844.001000,-1.232000,-1.398000
845.001000,-1.231000,-1.395000
846.001000,-1.230000,-1.396000
847.001000,-1.229000,-1.404000
848.001000,-1.229000,-1.403000
849.001000,-1.228000,-1.397000
850.001000,-1.228000,-1.396000
851.001000,-1.228000,-1.403000
852.001000,-1.229000,-1.410000
853.001000,-1.227000,-1.408000
854.001000,-1.226000,-1.404000
855.001000,-1.225000,-1.402000
856.001000,-1.224000,-1.398000
857.001000,-1.224000,-1.391000
858.001000,-1.224000,-1.390000
859.001000,-1.223000,-1.400000
860.001000,-1.223000,-1.402000
861.001000,-1.223000,-1.403000
862.001000,-1.222000,-1.406000
863.001000,-1.222000,-1.397000
864.001000,-1.222000,-1.406000
865.001000,-1.222000,-1.397000
866.001000,-1.222000,-1.398000
867.001000,-1.221000,-1.400000
868.001000,-1.220000,-1.397000
869.001000,-1.219000,-1.389000
870.001000,-1.218000,-1.390000
871.001000,-1.214000,-1.392000
872.001000,-1.211000,-1.389000
873.001000,-1.210000,-1.384000
874.001000,-1.211000,-1.393000
875.001000,-1.211000,-1.402000
876.001000,-1.211000,-1.405000
877.001000,-1.210000,-1.395000
878.001000,-1.210000,-1.400000
879.001000,-1.211000,-1.399000
880.001000,-1.210000,-1.396000
881.001000,-1.210000,-1.392000
882.001000,-1.210000,-1.390000
883.001000,-1.209000,-1.395000
884.001000,-1.209000,-1.391000
885.001000,-1.209000,-1.402000
886.001000,-1.209000,-1.388000
887.001000,-1.208000,-1.388000
888.001000,-1.209000,-1.387000
889.001000,-1.209000,-1.397000
890.001000,-1.208000,-1.398000
891.001000,-1.207000,-1.400000
892.001000,-1.206000,-1.399000
893.001000,-1.206000,-1.388000
894.001000,-1.205000,-1.401000
895.001000,-1.204000,-1.403000
896.001000,-1.203000,-1.396000
897.001000,-1.203000,-1.402000
898.001000,-1.203000,-1.398000
899.001000,-1.202000,-1.402000
900.001000,-1.202000,-1.396000
901.001000,-1.201000,-1.395000
902.001000,-1.201000,-1.394000
903.001000,-1.201000,-1.393000
904.001000,-1.200000,-1.391000
905.001000,-1.199000,-1.394000
906.001000,-1.198000,-1.395000
907.001000,-1.197000,-1.397000
908.001000,-1.197000,-1.398000
909.001000,-1.197000,-1.403000
910.001000,-1.196000,-1.395000
911.001000,-1.195000,-1.393000
912.001000,-1.195000,-1.392000
913.001000,-1.196000,-1.389000
914.001000,-1.195000,-1.388000
915.001000,-1.194000,-1.387000
916.001000,-1.194000,-1.391000
917.001000,-1.193000,-1.388000
918.001000,-1.192000,-1.384000
919.001000,-1.192000,-1.386000
920.001000,-1.191000,-1.391000
921.001000,-1.190000,-1.391000
922.001000,-1.190000,-1.398000
923.001000,-1.189000,-1.393000
924.001000,-1.187000,-1.386000
925.001000,-1.186000,-1.387000
926.001000,-1.186000,-1.382000
927.001000,-1.186000,-1.381000
928.001000,-1.184000,-1.381000
929.001000,-1.184000,-1.382000
930.001000,-1.184000,-1.383000
931.001000,-1.183000,-1.382000
932.001000,-1.183000,-1.380000
933.001000,-1.182000,-1.379000
934.001000,-1.181000,-1.383000
935.001000,-1.180000,-1.391000
936.001000,-1.179000,-1.384000
937.001000,-1.179000,-1.382000
938.001000,-1.178000,-1.380000
939.001000,-1.177000,-1.384000
940.001000,-1.176000,-1.385000
941.001000,-1.175000,-1.386000
942.001000,-1.174000,-1.389000
943.001000,-1.173000,-1.385000
944.001000,-1.172000,-1.391000
945.001000,-1.173000,-1.387000
946.001000,-1.172000,-1.390000
947.001000,-1.172000,-1.387000
948.001000,-1.171000,-1.381000
949.001000,-1.170000,-1.382000
950.001000,-1.169000,-1.379000
951.001000,-1.168000,-1.381000
952.001000,-1.167000,-1.375000
953.001000,-1.167000,-1.378000
954.001000,-1.167000,-1.370000
955.001000,-1.166000,-1.376000
956.001000,-1.165000,-1.370000
957.001000,-1.165000,-1.377000
958.001000,-1.164000,-1.388000
959.001000,-1.163000,-1.379000
960.001000,-1.163000,-1.387000
961.001000,-1.161000,-1.383000
962.001000,-1.160000,-1.378000
963.001000,-1.160000,-1.378000
964.001000,-1.159000,-1.371000
965.001000,-1.158000,-1.371000
966.001000,-1.156000,-1.375000
967.001000,-1.157000,-1.375000
968.001000,-1.157000,-1.380000
969.001000,-1.156000,-1.372000
970.001000,-1.156000,-1.386000
971.001000,-1.156000,-1.383000
972.001000,-1.155000,-1.376000
973.001000,-1.154000,-1.384000
974.001000,-1.154000,-1.377000
975.001000,-1.153000,-1.374000
976.001000,-1.151000,-1.362000
977.001000,-1.150000,-1.365000
978.001000,-1.150000,-1.366000
979.001000,-1.149000,-1.369000
980.001000,-1.149000,-1.372000
981.001000,-1.149000,-1.371000
982.001000,-1.149000,-1.364000
983.001000,-1.149000,-1.375000
984.001000,-1.149000,-1.376000
985.001000,-1.148000,-1.371000
986.001000,-1.147000,-1.369000
987.001000,-1.147000,-1.372000
988.001000,-1.146000,-1.368000
989.001000,-1.145000,-1.370000
990.001000,-1.144000,-1.368000
991.001000,-1.143000,-1.367000
992.001000,-1.142000,-1.370000
993.001000,-1.141000,-1.367000
994.001000,-1.140000,-1.369000
995.001000,-1.139000,-1.371000
996.001000,-1.138000,-1.374000
997.001000,-1.138000,-1.377000
998.001000,-1.137000,-1.381000
999.001000,-1.137000,-1.380000
1000.001000,-1.135000,-1.379000
1001.001000,-1.135000,-1.376000
1002.001000,-1.134000,-1.372000
1003.001000,-1.133000,-1.379000
1004.001000,-1.133000,-1.375000
1005.001000,-1.133000,-1.373000
1006.001000,-1.133000,-1.372000
1007.001000,-1.132000,-1.374000
1008.001000,-1.131000,-1.379000
1009.001000,-1.131000,-1.377000
1010.001000,-1.131000,-1.367000
1011.001000,-1.130000,-1.365000
1012.001000,-1.129000,-1.360000
1013.001000,-1.128000,-1.358000
1014.001000,-1.127000,-1.359000
1015.001000,-1.126000,-1.363000
1016.001000,-1.126000,-1.354000
1017.001000,-1.126000,-1.361000
1018.001000,-1.125000,-1.357000
1019.001000,-1.125000,-1.362000
1020.001000,-1.121000,-1.355000
1021.001000,-1.117000,-1.332000
1022.001000,-1.113000,-1.332000
1023.001000,-1.111000,-1.356000
1024.001000,-1.109000,-1.347000
1025.001000,-1.107000,-1.345000
1026.001000,-1.105000,-1.354000
1027.001000,-1.103000,-1.353000
1028.001000,-1.103000,-1.356000
1029.001000,-1.103000,-1.354000
1030.001000,-1.102000,-1.354000
1031.001000,-1.101000,-1.352000
1032.001000,-1.100000,-1.347000
1033.001000,-1.099000,-1.355000
1034.001000,-1.099000,-1.342000
1035.001000,-1.099000,-1.325000
1036.001000,-1.098000,-1.324000
1037.001000,-1.097000,-1.341000
1038.001000,-1.097000,-1.359000
1039.001000,-1.096000,-1.341000
1040.001000,-1.096000,-1.334000
1041.001000,-1.095000,-1.342000
1042.001000,-1.095000,-1.344000
1043.001000,-1.096000,-1.343000
1044.001000,-1.096000,-1.351000
1045.001000,-1.096000,-1.351000
1046.001000,-1.096000,-1.352000
1047.001000,-1.097000,-1.339000
1048.001000,-1.095000,-1.338000
1049.001000,-1.093000,-1.340000
1050.001000,-1.092000,-1.329000
1051.001000,-1.089000,-1.318000
1052.001000,-1.088000,-1.330000
1053.001000,-1.087000,-1.317000
1054.001000,-1.086000,-1.332000
1055.001000,-1.087000,-1.316000
1056.001000,-1.087000,-1.312000
1057.001000,-1.088000,-1.309000
1058.001000,-1.089000,-1.310000
1059.001000,-1.089000,-1.309000
1060.001000,-1.089000,-1.308000
1061.001000,-1.089000,-1.315000
1062.001000,-1.089000,-1.303000
1063.001000,-1.089000,-1.317000
1064.001000,-1.088000,-1.313000
1065.001000,-1.085000,-1.327000
1066.001000,-1.084000,-1.317000
1067.001000,-1.084000,-1.312000
1068.001000,-1.084000,-1.306000
1069.001000,-1.082000,-1.302000
1070.001000,-1.080000,-1.298000
1071.001000,-1.080000,-1.293000
1072.001000,-1.080000,-1.298000
1073.001000,-1.080000,-1.295000
1074.001000,-1.080000,-1.295000
1075.001000,-1.080000,-1.308000
1076.001000,-1.081000,-1.306000
1077.001000,-1.080000,-1.311000
1078.001000,-1.080000,-1.315000
1079.001000,-1.079000,-1.309000
1080.001000,-1.078000,-1.310000
1081.001000,-1.078000,-1.312000
1082.001000,-1.078000,-1.315000
1083.001000,-1.078000,-1.312000
1084.001000,-1.077000,-1.313000
1085.001000,-1.075000,-1.301000
1086.001000,-1.074000,-1.299000
1087.001000,-1.074000,-1.308000
1088.001000,-1.073000,-1.306000
1089.001000,-1.073000,-1.310000
1090.001000,-1.072000,-1.307000
1091.001000,-1.071000,-1.294000
1092.001000,-1.071000,-1.299000
1093.001000,-1.071000,-1.300000
1094.001000,-1.069000,-1.298000
1095.001000,-1.068000,-1.301000
1096.001000,-1.067000,-1.292000
1097.001000,-1.065000,-1.291000
1098.001000,-1.065000,-1.286000
1099.001000,-1.063000,-1.284000
1100.001000,-1.064000,-1.298000
1101.001000,-1.063000,-1.298000
1102.001000,-1.063000,-1.295000
1103.001000,-1.062000,-1.292000
1104.001000,-1.061000,-1.286000
1105.001000,-1.060000,-1.289000
1106.001000,-1.059000,-1.289000
1107.001000,-1.058000,-1.298000
1108.001000,-1.057000,-1.295000
1109.001000,-1.057000,-1.291000
1110.001000,-1.056000,-1.287000
1111.001000,-1.055000,-1.282000
1112.001000,-1.052000,-1.280000
1113.001000,-1.049000,-1.285000
1114.001000,-1.047000,-1.291000
1115.001000,-1.047000,-1.291000
1116.001000,-1.047000,-1.288000
1117.001000,-1.046000,-1.295000
1118.001000,-1.046000,-1.296000
1119.001000,-1.047000,-1.294000
1120.001000,-1.047000,-1.296000
1121.001000,-1.047000,-1.285000
1122.001000,-1.047000,-1.294000
1123.001000,-1.048000,-1.296000
1124.001000,-1.047000,-1.291000
1125.001000,-1.047000,-1.293000
1126.001000,-1.047000,-1.292000
1127.001000,-1.046000,-1.283000
1128.001000,-1.046000,-1.279000
1129.001000,-1.044000,-1.279000
1130.001000,-1.043000,-1.279000
1131.001000,-1.040000,-1.276000
1132.001000,-1.037000,-1.273000
1133.001000,-1.034000,-1.269000
1134.001000,-1.033000,-1.279000
1135.001000,-1.033000,-1.275000
1136.001000,-1.032000,-1.278000
1137.001000,-1.030000,-1.277000
1138.001000,-1.030000,-1.284000
1139.001000,-1.029000,-1.279000
1140.001000,-1.028000,-1.284000
1141.001000,-1.028000,-1.275000
1142.001000,-1.027000,-1.277000
1143.001000,-1.028000,-1.283000
1144.001000,-1.028000,-1.283000
1145.001000,-1.027000,-1.281000
1146.001000,-1.027000,-1.280000
1147.001000,-1.026000,-1.273000
1148.001000,-1.024000,-1.282000
1149.001000,-1.022000,-1.281000
1150.001000,-1.021000,-1.268000
1151.001000,-1.020000,-1.272000
1152.001000,-1.019000,-1.276000
1153.001000,-1.019000,-1.278000
1154.001000,-1.017000,-1.276000
1155.001000,-1.016000,-1.281000
1156.001000,-1.015000,-1.271000
1157.001000,-1.015000,-1.273000
1158.001000,-1.015000,-1.273000
1159.001000,-1.015000,-1.268000
1160.001000,-1.015000,-1.280000
1161.001000,-1.016000,-1.287000
1162.001000,-1.016000,-1.278000
1163.001000,-1.016000,-1.271000
1164.001000,-1.016000,-1.260000
1165.001000,-1.016000,-1.267000
1166.001000,-1.016000,-1.273000
1167.001000,-1.015000,-1.277000
1168.001000,-1.015000,-1.274000
1169.001000,-1.014000,-1.276000
1170.001000,-1.011000,-1.276000
1171.001000,-1.011000,-1.277000
1172.001000,-1.009000,-1.274000
1173.001000,-1.008000,-1.272000
1174.001000,-1.007000,-1.273000
1175.001000,-1.007000,-1.276000
1176.001000,-1.007000,-1.287000
1177.001000,-1.006000,-1.278000
1178.001000,-1.005000,-1.277000
1179.001000,-1.004000,-1.284000
1180.001000,-1.002000,-1.278000
1181.001000,-1.001000,-1.267000
1182.001000,-1.000000,-1.265000
1183.001000,-0.998000,-1.269000
1184.001000,-0.999000,-1.272000
1185.001000,-0.999000,-1.265000
1186.001000,-1.000000,-1.276000
1187.001000,-1.001000,-1.266000
1188.001000,-1.001000,-1.266000
1189.001000,-1.001000,-1.269000
1190.001000,-1.001000,-1.272000
1191.001000,-1.001000,-1.274000
1192.001000,-1.001000,-1.278000
1193.001000,-1.001000,-1.280000
1194.001000,-1.001000,-1.274000
1195.001000,-1.001000,-1.279000
1196.001000,-1.001000,-1.279000
1197.001000,-1.000000,-1.281000
1198.001000,-1.000000,-1.277000
1199.001000,-1.000000,-1.281000
1200.001000,-0.999000,-1.279000
1201.001000,-0.999000,-1.283000
1202.001000,-0.999000,-1.275000
1203.001000,-0.999000,-1.274000
1204.001000,-0.997000,-1.274000
1205.001000,-0.996000,-1.271000
1206.001000,-0.995000,-1.275000
1207.001000,-0.994000,-1.279000
1208.001000,-0.993000,-1.276000
1209.001000,-0.992000,-1.275000
1210.001000,-0.992000,-1.274000
1211.001000,-0.991000,-1.280000
1212.001000,-0.990000,-1.273000
1213.001000,-0.990000,-1.279000
1214.001000,-0.990000,-1.278000
1215.001000,-0.989000,-1.278000
1216.001000,-0.988000,-1.272000
1217.001000,-0.988000,-1.271000
1218.001000,-0.986000,-1.270000
1219.001000,-0.984000,-1.264000
1220.001000,-0.983000,-1.264000
1221.001000,-0.983000,-1.270000
1222.001000,-0.983000,-1.264000
1223.001000,-0.982000,-1.264000
1224.001000,-0.983000,-1.273000
1225.001000,-0.982000,-1.265000
1226.001000,-0.981000,-1.263000
1227.001000,-0.981000,-1.265000
1228.001000,-0.980000,-1.263000
1229.001000,-0.979000,-1.261000
1230.001000,-0.979000,-1.259000
1231.001000,-0.979000,-1.257000
1232.001000,-0.977000,-1.265000
1233.001000,-0.975000,-1.264000
1234.001000,-0.975000,-1.267000
1235.001000,-0.974000,-1.254000
1236.001000,-0.973000,-1.262000
1237.001000,-0.973000,-1.262000
1238.001000,-0.972000,-1.260000
1239.001000,-0.972000,-1.264000
1240.001000,-0.971000,-1.259000
1241.001000,-0.970000,-1.265000
1242.001000,-0.970000,-1.267000
1243.001000,-0.970000,-1.260000
1244.001000,-0.969000,-1.261000
1245.001000,-0.968000,-1.261000
1246.001000,-0.968000,-1.261000
1247.001000,-0.967000,-1.267000
1248.001000,-0.966000,-1.265000
1249.001000,-0.965000,-1.262000
1250.001000,-0.964000,-1.266000
1251.001000,-0.964000,-1.267000
1252.001000,-0.964000,-1.265000
1253.001000,-0.964000,-1.266000
1254.001000,-0.964000,-1.263000
1255.001000,-0.963000,-1.263000
1256.001000,-0.961000,-1.270000
1257.001000,-0.961000,-1.264000
1258.001000,-0.960000,-1.260000
1259.001000,-0.960000,-1.258000
1260.001000,-0.959000,-1.255000
1261.001000,-0.958000,-1.253000
1262.001000,-0.958000,-1.247000
1263.001000,-0.957000,-1.252000
1264.001000,-0.956000,-1.251000
1265.001000,-0.956000,-1.252000
1266.001000,-0.955000,-1.246000
1267.001000,-0.955000,-1.251000
1268.001000,-0.954000,-1.250000
1269.001000,-0.953000,-1.251000
1270.001000,-0.952000,-1.254000
1271.001000,-0.952000,-1.246000
1272.001000,-0.951000,-1.252000
1273.001000,-0.949000,-1.246000
1274.001000,-0.945000,-1.247000
1275.001000,-0.941000,-1.252000
1276.001000,-0.940000,-1.252000
1277.001000,-0.940000,-1.259000
1278.001000,-0.940000,-1.252000
1279.001000,-0.940000,-1.248000
1280.001000,-0.940000,-1.255000
1281.001000,-0.940000,-1.253000
1282.001000,-0.940000,-1.255000
1283.001000,-0.940000,-1.255000
1284.001000,-0.939000,-1.249000
1285.001000,-0.939000,-1.245000
1286.001000,-0.938000,-1.244000
1287.001000,-0.937000,-1.251000
1288.001000,-0.935000,-1.246000
1289.001000,-0.935000,-1.243000
1290.001000,-0.935000,-1.244000
1291.001000,-0.934000,-1.250000
1292.001000,-0.931000,-1.267000
1293.001000,-0.928000,-1.300000
1294.001000,-0.929000,-1.290000
1295.001000,-0.929000,-1.287000
1296.001000,-0.929000,-1.287000
1297.001000,-0.929000,-1.287000
1298.001000,-0.929000,-1.286000
1299.001000,-0.929000,-1.279000
1300.001000,-0.929000,-1.281000
1301.001000,-0.929000,-1.276000
1302.001000,-0.929000,-1.271000
1303.001000,-0.929000,-1.277000
1304.001000,-0.928000,-1.281000
1305.001000,-0.925000,-1.282000
1306.001000,-0.925000,-1.280000
1307.001000,-0.924000,-1.280000
1308.001000,-0.924000,-1.282000
1309.001000,-0.924000,-1.278000
1310.001000,-0.924000,-1.272000
1311.001000,-0.924000,-1.279000
1312.001000,-0.924000,-1.279000
1313.001000,-0.923000,-1.279000
1314.001000,-0.923000,-1.273000
1315.001000,-0.921000,-1.272000
1316.001000,-0.918000,-1.270000
1317.001000,-0.914000,-1.289000
1318.001000,-0.912000,-1.274000
1319.001000,-0.910000,-1.274000
1320.001000,-0.910000,-1.273000
1321.001000,-0.910000,-1.266000
1322.001000,-0.911000,-1.279000
1323.001000,-0.911000,-1.272000
1324.001000,-0.911000,-1.272000
1325.001000,-0.911000,-1.278000
1326.001000,-0.910000,-1.276000
1327.001000,-0.907000,-1.268000
1328.001000,-0.907000,-1.275000
1329.001000,-0.906000,-1.270000
1330.001000,-0.905000,-1.274000
1331.001000,-0.904000,-1.276000
1332.001000,-0.904000,-1.272000
1333.001000,-0.902000,-1.280000
1334.001000,-0.901000,-1.282000
1335.001000,-0.901000,-1.280000
1336.001000,-0.901000,-1.278000
1337.001000,-0.901000,-1.286000
1338.001000,-0.901000,-1.277000
1339.001000,-0.901000,-1.280000
1340.001000,-0.901000,-1.291000
1341.001000,-0.901000,-1.291000
1342.001000,-0.901000,-1.294000
1343.001000,-0.900000,-1.284000
1344.001000,-0.900000,-1.286000
1345.001000,-0.900000,-1.285000
1346.001000,-0.899000,-1.285000
1347.001000,-0.899000,-1.290000
1348.001000,-0.898000,-1.291000
1349.001000,-0.898000,-1.289000
1350.001000,-0.897000,-1.292000
1351.001000,-0.897000,-1.283000
1352.001000,-0.897000,-1.279000
1353.001000,-0.896000,-1.275000
1354.001000,-0.895000,-1.275000
1355.001000,-0.895000,-1.275000
1356.001000,-0.894000,-1.276000
1357.001000,-0.893000,-1.276000
1358.001000,-0.893000,-1.287000
1359.001000,-0.891000,-1.282000
1360.001000,-0.892000,-1.279000
1361.001000,-0.891000,-1.277000
1362.001000,-0.892000,-1.279000
1363.001000,-0.890000,-1.278000
1364.001000,-0.890000,-1.277000
1365.001000,-0.889000,-1.266000
1366.001000,-0.889000,-1.276000
1367.001000,-0.889000,-1.275000
1368.001000,-0.889000,-1.278000
1369.001000,-0.888000,-1.269000
1370.001000,-0.886000,-1.270000
1371.001000,-0.885000,-1.280000
1372.001000,-0.885000,-1.264000
1373.001000,-0.884000,-1.270000
1374.001000,-0.883000,-1.271000
1375.001000,-0.882000,-1.268000
1376.001000,-0.881000,-1.272000
1377.001000,-0.880000,-1.273000
1378.001000,-0.880000,-1.267000
1379.001000,-0.880000,-1.272000
1380.001000,-0.879000,-1.274000
1381.001000,-0.879000,-1.282000
1382.001000,-0.878000,-1.284000
1383.001000,-0.877000,-1.279000
1384.001000,-0.876000,-1.280000
1385.001000,-0.876000,-1.281000
1386.001000,-0.875000,-1.279000
1387.001000,-0.875000,-1.273000
1388.001000,-0.874000,-1.268000
1389.001000,-0.873000,-1.277000
1390.001000,-0.872000,-1.276000
1391.001000,-0.872000,-1.281000
1392.001000,-0.871000,-1.274000
1393.001000,-0.870000,-1.271000
1394.001000,-0.868000,-1.272000
1395.001000,-0.867000,-1.268000
1396.001000,-0.867000,-1.271000
1397.001000,-0.865000,-1.272000
1398.001000,-0.865000,-1.270000
1399.001000,-0.865000,-1.267000
1400.001000,-0.864000,-1.270000
1401.001000,-0.864000,-1.269000
1402.001000,-0.864000,-1.268000
1403.001000,-0.864000,-1.267000
1404.001000,-0.864000,-1.262000
1405.001000,-0.863000,-1.259000
1406.001000,-0.863000,-1.265000
1407.001000,-0.862000,-1.263000
1408.001000,-0.862000,-1.255000
1409.001000,-0.861000,-1.253000
1410.001000,-0.860000,-1.261000
1411.001000,-0.860000,-1.251000
1412.001000,-0.859000,-1.245000
1413.001000,-0.858000,-1.247000
1414.001000,-0.856000,-1.248000
1415.001000,-0.856000,-1.250000
1416.001000,-0.852000,-1.246000
1417.001000,-0.848000,-1.246000
1418.001000,-0.845000,-1.248000
1419.001000,-0.843000,-1.247000
1420.001000,-0.843000,-1.245000
1421.001000,-0.842000,-1.245000
1422.001000,-0.841000,-1.239000
1423.001000,-0.839000,-1.238000
1424.001000,-0.839000,-1.242000
1425.001000,-0.838000,-1.247000
1426.001000,-0.837000,-1.245000
1427.001000,-0.836000,-1.241000
1428.001000,-0.835000,-1.237000
1429.001000,-0.833000,-1.232000
1430.001000,-0.832000,-1.238000
1431.001000,-0.832000,-1.237000
1432.001000,-0.832000,-1.238000
1433.001000,-0.831000,-1.238000
1434.001000,-0.829000,-1.236000
1435.001000,-0.828000,-1.233000
1436.001000,-0.828000,-1.233000
1437.001000,-0.827000,-1.234000
1438.001000,-0.827000,-1.235000
1439.001000,-0.827000,-1.239000
1440.001000,-0.826000,-1.227000
1441.001000,-0.826000,-1.231000
1442.001000,-0.826000,-1.229000
1443.001000,-0.825000,-1.236000
1444.001000,-0.824000,-1.238000
1445.001000,-0.825000,-1.229000
1446.001000,-0.825000,-1.237000
1447.001000,-0.825000,-1.231000
1448.001000,-0.825000,-1.241000
1449.001000,-0.825000,-1.246000
1450.001000,-0.825000,-1.258000
1451.001000,-0.826000,-1.262000
1452.001000,-0.826000,-1.267000
1453.001000,-0.827000,-1.269000
1454.001000,-0.827000,-1.270000
1455.001000,-0.827000,-1.269000
1456.001000,-0.826000,-1.262000
1457.001000,-0.826000,-1.263000
1458.001000,-0.826000,-1.262000
1459.001000,-0.827000,-1.263000
1460.001000,-0.827000,-1.263000
1461.001000,-0.827000,-1.264000
1462.001000,-0.827000,-1.256000
1463.001000,-0.827000,-1.258000
1464.001000,-0.826000,-1.260000
1465.001000,-0.826000,-1.258000
1466.001000,-0.825000,-1.256000
1467.001000,-0.825000,-1.256000
1468.001000,-0.824000,-1.258000
1469.001000,-0.823000,-1.256000
1470.001000,-0.823000,-1.257000
1471.001000,-0.822000,-1.254000
1472.001000,-0.822000,-1.253000
1473.001000,-0.822000,-1.255000
1474.001000,-0.822000,-1.255000
1475.001000,-0.821000,-1.248000
1476.001000,-0.821000,-1.249000
1477.001000,-0.821000,-1.247000
1478.001000,-0.820000,-1.250000
1479.001000,-0.819000,-1.244000
1480.001000,-0.818000,-1.246000
1481.001000,-0.816000,-1.241000
1482.001000,-0.816000,-1.244000
1483.001000,-0.815000,-1.241000
1484.001000,-0.815000,-1.238000
1485.001000,-0.815000,-1.242000
1486.001000,-0.814000,-1.237000
1487.001000,-0.813000,-1.233000
1488.001000,-0.812000,-1.231000
1489.001000,-0.810000,-1.224000
1490.001000,-0.804000,-1.239000
1491.001000,-0.800000,-1.234000
1492.001000,-0.797000,-1.232000
1493.001000,-0.795000,-1.225000
1494.001000,-0.794000,-1.246000
1495.001000,-0.795000,-1.258000
1496.001000,-0.796000,-1.242000
1497.001000,-0.796000,-1.276000
1498.001000,-0.797000,-1.259000
1499.001000,-0.797000,-1.249000
1500.001000,-0.797000,-1.244000
1501.001000,-0.796000,-1.245000
1502.001000,-0.794000,-1.268000
1503.001000,-0.792000,-1.266000
1504.001000,-0.792000,-1.265000
1505.001000,-0.792000,-1.267000
1506.001000,-0.793000,-1.265000
1507.001000,-0.795000,-1.267000
1508.001000,-0.796000,-1.259000
1509.001000,-0.797000,-1.261000
1510.001000,-0.798000,-1.263000
1511.001000,-0.799000,-1.263000
1512.001000,-0.799000,-1.273000
1513.001000,-0.799000,-1.276000
1514.001000,-0.800000,-1.271000
1515.001000,-0.797000,-1.276000
1516.001000,-0.795000,-1.278000
1517.001000,-0.791000,-1.275000
1518.001000,-0.790000,-1.279000
1519.001000,-0.789000,-1.279000
1520.001000,-0.788000,-1.279000
1521.001000,-0.788000,-1.268000
1522.001000,-0.787000,-1.265000
1523.001000,-0.787000,-1.282000
1524.001000,-0.785000,-1.276000
1525.001000,-0.784000,-1.271000
1526.001000,-0.783000,-1.269000
1527.001000,-0.783000,-1.270000
1528.001000,-0.782000,-1.276000
1529.001000,-0.781000,-1.273000
1530.001000,-0.779000,-1.275000
1531.001000,-0.778000,-1.270000
1532.001000,-0.777000,-1.269000
1533.001000,-0.777000,-1.278000
1534.001000,-0.776000,-1.275000
1535.001000,-0.776000,-1.270000
1536.001000,-0.776000,-1.264000
1537.001000,-0.775000,-1.267000
1538.001000,-0.774000,-1.265000
1539.001000,-0.774000,-1.267000
1540.001000,-0.773000,-1.257000
1541.001000,-0.773000,-1.266000
1542.001000,-0.772000,-1.257000
1543.001000,-0.772000,-1.262000
1544.001000,-0.772000,-1.257000
1545.001000,-0.773000,-1.262000
1546.001000,-0.774000,-1.260000
1547.001000,-0.772000,-1.245000
1548.001000,-0.770000,-1.249000
1549.001000,-0.770000,-1.253000
1550.001000,-0.771000,-1.253000
1551.001000,-0.771000,-1.251000
1552.001000,-0.771000,-1.247000
1553.001000,-0.770000,-1.249000
1554.001000,-0.769000,-1.245000
1555.001000,-0.769000,-1.248000
1556.001000,-0.769000,-1.250000
1557.001000,-0.768000,-1.252000
1558.001000,-0.766000,-1.261000
1559.001000,-0.766000,-1.261000
1560.001000,-0.764000,-1.250000
1561.001000,-0.763000,-1.240000
1562.001000,-0.764000,-1.241000
1563.001000,-0.764000,-1.240000
1564.001000,-0.764000,-1.239000
1565.001000,-0.762000,-1.239000
1566.001000,-0.761000,-1.234000
1567.001000,-0.761000,-1.229000
1568.001000,-0.761000,-1.226000
1569.001000,-0.762000,-1.221000
1570.001000,-0.764000,-1.225000
1571.001000,-0.764000,-1.219000
1572.001000,-0.765000,-1.222000
1573.001000,-0.765000,-1.222000
1574.001000,-0.765000,-1.221000
1575.001000,-0.766000,-1.217000
1576.001000,-0.765000,-1.222000
1577.001000,-0.765000,-1.221000
1578.001000,-0.765000,-1.218000
1579.001000,-0.764000,-1.219000
1580.001000,-0.764000,-1.222000
1581.001000,-0.764000,-1.232000
1582.001000,-0.763000,-1.225000
1583.001000,-0.758000,-1.227000
1584.001000,-0.755000,-1.229000
1585.001000,-0.752000,-1.239000
1586.001000,-0.750000,-1.237000
1587.001000,-0.749000,-1.233000
1588.001000,-0.748000,-1.228000
1589.001000,-0.747000,-1.231000
1590.001000,-0.747000,-1.231000
1591.001000,-0.746000,-1.227000
1592.001000,-0.745000,-1.234000
1593.001000,-0.745000,-1.226000
1594.001000,-0.744000,-1.227000
1595.001000,-0.743000,-1.231000
1596.001000,-0.743000,-1.236000
1597.001000,-0.742000,-1.231000
1598.001000,-0.741000,-1.232000
1599.001000,-0.740000,-1.230000
1600.001000,-0.739000,-1.232000
1601.001000,-0.739000,-1.232000
1602.001000,-0.739000,-1.232000
1603.001000,-0.738000,-1.228000
1604.001000,-0.738000,-1.227000
1605.001000,-0.738000,-1.228000
1606.001000,-0.738000,-1.224000
1607.001000,-0.738000,-1.230000
1608.001000,-0.737000,-1.221000
1609.001000,-0.737000,-1.224000
1610.001000,-0.737000,-1.225000
1611.001000,-0.737000,-1.220000
1612.001000,-0.739000,-1.227000
1613.001000,-0.738000,-1.232000
1614.001000,-0.738000,-1.229000
1615.001000,-0.739000,-1.229000
1616.001000,-0.739000,-1.225000
1617.001000,-0.737000,-1.229000
1618.001000,-0.737000,-1.224000
1619.001000,-0.737000,-1.224000
1620.001000,-0.738000,-1.229000
1621.001000,-0.738000,-1.234000
1622.001000,-0.738000,-1.235000
1623.001000,-0.737000,-1.240000
1624.001000,-0.736000,-1.236000
1625.001000,-0.735000,-1.234000
1626.001000,-0.734000,-1.245000
1627.001000,-0.734000,-1.238000
1628.001000,-0.733000,-1.241000
1629.001000,-0.732000,-1.247000
1630.001000,-0.732000,-1.245000
1631.001000,-0.732000,-1.246000
1632.001000,-0.731000,-1.245000
1633.001000,-0.731000,-1.242000
1634.001000,-0.730000,-1.243000
1635.001000,-0.728000,-1.253000
1636.001000,-0.727000,-1.251000
1637.001000,-0.726000,-1.252000
1638.001000,-0.725000,-1.254000
1639.001000,-0.724000,-1.251000
1640.001000,-0.722000,-1.258000
1641.001000,-0.718000,-1.253000
1642.001000,-0.714000,-1.250000
1643.001000,-0.711000,-1.261000
1644.001000,-0.709000,-1.262000
1645.001000,-0.708000,-1.264000
1646.001000,-0.706000,-1.265000
1647.001000,-0.706000,-1.261000
1648.001000,-0.705000,-1.261000
1649.001000,-0.704000,-1.252000
1650.001000,-0.704000,-1.257000
1651.001000,-0.703000,-1.258000
1652.001000,-0.702000,-1.254000
1653.001000,-0.701000,-1.253000
1654.001000,-0.701000,-1.261000
1655.001000,-0.701000,-1.255000
1656.001000,-0.701000,-1.249000
1657.001000,-0.702000,-1.245000
1658.001000,-0.702000,-1.243000
1659.001000,-0.702000,-1.248000
1660.001000,-0.702000,-1.249000
1661.001000,-0.702000,-1.248000
1662.001000,-0.703000,-1.246000
1663.001000,-0.703000,-1.246000
1664.001000,-0.703000,-1.251000
1665.001000,-0.704000,-1.252000
1666.001000,-0.703000,-1.247000
1667.001000,-0.703000,-1.227000
1668.001000,-0.703000,-1.229000
1669.001000,-0.703000,-1.231000
1670.001000,-0.702000,-1.250000
1671.001000,-0.702000,-1.248000
1672.001000,-0.701000,-1.257000
1673.001000,-0.701000,-1.252000
1674.001000,-0.695000,-1.240000
1675.001000,-0.690000,-1.237000
1676.001000,-0.689000,-1.237000
1677.001000,-0.686000,-1.218000
1678.001000,-0.684000,-1.211000
1679.001000,-0.683000,-1.208000
1680.001000,-0.683000,-1.212000
1681.001000,-0.683000,-1.228000
1682.001000,-0.682000,-1.223000
1683.001000,-0.681000,-1.210000
1684.001000,-0.680000,-1.205000
1685.001000,-0.679000,-1.202000
1686.001000,-0.678000,-1.205000
1687.001000,-0.676000,-1.204000
1688.001000,-0.675000,-1.203000
1689.001000,-0.674000,-1.204000
1690.001000,-0.673000,-1.206000
1691.001000,-0.672000,-1.205000
1692.001000,-0.671000,-1.208000
1693.001000,-0.671000,-1.209000
1694.001000,-0.670000,-1.211000
1695.001000,-0.671000,-1.205000
1696.001000,-0.670000,-1.206000
1697.001000,-0.670000,-1.213000
1698.001000,-0.669000,-1.209000
1699.001000,-0.668000,-1.205000
1700.001000,-0.667000,-1.211000
1701.001000,-0.666000,-1.213000
1702.001000,-0.664000,-1.209000
1703.001000,-0.665000,-1.213000
1704.001000,-0.664000,-1.207000
1705.001000,-0.663000,-1.209000
1706.001000,-0.663000,-1.207000
1707.001000,-0.664000,-1.206000
1708.001000,-0.664000,-1.205000
1709.001000,-0.665000,-1.215000
1710.001000,-0.665000,-1.206000
1711.001000,-0.665000,-1.207000
1712.001000,-0.666000,-1.203000
1713.001000,-0.668000,-1.206000
1714.001000,-0.668000,-1.204000
1715.001000,-0.668000,-1.204000
1716.001000,-0.668000,-1.202000
1717.001000,-0.666000,-1.204000
1718.001000,-0.664000,-1.204000
1719.001000,-0.662000,-1.207000
1720.001000,-0.660000,-1.210000
1721.001000,-0.658000,-1.209000
1722.001000,-0.657000,-1.212000
1723.001000,-0.656000,-1.208000
1724.001000,-0.656000,-1.209000
1725.001000,-0.655000,-1.209000
1726.001000,-0.654000,-1.210000
1727.001000,-0.653000,-1.208000
1728.001000,-0.652000,-1.216000
1729.001000,-0.651000,-1.219000
1730.001000,-0.650000,-1.221000
1731.001000,-0.648000,-1.227000
1732.001000,-0.646000,-1.217000
1733.001000,-0.645000,-1.213000
1734.001000,-0.645000,-1.223000
1735.001000,-0.644000,-1.221000
1736.001000,-0.643000,-1.224000
1737.001000,-0.643000,-1.223000
1738.001000,-0.642000,-1.219000
1739.001000,-0.642000,-1.204000
1740.001000,-0.641000,-1.197000
1741.001000,-0.640000,-1.204000
1742.001000,-0.641000,-1.199000
1743.001000,-0.641000,-1.210000
1744.001000,-0.641000,-1.205000
1745.001000,-0.641000,-1.206000
1746.001000,-0.642000,-1.209000
1747.001000,-0.641000,-1.214000
1748.001000,-0.642000,-1.214000
1749.001000,-0.642000,-1.214000
1750.001000,-0.642000,-1.219000
1751.001000,-0.642000,-1.222000
1752.001000,-0.642000,-1.213000
1753.001000,-0.642000,-1.210000
1754.001000,-0.642000,-1.203000
1755.001000,-0.642000,-1.200000
1756.001000,-0.642000,-1.209000
1757.001000,-0.641000,-1.213000
1758.001000,-0.640000,-1.210000
1759.001000,-0.640000,-1.220000
1760.001000,-0.639000,-1.208000
1761.001000,-0.639000,-1.215000
1762.001000,-0.639000,-1.223000
1763.001000,-0.638000,-1.217000
1764.001000,-0.638000,-1.220000
1765.001000,-0.638000,-1.216000
1766.001000,-0.637000,-1.204000
1767.001000,-0.636000,-1.210000
1768.001000,-0.635000,-1.184000
1769.001000,-0.634000,-1.174000
1770.001000,-0.634000,-1.173000
1771.001000,-0.633000,-1.174000
1772.001000,-0.631000,-1.179000
1773.001000,-0.630000,-1.175000
1774.001000,-0.629000,-1.171000
1775.001000,-0.629000,-1.171000
1776.001000,-0.629000,-1.169000
1777.001000,-0.629000,-1.175000
1778.001000,-0.629000,-1.181000
1779.001000,-0.628000,-1.180000
1780.001000,-0.627000,-1.178000
1781.001000,-0.626000,-1.169000
1782.001000,-0.625000,-1.171000
1783.001000,-0.625000,-1.164000
1784.001000,-0.626000,-1.169000
1785.001000,-0.624000,-1.171000
1786.001000,-0.623000,-1.175000
1787.001000,-0.623000,-1.176000
1788.001000,-0.622000,-1.176000
1789.001000,-0.622000,-1.179000
1790.001000,-0.622000,-1.180000
1791.001000,-0.621000,-1.184000
1792.001000,-0.621000,-1.176000
1793.001000,-0.620000,-1.189000
1794.001000,-0.620000,-1.178000
1795.001000,-0.620000,-1.177000
1796.001000,-0.619000,-1.176000
1797.001000,-0.617000,-1.175000
1798.001000,-0.614000,-1.177000
1799.001000,-0.609000,-1.175000
1800.001000,-0.606000,-1.180000
1801.001000,-0.604000,-1.179000
1802.001000,-0.602000,-1.177000
1803.001000,-0.600000,-1.187000
1804.001000,-0.599000,-1.185000
1805.001000,-0.597000,-1.179000
1806.001000,-0.596000,-1.174000
1807.001000,-0.595000,-1.171000
1808.001000,-0.594000,-1.179000
1809.001000,-0.594000,-1.183000
1810.001000,-0.593000,-1.179000
1811.001000,-0.593000,-1.179000
1812.001000,-0.592000,-1.166000
1813.001000,-0.591000,-1.176000
1814.001000,-0.591000,-1.174000
1815.001000,-0.591000,-1.173000
1816.001000,-0.590000,-1.175000
1817.001000,-0.590000,-1.166000
1818.001000,-0.590000,-1.169000
1819.001000,-0.590000,-1.179000
1820.001000,-0.589000,-1.189000
1821.001000,-0.588000,-1.184000
1822.001000,-0.587000,-1.174000
1823.001000,-0.586000,-1.177000
1824.001000,-0.586000,-1.177000
1825.001000,-0.586000,-1.181000
1826.001000,-0.585000,-1.179000
1827.001000,-0.585000,-1.184000
1828.001000,-0.584000,-1.185000
1829.001000,-0.583000,-1.180000
1830.001000,-0.583000,-1.178000
1831.001000,-0.583000,-1.181000
1832.001000,-0.582000,-1.180000
1833.001000,-0.581000,-1.177000
1834.001000,-0.580000,-1.178000
1835.001000,-0.579000,-1.175000
1836.001000,-0.580000,-1.176000
1837.001000,-0.579000,-1.179000
1838.001000,-0.580000,-1.182000
1839.001000,-0.580000,-1.181000
1840.001000,-0.580000,-1.184000
1841.001000,-0.580000,-1.185000
1842.001000,-0.581000,-1.185000
1843.001000,-0.580000,-1.181000
1844.001000,-0.580000,-1.190000
1845.001000,-0.578000,-1.178000
1846.001000,-0.579000,-1.187000
1847.001000,-0.579000,-1.182000
1848.001000,-0.579000,-1.173000
1849.001000,-0.579000,-1.180000
1850.001000,-0.578000,-1.178000
1851.001000,-0.578000,-1.187000
1852.001000,-0.575000,-1.180000
1853.001000,-0.572000,-1.176000
1854.001000,-0.572000,-1.180000
1855.001000,-0.570000,-1.175000
1856.001000,-0.569000,-1.175000
1857.001000,-0.568000,-1.173000
1858.001000,-0.568000,-1.176000
1859.001000,-0.568000,-1.180000
1860.001000,-0.569000,-1.174000
1861.001000,-0.570000,-1.183000
1862.001000,-0.570000,-1.175000
1863.001000,-0.570000,-1.176000
1864.001000,-0.570000,-1.177000
1865.001000,-0.570000,-1.188000
1866.001000,-0.570000,-1.186000
1867.001000,-0.570000,-1.190000
1868.001000,-0.569000,-1.188000
1869.001000,-0.569000,-1.187000
1870.001000,-0.568000,-1.184000
1871.001000,-0.568000,-1.189000
1872.001000,-0.567000,-1.187000
1873.001000,-0.567000,-1.185000
1874.001000,-0.567000,-1.195000
1875.001000,-0.567000,-1.187000
1876.001000,-0.566000,-1.187000
1877.001000,-0.565000,-1.190000
1878.001000,-0.565000,-1.189000
1879.001000,-0.565000,-1.191000
1880.001000,-0.564000,-1.190000
1881.001000,-0.564000,-1.199000
1882.001000,-0.564000,-1.200000
1883.001000,-0.563000,-1.199000
1884.001000,-0.562000,-1.205000
1885.001000,-0.561000,-1.191000
1886.001000,-0.560000,-1.190000
1887.001000,-0.559000,-1.189000
1888.001000,-0.558000,-1.189000
1889.001000,-0.557000,-1.194000
1890.001000,-0.556000,-1.194000
1891.001000,-0.555000,-1.188000
1892.001000,-0.554000,-1.187000
1893.001000,-0.553000,-1.188000
1894.001000,-0.552000,-1.190000
1895.001000,-0.552000,-1.192000
1896.001000,-0.552000,-1.189000
1897.001000,-0.552000,-1.189000
1898.001000,-0.551000,-1.196000
1899.001000,-0.550000,-1.193000
1900.001000,-0.549000,-1.192000
1901.001000,-0.548000,-1.188000
1902.001000,-0.548000,-1.189000
1903.001000,-0.548000,-1.191000
1904.001000,-0.547000,-1.186000
1905.001000,-0.547000,-1.190000
1906.001000,-0.547000,-1.194000
1907.001000,-0.546000,-1.185000
1908.001000,-0.547000,-1.193000
1909.001000,-0.547000,-1.180000
1910.001000,-0.546000,-1.191000
1911.001000,-0.545000,-1.193000
1912.001000,-0.545000,-1.198000
1913.001000,-0.544000,-1.195000
1914.001000,-0.544000,-1.193000
1915.001000,-0.544000,-1.192000
1916.001000,-0.542000,-1.185000
1917.001000,-0.538000,-1.165000
1918.001000,-0.534000,-1.169000
1919.001000,-0.532000,-1.154000
1920.001000,-0.531000,-1.150000
1921.001000,-0.530000,-1.168000
1922.001000,-0.529000,-1.162000
1923.001000,-0.528000,-1.160000
1924.001000,-0.527000,-1.143000
1925.001000,-0.526000,-1.156000
1926.001000,-0.526000,-1.154000
1927.001000,-0.525000,-1.150000
1928.001000,-0.524000,-1.153000
1929.001000,-0.523000,-1.153000
1930.001000,-0.522000,-1.155000
1931.001000,-0.522000,-1.172000
1932.001000,-0.521000,-1.157000
1933.001000,-0.522000,-1.181000
1934.001000,-0.523000,-1.170000
1935.001000,-0.523000,-1.177000
1936.001000,-0.523000,-1.188000
1937.001000,-0.523000,-1.166000
1938.001000,-0.521000,-1.154000
1939.001000,-0.517000,-1.149000
1940.001000,-0.517000,-1.150000
1941.001000,-0.517000,-1.144000
1942.001000,-0.515000,-1.142000
1943.001000,-0.514000,-1.144000
1944.001000,-0.512000,-1.147000
1945.001000,-0.511000,-1.149000
1946.001000,-0.511000,-1.148000
1947.001000,-0.511000,-1.147000
1948.001000,-0.510000,-1.155000
1949.001000,-0.509000,-1.154000
1950.001000,-0.508000,-1.153000
1951.001000,-0.508000,-1.150000
1952.001000,-0.508000,-1.153000
1953.001000,-0.507000,-1.152000
1954.001000,-0.507000,-1.150000
1955.001000,-0.507000,-1.152000
1956.001000,-0.506000,-1.153000
1957.001000,-0.505000,-1.158000
1958.001000,-0.505000,-1.166000
1959.001000,-0.504000,-1.163000
1960.001000,-0.502000,-1.154000
1961.001000,-0.502000,-1.159000
1962.001000,-0.502000,-1.159000
1963.001000,-0.502000,-1.154000
1964.001000,-0.501000,-1.159000
1965.001000,-0.500000,-1.159000
1966.001000,-0.499000,-1.161000
1967.001000,-0.498000,-1.159000
1968.001000,-0.498000,-1.156000
1969.001000,-0.497000,-1.159000
1970.001000,-0.496000,-1.158000
1971.001000,-0.496000,-1.154000
1972.001000,-0.495000,-1.154000
1973.001000,-0.494000,-1.152000
1974.001000,-0.494000,-1.160000
1975.001000,-0.492000,-1.154000
1976.001000,-0.491000,-1.154000
1977.001000,-0.490000,-1.153000
1978.001000,-0.490000,-1.156000
1979.001000,-0.489000,-1.154000
1980.001000,-0.489000,-1.150000
1981.001000,-0.489000,-1.164000
1982.001000,-0.488000,-1.158000
1983.001000,-0.487000,-1.159000
1984.001000,-0.485000,-1.155000
1985.001000,-0.485000,-1.173000
1986.001000,-0.485000,-1.162000
1987.001000,-0.484000,-1.161000
1988.001000,-0.484000,-1.164000
1989.001000,-0.483000,-1.168000
1990.001000,-0.482000,-1.167000
1991.001000,-0.482000,-1.165000
1992.001000,-0.482000,-1.169000
1993.001000,-0.482000,-1.174000
1994.001000,-0.482000,-1.173000
1995.001000,-0.483000,-1.171000
1996.001000,-0.484000,-1.170000
1997.001000,-0.484000,-1.170000
1998.001000,-0.484000,-1.172000
1999.001000,-0.485000,-1.170000
2000.001000,-0.485000,-1.168000
2001.001000,-0.485000,-1.166000
2002.001000,-0.484000,-1.164000
2003.001000,-0.484000,-1.165000
2004.001000,-0.483000,-1.163000
2005.001000,-0.483000,-1.154000
2006.001000,-0.483000,-1.160000
2007.001000,-0.483000,-1.164000
2008.001000,-0.483000,-1.167000
2009.001000,-0.483000,-1.162000
2010.001000,-0.482000,-1.163000
2011.001000,-0.481000,-1.165000
2012.001000,-0.481000,-1.166000
2013.001000,-0.480000,-1.165000
2014.001000,-0.480000,-1.166000
2015.001000,-0.479000,-1.162000
2016.001000,-0.479000,-1.160000
2017.001000,-0.479000,-1.163000
2018.001000,-0.478000,-1.161000
2019.001000,-0.478000,-1.162000
2020.001000,-0.477000,-1.159000
2021.001000,-0.476000,-1.158000
2022.001000,-0.476000,-1.156000
2023.001000,-0.476000,-1.152000
2024.001000,-0.477000,-1.160000
2025.001000,-0.476000,-1.161000
2026.001000,-0.476000,-1.156000
2027.001000,-0.476000,-1.166000
2028.001000,-0.475000,-1.158000
2029.001000,-0.475000,-1.154000
2030.001000,-0.474000,-1.159000
2031.001000,-0.472000,-1.158000
2032.001000,-0.471000,-1.158000
2033.001000,-0.471000,-1.160000
2034.001000,-0.472000,-1.160000
2035.001000,-0.471000,-1.160000
2036.001000,-0.471000,-1.167000
2037.001000,-0.470000,-1.166000
2038.001000,-0.470000,-1.163000
2039.001000,-0.469000,-1.158000
2040.001000,-0.468000,-1.152000
2041.001000,-0.469000,-1.160000
2042.001000,-0.468000,-1.159000
2043.001000,-0.468000,-1.162000
2044.001000,-0.468000,-1.160000
2045.001000,-0.467000,-1.160000
2046.001000,-0.466000,-1.160000
2047.001000,-0.466000,-1.160000
2048.001000,-0.465000,-1.154000
2049.001000,-0.465000,-1.156000
2050.001000,-0.465000,-1.155000
2051.001000,-0.464000,-1.161000
2052.001000,-0.463000,-1.158000
2053.001000,-0.462000,-1.150000
2054.001000,-0.462000,-1.163000
2055.001000,-0.462000,-1.150000
2056.001000,-0.461000,-1.152000
2057.001000,-0.461000,-1.152000
2058.001000,-0.460000,-1.156000
2059.001000,-0.460000,-1.156000
2060.001000,-0.459000,-1.158000
2061.001000,-0.459000,-1.155000
2062.001000,-0.458000,-1.157000
2063.001000,-0.457000,-1.151000
2064.001000,-0.456000,-1.158000
2065.001000,-0.455000,-1.155000
2066.001000,-0.454000,-1.157000
2067.001000,-0.454000,-1.152000
2068.001000,-0.454000,-1.156000
2069.001000,-0.453000,-1.148000
2070.001000,-0.452000,-1.145000
2071.001000,-0.452000,-1.143000
2072.001000,-0.451000,-1.146000
2073.001000,-0.451000,-1.148000
2074.001000,-0.450000,-1.150000
2075.001000,-0.450000,-1.151000
2076.001000,-0.449000,-1.148000
2077.001000,-0.448000,-1.139000
2078.001000,-0.448000,-1.147000
2079.001000,-0.449000,-1.150000
2080.001000,-0.449000,-1.143000
2081.001000,-0.449000,-1.145000
2082.001000,-0.449000,-1.148000
2083.001000,-0.448000,-1.152000
2084.001000,-0.447000,-1.144000
2085.001000,-0.447000,-1.148000
2086.001000,-0.446000,-1.154000
2087.001000,-0.445000,-1.153000
2088.001000,-0.445000,-1.155000
2089.001000,-0.445000,-1.155000
2090.001000,-0.443000,-1.151000
2091.001000,-0.442000,-1.148000
2092.001000,-0.442000,-1.146000
2093.001000,-0.441000,-1.151000
2094.001000,-0.441000,-1.155000
2095.001000,-0.441000,-1.142000
2096.001000,-0.440000,-1.148000
2097.001000,-0.440000,-1.147000
2098.001000,-0.440000,-1.158000
2099.001000,-0.440000,-1.148000
2100.001000,-0.440000,-1.145000
2101.001000,-0.439000,-1.148000
2102.001000,-0.440000,-1.148000
2103.001000,-0.439000,-1.148000
2104.001000,-0.438000,-1.153000
2105.001000,-0.437000,-1.151000
2106.001000,-0.436000,-1.153000
2107.001000,-0.436000,-1.159000
2108.001000,-0.435000,-1.155000
2109.001000,-0.435000,-1.153000
2110.001000,-0.435000,-1.159000
2111.001000,-0.434000,-1.153000
2112.001000,-0.433000,-1.151000
2113.001000,-0.432000,-1.149000
2114.001000,-0.431000,-1.149000
2115.001000,-0.431000,-1.151000
2116.001000,-0.431000,-1.145000
2117.001000,-0.430000,-1.150000
2118.001000,-0.430000,-1.146000
2119.001000,-0.429000,-1.146000
2120.001000,-0.428000,-1.151000
2121.001000,-0.428000,-1.145000
2122.001000,-0.428000,-1.148000
2123.001000,-0.427000,-1.151000
2124.001000,-0.426000,-1.149000
2125.001000,-0.426000,-1.148000
2126.001000,-0.426000,-1.145000
2127.001000,-0.425000,-1.160000
2128.001000,-0.424000,-1.156000
2129.001000,-0.423000,-1.156000
2130.001000,-0.422000,-1.154000
2131.001000,-0.421000,-1.158000
2132.001000,-0.421000,-1.161000
2133.001000,-0.420000,-1.153000
2134.001000,-0.420000,-1.148000
2135.001000,-0.419000,-1.160000
2136.001000,-0.419000,-1.150000
2137.001000,-0.419000,-1.146000
2138.001000,-0.418000,-1.144000
2139.001000,-0.417000,-1.145000
2140.001000,-0.417000,-1.145000
2141.001000,-0.417000,-1.144000
2142.001000,-0.416000,-1.152000
2143.001000,-0.415000,-1.149000
2144.001000,-0.415000,-1.148000
2145.001000,-0.415000,-1.148000
2146.001000,-0.415000,-1.145000
2147.001000,-0.414000,-1.146000
2148.001000,-0.414000,-1.141000
2149.001000,-0.414000,-1.137000
2150.001000,-0.414000,-1.145000
2151.001000,-0.413000,-1.147000
2152.001000,-0.411000,-1.138000
2153.001000,-0.410000,-1.142000
2154.001000,-0.409000,-1.141000
2155.001000,-0.409000,-1.152000
2156.001000,-0.408000,-1.145000
2157.001000,-0.408000,-1.138000
2158.001000,-0.407000,-1.134000
2159.001000,-0.407000,-1.133000
2160.001000,-0.406000,-1.133000
2161.001000,-0.405000,-1.136000
2162.001000,-0.403000,-1.136000
2163.001000,-0.401000,-1.130000
2164.001000,-0.399000,-1.137000
2165.001000,-0.398000,-1.131000
2166.001000,-0.396000,-1.133000
2167.001000,-0.395000,-1.134000
2168.001000,-0.394000,-1.132000
2169.001000,-0.392000,-1.128000
2170.001000,-0.391000,-1.129000
2171.001000,-0.391000,-1.134000
2172.001000,-0.390000,-1.137000
2173.001000,-0.389000,-1.128000
2174.001000,-0.389000,-1.128000
2175.001000,-0.388000,-1.130000
2176.001000,-0.387000,-1.130000
2177.001000,-0.387000,-1.131000
2178.001000,-0.387000,-1.131000
2179.001000,-0.387000,-1.128000
2180.001000,-0.387000,-1.136000
2181.001000,-0.387000,-1.129000
2182.001000,-0.386000,-1.129000
2183.001000,-0.385000,-1.129000
2184.001000,-0.384000,-1.132000
2185.001000,-0.383000,-1.129000
2186.001000,-0.383000,-1.134000
2187.001000,-0.383000,-1.132000
2188.001000,-0.382000,-1.135000
2189.001000,-0.383000,-1.133000
2190.001000,-0.383000,-1.131000
2191.001000,-0.384000,-1.131000
2192.001000,-0.383000,-1.126000
2193.001000,-0.382000,-1.129000
2194.001000,-0.383000,-1.133000
2195.001000,-0.383000,-1.133000
2196.001000,-0.384000,-1.132000
2197.001000,-0.383000,-1.133000
2198.001000,-0.381000,-1.132000
2199.001000,-0.380000,-1.136000
2200.001000,-0.380000,-1.135000
2201.001000,-0.379000,-1.132000
2202.001000,-0.379000,-1.139000
2203.001000,-0.379000,-1.137000
2204.001000,-0.379000,-1.136000
2205.001000,-0.378000,-1.131000
2206.001000,-0.379000,-1.128000
2207.001000,-0.378000,-1.131000
2208.001000,-0.377000,-1.132000
2209.001000,-0.376000,-1.130000
2210.001000,-0.374000,-1.121000
2211.001000,-0.372000,-1.125000
2212.001000,-0.372000,-1.122000
2213.001000,-0.371000,-1.134000
2214.001000,-0.370000,-1.131000
2215.001000,-0.369000,-1.123000
2216.001000,-0.369000,-1.125000
2217.001000,-0.369000,-1.127000
2218.001000,-0.368000,-1.125000
2219.001000,-0.368000,-1.126000
2220.001000,-0.368000,-1.125000
2221.001000,-0.367000,-1.131000
2222.001000,-0.367000,-1.127000
2223.001000,-0.367000,-1.128000
2224.001000,-0.367000,-1.132000
2225.001000,-0.367000,-1.134000
2226.001000,-0.367000,-1.135000
2227.001000,-0.367000,-1.126000
2228.001000,-0.367000,-1.130000
2229.001000,-0.366000,-1.123000
2230.001000,-0.366000,-1.127000
2231.001000,-0.366000,-1.126000
2232.001000,-0.366000,-1.128000
2233.001000,-0.367000,-1.128000
2234.001000,-0.368000,-1.126000
2235.001000,-0.367000,-1.127000
2236.001000,-0.367000,-1.128000
2237.001000,-0.367000,-1.128000
2238.001000,-0.367000,-1.124000
2239.001000,-0.367000,-1.128000
2240.001000,-0.366000,-1.132000
2241.001000,-0.366000,-1.132000
2242.001000,-0.366000,-1.128000
2243.001000,-0.365000,-1.128000
2244.001000,-0.365000,-1.128000
2245.001000,-0.364000,-1.127000
2246.001000,-0.362000,-1.124000
2247.001000,-0.362000,-1.122000
2248.001000,-0.361000,-1.123000
2249.001000,-0.359000,-1.121000
2250.001000,-0.358000,-1.120000
2251.001000,-0.357000,-1.116000
2252.001000,-0.356000,-1.117000
2253.001000,-0.354000,-1.122000
2254.001000,-0.352000,-1.123000
2255.001000,-0.351000,-1.120000
2256.001000,-0.350000,-1.125000
2257.001000,-0.349000,-1.123000
2258.001000,-0.348000,-1.123000
2259.001000,-0.348000,-1.125000
2260.001000,-0.348000,-1.126000
2261.001000,-0.347000,-1.126000
2262.001000,-0.347000,-1.130000
2263.001000,-0.348000,-1.129000
2264.001000,-0.348000,-1.124000
2265.001000,-0.349000,-1.127000
2266.001000,-0.349000,-1.127000
2267.001000,-0.349000,-1.124000
2268.001000,-0.349000,-1.127000
2269.001000,-0.349000,-1.132000
2270.001000,-0.350000,-1.129000
2271.001000,-0.349000,-1.132000
2272.001000,-0.349000,-1.140000
2273.001000,-0.348000,-1.142000
2274.001000,-0.349000,-1.132000
2275.001000,-0.348000,-1.137000
2276.001000,-0.348000,-1.130000
2277.001000,-0.348000,-1.128000
2278.001000,-0.345000,-1.122000
2279.001000,-0.344000,-1.128000
2280.001000,-0.344000,-1.122000
2281.001000,-0.344000,-1.126000
2282.001000,-0.343000,-1.125000
2283.001000,-0.342000,-1.124000
2284.001000,-0.342000,-1.127000
2285.001000,-0.341000,-1.123000
2286.001000,-0.339000,-1.131000
2287.001000,-0.338000,-1.125000
2288.001000,-0.337000,-1.124000
2289.001000,-0.336000,-1.124000
2290.001000,-0.336000,-1.124000
2291.001000,-0.336000,-1.121000
2292.001000,-0.336000,-1.124000
2293.001000,-0.336000,-1.124000
2294.001000,-0.336000,-1.132000
2295.001000,-0.337000,-1.130000
2296.001000,-0.336000,-1.129000
2297.001000,-0.336000,-1.127000
2298.001000,-0.336000,-1.130000
2299.001000,-0.335000,-1.132000
2300.001000,-0.336000,-1.136000
2301.001000,-0.336000,-1.129000
2302.001000,-0.336000,-1.129000
2303.001000,-0.335000,-1.128000
2304.001000,-0.334000,-1.130000
2305.001000,-0.334000,-1.129000
2306.001000,-0.334000,-1.134000
2307.001000,-0.334000,-1.136000
2308.001000,-0.333000,-1.137000
2309.001000,-0.333000,-1.139000
2310.001000,-0.332000,-1.140000
2311.001000,-0.331000,-1.130000
2312.001000,-0.330000,-1.130000
2313.001000,-0.329000,-1.124000
2314.001000,-0.328000,-1.130000
2315.001000,-0.328000,-1.126000
2316.001000,-0.328000,-1.126000
2317.001000,-0.326000,-1.130000
2318.001000,-0.326000,-1.137000
2319.001000,-0.325000,-1.133000
2320.001000,-0.325000,-1.136000
2321.001000,-0.324000,-1.130000
2322.001000,-0.323000,-1.129000
2323.001000,-0.323000,-1.133000
2324.001000,-0.321000,-1.140000
2325.001000,-0.321000,-1.141000
2326.001000,-0.321000,-1.142000
2327.001000,-0.321000,-1.139000
2328.001000,-0.321000,-1.144000
2329.001000,-0.320000,-1.137000
2330.001000,-0.321000,-1.129000
2331.001000,-0.320000,-1.123000
2332.001000,-0.320000,-1.122000
2333.001000,-0.320000,-1.124000
2334.001000,-0.320000,-1.131000
2335.001000,-0.320000,-1.130000
2336.001000,-0.319000,-1.131000
2337.001000,-0.319000,-1.133000
2338.001000,-0.318000,-1.137000
2339.001000,-0.318000,-1.132000
2340.001000,-0.317000,-1.131000
2341.001000,-0.317000,-1.135000
2342.001000,-0.315000,-1.138000
2343.001000,-0.314000,-1.133000
2344.001000,-0.313000,-1.145000
2345.001000,-0.311000,-1.130000
2346.001000,-0.311000,-1.129000
2347.001000,-0.310000,-1.134000
2348.001000,-0.311000,-1.129000
2349.001000,-0.310000,-1.129000
2350.001000,-0.309000,-1.131000
2351.001000,-0.308000,-1.138000
2352.001000,-0.306000,-1.136000
2353.001000,-0.305000,-1.134000
2354.001000,-0.302000,-1.136000
2355.001000,-0.301000,-1.131000
2356.001000,-0.300000,-1.124000
2357.001000,-0.298000,-1.122000
2358.001000,-0.297000,-1.121000
2359.001000,-0.296000,-1.127000
2360.001000,-0.294000,-1.123000
2361.001000,-0.293000,-1.119000
2362.001000,-0.292000,-1.130000
2363.001000,-0.292000,-1.121000
2364.001000,-0.291000,-1.127000
2365.001000,-0.292000,-1.124000
2366.001000,-0.292000,-1.124000
2367.001000,-0.291000,-1.118000
2368.001000,-0.291000,-1.124000
2369.001000,-0.291000,-1.125000
2370.001000,-0.291000,-1.122000
2371.001000,-0.291000,-1.125000
2372.001000,-0.291000,-1.134000
2373.001000,-0.291000,-1.127000
2374.001000,-0.291000,-1.125000
2375.001000,-0.291000,-1.123000
2376.001000,-0.292000,-1.122000
2377.001000,-0.291000,-1.118000
2378.001000,-0.292000,-1.122000
2379.001000,-0.290000,-1.121000
2380.001000,-0.288000,-1.126000
2381.001000,-0.288000,-1.126000
2382.001000,-0.287000,-1.121000
2383.001000,-0.286000,-1.113000
2384.001000,-0.286000,-1.121000
2385.001000,-0.286000,-1.121000
2386.001000,-0.285000,-1.126000
2387.001000,-0.284000,-1.123000
2388.001000,-0.285000,-1.124000
2389.001000,-0.284000,-1.120000
2390.001000,-0.283000,-1.118000
2391.001000,-0.281000,-1.127000
2392.001000,-0.279000,-1.121000
2393.001000,-0.279000,-1.113000
2394.001000,-0.278000,-1.110000
2395.001000,-0.277000,-1.110000
2396.001000,-0.276000,-1.116000
2397.001000,-0.276000,-1.113000
2398.001000,-0.276000,-1.112000
2399.001000,-0.275000,-1.108000
2400.001000,-0.274000,-1.114000
2401.001000,-0.273000,-1.113000
2402.001000,-0.273000,-1.119000
2403.001000,-0.273000,-1.114000
2404.001000,-0.272000,-1.116000
2405.001000,-0.273000,-1.118000
2406.001000,-0.273000,-1.111000
2407.001000,-0.273000,-1.109000
2408.001000,-0.273000,-1.114000
2409.001000,-0.273000,-1.109000
2410.001000,-0.273000,-1.109000
2411.001000,-0.272000,-1.105000
2412.001000,-0.271000,-1.117000
2413.001000,-0.271000,-1.113000
2414.001000,-0.270000,-1.114000
2415.001000,-0.269000,-1.118000
2416.001000,-0.269000,-1.116000
2417.001000,-0.269000,-1.117000
2418.001000,-0.269000,-1.107000
2419.001000,-0.269000,-1.117000
2420.001000,-0.269000,-1.114000
2421.001000,-0.268000,-1.106000
2422.001000,-0.269000,-1.114000
2423.001000,-0.269000,-1.111000
2424.001000,-0.269000,-1.110000
2425.001000,-0.269000,-1.114000
2426.001000,-0.268000,-1.113000
2427.001000,-0.267000,-1.115000
2428.001000,-0.266000,-1.114000
2429.001000,-0.266000,-1.116000
2430.001000,-0.266000,-1.111000
2431.001000,-0.266000,-1.107000
2432.001000,-0.264000,-1.111000
2433.001000,-0.264000,-1.109000
2434.001000,-0.264000,-1.104000
2435.001000,-0.264000,-1.105000
2436.001000,-0.263000,-1.108000
2437.001000,-0.262000,-1.103000
2438.001000,-0.263000,-1.115000
2439.001000,-0.261000,-1.110000
2440.001000,-0.261000,-1.116000
2441.001000,-0.261000,-1.108000
2442.001000,-0.260000,-1.106000
2443.001000,-0.259000,-1.108000
2444.001000,-0.258000,-1.105000
2445.001000,-0.258000,-1.108000
2446.001000,-0.258000,-1.111000
2447.001000,-0.257000,-1.109000
2448.001000,-0.257000,-1.111000
2449.001000,-0.256000,-1.114000
2450.001000,-0.255000,-1.111000
2451.001000,-0.255000,-1.107000
2452.001000,-0.254000,-1.118000
2453.001000,-0.254000,-1.115000
2454.001000,-0.253000,-1.114000
2455.001000,-0.252000,-1.113000
2456.001000,-0.249000,-1.121000
2457.001000,-0.247000,-1.115000
2458.001000,-0.247000,-1.110000
2459.001000,-0.247000,-1.114000
2460.001000,-0.247000,-1.120000
2461.001000,-0.246000,-1.109000
2462.001000,-0.247000,-1.113000
2463.001000,-0.246000,-1.110000
2464.001000,-0.247000,-1.107000
2465.001000,-0.246000,-1.103000
2466.001000,-0.245000,-1.111000
2467.001000,-0.245000,-1.107000
2468.001000,-0.244000,-1.112000
2469.001000,-0.244000,-1.108000
2470.001000,-0.244000,-1.120000
2471.001000,-0.243000,-1.105000
2472.001000,-0.242000,-1.104000
2473.001000,-0.242000,-1.109000
2474.001000,-0.240000,-1.110000
2475.001000,-0.240000,-1.114000
2476.001000,-0.241000,-1.114000
2477.001000,-0.240000,-1.113000
2478.001000,-0.240000,-1.110000
2479.001000,-0.239000,-1.110000
2480.001000,-0.236000,-1.106000
2481.001000,-0.235000,-1.100000
2482.001000,-0.235000,-1.102000
2483.001000,-0.236000,-1.106000
2484.001000,-0.235000,-1.107000
2485.001000,-0.235000,-1.106000
2486.001000,-0.234000,-1.101000
2487.001000,-0.235000,-1.100000
2488.001000,-0.234000,-1.106000
2489.001000,-0.233000,-1.117000
2490.001000,-0.233000,-1.106000
2491.001000,-0.232000,-1.102000
2492.001000,-0.231000,-1.106000
2493.001000,-0.231000,-1.103000
2494.001000,-0.231000,-1.102000
2495.001000,-0.229000,-1.096000
2496.001000,-0.228000,-1.101000
2497.001000,-0.227000,-1.107000
2498.001000,-0.226000,-1.107000
2499.001000,-0.227000,-1.113000
2500.001000,-0.227000,-1.108000
2501.001000,-0.227000,-1.106000
2502.001000,-0.227000,-1.114000
2503.001000,-0.228000,-1.113000
2504.001000,-0.228000,-1.111000
2505.001000,-0.227000,-1.108000
2506.001000,-0.226000,-1.103000
2507.001000,-0.226000,-1.103000
2508.001000,-0.225000,-1.106000
2509.001000,-0.225000,-1.111000
2510.001000,-0.225000,-1.106000
2511.001000,-0.225000,-1.110000
2512.001000,-0.224000,-1.112000
2513.001000,-0.224000,-1.110000
2514.001000,-0.223000,-1.108000
2515.001000,-0.223000,-1.104000
2516.001000,-0.223000,-1.099000
2517.001000,-0.222000,-1.097000
2518.001000,-0.220000,-1.102000
2519.001000,-0.220000,-1.100000
2520.001000,-0.220000,-1.111000
2521.001000,-0.220000,-1.107000
2522.001000,-0.219000,-1.108000
2523.001000,-0.219000,-1.103000
2524.001000,-0.218000,-1.113000
2525.001000,-0.217000,-1.105000
2526.001000,-0.216000,-1.105000
2527.001000,-0.215000,-1.108000
2528.001000,-0.214000,-1.105000
2529.001000,-0.213000,-1.094000
2530.001000,-0.212000,-1.102000
2531.001000,-0.212000,-1.102000
2532.001000,-0.212000,-1.100000
2533.001000,-0.211000,-1.106000
2534.001000,-0.211000,-1.108000
2535.001000,-0.211000,-1.110000
2536.001000,-0.209000,-1.099000
2537.001000,-0.208000,-1.102000
2538.001000,-0.208000,-1.104000
2539.001000,-0.207000,-1.103000
2540.001000,-0.207000,-1.096000
2541.001000,-0.207000,-1.102000
2542.001000,-0.207000,-1.091000
2543.001000,-0.206000,-1.097000
2544.001000,-0.205000,-1.100000
2545.001000,-0.205000,-1.099000
2546.001000,-0.204000,-1.104000
2547.001000,-0.204000,-1.100000
2548.001000,-0.204000,-1.093000
2549.001000,-0.203000,-1.096000
2550.001000,-0.203000,-1.108000
2551.001000,-0.202000,-1.104000
2552.001000,-0.202000,-1.107000
2553.001000,-0.201000,-1.105000
2554.001000,-0.201000,-1.111000
2555.001000,-0.200000,-1.106000
2556.001000,-0.200000,-1.099000
2557.001000,-0.200000,-1.095000
2558.001000,-0.200000,-1.105000
2559.001000,-0.199000,-1.117000
2560.001000,-0.198000,-1.102000
2561.001000,-0.198000,-1.105000
2562.001000,-0.198000,-1.101000
2563.001000,-0.197000,-1.103000
2564.001000,-0.196000,-1.097000
2565.001000,-0.195000,-1.102000
2566.001000,-0.195000,-1.098000
2567.001000,-0.195000,-1.095000
2568.001000,-0.196000,-1.098000
2569.001000,-0.196000,-1.099000
2570.001000,-0.195000,-1.100000
2571.001000,-0.194000,-1.098000
2572.001000,-0.194000,-1.097000
2573.001000,-0.194000,-1.099000
2574.001000,-0.193000,-1.090000
2575.001000,-0.192000,-1.095000
2576.001000,-0.190000,-1.093000
2577.001000,-0.189000,-1.092000
2578.001000,-0.188000,-1.089000
2579.001000,-0.189000,-1.097000
2580.001000,-0.189000,-1.097000
2581.001000,-0.188000,-1.094000
2582.001000,-0.188000,-1.093000
2583.001000,-0.189000,-1.100000
2584.001000,-0.188000,-1.093000
2585.001000,-0.188000,-1.095000
2586.001000,-0.187000,-1.095000
2587.001000,-0.187000,-1.096000
2588.001000,-0.186000,-1.099000
2589.001000,-0.186000,-1.091000
2590.001000,-0.184000,-1.090000
2591.001000,-0.181000,-1.092000
2592.001000,-0.180000,-1.094000
2593.001000,-0.178000,-1.093000
2594.001000,-0.177000,-1.092000
2595.001000,-0.175000,-1.086000
2596.001000,-0.174000,-1.084000
2597.001000,-0.173000,-1.091000
2598.001000,-0.172000,-1.089000
2599.001000,-0.171000,-1.091000
2600.001000,-0.170000,-1.091000
2601.001000,-0.169000,-1.092000
2602.001000,-0.168000,-1.088000
2603.001000,-0.168000,-1.088000
2604.001000,-0.168000,-1.092000
2605.001000,-0.167000,-1.087000
2606.001000,-0.166000,-1.089000
2607.001000,-0.165000,-1.089000
2608.001000,-0.165000,-1.086000
2609.001000,-0.164000,-1.094000
2610.001000,-0.163000,-1.089000
2611.001000,-0.163000,-1.093000
2612.001000,-0.162000,-1.092000
2613.001000,-0.161000,-1.088000
2614.001000,-0.162000,-1.088000
2615.001000,-0.162000,-1.087000
2616.001000,-0.161000,-1.089000
2617.001000,-0.160000,-1.086000
2618.001000,-0.161000,-1.086000
2619.001000,-0.159000,-1.092000
2620.001000,-0.158000,-1.088000
2621.001000,-0.157000,-1.084000
2622.001000,-0.156000,-1.088000
2623.001000,-0.156000,-1.086000
2624.001000,-0.156000,-1.078000
2625.001000,-0.156000,-1.086000
2626.001000,-0.156000,-1.085000
2627.001000,-0.155000,-1.084000
2628.001000,-0.155000,-1.087000
2629.001000,-0.155000,-1.090000
2630.001000,-0.155000,-1.089000
2631.001000,-0.155000,-1.090000
2632.001000,-0.154000,-1.090000
2633.001000,-0.154000,-1.092000
2634.001000,-0.153000,-1.096000
2635.001000,-0.153000,-1.095000
2636.001000,-0.152000,-1.092000
2637.001000,-0.152000,-1.087000
2638.001000,-0.151000,-1.087000
2639.001000,-0.151000,-1.089000
2640.001000,-0.150000,-1.082000
2641.001000,-0.149000,-1.083000
2642.001000,-0.149000,-1.084000
2643.001000,-0.149000,-1.078000
2644.001000,-0.148000,-1.079000
2645.001000,-0.148000,-1.075000
2646.001000,-0.147000,-1.083000
2647.001000,-0.147000,-1.085000
2648.001000,-0.146000,-1.082000
2649.001000,-0.145000,-1.084000
2650.001000,-0.145000,-1.076000
2651.001000,-0.145000,-1.086000
2652.001000,-0.144000,-1.079000
2653.001000,-0.144000,-1.074000
2654.001000,-0.144000,-1.080000
2655.001000,-0.143000,-1.078000
2656.001000,-0.142000,-1.075000
2657.001000,-0.141000,-1.078000
2658.001000,-0.140000,-1.072000
2659.001000,-0.139000,-1.073000
2660.001000,-0.138000,-1.077000
2661.001000,-0.138000,-1.081000
2662.001000,-0.137000,-1.082000
2663.001000,-0.136000,-1.083000
2664.001000,-0.136000,-1.081000
2665.001000,-0.136000,-1.081000
2666.001000,-0.136000,-1.077000
2667.001000,-0.136000,-1.076000
2668.001000,-0.135000,-1.078000
2669.001000,-0.135000,-1.074000
2670.001000,-0.135000,-1.074000
2671.001000,-0.135000,-1.081000
2672.001000,-0.134000,-1.080000
2673.001000,-0.134000,-1.076000
2674.001000,-0.133000,-1.070000
2675.001000,-0.132000,-1.070000
2676.001000,-0.132000,-1.075000
2677.001000,-0.132000,-1.075000
2678.001000,-0.131000,-1.078000
2679.001000,-0.131000,-1.078000
2680.001000,-0.131000,-1.076000
2681.001000,-0.130000,-1.076000
2682.001000,-0.130000,-1.075000
2683.001000,-0.129000,-1.076000
2684.001000,-0.130000,-1.078000
2685.001000,-0.130000,-1.071000
2686.001000,-0.129000,-1.069000
2687.001000,-0.128000,-1.071000
2688.001000,-0.127000,-1.074000
2689.001000,-0.128000,-1.077000
2690.001000,-0.127000,-1.074000
2691.001000,-0.127000,-1.072000
2692.001000,-0.126000,-1.068000
2693.001000,-0.126000,-1.067000
2694.001000,-0.125000,-1.075000
2695.001000,-0.124000,-1.076000
2696.001000,-0.124000,-1.084000
2697.001000,-0.123000,-1.071000
2698.001000,-0.123000,-1.068000
2699.001000,-0.122000,-1.073000
2700.001000,-0.122000,-1.067000
2701.001000,-0.121000,-1.066000
2702.001000,-0.121000,-1.072000
2703.001000,-0.121000,-1.074000
2704.001000,-0.121000,-1.076000
2705.001000,-0.119000,-1.075000
2706.001000,-0.119000,-1.070000
2707.001000,-0.119000,-1.065000
2708.001000,-0.119000,-1.060000
2709.001000,-0.118000,-1.068000
2710.001000,-0.118000,-1.056000
2711.001000,-0.118000,-1.059000
2712.001000,-0.117000,-1.069000
2713.001000,-0.117000,-1.067000
2714.001000,-0.116000,-1.065000
2715.001000,-0.117000,-1.066000
2716.001000,-0.117000,-1.069000
2717.001000,-0.118000,-1.075000
2718.001000,-0.119000,-1.093000
2719.001000,-0.119000,-1.101000
2720.001000,-0.120000,-1.082000
2721.001000,-0.121000,-1.106000
2722.001000,-0.121000,-1.097000
2723.001000,-0.121000,-1.103000
2724.001000,-0.121000,-1.098000
2725.001000,-0.121000,-1.101000
2726.001000,-0.121000,-1.102000
2727.001000,-0.121000,-1.096000
2728.001000,-0.121000,-1.102000
2729.001000,-0.121000,-1.097000
2730.001000,-0.121000,-1.108000
2731.001000,-0.120000,-1.104000
2732.001000,-0.121000,-1.097000
2733.001000,-0.120000,-1.103000
2734.001000,-0.119000,-1.104000
2735.001000,-0.119000,-1.097000
2736.001000,-0.119000,-1.098000
2737.001000,-0.119000,-1.096000
2738.001000,-0.118000,-1.094000
2739.001000,-0.119000,-1.094000
2740.001000,-0.119000,-1.100000
2741.001000,-0.119000,-1.097000
2742.001000,-0.119000,-1.094000
2743.001000,-0.119000,-1.090000
2744.001000,-0.119000,-1.095000
2745.001000,-0.118000,-1.091000
2746.001000,-0.118000,-1.096000
2747.001000,-0.117000,-1.094000
2748.001000,-0.116000,-1.093000
2749.001000,-0.115000,-1.100000
2750.001000,-0.114000,-1.090000
2751.001000,-0.113000,-1.088000
2752.001000,-0.113000,-1.093000
2753.001000,-0.112000,-1.094000
2754.001000,-0.111000,-1.086000
2755.001000,-0.111000,-1.090000
2756.001000,-0.110000,-1.087000
2757.001000,-0.110000,-1.085000
2758.001000,-0.109000,-1.086000
2759.001000,-0.109000,-1.085000
2760.001000,-0.109000,-1.089000
2761.001000,-0.109000,-1.089000
2762.001000,-0.108000,-1.078000
2763.001000,-0.108000,-1.079000
2764.001000,-0.107000,-1.085000
2765.001000,-0.107000,-1.085000
2766.001000,-0.106000,-1.080000
2767.001000,-0.105000,-1.081000
2768.001000,-0.104000,-1.080000
2769.001000,-0.103000,-1.084000
2770.001000,-0.102000,-1.082000
2771.001000,-0.101000,-1.073000
2772.001000,-0.101000,-1.078000
2773.001000,-0.101000,-1.086000
2774.001000,-0.100000,-1.067000
2775.001000,-0.101000,-1.077000
2776.001000,-0.101000,-1.073000
2777.001000,-0.100000,-1.075000
2778.001000,-0.100000,-1.079000
2779.001000,-0.100000,-1.084000
2780.001000,-0.100000,-1.079000
2781.001000,-0.100000,-1.079000
2782.001000,-0.099000,-1.083000
2783.001000,-0.098000,-1.079000
2784.001000,-0.098000,-1.083000
2785.001000,-0.097000,-1.080000
2786.001000,-0.096000,-1.077000
2787.001000,-0.095000,-1.074000
2788.001000,-0.095000,-1.075000
2789.001000,-0.093000,-1.069000
2790.001000,-0.092000,-1.072000
2791.001000,-0.091000,-1.078000
2792.001000,-0.090000,-1.081000
2793.001000,-0.089000,-1.076000
2794.001000,-0.089000,-1.078000
2795.001000,-0.089000,-1.083000
2796.001000,-0.088000,-1.079000
2797.001000,-0.088000,-1.081000
2798.001000,-0.087000,-1.083000
2799.001000,-0.086000,-1.077000
2800.001000,-0.086000,-1.079000
2801.001000,-0.086000,-1.075000
2802.001000,-0.086000,-1.078000
2803.001000,-0.085000,-1.078000
2804.001000,-0.085000,-1.076000
2805.001000,-0.085000,-1.079000
2806.001000,-0.084000,-1.082000
2807.001000,-0.084000,-1.081000
2808.001000,-0.084000,-1.082000
2809.001000,-0.083000,-1.081000
2810.001000,-0.084000,-1.082000
2811.001000,-0.084000,-1.084000
2812.001000,-0.083000,-1.080000
2813.001000,-0.083000,-1.078000
2814.001000,-0.083000,-1.089000
2815.001000,-0.083000,-1.088000
2816.001000,-0.082000,-1.088000
2817.001000,-0.081000,-1.077000
2818.001000,-0.081000,-1.084000
2819.001000,-0.081000,-1.086000
2820.001000,-0.081000,-1.082000
2821.001000,-0.081000,-1.087000
2822.001000,-0.081000,-1.084000
2823.001000,-0.080000,-1.084000
2824.001000,-0.079000,-1.076000
2825.001000,-0.080000,-1.079000
2826.001000,-0.079000,-1.082000
2827.001000,-0.078000,-1.098000
2828.001000,-0.078000,-1.093000
2829.001000,-0.077000,-1.090000
2830.001000,-0.077000,-1.086000
2831.001000,-0.077000,-1.086000
2832.001000,-0.076000,-1.086000
2833.001000,-0.075000,-1.079000
2834.001000,-0.075000,-1.081000
2835.001000,-0.074000,-1.080000
2836.001000,-0.075000,-1.070000
2837.001000,-0.075000,-1.073000
2838.001000,-0.075000,-1.082000
2839.001000,-0.074000,-1.079000
2840.001000,-0.074000,-1.074000
2841.001000,-0.074000,-1.078000
2842.001000,-0.073000,-1.077000
2843.001000,-0.073000,-1.074000
2844.001000,-0.073000,-1.080000
2845.001000,-0.071000,-1.077000
2846.001000,-0.070000,-1.079000
2847.001000,-0.071000,-1.079000
2848.001000,-0.070000,-1.080000
2849.001000,-0.070000,-1.076000
2850.001000,-0.069000,-1.076000
2851.001000,-0.069000,-1.076000
2852.001000,-0.069000,-1.073000
2853.001000,-0.068000,-1.079000
2854.001000,-0.067000,-1.070000
2855.001000,-0.067000,-1.071000
2856.001000,-0.067000,-1.074000
2857.001000,-0.066000,-1.067000
2858.001000,-0.066000,-1.068000
2859.001000,-0.065000,-1.074000
2860.001000,-0.064000,-1.071000
2861.001000,-0.064000,-1.073000
2862.001000,-0.063000,-1.069000
2863.001000,-0.062000,-1.070000
2864.001000,-0.061000,-1.072000
2865.001000,-0.061000,-1.067000
2866.001000,-0.060000,-1.068000
2867.001000,-0.060000,-1.067000
2868.001000,-0.059000,-1.072000
2869.001000,-0.058000,-1.071000
2870.001000,-0.058000,-1.077000
2871.001000,-0.057000,-1.072000
2872.001000,-0.057000,-1.077000
2873.001000,-0.056000,-1.076000
2874.001000,-0.055000,-1.074000
2875.001000,-0.055000,-1.078000
2876.001000,-0.055000,-1.074000
2877.001000,-0.054000,-1.075000
2878.001000,-0.053000,-1.075000
2879.001000,-0.053000,-1.073000
2880.001000,-0.052000,-1.075000
2881.001000,-0.052000,-1.072000
2882.001000,-0.052000,-1.073000
2883.001000,-0.051000,-1.075000
2884.001000,-0.051000,-1.075000
2885.001000,-0.051000,-1.070000
2886.001000,-0.050000,-1.070000
2887.001000,-0.050000,-1.067000
2888.001000,-0.050000,-1.067000
2889.001000,-0.050000,-1.067000
2890.001000,-0.049000,-1.065000
2891.001000,-0.049000,-1.063000
2892.001000,-0.048000,-1.067000
2893.001000,-0.047000,-1.071000
2894.001000,-0.046000,-1.068000
2895.001000,-0.045000,-1.073000
2896.001000,-0.045000,-1.073000
2897.001000,-0.044000,-1.065000
2898.001000,-0.044000,-1.074000
2899.001000,-0.044000,-1.071000
2900.001000,-0.043000,-1.071000
2901.001000,-0.043000,-1.065000
2902.001000,-0.042000,-1.070000
2903.001000,-0.042000,-1.066000
2904.001000,-0.041000,-1.064000
2905.001000,-0.040000,-1.060000
2906.001000,-0.040000,-1.065000
2907.001000,-0.039000,-1.065000
2908.001000,-0.039000,-1.060000
2909.001000,-0.038000,-1.061000
2910.001000,-0.038000,-1.070000
2911.001000,-0.037000,-1.069000
2912.001000,-0.038000,-1.060000
2913.001000,-0.038000,-1.064000
2914.001000,-0.037000,-1.059000
2915.001000,-0.036000,-1.066000
2916.001000,-0.035000,-1.060000
2917.001000,-0.035000,-1.059000
2918.001000,-0.035000,-1.061000
2919.001000,-0.035000,-1.067000
2920.001000,-0.034000,-1.074000
2921.001000,-0.035000,-1.075000
2922.001000,-0.034000,-1.071000
2923.001000,-0.034000,-1.072000
2924.001000,-0.032000,-1.068000
2925.001000,-0.031000,-1.070000
2926.001000,-0.030000,-1.072000
2927.001000,-0.030000,-1.072000
2928.001000,-0.030000,-1.082000
2929.001000,-0.030000,-1.073000
2930.001000,-0.030000,-1.069000
2931.001000,-0.031000,-1.071000
2932.001000,-0.031000,-1.074000
2933.001000,-0.031000,-1.069000
2934.001000,-0.029000,-1.067000
2935.001000,-0.030000,-1.063000
2936.001000,-0.029000,-1.062000
2937.001000,-0.029000,-1.063000
2938.001000,-0.029000,-1.065000
2939.001000,-0.028000,-1.064000
2940.001000,-0.028000,-1.070000
2941.001000,-0.027000,-1.068000
2942.001000,-0.027000,-1.064000
2943.001000,-0.026000,-1.061000
2944.001000,-0.026000,-1.058000
2945.001000,-0.025000,-1.059000
2946.001000,-0.025000,-1.064000
2947.001000,-0.024000,-1.062000
2948.001000,-0.022000,-1.063000
2949.001000,-0.022000,-1.067000
2950.001000,-0.022000,-1.064000
2951.001000,-0.021000,-1.065000
2952.001000,-0.021000,-1.064000
2953.001000,-0.020000,-1.068000
2954.001000,-0.021000,-1.065000
2955.001000,-0.020000,-1.064000
2956.001000,-0.020000,-1.058000
2957.001000,-0.020000,-1.056000
2958.001000,-0.019000,-1.054000
2959.001000,-0.019000,-1.057000
2960.001000,-0.019000,-1.059000
2961.001000,-0.019000,-1.067000
2962.001000,-0.018000,-1.062000
2963.001000,-0.018000,-1.064000
2964.001000,-0.017000,-1.066000
2965.001000,-0.017000,-1.061000
2966.001000,-0.016000,-1.058000
2967.001000,-0.016000,-1.058000
2968.001000,-0.016000,-1.059000
2969.001000,-0.016000,-1.056000
2970.001000,-0.016000,-1.053000
2971.001000,-0.015000,-1.055000
2972.001000,-0.015000,-1.060000
2973.001000,-0.014000,-1.056000
2974.001000,-0.012000,-1.048000
2975.001000,-0.010000,-1.051000
2976.001000,-0.006000,-1.049000
2977.001000,-0.004000,-1.058000
2978.001000,-0.004000,-1.056000
2979.001000,-0.003000,-1.058000
2980.001000,-0.003000,-1.053000
2981.001000,-0.002000,-1.060000
2982.001000,-0.002000,-1.052000
2983.001000,-0.001000,-1.045000
2984.001000,0.000000,-1.053000
2985.001000,0.001000,-1.050000
2986.001000,0.002000,-1.051000
2987.001000,0.004000,-1.054000
2988.001000,0.006000,-1.050000
2989.001000,0.009000,-1.040000
2990.001000,0.010000,-1.047000
2991.001000,0.012000,-1.043000
2992.001000,0.012000,-1.045000
2993.001000,0.012000,-1.054000
2994.001000,0.010000,-1.051000
2995.001000,0.010000,-1.050000
2996.001000,0.009000,-1.053000
2997.001000,0.008000,-1.049000
2998.001000,0.008000,-1.049000
2999.001000,0.008000,-1.042000
3000.001000,0.008000,-1.063000
3001.001000,0.010000,-1.079000
3002.001000,0.012000,-1.069000
3003.001000,0.013000,-1.081000
3004.001000,0.012000,-1.076000
3005.001000,0.011000,-1.075000
3006.001000,0.010000,-1.074000
3007.001000,0.010000,-1.068000
3008.001000,0.009000,-1.065000
3009.001000,0.009000,-1.066000
3010.001000,0.007000,-1.066000
3011.001000,0.006000,-1.077000
3012.001000,0.006000,-1.084000
3013.001000,0.006000,-1.080000
3014.001000,0.009000,-1.080000
3015.001000,0.012000,-1.085000
3016.001000,0.013000,-1.085000
3017.001000,0.014000,-1.084000
3018.001000,0.015000,-1.095000
3019.001000,0.015000,-1.084000
3020.001000,0.015000,-1.072000
3021.001000,0.016000,-1.069000
3022.001000,0.017000,-1.067000
3023.001000,0.015000,-1.068000
3024.001000,0.015000,-1.070000
3025.001000,0.015000,-1.070000
3026.001000,0.015000,-1.072000
3027.001000,0.014000,-1.073000
3028.001000,0.014000,-1.076000
3029.001000,0.014000,-1.069000
3030.001000,0.014000,-1.068000
3031.001000,0.013000,-1.071000
3032.001000,0.013000,-1.061000
3033.001000,0.013000,-1.066000
3034.001000,0.012000,-1.066000
3035.001000,0.012000,-1.070000
3036.001000,0.012000,-1.072000
3037.001000,0.013000,-1.077000
3038.001000,0.013000,-1.084000
3039.001000,0.013000,-1.055000
3040.001000,0.013000,-1.053000
3041.001000,0.013000,-1.042000
3042.001000,0.014000,-1.033000
3043.001000,0.014000,-1.036000
3044.001000,0.014000,-1.027000
3045.001000,0.014000,-1.026000
3046.001000,0.014000,-1.034000
3047.001000,0.015000,-1.038000
3048.001000,0.016000,-1.034000
3049.001000,0.016000,-1.030000
3050.001000,0.016000,-1.036000
3051.001000,0.018000,-1.041000
3052.001000,0.020000,-1.032000
3053.001000,0.024000,-1.041000
3054.001000,0.026000,-1.039000
3055.001000,0.028000,-1.037000
3056.001000,0.029000,-1.041000
3057.001000,0.029000,-1.040000
3058.001000,0.029000,-1.040000
3059.001000,0.029000,-1.040000
3060.001000,0.029000,-1.042000
3061.001000,0.030000,-1.042000
3062.001000,0.033000,-1.044000
3063.001000,0.035000,-1.050000
3064.001000,0.036000,-1.046000
3065.001000,0.037000,-1.042000
3066.001000,0.039000,-1.041000
3067.001000,0.040000,-1.035000
3068.001000,0.041000,-1.033000
3069.001000,0.042000,-1.033000
3070.001000,0.043000,-1.033000
3071.001000,0.044000,-1.035000
3072.001000,0.043000,-1.035000
3073.001000,0.044000,-1.030000
3074.001000,0.045000,-1.030000
3075.001000,0.045000,-1.031000
3076.001000,0.046000,-1.033000
3077.001000,0.046000,-1.037000
3078.001000,0.047000,-1.037000
3079.001000,0.047000,-1.035000
3080.001000,0.048000,-1.033000
3081.001000,0.048000,-1.041000
3082.001000,0.049000,-1.036000
3083.001000,0.050000,-1.034000
3084.001000,0.050000,-1.034000
3085.001000,0.050000,-1.038000
3086.001000,0.049000,-1.038000
3087.001000,0.049000,-1.040000
3088.001000,0.049000,-1.039000
3089.001000,0.050000,-1.040000
3090.001000,0.050000,-1.032000
3091.001000,0.050000,-1.040000
3092.001000,0.051000,-1.040000
3093.001000,0.052000,-1.043000
3094.001000,0.052000,-1.040000
3095.001000,0.052000,-1.048000
3096.001000,0.053000,-1.047000
3097.001000,0.054000,-1.050000
3098.001000,0.054000,-1.045000
3099.001000,0.054000,-1.048000
3100.001000,0.056000,-1.050000
3101.001000,0.057000,-1.048000
3102.001000,0.058000,-1.050000
3103.001000,0.058000,-1.045000
3104.001000,0.058000,-1.043000
3105.001000,0.059000,-1.042000
3106.001000,0.059000,-1.038000
3107.001000,0.059000,-1.034000
3108.001000,0.059000,-1.032000
3109.001000,0.059000,-1.037000
3110.001000,0.060000,-1.037000
3111.001000,0.060000,-1.039000
3112.001000,0.060000,-1.034000
3113.001000,0.061000,-1.027000
3114.001000,0.062000,-1.034000
3115.001000,0.062000,-1.035000
3116.001000,0.062000,-1.035000
3117.001000,0.062000,-1.033000
3118.001000,0.063000,-1.027000
3119.001000,0.064000,-1.028000
3120.001000,0.064000,-1.025000
3121.001000,0.065000,-1.024000
3122.001000,0.066000,-1.025000
3123.001000,0.066000,-1.022000
3124.001000,0.067000,-1.024000
3125.001000,0.066000,-1.022000
3126.001000,0.066000,-1.024000
3127.001000,0.066000,-1.027000
3128.001000,0.067000,-1.034000
3129.001000,0.067000,-1.032000
3130.001000,0.067000,-1.037000
3131.001000,0.067000,-1.038000
3132.001000,0.067000,-1.034000
3133.001000,0.067000,-1.035000
3134.001000,0.067000,-1.039000
3135.001000,0.068000,-1.044000
3136.001000,0.067000,-1.043000
3137.001000,0.068000,-1.041000
3138.001000,0.068000,-1.034000
3139.001000,0.069000,-1.040000
3140.001000,0.069000,-1.038000
3141.001000,0.070000,-1.042000
3142.001000,0.070000,-1.042000
3143.001000,0.069000,-1.042000
3144.001000,0.070000,-1.035000
3145.001000,0.071000,-1.039000
3146.001000,0.071000,-1.038000
3147.001000,0.070000,-1.049000
3148.001000,0.067000,-1.041000
3149.001000,0.067000,-1.043000
3150.001000,0.066000,-1.043000
3151.001000,0.065000,-1.047000
3152.001000,0.066000,-1.039000
3153.001000,0.066000,-1.031000
3154.001000,0.066000,-1.041000
3155.001000,0.066000,-1.042000
3156.001000,0.067000,-1.042000
3157.001000,0.067000,-1.044000
3158.001000,0.068000,-1.041000
3159.001000,0.068000,-1.040000
3160.001000,0.068000,-1.043000
3161.001000,0.068000,-1.039000
3162.001000,0.068000,-1.049000
3163.001000,0.068000,-1.048000
3164.001000,0.069000,-1.049000
3165.001000,0.069000,-1.044000
3166.001000,0.069000,-1.043000
3167.001000,0.069000,-1.039000
3168.001000,0.070000,-1.035000
3169.001000,0.070000,-1.036000
3170.001000,0.071000,-1.038000
3171.001000,0.072000,-1.042000
3172.001000,0.073000,-1.040000
3173.001000,0.073000,-1.038000
3174.001000,0.072000,-1.051000
3175.001000,0.072000,-1.046000
3176.001000,0.072000,-1.052000
3177.001000,0.072000,-1.055000
3178.001000,0.072000,-1.057000
3179.001000,0.073000,-1.052000
3180.001000,0.073000,-1.049000
3181.001000,0.074000,-1.051000
3182.001000,0.074000,-1.053000
3183.001000,0.075000,-1.050000
3184.001000,0.075000,-1.048000
3185.001000,0.075000,-1.048000
3186.001000,0.076000,-1.045000
3187.001000,0.076000,-1.045000
3188.001000,0.076000,-1.049000
3189.001000,0.076000,-1.049000
3190.001000,0.076000,-1.044000
3191.001000,0.077000,-1.040000
3192.001000,0.077000,-1.045000
3193.001000,0.077000,-1.045000
3194.001000,0.078000,-1.048000
3195.001000,0.079000,-1.049000
3196.001000,0.079000,-1.052000
3197.001000,0.079000,-1.050000
3198.001000,0.079000,-1.056000
3199.001000,0.079000,-1.054000
3200.001000,0.079000,-1.050000
3201.001000,0.079000,-1.054000
3202.001000,0.080000,-1.050000
3203.001000,0.080000,-1.048000
3204.001000,0.080000,-1.051000
3205.001000,0.080000,-1.054000
3206.001000,0.084000,-1.062000
3207.001000,0.087000,-1.061000
3208.001000,0.090000,-1.062000
3209.001000,0.095000,-1.061000
3210.001000,0.097000,-1.053000
3211.001000,0.099000,-1.062000
3212.001000,0.103000,-1.058000
3213.001000,0.105000,-1.057000
3214.001000,0.105000,-1.063000
3215.001000,0.107000,-1.065000
3216.001000,0.108000,-1.060000
3217.001000,0.108000,-1.067000
3218.001000,0.109000,-1.048000
3219.001000,0.110000,-1.033000
3220.001000,0.111000,-1.041000
3221.001000,0.111000,-1.064000
3222.001000,0.111000,-1.062000
3223.001000,0.111000,-1.049000
3224.001000,0.111000,-1.041000
3225.001000,0.111000,-1.055000
3226.001000,0.112000,-1.057000
3227.001000,0.112000,-1.038000
3228.001000,0.113000,-1.038000
3229.001000,0.113000,-1.048000
3230.001000,0.112000,-1.054000
3231.001000,0.112000,-1.058000
3232.001000,0.113000,-1.059000
3233.001000,0.113000,-1.041000
3234.001000,0.114000,-1.017000
3235.001000,0.114000,-1.029000
3236.001000,0.114000,-1.018000
3237.001000,0.114000,-1.017000
3238.001000,0.115000,-1.015000
3239.001000,0.116000,-1.018000
3240.001000,0.116000,-1.012000
3241.001000,0.117000,-1.018000
3242.001000,0.118000,-1.016000
3243.001000,0.118000,-1.015000
3244.001000,0.119000,-1.019000
3245.001000,0.120000,-1.021000
3246.001000,0.121000,-1.026000
3247.001000,0.121000,-1.017000
3248.001000,0.121000,-1.017000
3249.001000,0.121000,-1.025000
3250.001000,0.121000,-1.020000
3251.001000,0.121000,-1.021000
3252.001000,0.122000,-1.016000
3253.001000,0.123000,-1.014000
3254.001000,0.123000,-1.013000
3255.001000,0.123000,-1.016000
3256.001000,0.123000,-1.020000
3257.001000,0.123000,-1.024000
3258.001000,0.123000,-1.017000
3259.001000,0.123000,-1.023000
3260.001000,0.124000,-1.014000
3261.001000,0.124000,-1.026000
3262.001000,0.123000,-1.024000
3263.001000,0.125000,-1.027000
3264.001000,0.125000,-1.022000
3265.001000,0.125000,-1.022000
3266.001000,0.125000,-1.025000
3267.001000,0.125000,-1.032000
3268.001000,0.125000,-1.041000
3269.001000,0.124000,-1.036000
3270.001000,0.124000,-1.039000
3271.001000,0.124000,-1.048000
3272.001000,0.124000,-1.045000
3273.001000,0.124000,-1.047000
3274.001000,0.124000,-1.047000
3275.001000,0.124000,-1.051000
3276.001000,0.124000,-1.048000
3277.001000,0.124000,-1.050000
3278.001000,0.124000,-1.042000
3279.001000,0.123000,-1.039000
3280.001000,0.123000,-1.035000
3281.001000,0.123000,-1.031000
3282.001000,0.123000,-1.031000
3283.001000,0.124000,-1.035000
3284.001000,0.125000,-1.036000
3285.001000,0.125000,-1.033000
3286.001000,0.126000,-1.030000
3287.001000,0.127000,-1.029000
3288.001000,0.128000,-1.028000
3289.001000,0.129000,-1.022000
3290.001000,0.129000,-1.025000
3291.001000,0.130000,-1.026000
3292.001000,0.132000,-1.024000
3293.001000,0.133000,-1.028000
3294.001000,0.134000,-1.025000
3295.001000,0.135000,-1.022000
3296.001000,0.134000,-1.020000
3297.001000,0.134000,-1.024000
3298.001000,0.135000,-1.028000
3299.001000,0.135000,-1.028000
3300.001000,0.134000,-1.022000
3301.001000,0.132000,-1.024000
3302.001000,0.132000,-1.028000
3303.001000,0.131000,-1.029000
3304.001000,0.131000,-1.033000
3305.001000,0.132000,-1.030000
3306.001000,0.132000,-1.031000
3307.001000,0.133000,-1.032000
3308.001000,0.133000,-1.035000
3309.001000,0.133000,-1.033000
3310.001000,0.134000,-1.034000
3311.001000,0.136000,-1.026000
3312.001000,0.136000,-1.024000
3313.001000,0.137000,-1.032000
3314.001000,0.137000,-1.028000
3315.001000,0.137000,-1.029000
3316.001000,0.137000,-1.030000
3317.001000,0.137000,-1.029000
3318.001000,0.137000,-1.031000
3319.001000,0.137000,-1.027000
3320.001000,0.138000,-1.027000
3321.001000,0.139000,-1.033000
3322.001000,0.139000,-1.025000
3323.001000,0.139000,-1.030000
3324.001000,0.140000,-1.031000
3325.001000,0.139000,-1.030000
3326.001000,0.138000,-1.018000
3327.001000,0.139000,-1.039000
3328.001000,0.139000,-1.029000
3329.001000,0.138000,-1.035000
3330.001000,0.138000,-1.028000
3331.001000,0.139000,-1.026000
3332.001000,0.139000,-1.023000
3333.001000,0.139000,-1.024000
3334.001000,0.140000,-1.024000
3335.001000,0.141000,-1.019000
3336.001000,0.141000,-1.023000
3337.001000,0.141000,-1.030000
3338.001000,0.141000,-1.020000
3339.001000,0.141000,-1.027000
3340.001000,0.141000,-1.031000
3341.001000,0.141000,-1.032000
3342.001000,0.141000,-1.032000
3343.001000,0.141000,-1.029000
3344.001000,0.142000,-1.032000
3345.001000,0.142000,-1.029000
3346.001000,0.142000,-1.032000
3347.001000,0.142000,-1.036000
3348.001000,0.143000,-1.037000
3349.001000,0.143000,-1.033000
3350.001000,0.143000,-1.031000
3351.001000,0.143000,-1.032000
3352.001000,0.143000,-1.030000
3353.001000,0.143000,-1.031000
3354.001000,0.143000,-1.033000
3355.001000,0.143000,-1.027000
3356.001000,0.143000,-1.027000
3357.001000,0.144000,-1.033000
3358.001000,0.144000,-1.036000
3359.001000,0.145000,-1.032000
3360.001000,0.145000,-1.040000
3361.001000,0.146000,-1.040000
3362.001000,0.146000,-1.034000
3363.001000,0.146000,-1.029000
3364.001000,0.147000,-1.032000
3365.001000,0.147000,-1.029000
3366.001000,0.147000,-1.029000
3367.001000,0.147000,-1.022000
3368.001000,0.147000,-1.033000
3369.001000,0.148000,-1.031000
3370.001000,0.148000,-1.029000
3371.001000,0.149000,-1.034000
3372.001000,0.149000,-1.033000
3373.001000,0.149000,-1.030000
3374.001000,0.150000,-1.027000
3375.001000,0.150000,-1.029000
3376.001000,0.150000,-1.030000
3377.001000,0.150000,-1.030000
3378.001000,0.151000,-1.036000
3379.001000,0.151000,-1.031000
3380.001000,0.152000,-1.036000
3381.001000,0.153000,-1.036000
3382.001000,0.154000,-1.034000
3383.001000,0.154000,-1.029000
3384.001000,0.154000,-1.034000
3385.001000,0.155000,-1.034000
3386.001000,0.156000,-1.027000
3387.001000,0.159000,-1.033000
3388.001000,0.160000,-1.047000
3389.001000,0.160000,-1.043000
3390.001000,0.161000,-1.033000
3391.001000,0.162000,-1.036000
3392.001000,0.162000,-1.039000
3393.001000,0.162000,-1.034000
3394.001000,0.162000,-1.033000
3395.001000,0.162000,-1.033000
3396.001000,0.162000,-1.040000
3397.001000,0.163000,-1.041000
3398.001000,0.163000,-1.042000
3399.001000,0.163000,-1.047000
3400.001000,0.163000,-1.045000
3401.001000,0.163000,-1.041000
3402.001000,0.164000,-1.035000
3403.001000,0.164000,-1.046000
3404.001000,0.164000,-1.039000
3405.001000,0.164000,-1.043000
3406.001000,0.164000,-1.043000
3407.001000,0.164000,-1.044000
3408.001000,0.165000,-1.041000
3409.001000,0.165000,-1.038000
3410.001000,0.165000,-1.046000
3411.001000,0.165000,-1.044000
3412.001000,0.165000,-1.048000
3413.001000,0.165000,-1.039000
3414.001000,0.166000,-1.045000
3415.001000,0.166000,-1.044000
3416.001000,0.166000,-1.043000
3417.001000,0.165000,-1.042000
3418.001000,0.165000,-1.037000
3419.001000,0.166000,-1.038000
3420.001000,0.166000,-1.042000
3421.001000,0.166000,-1.037000
3422.001000,0.166000,-1.037000
3423.001000,0.166000,-1.034000
3424.001000,0.166000,-1.043000
3425.001000,0.167000,-1.044000
3426.001000,0.167000,-1.044000
3427.001000,0.168000,-1.041000
3428.001000,0.168000,-1.046000
3429.001000,0.168000,-1.046000
3430.001000,0.169000,-1.048000
3431.001000,0.170000,-1.040000
3432.001000,0.170000,-1.040000
3433.001000,0.170000,-1.044000
3434.001000,0.170000,-1.039000
3435.001000,0.171000,-1.040000
3436.001000,0.171000,-1.037000
3437.001000,0.172000,-1.032000
3438.001000,0.171000,-1.039000
3439.001000,0.171000,-1.036000
3440.001000,0.171000,-1.045000
3441.001000,0.172000,-1.047000
3442.001000,0.172000,-1.043000
3443.001000,0.172000,-1.037000
3444.001000,0.172000,-1.042000
3445.001000,0.173000,-1.044000
3446.001000,0.173000,-1.041000
3447.001000,0.174000,-1.038000
3448.001000,0.174000,-1.039000
3449.001000,0.175000,-1.045000
3450.001000,0.176000,-1.036000
3451.001000,0.176000,-1.038000
3452.001000,0.176000,-1.035000
3453.001000,0.177000,-1.042000
3454.001000,0.177000,-1.043000
3455.001000,0.178000,-1.037000
3456.001000,0.178000,-1.039000
3457.001000,0.178000,-1.033000
3458.001000,0.178000,-1.037000
3459.001000,0.179000,-1.033000
3460.001000,0.180000,-1.035000
3461.001000,0.182000,-1.042000
3462.001000,0.183000,-1.044000
3463.001000,0.184000,-1.047000
3464.001000,0.184000,-1.042000
3465.001000,0.185000,-1.039000
3466.001000,0.185000,-1.045000
3467.001000,0.186000,-1.042000
3468.001000,0.186000,-1.050000
3469.001000,0.187000,-1.044000
3470.001000,0.188000,-1.041000
3471.001000,0.188000,-1.043000
3472.001000,0.187000,-1.039000
3473.001000,0.188000,-1.046000
3474.001000,0.188000,-1.050000
3475.001000,0.187000,-1.050000
3476.001000,0.187000,-1.050000
3477.001000,0.187000,-1.049000
3478.001000,0.187000,-1.043000
3479.001000,0.187000,-1.032000
3480.001000,0.187000,-1.036000
3481.001000,0.187000,-1.043000
3482.001000,0.187000,-1.039000
3483.001000,0.187000,-1.042000
3484.001000,0.187000,-1.047000
3485.001000,0.188000,-1.044000
3486.001000,0.188000,-1.039000
3487.001000,0.188000,-1.046000
3488.001000,0.188000,-1.052000
3489.001000,0.189000,-1.049000
3490.001000,0.189000,-1.058000
3491.001000,0.190000,-1.052000
3492.001000,0.189000,-1.048000
3493.001000,0.189000,-1.043000
3494.001000,0.190000,-1.044000
3495.001000,0.190000,-1.042000
3496.001000,0.191000,-1.039000
3497.001000,0.192000,-1.034000
3498.001000,0.192000,-1.040000
3499.001000,0.192000,-1.040000
3500.001000,0.193000,-1.040000
3501.001000,0.193000,-1.041000
3502.001000,0.193000,-1.047000
3503.001000,0.193000,-1.050000
3504.001000,0.194000,-1.051000
3505.001000,0.195000,-1.047000
3506.001000,0.195000,-1.046000
3507.001000,0.196000,-1.047000
3508.001000,0.196000,-1.049000
3509.001000,0.196000,-1.037000
3510.001000,0.197000,-1.050000
3511.001000,0.197000,-1.043000
3512.001000,0.199000,-1.042000
3513.001000,0.199000,-1.041000
3514.001000,0.199000,-1.040000
3515.001000,0.200000,-1.038000
3516.001000,0.201000,-1.040000
3517.001000,0.202000,-1.040000
3518.001000,0.202000,-1.036000
3519.001000,0.203000,-1.039000
3520.001000,0.203000,-1.044000
3521.001000,0.204000,-1.039000
3522.001000,0.204000,-1.033000
3523.001000,0.205000,-1.041000
3524.001000,0.205000,-1.040000
3525.001000,0.206000,-1.041000
3526.001000,0.206000,-1.042000
3527.001000,0.206000,-1.045000
3528.001000,0.206000,-1.044000
3529.001000,0.206000,-1.036000
3530.001000,0.206000,-1.037000
3531.001000,0.207000,-1.034000
3532.001000,0.207000,-1.033000
3533.001000,0.207000,-1.042000
3534.001000,0.207000,-1.047000
3535.001000,0.208000,-1.044000
3536.001000,0.208000,-1.048000
3537.001000,0.209000,-1.043000
3538.001000,0.208000,-1.049000
3539.001000,0.209000,-1.049000
3540.001000,0.210000,-1.044000
3541.001000,0.210000,-1.049000
3542.001000,0.210000,-1.044000
3543.001000,0.209000,-1.047000
3544.001000,0.210000,-1.052000
3545.001000,0.210000,-1.050000
3546.001000,0.210000,-1.047000
3547.001000,0.210000,-1.049000
3548.001000,0.210000,-1.042000
3549.001000,0.211000,-1.043000
3550.001000,0.212000,-1.035000
3551.001000,0.211000,-1.028000
3552.001000,0.212000,-1.037000
3553.001000,0.213000,-1.036000
3554.001000,0.213000,-1.032000
3555.001000,0.214000,-1.044000
3556.001000,0.214000,-1.040000
3557.001000,0.215000,-1.048000
3558.001000,0.215000,-1.037000
3559.001000,0.215000,-1.046000
3560.001000,0.214000,-1.046000
3561.001000,0.215000,-1.034000
3562.001000,0.215000,-1.038000
3563.001000,0.216000,-1.034000
3564.001000,0.216000,-1.041000
3565.001000,0.216000,-1.040000
3566.001000,0.218000,-1.033000
3567.001000,0.217000,-1.047000
3568.001000,0.218000,-1.045000
3569.001000,0.218000,-1.042000
3570.001000,0.218000,-1.043000
3571.001000,0.219000,-1.048000
3572.001000,0.219000,-1.050000
3573.001000,0.219000,-1.042000
3574.001000,0.219000,-1.038000
3575.001000,0.220000,-1.040000
3576.001000,0.220000,-1.038000
3577.001000,0.220000,-1.039000
3578.001000,0.221000,-1.037000
3579.001000,0.221000,-1.045000
3580.001000,0.222000,-1.034000
3581.001000,0.222000,-1.033000
3582.001000,0.223000,-1.032000
3583.001000,0.224000,-1.034000
3584.001000,0.224000,-1.035000
3585.001000,0.224000,-1.036000
3586.001000,0.225000,-1.042000
3587.001000,0.225000,-1.030000
3588.001000,0.225000,-1.033000
3589.001000,0.226000,-1.031000
3590.001000,0.226000,-1.024000
3591.001000,0.226000,-1.027000
3592.001000,0.226000,-1.024000
3593.001000,0.227000,-1.030000
3594.001000,0.227000,-1.030000
3595.001000,0.227000,-1.025000
3596.001000,0.227000,-1.038000
3597.001000,0.228000,-1.022000
3598.001000,0.228000,-1.035000
3599.001000,0.228000,-1.032000
3600.001000,0.229000,-1.037000
3601.001000,0.230000,-1.029000
3602.001000,0.231000,-1.032000
3603.001000,0.231000,-1.036000
3604.001000,0.231000,-1.033000
3605.001000,0.232000,-1.035000
3606.001000,0.233000,-1.033000
3607.001000,0.233000,-1.039000
3608.001000,0.233000,-1.038000
3609.001000,0.233000,-1.035000
3610.001000,0.234000,-1.035000
3611.001000,0.234000,-1.033000
3612.001000,0.234000,-1.037000
3613.001000,0.235000,-1.036000
3614.001000,0.235000,-1.036000
3615.001000,0.235000,-1.044000
3616.001000,0.235000,-1.036000
3617.001000,0.235000,-1.035000
3618.001000,0.236000,-1.037000
3619.001000,0.235000,-1.032000
3620.001000,0.235000,-1.032000
3621.001000,0.236000,-1.031000
3622.001000,0.236000,-1.031000
3623.001000,0.237000,-1.037000
3624.001000,0.237000,-1.034000
3625.001000,0.238000,-1.035000
3626.001000,0.238000,-1.038000
3627.001000,0.238000,-1.038000
3628.001000,0.239000,-1.036000
3629.001000,0.239000,-1.033000
3630.001000,0.239000,-1.043000
3631.001000,0.239000,-1.033000
3632.001000,0.239000,-1.032000
3633.001000,0.239000,-1.031000
3634.001000,0.239000,-1.029000
3635.001000,0.239000,-1.035000
3636.001000,0.239000,-1.028000
3637.001000,0.239000,-1.029000
3638.001000,0.239000,-1.034000
3639.001000,0.240000,-1.029000
3640.001000,0.240000,-1.037000
3641.001000,0.241000,-1.042000
3642.001000,0.242000,-1.038000
3643.001000,0.242000,-1.043000
3644.001000,0.243000,-1.030000
3645.001000,0.243000,-1.035000
3646.001000,0.243000,-1.038000
3647.001000,0.243000,-1.040000
3648.001000,0.244000,-1.046000
3649.001000,0.244000,-1.039000
3650.001000,0.244000,-1.040000
3651.001000,0.244000,-1.038000
3652.001000,0.245000,-1.035000
3653.001000,0.245000,-1.038000
3654.001000,0.245000,-1.046000
3655.001000,0.245000,-1.042000
3656.001000,0.246000,-1.049000
3657.001000,0.246000,-1.037000
3658.001000,0.246000,-1.031000
3659.001000,0.247000,-1.030000
3660.001000,0.247000,-1.030000
3661.001000,0.247000,-1.037000
3662.001000,0.247000,-1.044000
3663.001000,0.247000,-1.037000
3664.001000,0.246000,-1.036000
3665.001000,0.246000,-1.043000
3666.001000,0.247000,-1.039000
3667.001000,0.247000,-1.041000
3668.001000,0.249000,-1.044000
3669.001000,0.249000,-1.039000
3670.001000,0.249000,-1.041000
3671.001000,0.249000,-1.036000
3672.001000,0.250000,-1.026000
3673.001000,0.250000,-1.032000
3674.001000,0.250000,-1.037000
3675.001000,0.249000,-1.037000
3676.001000,0.249000,-1.030000
3677.001000,0.250000,-1.029000
3678.001000,0.250000,-1.028000
3679.001000,0.250000,-1.033000
3680.001000,0.250000,-1.032000
3681.001000,0.250000,-1.045000
3682.001000,0.250000,-1.043000
3683.001000,0.251000,-1.040000
3684.001000,0.251000,-1.041000
3685.001000,0.251000,-1.031000
3686.001000,0.251000,-1.036000
3687.001000,0.252000,-1.029000
3688.001000,0.252000,-1.035000
3689.001000,0.252000,-1.019000
3690.001000,0.252000,-1.036000
3691.001000,0.253000,-1.035000
3692.001000,0.254000,-1.029000
3693.001000,0.254000,-1.026000
3694.001000,0.255000,-1.038000
3695.001000,0.256000,-1.032000
3696.001000,0.256000,-1.035000
3697.001000,0.256000,-1.037000
3698.001000,0.256000,-1.042000
3699.001000,0.257000,-1.031000
3700.001000,0.257000,-1.029000
3701.001000,0.257000,-1.029000
3702.001000,0.257000,-1.031000
3703.001000,0.258000,-1.034000
3704.001000,0.258000,-1.030000
3705.001000,0.258000,-1.022000
3706.001000,0.259000,-1.020000
3707.001000,0.260000,-1.038000
3708.001000,0.260000,-1.031000
3709.001000,0.261000,-1.027000
3710.001000,0.261000,-1.027000
3711.001000,0.261000,-1.030000
3712.001000,0.262000,-1.027000
3713.001000,0.263000,-1.032000
3714.001000,0.263000,-1.033000
3715.001000,0.264000,-1.028000
3716.001000,0.264000,-1.033000
3717.001000,0.265000,-1.033000
3718.001000,0.266000,-1.042000
3719.001000,0.267000,-1.038000
3720.001000,0.266000,-1.032000
3721.001000,0.267000,-1.032000
3722.001000,0.267000,-1.032000
3723.001000,0.267000,-1.026000
3724.001000,0.267000,-1.034000
3725.001000,0.267000,-1.035000
3726.001000,0.267000,-1.037000
3727.001000,0.268000,-1.034000
3728.001000,0.268000,-1.033000
3729.001000,0.268000,-1.032000
3730.001000,0.268000,-1.025000
3731.001000,0.270000,-1.031000
3732.001000,0.272000,-1.022000
3733.001000,0.273000,-1.026000
3734.001000,0.275000,-1.012000
3735.001000,0.276000,-1.017000
3736.001000,0.277000,-1.022000
3737.001000,0.278000,-1.023000
3738.001000,0.277000,-1.021000
3739.001000,0.277000,-1.017000
3740.001000,0.277000,-1.023000
3741.001000,0.277000,-1.031000
3742.001000,0.276000,-1.029000
3743.001000,0.276000,-1.028000
3744.001000,0.277000,-1.023000
3745.001000,0.277000,-1.031000
3746.001000,0.277000,-1.014000
3747.001000,0.277000,-1.022000
3748.001000,0.277000,-1.019000
3749.001000,0.277000,-1.021000
3750.001000,0.277000,-1.020000
3751.001000,0.276000,-1.022000
3752.001000,0.277000,-1.016000
3753.001000,0.277000,-1.011000
3754.001000,0.278000,-1.015000
3755.001000,0.278000,-1.013000
3756.001000,0.278000,-1.014000
3757.001000,0.278000,-1.010000
3758.001000,0.278000,-1.019000
3759.001000,0.279000,-1.021000
3760.001000,0.279000,-1.023000
3761.001000,0.279000,-1.017000
3762.001000,0.279000,-1.022000
3763.001000,0.280000,-1.022000
3764.001000,0.281000,-1.023000
3765.001000,0.281000,-1.014000
3766.001000,0.280000,-1.031000
3767.001000,0.280000,-1.033000
3768.001000,0.281000,-1.025000
3769.001000,0.281000,-1.027000
3770.001000,0.281000,-1.035000
3771.001000,0.281000,-1.028000
3772.001000,0.282000,-1.025000
3773.001000,0.282000,-1.024000
3774.001000,0.281000,-1.033000
3775.001000,0.282000,-1.022000
3776.001000,0.282000,-1.031000
3777.001000,0.283000,-1.024000
3778.001000,0.283000,-1.027000
3779.001000,0.283000,-1.027000
3780.001000,0.283000,-1.034000
3781.001000,0.283000,-1.035000
3782.001000,0.283000,-1.034000
3783.001000,0.283000,-1.034000
3784.001000,0.283000,-1.034000
3785.001000,0.283000,-1.030000
3786.001000,0.283000,-1.050000
3787.001000,0.284000,-1.045000
3788.001000,0.284000,-1.038000
3789.001000,0.285000,-1.045000
3790.001000,0.285000,-1.043000
3791.001000,0.285000,-1.037000
3792.001000,0.285000,-1.030000
3793.001000,0.285000,-1.043000
3794.001000,0.285000,-1.039000
3795.001000,0.285000,-1.034000
3796.001000,0.285000,-1.038000
3797.001000,0.286000,-1.036000
3798.001000,0.286000,-1.030000
3799.001000,0.286000,-1.029000
3800.001000,0.287000,-1.029000
3801.001000,0.288000,-1.028000
3802.001000,0.289000,-1.028000
3803.001000,0.290000,-1.024000
3804.001000,0.290000,-1.019000
3805.001000,0.291000,-1.017000
3806.001000,0.291000,-1.030000
3807.001000,0.291000,-1.029000
3808.001000,0.291000,-1.029000
3809.001000,0.291000,-1.034000
3810.001000,0.291000,-1.031000
3811.001000,0.291000,-1.031000
3812.001000,0.291000,-1.027000
3813.001000,0.292000,-1.025000
3814.001000,0.292000,-1.027000
3815.001000,0.292000,-1.034000
3816.001000,0.292000,-1.033000
3817.001000,0.292000,-1.025000
3818.001000,0.292000,-1.028000
3819.001000,0.292000,-1.029000
3820.001000,0.292000,-1.028000
3821.001000,0.293000,-1.020000
3822.001000,0.293000,-1.024000
3823.001000,0.293000,-1.024000
3824.001000,0.294000,-1.025000
3825.001000,0.294000,-1.021000
3826.001000,0.294000,-1.022000
3827.001000,0.294000,-1.023000
3828.001000,0.294000,-1.020000
3829.001000,0.294000,-1.021000
3830.001000,0.294000,-1.013000
3831.001000,0.294000,-1.019000
3832.001000,0.295000,-1.011000
3833.001000,0.296000,-1.018000
3834.001000,0.298000,-1.025000
3835.001000,0.298000,-1.020000
3836.001000,0.300000,-1.012000
3837.001000,0.301000,-1.015000
3838.001000,0.302000,-1.011000
3839.001000,0.304000,-1.012000
3840.001000,0.304000,-1.009000
3841.001000,0.306000,-1.021000
3842.001000,0.306000,-1.017000
3843.001000,0.307000,-1.027000
3844.001000,0.307000,-1.021000
3845.001000,0.309000,-1.023000
3846.001000,0.311000,-1.020000
3847.001000,0.312000,-1.026000
3848.001000,0.313000,-1.023000
3849.001000,0.313000,-1.021000
3850.001000,0.313000,-1.020000
3851.001000,0.313000,-1.009000
3852.001000,0.312000,-1.021000
3853.001000,0.312000,-1.025000
3854.001000,0.313000,-1.016000
3855.001000,0.314000,-1.019000
3856.001000,0.316000,-1.022000
3857.001000,0.318000,-1.015000
3858.001000,0.318000,-1.003000
3859.001000,0.319000,-1.008000
3860.001000,0.319000,-1.006000
3861.001000,0.319000,-1.008000
3862.001000,0.320000,-1.011000
3863.001000,0.320000,-1.001000
3864.001000,0.320000,-1.018000
3865.001000,0.321000,-1.005000
3866.001000,0.320000,-1.016000
3867.001000,0.320000,-1.015000
3868.001000,0.321000,-1.015000
3869.001000,0.321000,-1.021000
3870.001000,0.322000,-1.018000
3871.001000,0.323000,-1.015000
3872.001000,0.323000,-1.018000
3873.001000,0.323000,-1.013000
3874.001000,0.324000,-1.013000
3875.001000,0.324000,-1.011000
3876.001000,0.324000,-1.013000
3877.001000,0.324000,-1.017000
3878.001000,0.324000,-0.991000
3879.001000,0.324000,-0.984000
3880.001000,0.324000,-0.984000
3881.001000,0.323000,-0.970000
3882.001000,0.323000,-0.970000
3883.001000,0.322000,-0.972000
3884.001000,0.323000,-0.967000
3885.001000,0.322000,-0.965000
3886.001000,0.323000,-0.965000
3887.001000,0.323000,-0.973000
3888.001000,0.323000,-0.976000
3889.001000,0.322000,-0.997000
3890.001000,0.323000,-0.983000
3891.001000,0.323000,-0.988000
3892.001000,0.323000,-1.008000
3893.001000,0.323000,-1.007000
3894.001000,0.322000,-1.004000
3895.001000,0.322000,-1.005000
3896.001000,0.322000,-0.998000
3897.001000,0.323000,-1.005000
3898.001000,0.323000,-0.999000
3899.001000,0.324000,-0.997000
3900.001000,0.323000,-0.988000
3901.001000,0.324000,-0.993000
3902.001000,0.326000,-0.997000
3903.001000,0.327000,-1.001000
3904.001000,0.327000,-0.994000
3905.001000,0.327000,-0.986000
3906.001000,0.327000,-0.981000
3907.001000,0.328000,-0.990000
3908.001000,0.327000,-0.973000
3909.001000,0.328000,-0.984000
3910.001000,0.329000,-0.975000
3911.001000,0.329000,-0.986000
3912.001000,0.330000,-0.981000
3913.001000,0.330000,-0.994000
3914.001000,0.330000,-0.986000
3915.001000,0.331000,-0.984000
3916.001000,0.331000,-0.988000
3917.001000,0.331000,-0.988000
3918.001000,0.332000,-0.994000
3919.001000,0.331000,-0.972000
3920.001000,0.331000,-0.985000
3921.001000,0.331000,-0.966000
3922.001000,0.331000,-0.995000
3923.001000,0.331000,-0.973000
3924.001000,0.332000,-0.976000
3925.001000,0.332000,-0.965000
3926.001000,0.332000,-0.972000
3927.001000,0.332000,-0.968000
3928.001000,0.332000,-0.965000
3929.001000,0.332000,-0.971000
3930.001000,0.332000,-0.972000
3931.001000,0.333000,-0.975000
3932.001000,0.333000,-0.964000
3933.001000,0.333000,-0.976000
3934.001000,0.333000,-0.974000
3935.001000,0.333000,-0.968000
3936.001000,0.334000,-0.971000
3937.001000,0.334000,-0.975000
3938.001000,0.334000,-0.966000
3939.001000,0.334000,-0.975000
3940.001000,0.335000,-0.975000
3941.001000,0.334000,-0.971000
3942.001000,0.334000,-0.980000
3943.001000,0.335000,-0.971000
3944.001000,0.335000,-0.966000
3945.001000,0.335000,-0.972000
3946.001000,0.335000,-0.973000
3947.001000,0.336000,-0.971000
3948.001000,0.336000,-0.977000
3949.001000,0.337000,-0.969000
3950.001000,0.337000,-0.967000
3951.001000,0.338000,-0.965000
3952.001000,0.338000,-0.972000
3953.001000,0.338000,-0.973000
3954.001000,0.338000,-0.976000
3955.001000,0.338000,-0.976000
3956.001000,0.339000,-0.984000
3957.001000,0.339000,-0.969000
3958.001000,0.339000,-0.977000
3959.001000,0.339000,-0.984000
3960.001000,0.339000,-0.977000
3961.001000,0.339000,-0.977000
3962.001000,0.340000,-0.983000
3963.001000,0.340000,-0.978000
3964.001000,0.340000,-0.975000
3965.001000,0.341000,-0.975000
3966.001000,0.341000,-0.970000
3967.001000,0.341000,-0.967000
3968.001000,0.341000,-0.974000
3969.001000,0.341000,-0.974000
3970.001000,0.342000,-0.966000
3971.001000,0.342000,-0.986000
3972.001000,0.342000,-0.976000
3973.001000,0.343000,-0.993000
3974.001000,0.343000,-0.990000
3975.001000,0.345000,-0.975000
3976.001000,0.346000,-0.993000
3977.001000,0.346000,-0.998000
3978.001000,0.347000,-0.999000
3979.001000,0.347000,-1.001000
3980.001000,0.348000,-0.990000
3981.001000,0.350000,-1.019000
3982.001000,0.353000,-1.006000
3983.001000,0.354000,-1.006000
3984.001000,0.355000,-1.011000
3985.001000,0.356000,-1.009000
3986.001000,0.356000,-1.006000
3987.001000,0.356000,-1.007000
3988.001000,0.356000,-0.985000
3989.001000,0.356000,-0.986000
3990.001000,0.356000,-1.001000
3991.001000,0.356000,-1.000000
3992.001000,0.356000,-0.993000
3993.001000,0.356000,-0.979000
3994.001000,0.356000,-1.008000
3995.001000,0.356000,-0.990000
3996.001000,0.356000,-0.994000
3997.001000,0.357000,-1.005000
3998.001000,0.357000,-0.987000
3999.001000,0.358000,-0.989000
4000.001000,0.358000,-0.971000
4001.001000,0.358000,-0.970000
4002.001000,0.358000,-0.985000
4003.001000,0.358000,-0.972000
4004.001000,0.358000,-0.976000
4005.001000,0.359000,-0.976000
4006.001000,0.361000,-0.982000
4007.001000,0.362000,-0.988000
4008.001000,0.363000,-0.957000
4009.001000,0.363000,-0.997000
4010.001000,0.364000,-0.970000
4011.001000,0.363000,-0.978000
4012.001000,0.364000,-0.985000
4013.001000,0.364000,-0.983000
4014.001000,0.365000,-1.002000
4015.001000,0.365000,-0.994000
4016.001000,0.365000,-0.990000
4017.001000,0.365000,-0.996000
4018.001000,0.366000,-1.001000
4019.001000,0.366000,-0.999000
4020.001000,0.367000,-0.988000
4021.001000,0.367000,-0.988000
4022.001000,0.368000,-0.993000
4023.001000,0.369000,-0.997000
4024.001000,0.370000,-0.996000
4025.001000,0.370000,-0.994000
4026.001000,0.371000,-1.004000
4027.001000,0.371000,-0.999000
4028.001000,0.371000,-0.977000
4029.001000,0.371000,-0.985000
4030.001000,0.371000,-0.983000
4031.001000,0.372000,-0.994000
4032.001000,0.372000,-0.980000
4033.001000,0.372000,-0.966000
4034.001000,0.371000,-0.972000
4035.001000,0.369000,-0.977000
4036.001000,0.368000,-0.974000
4037.001000,0.368000,-0.963000
4038.001000,0.368000,-0.961000
4039.001000,0.368000,-0.964000
4040.001000,0.368000,-0.966000
4041.001000,0.368000,-0.957000
4042.001000,0.368000,-0.960000
4043.001000,0.368000,-0.957000
4044.001000,0.368000,-0.956000
4045.001000,0.368000,-0.965000
4046.001000,0.368000,-0.968000
4047.001000,0.368000,-0.974000
4048.001000,0.368000,-0.980000
4049.001000,0.369000,-0.977000
4050.001000,0.369000,-0.973000
4051.001000,0.369000,-0.960000
4052.001000,0.369000,-0.974000
4053.001000,0.369000,-0.965000
4054.001000,0.370000,-0.983000
4055.001000,0.370000,-0.982000
4056.001000,0.372000,-0.976000
4057.001000,0.372000,-0.982000
4058.001000,0.372000,-0.974000
4059.001000,0.372000,-0.957000
4060.001000,0.372000,-0.963000
4061.001000,0.373000,-0.985000
4062.001000,0.375000,-0.980000
4063.001000,0.376000,-0.982000
4064.001000,0.376000,-0.994000
4065.001000,0.376000,-0.975000
4066.001000,0.377000,-0.984000
4067.001000,0.377000,-0.970000
4068.001000,0.377000,-0.984000
4069.001000,0.378000,-0.967000
4070.001000,0.378000,-0.985000
4071.001000,0.378000,-0.957000
4072.001000,0.378000,-0.978000
4073.001000,0.378000,-0.964000
4074.001000,0.379000,-0.951000
4075.001000,0.379000,-0.958000
4076.001000,0.379000,-0.960000
4077.001000,0.380000,-0.959000
4078.001000,0.380000,-0.954000
4079.001000,0.380000,-0.955000
4080.001000,0.380000,-0.955000
4081.001000,0.381000,-0.963000
4082.001000,0.381000,-0.959000
4083.001000,0.381000,-0.957000
4084.001000,0.381000,-0.964000
4085.001000,0.382000,-0.979000
4086.001000,0.382000,-0.974000
4087.001000,0.383000,-0.940000
4088.001000,0.383000,-0.946000
4089.001000,0.383000,-0.970000
4090.001000,0.382000,-0.964000
4091.001000,0.383000,-0.974000
4092.001000,0.385000,-0.956000
4093.001000,0.386000,-0.974000
4094.001000,0.387000,-0.959000
4095.001000,0.387000,-0.952000
4096.001000,0.387000,-0.956000
4097.001000,0.388000,-0.967000
4098.001000,0.388000,-0.979000
4099.001000,0.389000,-0.979000
4100.001000,0.389000,-0.986000
4101.001000,0.389000,-0.984000
4102.001000,0.390000,-0.975000
4103.001000,0.392000,-0.961000
4104.001000,0.392000,-0.977000
4105.001000,0.393000,-0.963000
4106.001000,0.393000,-0.963000
4107.001000,0.394000,-0.957000
4108.001000,0.394000,-0.951000
4109.001000,0.394000,-0.947000
4110.001000,0.394000,-0.950000
4111.001000,0.394000,-0.958000
4112.001000,0.394000,-0.951000
4113.001000,0.394000,-0.951000
4114.001000,0.393000,-0.952000
4115.001000,0.391000,-0.959000
4116.001000,0.391000,-0.957000
4117.001000,0.391000,-0.949000
4118.001000,0.391000,-0.953000
4119.001000,0.391000,-0.956000
4120.001000,0.391000,-0.953000
4121.001000,0.391000,-0.951000
4122.001000,0.392000,-0.949000
4123.001000,0.391000,-0.949000
4124.001000,0.392000,-0.948000
4125.001000,0.392000,-0.941000
4126.001000,0.392000,-0.956000
4127.001000,0.392000,-0.948000
4128.001000,0.391000,-0.951000
4129.001000,0.391000,-0.944000
4130.001000,0.391000,-0.946000
4131.001000,0.391000,-0.949000
4132.001000,0.391000,-0.960000
4133.001000,0.392000,-0.947000
4134.001000,0.392000,-0.952000
4135.001000,0.392000,-0.951000
4136.001000,0.392000,-0.951000
4137.001000,0.391000,-0.948000
4138.001000,0.391000,-0.947000
4139.001000,0.392000,-0.948000
4140.001000,0.392000,-0.955000
4141.001000,0.392000,-0.954000
4142.001000,0.393000,-0.957000
4143.001000,0.393000,-0.959000
4144.001000,0.393000,-0.967000
4145.001000,0.393000,-0.959000
4146.001000,0.394000,-0.957000
4147.001000,0.394000,-0.955000
4148.001000,0.394000,-0.947000
4149.001000,0.395000,-0.960000
4150.001000,0.395000,-0.950000
4151.001000,0.395000,-0.948000
4152.001000,0.394000,-0.948000
4153.001000,0.394000,-0.959000
4154.001000,0.394000,-0.947000
4155.001000,0.394000,-0.954000
4156.001000,0.395000,-0.956000
4157.001000,0.394000,-0.954000
4158.001000,0.393000,-0.953000
4159.001000,0.394000,-0.956000
4160.001000,0.395000,-0.953000
4161.001000,0.395000,-0.955000
4162.001000,0.395000,-0.955000
4163.001000,0.396000,-0.958000
4164.001000,0.396000,-0.956000
4165.001000,0.397000,-0.958000
4166.001000,0.397000,-0.959000
4167.001000,0.396000,-0.957000
4168.001000,0.396000,-0.951000
4169.001000,0.397000,-0.954000
4170.001000,0.397000,-0.950000
4171.001000,0.397000,-0.966000
4172.001000,0.398000,-0.955000
4173.001000,0.398000,-0.961000
4174.001000,0.398000,-0.959000
4175.001000,0.399000,-0.953000
4176.001000,0.398000,-0.964000
4177.001000,0.398000,-0.963000
4178.001000,0.398000,-0.955000
4179.001000,0.398000,-0.956000
4180.001000,0.399000,-0.953000
4181.001000,0.399000,-0.955000
4182.001000,0.399000,-0.952000
4183.001000,0.399000,-0.957000
4184.001000,0.399000,-0.953000
4185.001000,0.400000,-0.941000
4186.001000,0.401000,-0.946000
4187.001000,0.402000,-0.946000
4188.001000,0.403000,-0.959000
4189.001000,0.404000,-0.969000
4190.001000,0.405000,-0.970000
4191.001000,0.406000,-0.968000
4192.001000,0.407000,-0.984000
4193.001000,0.408000,-0.981000
4194.001000,0.408000,-0.982000
4195.001000,0.409000,-0.984000
4196.001000,0.409000,-0.970000
4197.001000,0.409000,-0.975000
4198.001000,0.410000,-0.972000
4199.001000,0.411000,-0.994000
4200.001000,0.411000,-0.987000
4201.001000,0.410000,-0.992000
4202.001000,0.409000,-1.000000
4203.001000,0.409000,-0.993000
4204.001000,0.409000,-1.003000
4205.001000,0.408000,-0.992000
4206.001000,0.408000,-0.990000
4207.001000,0.408000,-1.000000
4208.001000,0.408000,-1.002000
4209.001000,0.408000,-0.998000
4210.001000,0.407000,-1.006000
4211.001000,0.408000,-1.004000
4212.001000,0.408000,-0.998000
4213.001000,0.407000,-1.009000
4214.001000,0.407000,-1.004000
4215.001000,0.407000,-1.002000
4216.001000,0.407000,-1.002000
4217.001000,0.408000,-0.999000
4218.001000,0.408000,-0.992000
4219.001000,0.408000,-0.987000
4220.001000,0.407000,-0.997000
4221.001000,0.407000,-0.995000
4222.001000,0.407000,-0.994000
4223.001000,0.408000,-0.984000
4224.001000,0.408000,-0.989000
4225.001000,0.408000,-0.990000
4226.001000,0.408000,-0.992000
4227.001000,0.408000,-0.987000
4228.001000,0.408000,-0.995000
4229.001000,0.408000,-0.989000
4230.001000,0.409000,-0.993000
4231.001000,0.409000,-0.999000
4232.001000,0.409000,-0.994000
4233.001000,0.410000,-0.991000
4234.001000,0.410000,-0.989000
4235.001000,0.410000,-0.988000
4236.001000,0.411000,-0.992000
4237.001000,0.410000,-0.992000
4238.001000,0.410000,-0.992000
4239.001000,0.410000,-0.989000
4240.001000,0.411000,-0.995000
4241.001000,0.411000,-0.981000
4242.001000,0.412000,-0.984000
4243.001000,0.412000,-0.981000
4244.001000,0.412000,-0.979000
4245.001000,0.412000,-0.977000
4246.001000,0.413000,-0.977000
4247.001000,0.413000,-0.980000
4248.001000,0.413000,-0.976000
4249.001000,0.414000,-0.977000
4250.001000,0.413000,-0.979000
4251.001000,0.414000,-0.976000
4252.001000,0.414000,-0.979000
4253.001000,0.413000,-0.976000
4254.001000,0.414000,-0.983000
4255.001000,0.414000,-0.975000
4256.001000,0.413000,-0.969000
4257.001000,0.413000,-0.974000
4258.001000,0.413000,-0.978000
4259.001000,0.413000,-0.977000
4260.001000,0.414000,-0.981000
4261.001000,0.414000,-0.981000
4262.001000,0.415000,-0.985000
4263.001000,0.415000,-0.989000
4264.001000,0.414000,-0.982000
4265.001000,0.415000,-0.981000
4266.001000,0.416000,-0.975000
4267.001000,0.416000,-0.974000
4268.001000,0.416000,-0.973000
4269.001000,0.416000,-0.972000
4270.001000,0.416000,-0.974000
4271.001000,0.417000,-0.978000
4272.001000,0.417000,-0.974000
4273.001000,0.417000,-0.977000
4274.001000,0.417000,-0.978000
4275.001000,0.418000,-0.970000
4276.001000,0.418000,-0.976000
4277.001000,0.418000,-0.971000
4278.001000,0.418000,-0.969000
4279.001000,0.418000,-0.972000
4280.001000,0.418000,-0.969000
4281.001000,0.418000,-0.967000
4282.001000,0.419000,-0.972000
4283.001000,0.419000,-0.978000
4284.001000,0.419000,-0.975000
4285.001000,0.419000,-0.972000
4286.001000,0.419000,-0.970000
4287.001000,0.418000,-0.968000
4288.001000,0.419000,-0.974000
4289.001000,0.419000,-0.974000
4290.001000,0.419000,-0.971000
4291.001000,0.418000,-0.970000
4292.001000,0.419000,-0.970000
4293.001000,0.419000,-0.970000
4294.001000,0.419000,-0.968000
4295.001000,0.420000,-0.968000
4296.001000,0.420000,-0.965000
4297.001000,0.420000,-0.966000
4298.001000,0.420000,-0.971000
4299.001000,0.421000,-0.971000
4300.001000,0.421000,-0.968000
4301.001000,0.421000,-0.971000
4302.001000,0.421000,-0.972000
4303.001000,0.422000,-0.973000
4304.001000,0.422000,-0.969000
4305.001000,0.423000,-0.958000
4306.001000,0.423000,-0.960000
4307.001000,0.423000,-0.965000
4308.001000,0.423000,-0.962000
4309.001000,0.424000,-0.955000
4310.001000,0.425000,-0.962000
4311.001000,0.426000,-0.953000
4312.001000,0.429000,-0.956000
4313.001000,0.431000,-0.955000
4314.001000,0.435000,-0.953000
4315.001000,0.438000,-0.947000
4316.001000,0.439000,-0.952000
4317.001000,0.441000,-0.948000
4318.001000,0.443000,-0.949000
4319.001000,0.444000,-0.950000
4320.001000,0.445000,-0.943000
4321.001000,0.445000,-0.939000
4322.001000,0.446000,-0.939000
4323.001000,0.446000,-0.945000
4324.001000,0.446000,-0.933000
4325.001000,0.447000,-0.937000
4326.001000,0.448000,-0.940000
4327.001000,0.448000,-0.943000
4328.001000,0.449000,-0.939000
4329.001000,0.449000,-0.943000
4330.001000,0.450000,-0.932000
4331.001000,0.450000,-0.945000
4332.001000,0.450000,-0.943000
4333.001000,0.451000,-0.939000
4334.001000,0.451000,-0.942000
4335.001000,0.451000,-0.941000
4336.001000,0.450000,-0.945000
4337.001000,0.451000,-0.939000
4338.001000,0.451000,-0.941000
4339.001000,0.452000,-0.945000
4340.001000,0.452000,-0.943000
4341.001000,0.452000,-0.950000
4342.001000,0.452000,-0.936000
4343.001000,0.451000,-0.943000
4344.001000,0.452000,-0.937000
4345.001000,0.452000,-0.940000
4346.001000,0.452000,-0.939000
4347.001000,0.451000,-0.939000
4348.001000,0.451000,-0.942000
4349.001000,0.451000,-0.932000
4350.001000,0.451000,-0.938000
4351.001000,0.451000,-0.935000
4352.001000,0.451000,-0.989000
4353.001000,0.449000,-0.964000
4354.001000,0.447000,-0.968000
4355.001000,0.447000,-0.957000
4356.001000,0.448000,-0.962000
4357.001000,0.448000,-0.967000
4358.001000,0.448000,-0.964000
4359.001000,0.446000,-0.961000
4360.001000,0.446000,-0.956000
4361.001000,0.446000,-0.962000
4362.001000,0.445000,-0.962000
4363.001000,0.445000,-0.967000
4364.001000,0.445000,-0.974000
4365.001000,0.445000,-0.975000
4366.001000,0.445000,-0.978000
4367.001000,0.445000,-0.972000
4368.001000,0.445000,-0.961000
4369.001000,0.445000,-0.974000
4370.001000,0.445000,-0.976000
4371.001000,0.445000,-0.970000
4372.001000,0.445000,-0.975000
4373.001000,0.445000,-0.976000
4374.001000,0.445000,-0.970000
4375.001000,0.445000,-0.976000
4376.001000,0.445000,-0.981000
4377.001000,0.445000,-0.973000
4378.001000,0.445000,-0.978000
4379.001000,0.446000,-0.984000
4380.001000,0.446000,-0.969000
4381.001000,0.446000,-0.960000
4382.001000,0.446000,-0.972000
4383.001000,0.446000,-0.948000
4384.001000,0.449000,-0.942000
4385.001000,0.450000,-0.952000
4386.001000,0.451000,-0.936000
4387.001000,0.450000,-0.943000
4388.001000,0.448000,-0.959000
4389.001000,0.447000,-0.980000
4390.001000,0.447000,-0.961000
4391.001000,0.448000,-0.935000
4392.001000,0.449000,-0.941000
4393.001000,0.450000,-0.940000
4394.001000,0.450000,-0.934000
4395.001000,0.450000,-0.936000
4396.001000,0.449000,-0.941000
4397.001000,0.451000,-0.941000
4398.001000,0.451000,-0.934000
4399.001000,0.451000,-0.934000
4400.001000,0.452000,-0.937000
4401.001000,0.452000,-0.934000
4402.001000,0.453000,-0.937000
4403.001000,0.452000,-0.939000
4404.001000,0.452000,-0.938000
4405.001000,0.453000,-0.940000
4406.001000,0.453000,-0.964000
4407.001000,0.453000,-0.974000
4408.001000,0.453000,-0.968000
4409.001000,0.451000,-0.978000
4410.001000,0.449000,-0.967000
4411.001000,0.449000,-0.949000
4412.001000,0.448000,-0.977000
4413.001000,0.448000,-0.961000
4414.001000,0.448000,-1.025000
4415.001000,0.447000,-1.028000
4416.001000,0.447000,-1.003000
4417.001000,0.448000,-1.000000
4418.001000,0.449000,-0.998000
4419.001000,0.450000,-0.998000
4420.001000,0.451000,-0.995000
4421.001000,0.450000,-0.991000
4422.001000,0.451000,-0.989000
4423.001000,0.452000,-0.991000
4424.001000,0.453000,-0.989000
4425.001000,0.454000,-0.996000
4426.001000,0.454000,-0.997000
4427.001000,0.454000,-0.993000
4428.001000,0.454000,-0.994000
4429.001000,0.453000,-0.997000
4430.001000,0.452000,-1.000000
4431.001000,0.452000,-0.993000
4432.001000,0.452000,-0.986000
4433.001000,0.452000,-0.988000
4434.001000,0.451000,-0.999000
4435.001000,0.450000,-1.002000
4436.001000,0.450000,-1.002000
4437.001000,0.450000,-1.000000
4438.001000,0.450000,-0.985000
4439.001000,0.450000,-0.986000
4440.001000,0.450000,-0.984000
4441.001000,0.450000,-0.995000
4442.001000,0.451000,-1.022000
4443.001000,0.451000,-1.045000
4444.001000,0.451000,-1.028000
4445.001000,0.451000,-1.028000
4446.001000,0.451000,-1.029000
4447.001000,0.451000,-1.024000
4448.001000,0.452000,-1.021000
4449.001000,0.455000,-1.036000
4450.001000,0.456000,-1.045000
4451.001000,0.458000,-1.033000
4452.001000,0.458000,-1.030000
4453.001000,0.457000,-1.030000
4454.001000,0.457000,-1.025000
4455.001000,0.457000,-1.029000
4456.001000,0.456000,-1.040000
4457.001000,0.456000,-1.036000
4458.001000,0.456000,-1.036000
4459.001000,0.454000,-1.045000
4460.001000,0.454000,-1.043000
4461.001000,0.454000,-1.043000
4462.001000,0.454000,-1.039000
4463.001000,0.454000,-1.050000
4464.001000,0.454000,-1.030000
4465.001000,0.452000,-1.012000
4466.001000,0.452000,-1.018000
4467.001000,0.452000,-1.021000
4468.001000,0.452000,-1.015000
4469.001000,0.452000,-1.019000
4470.001000,0.452000,-1.025000
4471.001000,0.454000,-1.026000
4472.001000,0.455000,-1.032000
4473.001000,0.456000,-1.028000
4474.001000,0.456000,-1.026000
4475.001000,0.458000,-1.031000
4476.001000,0.458000,-1.028000
4477.001000,0.460000,-1.026000
4478.001000,0.460000,-1.026000
4479.001000,0.461000,-1.031000
4480.001000,0.461000,-1.029000
4481.001000,0.461000,-1.021000
4482.001000,0.462000,-1.031000
4483.001000,0.463000,-1.033000
4484.001000,0.463000,-1.041000
4485.001000,0.464000,-1.034000
4486.001000,0.464000,-1.030000
4487.001000,0.465000,-1.030000
4488.001000,0.465000,-1.036000
4489.001000,0.466000,-1.034000
4490.001000,0.466000,-1.035000
4491.001000,0.466000,-1.030000
4492.001000,0.467000,-1.034000
4493.001000,0.466000,-1.030000
4494.001000,0.467000,-1.031000
4495.001000,0.468000,-1.031000
4496.001000,0.468000,-1.027000
4497.001000,0.469000,-1.035000
4498.001000,0.469000,-1.026000
4499.001000,0.469000,-1.031000
4500.001000,0.469000,-1.031000
4501.001000,0.468000,-1.041000
4502.001000,0.468000,-1.033000
4503.001000,0.468000,-1.036000
4504.001000,0.468000,-1.026000
4505.001000,0.468000,-1.016000
4506.001000,0.468000,-1.018000
4507.001000,0.467000,-1.002000
4508.001000,0.467000,-1.012000
4509.001000,0.466000,-1.021000
4510.001000,0.466000,-1.019000
4511.001000,0.466000,-1.019000
4512.001000,0.466000,-1.027000
4513.001000,0.467000,-1.012000
4514.001000,0.467000,-1.012000
4515.001000,0.467000,-1.002000
4516.001000,0.467000,-1.006000
4517.001000,0.467000,-1.025000
4518.001000,0.467000,-1.002000
4519.001000,0.467000,-1.014000
4520.001000,0.466000,-1.035000
4521.001000,0.466000,-1.035000
4522.001000,0.466000,-1.024000
4523.001000,0.466000,-1.011000
4524.001000,0.465000,-1.013000
4525.001000,0.465000,-0.989000
4526.001000,0.465000,-0.991000
4527.001000,0.467000,-0.985000
4528.001000,0.467000,-0.979000
4529.001000,0.468000,-0.981000
4530.001000,0.469000,-0.979000
4531.001000,0.470000,-0.990000
4532.001000,0.471000,-0.987000
4533.001000,0.471000,-0.989000
4534.001000,0.472000,-0.996000
4535.001000,0.472000,-0.989000
4536.001000,0.472000,-0.987000
4537.001000,0.473000,-0.987000
4538.001000,0.474000,-0.988000
4539.001000,0.474000,-0.992000
4540.001000,0.475000,-0.992000
4541.001000,0.475000,-0.995000
4542.001000,0.475000,-0.989000
4543.001000,0.476000,-0.988000
4544.001000,0.476000,-0.978000
4545.001000,0.476000,-0.992000
4546.001000,0.476000,-0.994000
4547.001000,0.476000,-0.992000
4548.001000,0.476000,-0.996000
4549.001000,0.477000,-0.996000
4550.001000,0.476000,-0.991000
4551.001000,0.476000,-0.997000
4552.001000,0.477000,-0.995000
4553.001000,0.477000,-0.997000
4554.001000,0.477000,-0.992000
4555.001000,0.478000,-0.990000
4556.001000,0.479000,-0.993000
4557.001000,0.479000,-0.991000
4558.001000,0.480000,-0.993000
4559.001000,0.479000,-0.996000
4560.001000,0.480000,-0.996000
4561.001000,0.480000,-0.998000
4562.001000,0.481000,-0.995000
4563.001000,0.481000,-0.994000
4564.001000,0.481000,-0.997000
4565.001000,0.481000,-0.996000
4566.001000,0.482000,-0.994000
4567.001000,0.482000,-0.996000
4568.001000,0.484000,-0.990000
4569.001000,0.485000,-0.989000
4570.001000,0.486000,-0.990000
4571.001000,0.486000,-0.999000
4572.001000,0.486000,-0.997000
4573.001000,0.487000,-0.995000
4574.001000,0.487000,-0.991000
4575.001000,0.488000,-0.988000
4576.001000,0.489000,-0.992000
4577.001000,0.489000,-0.988000
4578.001000,0.489000,-0.996000
4579.001000,0.489000,-0.999000
4580.001000,0.489000,-0.996000
4581.001000,0.490000,-1.000000
4582.001000,0.491000,-0.999000
4583.001000,0.491000,-1.001000
4584.001000,0.492000,-1.004000
4585.001000,0.492000,-1.008000
4586.001000,0.492000,-0.996000
4587.001000,0.492000,-0.999000
4588.001000,0.492000,-0.999000
4589.001000,0.493000,-1.000000
4590.001000,0.493000,-0.997000
4591.001000,0.493000,-0.998000
4592.001000,0.493000,-0.991000
4593.001000,0.493000,-0.984000
4594.001000,0.493000,-0.980000
4595.001000,0.493000,-0.988000
4596.001000,0.493000,-0.991000
4597.001000,0.493000,-0.993000
4598.001000,0.492000,-0.989000
4599.001000,0.492000,-0.992000
4600.001000,0.492000,-0.992000
4601.001000,0.491000,-0.994000
4602.001000,0.491000,-0.983000
4603.001000,0.491000,-0.987000
4604.001000,0.491000,-0.988000
4605.001000,0.490000,-0.989000
4606.001000,0.490000,-0.991000
4607.001000,0.489000,-0.992000
4608.001000,0.489000,-0.997000
4609.001000,0.489000,-0.998000
4610.001000,0.489000,-1.003000
4611.001000,0.489000,-1.008000
4612.001000,0.489000,-1.000000
4613.001000,0.489000,-1.002000
4614.001000,0.489000,-1.007000
4615.001000,0.489000,-1.007000
4616.001000,0.490000,-1.013000
4617.001000,0.490000,-1.014000
4618.001000,0.490000,-1.014000
4619.001000,0.490000,-1.017000
4620.001000,0.490000,-1.020000
4621.001000,0.490000,-1.020000
4622.001000,0.490000,-1.020000
4623.001000,0.491000,-1.019000
4624.001000,0.493000,-1.024000
4625.001000,0.495000,-1.025000
4626.001000,0.496000,-1.022000
4627.001000,0.497000,-1.021000
4628.001000,0.498000,-1.025000
4629.001000,0.499000,-1.021000
4630.001000,0.499000,-1.019000
4631.001000,0.500000,-1.011000
4632.001000,0.501000,-1.009000
4633.001000,0.501000,-1.016000
4634.001000,0.501000,-1.024000
4635.001000,0.502000,-1.024000
4636.001000,0.502000,-1.023000
4637.001000,0.502000,-1.005000
4638.001000,0.502000,-0.996000
4639.001000,0.502000,-1.008000
4640.001000,0.503000,-0.989000
4641.001000,0.503000,-0.995000
4642.001000,0.502000,-0.997000
4643.001000,0.503000,-0.994000
4644.001000,0.503000,-0.994000
4645.001000,0.504000,-0.996000
4646.001000,0.504000,-0.985000
4647.001000,0.504000,-0.983000
4648.001000,0.504000,-0.988000
4649.001000,0.505000,-0.984000
4650.001000,0.505000,-0.986000
4651.001000,0.505000,-0.985000
4652.001000,0.506000,-0.980000
4653.001000,0.507000,-0.978000
4654.001000,0.508000,-0.979000
4655.001000,0.509000,-0.986000
4656.001000,0.509000,-0.983000
4657.001000,0.510000,-0.986000
4658.001000,0.510000,-0.989000
4659.001000,0.510000,-0.997000
4660.001000,0.511000,-0.993000
4661.001000,0.512000,-0.995000
4662.001000,0.512000,-0.994000
4663.001000,0.512000,-0.990000
4664.001000,0.512000,-0.992000
4665.001000,0.512000,-0.991000
4666.001000,0.512000,-0.997000
4667.001000,0.513000,-0.997000
4668.001000,0.514000,-0.997000
4669.001000,0.514000,-0.992000
4670.001000,0.514000,-0.988000
4671.001000,0.514000,-0.993000
4672.001000,0.513000,-0.993000
4673.001000,0.513000,-0.993000
4674.001000,0.513000,-0.986000
4675.001000,0.514000,-0.991000
4676.001000,0.514000,-0.997000
4677.001000,0.515000,-0.995000
4678.001000,0.515000,-0.991000
4679.001000,0.516000,-0.995000
4680.001000,0.516000,-0.997000
4681.001000,0.516000,-1.003000
4682.001000,0.516000,-1.001000
4683.001000,0.516000,-0.999000
4684.001000,0.516000,-0.997000
4685.001000,0.516000,-0.998000
4686.001000,0.516000,-0.998000
4687.001000,0.517000,-0.999000
4688.001000,0.517000,-0.993000
4689.001000,0.518000,-0.998000
4690.001000,0.518000,-1.002000
4691.001000,0.518000,-0.993000
4692.001000,0.518000,-1.001000
4693.001000,0.518000,-1.005000
4694.001000,0.518000,-1.007000
4695.001000,0.518000,-0.996000
4696.001000,0.519000,-0.999000
4697.001000,0.518000,-0.995000
4698.001000,0.518000,-0.998000
4699.001000,0.517000,-1.002000
4700.001000,0.517000,-0.999000
4701.001000,0.516000,-0.994000
4702.001000,0.517000,-0.995000
4703.001000,0.516000,-1.000000
4704.001000,0.515000,-0.997000
4705.001000,0.514000,-1.008000
4706.001000,0.514000,-0.997000
4707.001000,0.515000,-0.998000
4708.001000,0.514000,-0.992000
4709.001000,0.514000,-0.992000
4710.001000,0.512000,-0.995000
4711.001000,0.512000,-0.998000
4712.001000,0.512000,-0.999000
4713.001000,0.512000,-0.997000
4714.001000,0.511000,-1.008000
4715.001000,0.512000,-1.001000
4716.001000,0.513000,-0.999000
4717.001000,0.513000,-0.996000
4718.001000,0.513000,-0.999000
4719.001000,0.513000,-1.014000
4720.001000,0.513000,-1.006000
4721.001000,0.513000,-1.004000
4722.001000,0.514000,-1.000000
4723.001000,0.513000,-0.998000
4724.001000,0.513000,-1.009000
4725.001000,0.513000,-1.005000
4726.001000,0.514000,-0.996000
4727.001000,0.514000,-0.996000
4728.001000,0.514000,-1.001000
4729.001000,0.514000,-0.997000
4730.001000,0.515000,-1.003000
4731.001000,0.514000,-0.999000
4732.001000,0.515000,-1.006000
4733.001000,0.515000,-1.004000
4734.001000,0.515000,-1.007000
4735.001000,0.514000,-1.003000
4736.001000,0.515000,-1.000000
4737.001000,0.515000,-1.000000
4738.001000,0.515000,-1.004000
4739.001000,0.516000,-1.007000
4740.001000,0.516000,-1.004000
4741.001000,0.516000,-0.999000
4742.001000,0.516000,-1.002000
4743.001000,0.517000,-1.003000
4744.001000,0.517000,-1.008000
4745.001000,0.516000,-1.009000
4746.001000,0.516000,-0.998000
4747.001000,0.516000,-1.006000
4748.001000,0.517000,-1.007000
4749.001000,0.517000,-1.005000
4750.001000,0.518000,-1.004000
4751.001000,0.518000,-1.003000
4752.001000,0.518000,-1.002000
4753.001000,0.518000,-1.009000
4754.001000,0.519000,-1.000000
4755.001000,0.518000,-1.007000
4756.001000,0.519000,-1.014000
4757.001000,0.519000,-1.025000
4758.001000,0.519000,-1.010000
4759.001000,0.519000,-1.015000
4760.001000,0.520000,-1.014000
4761.001000,0.520000,-1.013000
4762.001000,0.520000,-1.008000
4763.001000,0.521000,-1.013000
4764.001000,0.520000,-1.006000
4765.001000,0.521000,-1.011000
4766.001000,0.521000,-1.013000
4767.001000,0.522000,-1.015000
4768.001000,0.522000,-1.020000
4769.001000,0.523000,-1.020000
4770.001000,0.523000,-1.014000
4771.001000,0.524000,-1.019000
4772.001000,0.524000,-1.028000
4773.001000,0.524000,-1.012000
4774.001000,0.524000,-1.029000
4775.001000,0.524000,-1.020000
4776.001000,0.524000,-1.018000
4777.001000,0.523000,-1.013000
4778.001000,0.524000,-1.021000
4779.001000,0.524000,-1.020000
4780.001000,0.524000,-1.017000
4781.001000,0.524000,-1.013000
4782.001000,0.525000,-1.025000
4783.001000,0.524000,-1.019000
4784.001000,0.524000,-1.025000
4785.001000,0.524000,-1.008000
4786.001000,0.524000,-1.006000
4787.001000,0.525000,-1.010000
4788.001000,0.525000,-1.010000
4789.001000,0.525000,-1.005000
4790.001000,0.525000,-1.011000
4791.001000,0.525000,-1.018000
4792.001000,0.524000,-1.015000
4793.001000,0.525000,-1.014000
4794.001000,0.525000,-1.011000
4795.001000,0.525000,-1.014000
4796.001000,0.525000,-1.020000
4797.001000,0.525000,-1.020000
4798.001000,0.525000,-1.012000
4799.001000,0.525000,-1.002000
4800.001000,0.526000,-1.008000
4801.001000,0.526000,-1.006000
4802.001000,0.526000,-1.005000
4803.001000,0.529000,-1.010000
4804.001000,0.530000,-1.008000
4805.001000,0.530000,-1.015000
4806.001000,0.531000,-1.012000
4807.001000,0.531000,-1.010000
4808.001000,0.531000,-1.009000
4809.001000,0.532000,-1.002000
4810.001000,0.533000,-1.005000
4811.001000,0.533000,-1.007000
4812.001000,0.534000,-1.012000
4813.001000,0.534000,-1.010000
4814.001000,0.533000,-1.020000
4815.001000,0.534000,-1.015000
4816.001000,0.534000,-1.018000
4817.001000,0.535000,-1.010000
4818.001000,0.536000,-1.010000
4819.001000,0.538000,-1.010000
4820.001000,0.539000,-1.009000
4821.001000,0.541000,-1.013000
4822.001000,0.542000,-1.008000
4823.001000,0.541000,-1.014000
4824.001000,0.542000,-1.013000
4825.001000,0.542000,-1.002000
4826.001000,0.542000,-1.008000
4827.001000,0.542000,-1.002000
4828.001000,0.543000,-1.009000
4829.001000,0.543000,-1.009000
4830.001000,0.544000,-1.007000
4831.001000,0.544000,-1.004000
4832.001000,0.544000,-0.993000
4833.001000,0.544000,-0.995000
4834.001000,0.544000,-0.980000
4835.001000,0.545000,-0.957000
4836.001000,0.545000,-0.962000
4837.001000,0.544000,-0.962000
4838.001000,0.544000,-0.968000
4839.001000,0.544000,-0.969000
4840.001000,0.544000,-0.970000
4841.001000,0.544000,-0.973000
4842.001000,0.546000,-0.973000
4843.001000,0.547000,-0.973000
4844.001000,0.548000,-0.966000
4845.001000,0.548000,-0.969000
4846.001000,0.549000,-0.972000
4847.001000,0.550000,-0.964000
4848.001000,0.551000,-0.976000
4849.001000,0.551000,-0.977000
4850.001000,0.551000,-0.989000
4851.001000,0.552000,-0.981000
4852.001000,0.552000,-0.988000
4853.001000,0.552000,-1.006000
4854.001000,0.552000,-0.989000
4855.001000,0.553000,-0.991000
4856.001000,0.553000,-0.986000
4857.001000,0.554000,-0.982000
4858.001000,0.553000,-0.995000
4859.001000,0.554000,-0.982000
4860.001000,0.553000,-1.006000
4861.001000,0.554000,-0.950000
4862.001000,0.554000,-0.959000
4863.001000,0.553000,-0.969000
4864.001000,0.554000,-0.966000
4865.001000,0.553000,-0.980000
4866.001000,0.553000,-0.983000
4867.001000,0.553000,-0.980000
4868.001000,0.553000,-0.999000
4869.001000,0.553000,-0.998000
4870.001000,0.553000,-0.987000
4871.001000,0.553000,-0.991000
4872.001000,0.554000,-0.999000
4873.001000,0.554000,-0.967000
4874.001000,0.554000,-0.974000
4875.001000,0.554000,-0.970000
4876.001000,0.554000,-0.971000
4877.001000,0.554000,-0.991000
4878.001000,0.554000,-0.993000
4879.001000,0.554000,-0.996000
4880.001000,0.554000,-1.008000
4881.001000,0.554000,-0.986000
4882.001000,0.554000,-0.984000
4883.001000,0.554000,-0.976000
4884.001000,0.554000,-0.969000
4885.001000,0.555000,-0.977000
4886.001000,0.556000,-0.979000
4887.001000,0.556000,-0.981000
4888.001000,0.556000,-0.971000
4889.001000,0.557000,-0.975000
4890.001000,0.557000,-0.977000
4891.001000,0.557000,-0.983000
4892.001000,0.556000,-0.970000
4893.001000,0.557000,-0.967000
4894.001000,0.557000,-0.997000
4895.001000,0.557000,-1.002000
4896.001000,0.558000,-0.980000
4897.001000,0.558000,-0.995000
4898.001000,0.558000,-0.998000
4899.001000,0.558000,-1.009000
4900.001000,0.558000,-1.013000
4901.001000,0.558000,-1.009000
4902.001000,0.558000,-0.993000
4903.001000,0.558000,-0.980000
4904.001000,0.558000,-0.985000
4905.001000,0.558000,-0.998000
4906.001000,0.558000,-1.010000
4907.001000,0.557000,-1.004000
4908.001000,0.557000,-1.012000
4909.001000,0.557000,-1.010000
4910.001000,0.557000,-1.008000
4911.001000,0.557000,-1.013000
4912.001000,0.557000,-1.016000
4913.001000,0.557000,-1.012000
4914.001000,0.557000,-1.005000
4915.001000,0.557000,-1.003000
4916.001000,0.557000,-0.998000
4917.001000,0.557000,-1.008000
4918.001000,0.557000,-1.009000
4919.001000,0.557000,-0.993000
4920.001000,0.557000,-0.988000
4921.001000,0.557000,-0.998000
4922.001000,0.557000,-0.994000
4923.001000,0.557000,-1.009000
4924.001000,0.557000,-1.001000
4925.001000,0.557000,-1.002000
4926.001000,0.558000,-0.996000
4927.001000,0.558000,-1.000000
4928.001000,0.557000,-0.996000
4929.001000,0.558000,-1.000000
4930.001000,0.558000,-0.998000
4931.001000,0.558000,-0.994000
4932.001000,0.558000,-0.998000
4933.001000,0.559000,-1.005000
4934.001000,0.560000,-1.000000
4935.001000,0.560000,-0.988000
4936.001000,0.559000,-0.982000
4937.001000,0.560000,-0.988000
4938.001000,0.560000,-0.993000
4939.001000,0.560000,-0.983000
4940.001000,0.560000,-0.987000
4941.001000,0.560000,-1.000000
4942.001000,0.560000,-0.993000
4943.001000,0.560000,-0.986000
4944.001000,0.560000,-1.002000
4945.001000,0.559000,-0.997000
4946.001000,0.559000,-1.002000
4947.001000,0.559000,-1.008000
4948.001000,0.558000,-1.001000
4949.001000,0.557000,-0.997000
4950.001000,0.557000,-1.002000
4951.001000,0.557000,-0.998000
4952.001000,0.557000,-1.000000
4953.001000,0.557000,-1.003000
4954.001000,0.557000,-1.003000
4955.001000,0.557000,-0.992000
4956.001000,0.557000,-1.007000
4957.001000,0.557000,-1.001000
4958.001000,0.556000,-1.004000
4959.001000,0.556000,-0.996000
4960.001000,0.556000,-0.998000
4961.001000,0.556000,-0.998000
4962.001000,0.556000,-0.992000
4963.001000,0.557000,-1.003000
4964.001000,0.557000,-0.995000
4965.001000,0.557000,-0.995000
4966.001000,0.557000,-1.002000
4967.001000,0.557000,-1.003000
4968.001000,0.558000,-0.997000
4969.001000,0.557000,-0.996000
4970.001000,0.558000,-1.000000
4971.001000,0.558000,-0.994000
4972.001000,0.558000,-0.993000
4973.001000,0.558000,-0.992000
4974.001000,0.558000,-0.993000
4975.001000,0.558000,-0.989000
4976.001000,0.558000,-0.997000
4977.001000,0.558000,-0.986000
4978.001000,0.558000,-0.997000
4979.001000,0.558000,-0.998000
4980.001000,0.558000,-0.995000
4981.001000,0.558000,-0.987000
4982.001000,0.558000,-0.985000
4983.001000,0.558000,-0.991000
4984.001000,0.558000,-0.981000
4985.001000,0.558000,-0.988000
4986.001000,0.558000,-0.994000
4987.001000,0.559000,-0.990000
4988.001000,0.559000,-0.985000
4989.001000,0.558000,-0.993000
4990.001000,0.558000,-0.998000
4991.001000,0.559000,-0.994000
4992.001000,0.559000,-0.996000
4993.001000,0.558000,-1.007000
4994.001000,0.558000,-1.002000
4995.001000,0.559000,-1.001000
4996.001000,0.560000,-0.996000
4997.001000,0.560000,-1.002000
4998.001000,0.561000,-0.997000
4999.001000,0.560000,-1.002000
5000.001000,0.560000,-0.975000
5001.001000,0.560000,-0.965000
5002.001000,0.561000,-0.966000
5003.001000,0.562000,-0.969000
5004.001000,0.563000,-0.964000
5005.001000,0.565000,-0.959000
5006.001000,0.566000,-0.970000
5007.001000,0.566000,-0.975000
5008.001000,0.567000,-0.961000
5009.001000,0.568000,-0.956000
5010.001000,0.568000,-0.954000
5011.001000,0.568000,-0.956000
5012.001000,0.568000,-0.957000
5013.001000,0.569000,-0.956000
5014.001000,0.569000,-0.958000
5015.001000,0.569000,-0.949000
5016.001000,0.569000,-0.957000
5017.001000,0.569000,-0.956000
5018.001000,0.569000,-0.958000
5019.001000,0.569000,-0.961000
5020.001000,0.569000,-0.955000
5021.001000,0.570000,-0.953000
5022.001000,0.571000,-0.954000
5023.001000,0.572000,-0.961000
5024.001000,0.573000,-0.956000
5025.001000,0.573000,-0.956000
5026.001000,0.573000,-0.959000
5027.001000,0.574000,-0.965000
5028.001000,0.574000,-0.977000
5029.001000,0.575000,-0.968000
5030.001000,0.575000,-0.974000
5031.001000,0.575000,-0.964000
5032.001000,0.576000,-0.963000
5033.001000,0.575000,-0.968000
5034.001000,0.575000,-0.974000
5035.001000,0.575000,-0.963000
5036.001000,0.575000,-0.969000
5037.001000,0.575000,-0.959000
5038.001000,0.576000,-0.969000
5039.001000,0.576000,-0.971000
5040.001000,0.576000,-0.961000
5041.001000,0.576000,-0.964000
5042.001000,0.577000,-0.974000
5043.001000,0.577000,-0.962000
5044.001000,0.577000,-0.962000
5045.001000,0.577000,-0.960000
5046.001000,0.577000,-0.967000
5047.001000,0.577000,-0.959000
5048.001000,0.578000,-0.964000
5049.001000,0.579000,-0.963000
5050.001000,0.579000,-0.969000
5051.001000,0.579000,-0.969000
5052.001000,0.580000,-0.989000
5053.001000,0.580000,-0.980000
5054.001000,0.580000,-0.991000
5055.001000,0.580000,-1.004000
5056.001000,0.580000,-0.979000
5057.001000,0.581000,-0.971000
5058.001000,0.580000,-0.987000
5059.001000,0.581000,-0.975000
5060.001000,0.582000,-0.996000
5061.001000,0.582000,-0.993000
5062.001000,0.582000,-1.012000
5063.001000,0.582000,-0.997000
5064.001000,0.582000,-0.997000
5065.001000,0.582000,-1.007000
5066.001000,0.581000,-1.000000
5067.001000,0.581000,-1.000000
5068.001000,0.581000,-1.011000
5069.001000,0.581000,-1.008000
5070.001000,0.581000,-1.008000
5071.001000,0.581000,-1.012000
5072.001000,0.580000,-1.010000
5073.001000,0.581000,-1.011000
5074.001000,0.580000,-1.016000
5075.001000,0.580000,-1.011000
5076.001000,0.580000,-1.010000
5077.001000,0.579000,-1.008000
5078.001000,0.579000,-1.008000
5079.001000,0.579000,-1.019000
5080.001000,0.579000,-1.019000
5081.001000,0.579000,-1.001000
5082.001000,0.578000,-1.009000
5083.001000,0.579000,-1.002000
5084.001000,0.579000,-1.006000
5085.001000,0.579000,-1.012000
5086.001000,0.580000,-1.012000
5087.001000,0.580000,-1.019000
5088.001000,0.580000,-1.015000
5089.001000,0.580000,-1.014000
5090.001000,0.579000,-1.010000
5091.001000,0.579000,-1.009000
5092.001000,0.579000,-1.007000
5093.001000,0.579000,-1.011000
5094.001000,0.579000,-1.007000
5095.001000,0.579000,-1.011000
5096.001000,0.580000,-1.006000
5097.001000,0.581000,-1.008000
5098.001000,0.580000,-1.009000
5099.001000,0.581000,-1.011000
5100.001000,0.580000,-1.009000
5101.001000,0.580000,-1.007000
5102.001000,0.580000,-1.008000
5103.001000,0.580000,-1.008000
5104.001000,0.580000,-1.009000
5105.001000,0.580000,-1.011000
5106.001000,0.580000,-1.010000
5107.001000,0.579000,-1.009000
5108.001000,0.579000,-1.010000
5109.001000,0.579000,-1.005000
5110.001000,0.579000,-1.004000
5111.001000,0.580000,-1.007000
5112.001000,0.580000,-1.002000
5113.001000,0.580000,-1.011000
5114.001000,0.580000,-1.002000
5115.001000,0.580000,-1.007000
5116.001000,0.580000,-1.001000
5117.001000,0.579000,-1.003000
5118.001000,0.580000,-1.007000
5119.001000,0.581000,-1.008000
5120.001000,0.581000,-1.011000
5121.001000,0.580000,-1.009000
5122.001000,0.581000,-1.000000
5123.001000,0.581000,-1.005000
5124.001000,0.581000,-1.015000
5125.001000,0.582000,-1.013000
5126.001000,0.582000,-1.009000
5127.001000,0.582000,-1.007000
5128.001000,0.582000,-1.012000
5129.001000,0.582000,-1.005000
5130.001000,0.581000,-1.010000
5131.001000,0.581000,-1.007000
5132.001000,0.581000,-1.008000
5133.001000,0.582000,-1.011000
5134.001000,0.582000,-1.014000
5135.001000,0.581000,-1.006000
5136.001000,0.581000,-1.013000
5137.001000,0.580000,-1.006000
5138.001000,0.580000,-1.009000
5139.001000,0.581000,-1.010000
5140.001000,0.581000,-1.007000
5141.001000,0.581000,-1.006000
5142.001000,0.581000,-1.017000
5143.001000,0.581000,-1.012000
5144.001000,0.581000,-1.009000
5145.001000,0.581000,-1.008000
5146.001000,0.581000,-1.004000
5147.001000,0.581000,-1.000000
5148.001000,0.581000,-1.006000
5149.001000,0.581000,-1.009000
5150.001000,0.581000,-1.010000
5151.001000,0.581000,-1.014000
5152.001000,0.580000,-1.013000
5153.001000,0.581000,-1.011000
5154.001000,0.581000,-1.005000
5155.001000,0.581000,-1.005000
5156.001000,0.581000,-1.008000
5157.001000,0.581000,-1.007000
5158.001000,0.581000,-1.004000
5159.001000,0.582000,-1.008000
5160.001000,0.581000,-1.009000
5161.001000,0.581000,-1.001000
5162.001000,0.582000,-0.998000
5163.001000,0.582000,-1.005000
5164.001000,0.582000,-0.998000
5165.001000,0.582000,-1.001000
5166.001000,0.582000,-1.001000
5167.001000,0.582000,-0.999000
5168.001000,0.582000,-1.001000
5169.001000,0.583000,-1.003000
5170.001000,0.583000,-1.002000
5171.001000,0.582000,-1.002000
5172.001000,0.583000,-1.002000
5173.001000,0.583000,-0.998000
5174.001000,0.584000,-1.006000
5175.001000,0.584000,-1.006000
5176.001000,0.583000,-1.008000
5177.001000,0.583000,-0.996000
5178.001000,0.584000,-0.999000
5179.001000,0.584000,-0.997000
5180.001000,0.583000,-0.997000
5181.001000,0.583000,-0.998000
5182.001000,0.583000,-0.990000
5183.001000,0.583000,-1.002000
5184.001000,0.583000,-1.003000
5185.001000,0.584000,-0.997000
5186.001000,0.584000,-1.001000
5187.001000,0.584000,-1.004000
5188.001000,0.584000,-0.997000
5189.001000,0.584000,-1.001000
5190.001000,0.584000,-1.006000
5191.001000,0.583000,-1.002000
5192.001000,0.584000,-1.003000
5193.001000,0.584000,-1.003000
5194.001000,0.584000,-1.003000
5195.001000,0.584000,-0.999000
5196.001000,0.584000,-0.998000
5197.001000,0.585000,-1.001000
5198.001000,0.585000,-1.003000
5199.001000,0.585000,-1.005000
5200.001000,0.585000,-1.001000
5201.001000,0.586000,-1.005000
5202.001000,0.586000,-0.997000
5203.001000,0.586000,-1.003000
5204.001000,0.587000,-1.001000
5205.001000,0.587000,-1.002000
5206.001000,0.587000,-0.999000
5207.001000,0.587000,-1.010000
5208.001000,0.587000,-1.003000
5209.001000,0.588000,-1.000000
5210.001000,0.587000,-0.996000
5211.001000,0.588000,-0.989000
5212.001000,0.588000,-0.985000
5213.001000,0.589000,-0.991000
5214.001000,0.589000,-0.988000
5215.001000,0.590000,-0.989000
5216.001000,0.590000,-0.987000
5217.001000,0.591000,-0.999000
5218.001000,0.591000,-1.000000
5219.001000,0.591000,-1.001000
5220.001000,0.592000,-1.009000
5221.001000,0.592000,-1.004000
5222.001000,0.592000,-1.004000
5223.001000,0.592000,-1.003000
5224.001000,0.593000,-1.001000
5225.001000,0.593000,-0.999000
5226.001000,0.593000,-1.000000
5227.001000,0.592000,-0.995000
5228.001000,0.592000,-0.999000
5229.001000,0.592000,-0.997000
5230.001000,0.592000,-0.999000
5231.001000,0.592000,-0.990000
5232.001000,0.592000,-0.999000
5233.001000,0.592000,-0.999000
5234.001000,0.592000,-1.002000
5235.001000,0.591000,-1.001000
5236.001000,0.591000,-1.000000
5237.001000,0.591000,-1.006000
5238.001000,0.591000,-1.007000
5239.001000,0.592000,-1.012000
5240.001000,0.593000,-1.004000
5241.001000,0.593000,-0.998000
5242.001000,0.593000,-1.005000
5243.001000,0.593000,-0.999000
5244.001000,0.593000,-1.002000
5245.001000,0.592000,-1.008000
5246.001000,0.592000,-1.001000
5247.001000,0.593000,-0.994000
5248.001000,0.593000,-1.002000
5249.001000,0.593000,-0.990000
5250.001000,0.593000,-0.999000
5251.001000,0.594000,-1.001000
5252.001000,0.594000,-0.998000
5253.001000,0.595000,-0.993000
5254.001000,0.595000,-0.988000
5255.001000,0.596000,-0.977000
5256.001000,0.597000,-0.986000
5257.001000,0.598000,-0.990000
5258.001000,0.598000,-0.991000
5259.001000,0.599000,-0.989000
5260.001000,0.600000,-0.973000
5261.001000,0.600000,-0.961000
5262.001000,0.600000,-0.976000
5263.001000,0.601000,-0.991000
5264.001000,0.602000,-0.987000
5265.001000,0.603000,-0.983000
5266.001000,0.604000,-0.980000
5267.001000,0.604000,-0.981000
5268.001000,0.604000,-0.978000
5269.001000,0.604000,-0.993000
5270.001000,0.605000,-0.988000
5271.001000,0.605000,-0.986000
5272.001000,0.605000,-0.985000
5273.001000,0.605000,-0.985000
5274.001000,0.605000,-0.983000
5275.001000,0.606000,-0.984000
5276.001000,0.605000,-0.975000
5277.001000,0.605000,-0.988000
5278.001000,0.605000,-0.990000
5279.001000,0.605000,-0.989000
5280.001000,0.605000,-0.985000
5281.001000,0.605000,-0.996000
5282.001000,0.605000,-0.992000
5283.001000,0.605000,-0.987000
5284.001000,0.606000,-0.993000
5285.001000,0.605000,-0.985000
5286.001000,0.605000,-0.991000
5287.001000,0.606000,-0.986000
5288.001000,0.606000,-0.988000
5289.001000,0.605000,-0.996000
5290.001000,0.606000,-0.994000
5291.001000,0.605000,-0.993000
5292.001000,0.606000,-0.995000
5293.001000,0.608000,-0.990000
5294.001000,0.609000,-0.997000
5295.001000,0.609000,-0.997000
5296.001000,0.610000,-0.985000
5297.001000,0.611000,-0.991000
5298.001000,0.611000,-0.989000
5299.001000,0.612000,-0.990000
5300.001000,0.612000,-0.985000
5301.001000,0.612000,-0.984000
5302.001000,0.612000,-0.980000
5303.001000,0.613000,-0.969000
5304.001000,0.613000,-0.973000
5305.001000,0.613000,-0.975000
5306.001000,0.612000,-0.985000
5307.001000,0.611000,-0.986000
5308.001000,0.611000,-0.984000
5309.001000,0.610000,-0.989000
5310.001000,0.610000,-0.981000
5311.001000,0.611000,-0.980000
5312.001000,0.611000,-0.977000
5313.001000,0.611000,-0.979000
5314.001000,0.612000,-0.984000
5315.001000,0.613000,-0.976000
5316.001000,0.613000,-0.987000
5317.001000,0.613000,-0.987000
5318.001000,0.614000,-0.987000
5319.001000,0.614000,-0.991000
5320.001000,0.613000,-0.984000
5321.001000,0.613000,-0.983000
5322.001000,0.612000,-0.989000
5323.001000,0.613000,-0.986000
5324.001000,0.614000,-0.979000
5325.001000,0.615000,-0.965000
5326.001000,0.615000,-0.946000
5327.001000,0.616000,-0.950000
5328.001000,0.615000,-0.945000
5329.001000,0.616000,-0.974000
5330.001000,0.615000,-0.953000
5331.001000,0.616000,-0.961000
5332.001000,0.616000,-0.958000
5333.001000,0.616000,-0.968000
5334.001000,0.617000,-0.961000
5335.001000,0.616000,-0.972000
5336.001000,0.616000,-0.995000
5337.001000,0.616000,-0.972000
5338.001000,0.616000,-0.950000
5339.001000,0.616000,-0.945000
5340.001000,0.616000,-0.948000
5341.001000,0.616000,-0.951000
5342.001000,0.616000,-0.944000
5343.001000,0.617000,-0.947000
5344.001000,0.617000,-0.948000
5345.001000,0.618000,-0.955000
5346.001000,0.619000,-0.965000
5347.001000,0.619000,-0.953000
5348.001000,0.619000,-0.953000
5349.001000,0.618000,-0.949000
5350.001000,0.618000,-0.939000
5351.001000,0.619000,-0.955000
5352.001000,0.619000,-0.941000
5353.001000,0.620000,-0.949000
5354.001000,0.620000,-0.955000
5355.001000,0.620000,-0.956000
5356.001000,0.621000,-0.958000
5357.001000,0.620000,-0.946000
5358.001000,0.620000,-0.944000
5359.001000,0.620000,-0.952000
5360.001000,0.620000,-0.946000
5361.001000,0.620000,-0.947000
5362.001000,0.620000,-0.944000
5363.001000,0.620000,-0.940000
5364.001000,0.621000,-0.941000
5365.001000,0.621000,-0.942000
5366.001000,0.619000,-0.945000
5367.001000,0.619000,-0.943000
5368.001000,0.620000,-0.938000
5369.001000,0.621000,-0.945000
5370.001000,0.622000,-0.943000
5371.001000,0.622000,-0.946000
5372.001000,0.622000,-0.942000
5373.001000,0.623000,-0.946000
5374.001000,0.624000,-0.955000
5375.001000,0.625000,-0.950000
5376.001000,0.626000,-0.945000
5377.001000,0.626000,-0.937000
5378.001000,0.627000,-0.939000
5379.001000,0.627000,-0.959000
5380.001000,0.627000,-0.947000
5381.001000,0.628000,-0.962000
5382.001000,0.628000,-0.958000
5383.001000,0.628000,-0.947000
5384.001000,0.629000,-0.959000
5385.001000,0.629000,-0.962000
5386.001000,0.630000,-0.963000
5387.001000,0.631000,-0.958000
5388.001000,0.631000,-0.964000
5389.001000,0.632000,-0.963000
5390.001000,0.632000,-0.976000
5391.001000,0.631000,-0.965000
5392.001000,0.631000,-0.960000
5393.001000,0.631000,-0.975000
5394.001000,0.631000,-0.973000
5395.001000,0.630000,-0.961000
5396.001000,0.632000,-0.956000
5397.001000,0.632000,-0.959000
5398.001000,0.634000,-0.964000
5399.001000,0.634000,-0.962000
5400.001000,0.635000,-0.953000
5401.001000,0.635000,-0.963000
5402.001000,0.635000,-0.949000
5403.001000,0.636000,-0.954000
5404.001000,0.636000,-0.937000
5405.001000,0.637000,-0.947000
5406.001000,0.637000,-0.944000
5407.001000,0.638000,-0.941000
5408.001000,0.638000,-0.934000
5409.001000,0.637000,-0.943000
5410.001000,0.637000,-0.942000
5411.001000,0.637000,-0.966000
5412.001000,0.637000,-0.956000
5413.001000,0.637000,-0.962000
5414.001000,0.637000,-0.960000
5415.001000,0.637000,-0.957000
5416.001000,0.637000,-0.961000
5417.001000,0.637000,-0.963000
5418.001000,0.638000,-0.956000
5419.001000,0.637000,-0.940000
5420.001000,0.637000,-0.945000
5421.001000,0.638000,-0.946000
5422.001000,0.638000,-0.946000
5423.001000,0.637000,-0.947000
5424.001000,0.638000,-0.938000
5425.001000,0.637000,-0.941000
5426.001000,0.637000,-0.937000
5427.001000,0.638000,-0.941000
5428.001000,0.638000,-0.937000
5429.001000,0.638000,-0.940000
5430.001000,0.639000,-0.943000
5431.001000,0.639000,-0.935000
5432.001000,0.639000,-0.938000
5433.001000,0.639000,-0.931000
5434.001000,0.639000,-0.942000
5435.001000,0.639000,-0.925000
5436.001000,0.640000,-0.931000
5437.001000,0.640000,-0.935000
5438.001000,0.639000,-0.945000
5439.001000,0.640000,-0.946000
5440.001000,0.640000,-0.965000
5441.001000,0.641000,-0.974000
5442.001000,0.641000,-0.978000
5443.001000,0.641000,-0.974000
5444.001000,0.641000,-0.976000
5445.001000,0.641000,-0.956000
5446.001000,0.641000,-0.955000
5447.001000,0.641000,-0.944000
5448.001000,0.642000,-0.939000
5449.001000,0.642000,-0.940000
5450.001000,0.642000,-0.934000
5451.001000,0.641000,-0.930000
5452.001000,0.642000,-0.935000
5453.001000,0.642000,-0.938000
5454.001000,0.643000,-0.941000
5455.001000,0.643000,-0.937000
5456.001000,0.643000,-0.934000
5457.001000,0.643000,-0.932000
5458.001000,0.643000,-0.943000
5459.001000,0.643000,-0.959000
5460.001000,0.643000,-0.962000
5461.001000,0.643000,-0.962000
5462.001000,0.643000,-0.947000
5463.001000,0.643000,-0.952000
5464.001000,0.643000,-0.959000
5465.001000,0.643000,-0.955000
5466.001000,0.643000,-0.956000
5467.001000,0.643000,-0.946000
5468.001000,0.643000,-0.935000
5469.001000,0.643000,-0.934000
5470.001000,0.644000,-0.931000
5471.001000,0.643000,-0.938000
5472.001000,0.643000,-0.940000
5473.001000,0.641000,-0.938000
5474.001000,0.640000,-0.935000
5475.001000,0.640000,-0.943000
5476.001000,0.640000,-0.939000
5477.001000,0.641000,-0.951000
5478.001000,0.642000,-0.961000
5479.001000,0.643000,-0.944000
5480.001000,0.644000,-0.954000
5481.001000,0.644000,-0.959000
5482.001000,0.644000,-0.947000
5483.001000,0.644000,-0.939000
5484.001000,0.644000,-0.943000
5485.001000,0.645000,-0.944000
5486.001000,0.645000,-0.958000
5487.001000,0.645000,-0.974000
5488.001000,0.646000,-0.967000
5489.001000,0.646000,-0.984000
5490.001000,0.646000,-0.972000
5491.001000,0.646000,-0.966000
5492.001000,0.646000,-0.982000
5493.001000,0.646000,-0.972000
5494.001000,0.645000,-0.978000
5495.001000,0.646000,-0.979000
5496.001000,0.646000,-0.974000
5497.001000,0.646000,-0.972000
5498.001000,0.646000,-0.977000
5499.001000,0.647000,-0.973000
5500.001000,0.647000,-0.974000
5501.001000,0.647000,-0.971000
5502.001000,0.647000,-0.970000
5503.001000,0.647000,-0.981000
5504.001000,0.648000,-0.978000
5505.001000,0.648000,-0.969000
5506.001000,0.648000,-0.961000
5507.001000,0.647000,-0.983000
5508.001000,0.647000,-0.979000
5509.001000,0.647000,-0.984000
5510.001000,0.647000,-0.978000
5511.001000,0.647000,-0.979000
5512.001000,0.646000,-0.955000
5513.001000,0.647000,-0.956000
5514.001000,0.647000,-0.970000
5515.001000,0.647000,-0.973000
5516.001000,0.647000,-0.986000
5517.001000,0.647000,-0.977000
5518.001000,0.647000,-0.976000
5519.001000,0.647000,-0.980000
5520.001000,0.646000,-0.947000
5521.001000,0.646000,-0.966000
5522.001000,0.646000,-0.965000
5523.001000,0.646000,-0.946000
5524.001000,0.646000,-0.952000
5525.001000,0.645000,-0.969000
5526.001000,0.646000,-0.951000
5527.001000,0.646000,-0.947000
5528.001000,0.645000,-0.953000
5529.001000,0.645000,-0.944000
5530.001000,0.645000,-0.942000
5531.001000,0.645000,-0.950000
5532.001000,0.645000,-0.944000
5533.001000,0.645000,-0.953000
5534.001000,0.645000,-0.949000
5535.001000,0.645000,-0.947000
5536.001000,0.644000,-0.949000
5537.001000,0.644000,-0.938000
5538.001000,0.644000,-0.942000
5539.001000,0.644000,-0.961000
5540.001000,0.645000,-0.950000
5541.001000,0.644000,-0.972000
5542.001000,0.646000,-0.975000
5543.001000,0.646000,-0.974000
5544.001000,0.646000,-0.972000
5545.001000,0.647000,-0.971000
5546.001000,0.647000,-0.971000
5547.001000,0.647000,-0.958000
5548.001000,0.647000,-0.968000
5549.001000,0.648000,-0.956000
5550.001000,0.649000,-0.957000
5551.001000,0.650000,-0.967000
5552.001000,0.650000,-0.966000
5553.001000,0.650000,-0.969000
5554.001000,0.650000,-0.974000
5555.001000,0.651000,-0.969000
5556.001000,0.651000,-0.971000
5557.001000,0.652000,-0.972000
5558.001000,0.652000,-0.967000
5559.001000,0.652000,-0.968000
5560.001000,0.652000,-0.962000
5561.001000,0.653000,-0.964000
5562.001000,0.653000,-0.964000
5563.001000,0.653000,-0.970000
5564.001000,0.653000,-0.972000
5565.001000,0.653000,-0.977000
5566.001000,0.653000,-0.964000
5567.001000,0.653000,-0.966000
5568.001000,0.653000,-0.966000
5569.001000,0.653000,-0.966000
5570.001000,0.653000,-0.964000
5571.001000,0.654000,-0.963000
5572.001000,0.654000,-0.967000
5573.001000,0.654000,-0.973000
5574.001000,0.654000,-0.974000
5575.001000,0.654000,-0.988000
5576.001000,0.654000,-0.985000
5577.001000,0.654000,-0.985000
5578.001000,0.654000,-0.983000
5579.001000,0.654000,-0.974000
5580.001000,0.654000,-0.972000
5581.001000,0.655000,-0.975000
5582.001000,0.654000,-0.974000
5583.001000,0.654000,-0.973000
5584.001000,0.655000,-0.974000
5585.001000,0.655000,-0.973000
5586.001000,0.655000,-0.983000
5587.001000,0.655000,-0.977000
5588.001000,0.655000,-0.977000
5589.001000,0.654000,-0.983000
5590.001000,0.654000,-0.975000
5591.001000,0.654000,-0.986000
5592.001000,0.653000,-0.979000
5593.001000,0.653000,-0.977000
5594.001000,0.652000,-0.978000
5595.001000,0.651000,-0.983000
5596.001000,0.652000,-0.974000
5597.001000,0.652000,-0.979000
5598.001000,0.652000,-0.978000
5599.001000,0.652000,-0.977000
5600.001000,0.652000,-0.982000
5601.001000,0.652000,-0.982000
5602.001000,0.652000,-0.977000
5603.001000,0.652000,-0.972000
5604.001000,0.652000,-0.973000
5605.001000,0.653000,-0.971000
5606.001000,0.652000,-0.976000
5607.001000,0.652000,-0.973000
5608.001000,0.651000,-0.966000
5609.001000,0.651000,-0.976000
5610.001000,0.650000,-0.977000
5611.001000,0.651000,-0.976000
5612.001000,0.650000,-0.969000
5613.001000,0.650000,-0.966000
5614.001000,0.651000,-0.967000
5615.001000,0.651000,-0.966000
5616.001000,0.651000,-0.965000
5617.001000,0.651000,-0.974000
5618.001000,0.651000,-0.974000
5619.001000,0.651000,-0.970000
5620.001000,0.651000,-0.973000
5621.001000,0.651000,-0.973000
5622.001000,0.651000,-0.968000
5623.001000,0.652000,-0.971000
5624.001000,0.652000,-0.966000
5625.001000,0.652000,-0.971000
5626.001000,0.652000,-0.971000
5627.001000,0.652000,-0.972000
5628.001000,0.651000,-0.969000
5629.001000,0.652000,-0.965000
5630.001000,0.651000,-0.966000
5631.001000,0.651000,-0.966000
5632.001000,0.651000,-0.971000
5633.001000,0.652000,-0.967000
5634.001000,0.652000,-0.968000
5635.001000,0.652000,-0.971000
5636.001000,0.652000,-0.971000
5637.001000,0.652000,-0.973000
5638.001000,0.652000,-0.976000
5639.001000,0.652000,-0.971000
5640.001000,0.652000,-0.967000
5641.001000,0.651000,-0.964000
5642.001000,0.652000,-0.964000
5643.001000,0.651000,-0.964000
5644.001000,0.652000,-0.959000
5645.001000,0.652000,-0.959000
5646.001000,0.652000,-0.964000
5647.001000,0.652000,-0.961000
5648.001000,0.652000,-0.972000
5649.001000,0.652000,-0.968000
5650.001000,0.653000,-0.967000
5651.001000,0.653000,-0.971000
5652.001000,0.653000,-0.970000
5653.001000,0.653000,-0.965000
5654.001000,0.653000,-0.967000
5655.001000,0.654000,-0.966000
5656.001000,0.654000,-0.958000
5657.001000,0.654000,-0.957000
5658.001000,0.655000,-0.957000
5659.001000,0.655000,-0.954000
5660.001000,0.655000,-0.950000
5661.001000,0.655000,-0.946000
5662.001000,0.655000,-0.952000
5663.001000,0.655000,-0.957000
5664.001000,0.655000,-0.962000
5665.001000,0.655000,-0.961000
5666.001000,0.655000,-0.964000
5667.001000,0.655000,-0.964000
5668.001000,0.655000,-0.963000
5669.001000,0.655000,-0.961000
5670.001000,0.655000,-0.958000
5671.001000,0.654000,-0.960000
5672.001000,0.654000,-0.960000
5673.001000,0.654000,-0.970000
5674.001000,0.655000,-0.958000
5675.001000,0.654000,-0.957000
5676.001000,0.654000,-0.955000
5677.001000,0.654000,-0.953000
5678.001000,0.654000,-0.956000
5679.001000,0.653000,-0.954000
5680.001000,0.653000,-0.953000
5681.001000,0.654000,-0.950000
5682.001000,0.654000,-0.953000
5683.001000,0.654000,-0.952000
5684.001000,0.654000,-0.948000
5685.001000,0.654000,-0.954000
5686.001000,0.654000,-0.946000
5687.001000,0.653000,-0.951000
5688.001000,0.653000,-0.956000
5689.001000,0.654000,-0.962000
5690.001000,0.653000,-0.963000
5691.001000,0.654000,-0.953000
5692.001000,0.654000,-0.956000
5693.001000,0.653000,-0.961000
5694.001000,0.654000,-0.955000
5695.001000,0.654000,-0.962000
5696.001000,0.654000,-0.958000
5697.001000,0.655000,-0.957000
5698.001000,0.655000,-0.960000
5699.001000,0.654000,-0.960000
5700.001000,0.654000,-0.962000
5701.001000,0.655000,-0.966000
5702.001000,0.655000,-0.962000
5703.001000,0.655000,-0.956000
5704.001000,0.656000,-0.958000
5705.001000,0.656000,-0.963000
5706.001000,0.656000,-0.962000
5707.001000,0.656000,-0.960000
5708.001000,0.656000,-0.963000
5709.001000,0.655000,-0.963000
5710.001000,0.655000,-0.960000
5711.001000,0.656000,-0.962000
5712.001000,0.656000,-0.954000
5713.001000,0.656000,-0.955000
5714.001000,0.657000,-0.954000
5715.001000,0.656000,-0.952000
5716.001000,0.657000,-0.956000
5717.001000,0.657000,-0.953000
5718.001000,0.658000,-0.945000
5719.001000,0.658000,-0.944000
5720.001000,0.658000,-0.945000
5721.001000,0.657000,-0.937000
5722.001000,0.658000,-0.939000
5723.001000,0.657000,-0.942000
5724.001000,0.657000,-0.944000
5725.001000,0.657000,-0.954000
5726.001000,0.656000,-0.956000
5727.001000,0.656000,-0.947000
5728.001000,0.656000,-0.944000
5729.001000,0.656000,-0.945000
5730.001000,0.656000,-0.940000
5731.001000,0.656000,-0.948000
5732.001000,0.656000,-0.943000
5733.001000,0.656000,-0.938000
5734.001000,0.656000,-0.939000
5735.001000,0.657000,-0.944000
5736.001000,0.657000,-0.944000
5737.001000,0.657000,-0.941000
5738.001000,0.657000,-0.928000
5739.001000,0.657000,-0.930000
5740.001000,0.657000,-0.941000
5741.001000,0.657000,-0.934000
5742.001000,0.657000,-0.932000
5743.001000,0.657000,-0.938000
5744.001000,0.658000,-0.941000
5745.001000,0.658000,-0.933000
5746.001000,0.658000,-0.932000
5747.001000,0.659000,-0.931000
5748.001000,0.660000,-0.925000
5749.001000,0.662000,-0.924000
5750.001000,0.662000,-0.936000
5751.001000,0.663000,-0.931000
5752.001000,0.663000,-0.946000
5753.001000,0.663000,-0.936000
5754.001000,0.662000,-0.935000
5755.001000,0.661000,-0.938000
5756.001000,0.661000,-0.930000
5757.001000,0.662000,-0.932000
5758.001000,0.662000,-0.939000
5759.001000,0.662000,-0.933000
5760.001000,0.662000,-0.938000
5761.001000,0.662000,-0.934000
5762.001000,0.662000,-0.933000
5763.001000,0.662000,-0.931000
5764.001000,0.662000,-0.937000
5765.001000,0.662000,-0.943000
5766.001000,0.662000,-0.937000
5767.001000,0.663000,-0.930000
5768.001000,0.663000,-0.940000
5769.001000,0.663000,-0.930000
5770.001000,0.664000,-0.937000
5771.001000,0.664000,-0.938000
5772.001000,0.665000,-0.943000
5773.001000,0.665000,-0.941000
5774.001000,0.666000,-0.935000
5775.001000,0.667000,-0.939000
5776.001000,0.667000,-0.934000
5777.001000,0.667000,-0.932000
5778.001000,0.667000,-0.930000
5779.001000,0.668000,-0.933000
5780.001000,0.668000,-0.936000
5781.001000,0.668000,-0.929000
5782.001000,0.669000,-0.935000
5783.001000,0.669000,-0.925000
5784.001000,0.670000,-0.927000
5785.001000,0.671000,-0.927000
5786.001000,0.672000,-0.933000
5787.001000,0.673000,-0.932000
5788.001000,0.673000,-0.933000
5789.001000,0.674000,-0.930000
5790.001000,0.674000,-0.938000
5791.001000,0.675000,-0.935000
5792.001000,0.675000,-0.937000
5793.001000,0.676000,-0.939000
5794.001000,0.677000,-0.938000
5795.001000,0.679000,-0.935000
5796.001000,0.680000,-0.933000
5797.001000,0.681000,-0.934000
5798.001000,0.681000,-0.928000
5799.001000,0.682000,-0.928000
5800.001000,0.682000,-0.972000
5801.001000,0.682000,-0.958000
5802.001000,0.682000,-0.966000
5803.001000,0.681000,-0.951000
5804.001000,0.680000,-0.945000
5805.001000,0.681000,-0.932000
5806.001000,0.681000,-0.935000
5807.001000,0.680000,-0.929000
5808.001000,0.679000,-0.927000
5809.001000,0.679000,-0.926000
5810.001000,0.679000,-0.937000
5811.001000,0.678000,-0.938000
5812.001000,0.678000,-0.942000
5813.001000,0.677000,-0.940000
5814.001000,0.677000,-0.946000
5815.001000,0.677000,-0.937000
5816.001000,0.678000,-0.930000
5817.001000,0.678000,-0.943000
5818.001000,0.679000,-0.942000
5819.001000,0.680000,-0.945000
5820.001000,0.680000,-0.946000
5821.001000,0.679000,-0.946000
5822.001000,0.680000,-0.941000
5823.001000,0.680000,-0.950000
5824.001000,0.678000,-0.947000
5825.001000,0.676000,-0.946000
5826.001000,0.676000,-0.953000
5827.001000,0.677000,-0.940000
5828.001000,0.679000,-0.941000
5829.001000,0.679000,-0.950000
5830.001000,0.680000,-0.939000
5831.001000,0.680000,-0.939000
5832.001000,0.681000,-0.941000
5833.001000,0.682000,-0.944000
5834.001000,0.682000,-0.940000
5835.001000,0.682000,-0.940000
5836.001000,0.683000,-0.937000
5837.001000,0.683000,-0.946000
5838.001000,0.682000,-0.937000
5839.001000,0.682000,-0.939000
5840.001000,0.682000,-0.938000
5841.001000,0.683000,-0.943000
5842.001000,0.683000,-0.942000
5843.001000,0.683000,-0.945000
5844.001000,0.683000,-0.951000
5845.001000,0.684000,-0.950000
5846.001000,0.684000,-0.946000
5847.001000,0.683000,-0.951000
5848.001000,0.683000,-0.943000
5849.001000,0.683000,-0.937000
5850.001000,0.682000,-0.935000
5851.001000,0.683000,-0.936000
5852.001000,0.683000,-0.940000
5853.001000,0.683000,-0.928000
5854.001000,0.684000,-0.931000
5855.001000,0.683000,-0.937000
5856.001000,0.683000,-0.942000
5857.001000,0.679000,-0.935000
5858.001000,0.679000,-0.939000
5859.001000,0.679000,-0.934000
5860.001000,0.679000,-0.936000
5861.001000,0.678000,-0.934000
5862.001000,0.679000,-0.930000
5863.001000,0.678000,-0.934000
5864.001000,0.679000,-0.933000
5865.001000,0.678000,-0.931000
5866.001000,0.678000,-0.933000
5867.001000,0.678000,-0.933000
5868.001000,0.678000,-0.938000
5869.001000,0.678000,-0.936000
5870.001000,0.678000,-0.938000
5871.001000,0.678000,-0.938000
5872.001000,0.678000,-0.933000
5873.001000,0.678000,-0.939000
5874.001000,0.678000,-0.935000
5875.001000,0.678000,-0.935000
5876.001000,0.678000,-0.933000
5877.001000,0.678000,-0.938000
5878.001000,0.678000,-0.932000
5879.001000,0.679000,-0.934000
5880.001000,0.678000,-0.933000
5881.001000,0.678000,-0.933000
5882.001000,0.678000,-0.932000
5883.001000,0.678000,-0.933000
5884.001000,0.678000,-0.934000
5885.001000,0.678000,-0.930000
5886.001000,0.679000,-0.923000
5887.001000,0.679000,-0.923000
5888.001000,0.684000,-0.931000
5889.001000,0.685000,-0.920000
5890.001000,0.685000,-0.907000
5891.001000,0.684000,-0.954000
5892.001000,0.683000,-0.958000
5893.001000,0.683000,-0.956000
5894.001000,0.682000,-0.952000
5895.001000,0.682000,-0.952000
5896.001000,0.682000,-0.951000
5897.001000,0.681000,-0.945000
5898.001000,0.680000,-0.945000
5899.001000,0.680000,-0.941000
5900.001000,0.680000,-0.941000
5901.001000,0.678000,-0.945000
5902.001000,0.678000,-0.945000
5903.001000,0.679000,-0.948000
5904.001000,0.679000,-0.950000
5905.001000,0.679000,-0.962000
5906.001000,0.679000,-0.949000
5907.001000,0.679000,-0.951000
5908.001000,0.678000,-0.961000
5909.001000,0.679000,-0.959000
5910.001000,0.679000,-0.955000
5911.001000,0.679000,-0.961000
5912.001000,0.679000,-0.961000
5913.001000,0.680000,-0.963000
5914.001000,0.680000,-0.953000
5915.001000,0.680000,-0.957000
5916.001000,0.680000,-0.955000
5917.001000,0.681000,-0.969000
5918.001000,0.681000,-0.960000
5919.001000,0.680000,-0.958000
5920.001000,0.680000,-0.963000
5921.001000,0.679000,-0.965000
5922.001000,0.679000,-0.955000
5923.001000,0.679000,-0.957000
5924.001000,0.680000,-0.952000
5925.001000,0.681000,-0.950000
5926.001000,0.683000,-0.960000
5927.001000,0.684000,-0.953000
5928.001000,0.686000,-0.951000
5929.001000,0.687000,-0.952000
5930.001000,0.687000,-0.952000
5931.001000,0.688000,-0.952000
5932.001000,0.688000,-0.953000
5933.001000,0.690000,-0.953000
5934.001000,0.691000,-0.957000
5935.001000,0.692000,-0.963000
5936.001000,0.692000,-0.951000
5937.001000,0.692000,-0.959000
5938.001000,0.692000,-0.951000
5939.001000,0.692000,-0.954000
5940.001000,0.692000,-0.952000
5941.001000,0.692000,-0.958000
5942.001000,0.692000,-0.954000
5943.001000,0.689000,-0.959000
5944.001000,0.685000,-0.956000
5945.001000,0.686000,-0.956000
5946.001000,0.686000,-0.957000
5947.001000,0.687000,-0.959000
5948.001000,0.687000,-0.956000
5949.001000,0.688000,-0.951000
5950.001000,0.688000,-0.948000
5951.001000,0.687000,-0.947000
5952.001000,0.688000,-0.949000
5953.001000,0.687000,-0.948000
5954.001000,0.687000,-0.951000
5955.001000,0.687000,-0.950000
5956.001000,0.687000,-0.956000
5957.001000,0.687000,-0.952000
5958.001000,0.687000,-0.952000
5959.001000,0.687000,-0.945000
5960.001000,0.687000,-0.948000
5961.001000,0.687000,-0.950000
5962.001000,0.687000,-0.951000
5963.001000,0.688000,-0.956000
5964.001000,0.690000,-0.955000
5965.001000,0.690000,-0.954000
5966.001000,0.691000,-0.954000
5967.001000,0.692000,-0.953000
5968.001000,0.692000,-0.951000
5969.001000,0.693000,-0.951000
5970.001000,0.694000,-0.954000
5971.001000,0.694000,-0.950000
5972.001000,0.693000,-0.958000
5973.001000,0.694000,-0.956000
5974.001000,0.694000,-0.949000
5975.001000,0.695000,-0.958000
5976.001000,0.695000,-0.958000
5977.001000,0.696000,-0.958000
5978.001000,0.696000,-0.940000
5979.001000,0.696000,-0.949000
5980.001000,0.697000,-0.958000
5981.001000,0.697000,-0.939000
5982.001000,0.698000,-0.940000
5983.001000,0.697000,-0.957000
5984.001000,0.697000,-0.949000
5985.001000,0.698000,-0.938000
5986.001000,0.698000,-0.940000
5987.001000,0.698000,-0.954000
5988.001000,0.698000,-0.946000
5989.001000,0.698000,-0.943000
5990.001000,0.698000,-0.950000
5991.001000,0.698000,-0.947000
5992.001000,0.698000,-0.960000
5993.001000,0.698000,-0.951000
5994.001000,0.698000,-0.949000
5995.001000,0.698000,-0.949000
5996.001000,0.698000,-0.968000
5997.001000,0.697000,-0.970000
5998.001000,0.695000,-0.963000
5999.001000,0.694000,-0.965000
6000.001000,0.694000,-0.962000
6001.001000,0.693000,-0.964000
6002.001000,0.692000,-0.959000
6003.001000,0.692000,-0.955000
6004.001000,0.692000,-0.953000
6005.001000,0.692000,-0.948000
6006.001000,0.692000,-0.958000
6007.001000,0.692000,-0.955000
6008.001000,0.692000,-0.953000
6009.001000,0.692000,-0.960000
6010.001000,0.692000,-0.928000
6011.001000,0.692000,-0.919000
6012.001000,0.691000,-0.919000
6013.001000,0.690000,-0.918000
6014.001000,0.690000,-0.926000
6015.001000,0.690000,-0.929000
6016.001000,0.692000,-0.924000
6017.001000,0.693000,-0.925000
6018.001000,0.694000,-0.922000
6019.001000,0.694000,-0.925000
6020.001000,0.694000,-0.924000
6021.001000,0.695000,-0.924000
6022.001000,0.695000,-0.923000
6023.001000,0.695000,-0.926000
6024.001000,0.695000,-0.930000
6025.001000,0.695000,-0.926000
6026.001000,0.695000,-0.925000
6027.001000,0.696000,-0.925000
6028.001000,0.697000,-0.919000
6029.001000,0.698000,-0.917000
6030.001000,0.698000,-0.922000
6031.001000,0.698000,-0.922000
6032.001000,0.698000,-0.922000
6033.001000,0.698000,-0.921000
6034.001000,0.699000,-0.922000
6035.001000,0.700000,-0.923000
6036.001000,0.700000,-0.929000
6037.001000,0.700000,-0.929000
6038.001000,0.700000,-0.926000
6039.001000,0.700000,-0.920000
6040.001000,0.700000,-0.918000
6041.001000,0.700000,-0.920000
6042.001000,0.700000,-0.918000
6043.001000,0.700000,-0.931000
6044.001000,0.700000,-0.949000
6045.001000,0.699000,-0.940000
6046.001000,0.699000,-0.953000
6047.001000,0.699000,-0.925000
6048.001000,0.699000,-0.940000
6049.001000,0.699000,-0.947000
6050.001000,0.698000,-0.924000
6051.001000,0.698000,-0.928000
6052.001000,0.697000,-0.922000
6053.001000,0.696000,-0.923000
6054.001000,0.695000,-0.924000
6055.001000,0.695000,-0.926000
6056.001000,0.696000,-0.923000
6057.001000,0.697000,-0.918000
6058.001000,0.698000,-0.922000
6059.001000,0.699000,-0.921000
6060.001000,0.700000,-0.921000
6061.001000,0.700000,-0.923000
6062.001000,0.700000,-0.921000
6063.001000,0.700000,-0.932000
6064.001000,0.702000,-0.932000
6065.001000,0.702000,-0.929000
6066.001000,0.702000,-0.927000
6067.001000,0.702000,-0.930000
6068.001000,0.702000,-0.926000
6069.001000,0.702000,-0.930000
6070.001000,0.703000,-0.924000
6071.001000,0.703000,-0.925000
6072.001000,0.703000,-0.927000
6073.001000,0.703000,-0.921000
6074.001000,0.703000,-0.925000
6075.001000,0.703000,-0.940000
6076.001000,0.704000,-0.932000
6077.001000,0.704000,-0.930000
6078.001000,0.704000,-0.928000
6079.001000,0.704000,-0.930000
6080.001000,0.705000,-0.928000
6081.001000,0.705000,-0.925000
6082.001000,0.704000,-0.926000
6083.001000,0.705000,-0.923000
6084.001000,0.705000,-0.920000
6085.001000,0.705000,-0.924000
6086.001000,0.705000,-0.914000
6087.001000,0.706000,-0.915000
6088.001000,0.706000,-0.915000
6089.001000,0.706000,-0.915000
6090.001000,0.706000,-0.917000
6091.001000,0.706000,-0.929000
6092.001000,0.706000,-0.928000
6093.001000,0.706000,-0.926000
6094.001000,0.706000,-0.922000
6095.001000,0.706000,-0.923000
6096.001000,0.705000,-0.924000
6097.001000,0.705000,-0.930000
6098.001000,0.706000,-0.927000
6099.001000,0.705000,-0.935000
6100.001000,0.704000,-0.931000
6101.001000,0.703000,-0.932000
6102.001000,0.703000,-0.925000
6103.001000,0.702000,-0.928000
6104.001000,0.703000,-0.922000
6105.001000,0.703000,-0.922000
6106.001000,0.702000,-0.923000
6107.001000,0.702000,-0.925000
6108.001000,0.702000,-0.926000
6109.001000,0.702000,-0.925000
6110.001000,0.702000,-0.923000
6111.001000,0.702000,-0.923000
6112.001000,0.702000,-0.928000
6113.001000,0.703000,-0.927000
6114.001000,0.702000,-0.927000
6115.001000,0.703000,-0.927000
6116.001000,0.703000,-0.923000
6117.001000,0.703000,-0.923000
6118.001000,0.703000,-0.921000
6119.001000,0.703000,-0.921000
6120.001000,0.703000,-0.920000
6121.001000,0.703000,-0.929000
6122.001000,0.703000,-0.923000
6123.001000,0.702000,-0.919000
6124.001000,0.702000,-0.920000
6125.001000,0.703000,-0.928000
6126.001000,0.703000,-0.921000
6127.001000,0.704000,-0.921000
6128.001000,0.704000,-0.925000
6129.001000,0.704000,-0.930000
6130.001000,0.705000,-0.929000
6131.001000,0.705000,-0.929000
6132.001000,0.705000,-0.930000
6133.001000,0.706000,-0.931000
6134.001000,0.705000,-0.932000
6135.001000,0.706000,-0.931000
6136.001000,0.706000,-0.931000
6137.001000,0.705000,-0.930000
6138.001000,0.705000,-0.935000
6139.001000,0.705000,-0.941000
6140.001000,0.705000,-0.935000
6141.001000,0.706000,-0.939000
6142.001000,0.706000,-0.930000
6143.001000,0.706000,-0.930000
6144.001000,0.706000,-0.937000
6145.001000,0.707000,-0.932000
6146.001000,0.707000,-0.929000
6147.001000,0.707000,-0.936000
6148.001000,0.708000,-0.935000
6149.001000,0.707000,-0.933000
6150.001000,0.707000,-0.935000
6151.001000,0.709000,-0.937000
6152.001000,0.709000,-0.943000
6153.001000,0.709000,-0.933000
6154.001000,0.709000,-0.937000
6155.001000,0.710000,-0.943000
6156.001000,0.711000,-0.941000
6157.001000,0.711000,-0.940000
6158.001000,0.711000,-0.946000
6159.001000,0.711000,-0.937000
6160.001000,0.711000,-0.933000
6161.001000,0.711000,-0.946000
6162.001000,0.711000,-0.943000
6163.001000,0.711000,-0.940000
6164.001000,0.711000,-0.933000
6165.001000,0.710000,-0.935000
6166.001000,0.711000,-0.932000
6167.001000,0.711000,-0.938000
6168.001000,0.711000,-0.938000
6169.001000,0.711000,-0.937000
6170.001000,0.711000,-0.936000
6171.001000,0.711000,-0.942000
6172.001000,0.711000,-0.942000
6173.001000,0.712000,-0.938000
6174.001000,0.712000,-0.944000
6175.001000,0.713000,-0.930000
6176.001000,0.713000,-0.943000
6177.001000,0.714000,-0.938000
6178.001000,0.713000,-0.943000
6179.001000,0.713000,-0.951000
6180.001000,0.715000,-0.948000
6181.001000,0.716000,-0.950000
6182.001000,0.717000,-0.940000
6183.001000,0.717000,-0.932000
6184.001000,0.716000,-0.937000
6185.001000,0.716000,-0.940000
6186.001000,0.716000,-0.934000
6187.001000,0.715000,-0.938000
6188.001000,0.715000,-0.929000
6189.001000,0.715000,-0.936000
6190.001000,0.715000,-0.938000
6191.001000,0.716000,-0.933000
6192.001000,0.716000,-0.936000
6193.001000,0.716000,-0.936000
6194.001000,0.716000,-0.921000
6195.001000,0.716000,-0.927000
6196.001000,0.717000,-0.925000
6197.001000,0.717000,-0.924000
6198.001000,0.718000,-0.918000
6199.001000,0.719000,-0.914000
6200.001000,0.719000,-0.905000
6201.001000,0.720000,-0.911000
6202.001000,0.720000,-0.897000
6203.001000,0.721000,-0.917000
6204.001000,0.723000,-0.913000
6205.001000,0.724000,-0.903000
6206.001000,0.726000,-0.904000
6207.001000,0.728000,-0.924000
6208.001000,0.729000,-0.917000
6209.001000,0.730000,-0.908000
6210.001000,0.731000,-0.913000
6211.001000,0.732000,-0.924000
6212.001000,0.733000,-0.901000
6213.001000,0.733000,-0.919000
6214.001000,0.734000,-0.929000
6215.001000,0.735000,-0.914000
6216.001000,0.736000,-0.913000
6217.001000,0.737000,-0.929000
6218.001000,0.737000,-0.933000
6219.001000,0.737000,-0.933000
6220.001000,0.738000,-0.916000
6221.001000,0.738000,-0.911000
6222.001000,0.738000,-0.903000
6223.001000,0.739000,-0.898000
6224.001000,0.739000,-0.907000
6225.001000,0.739000,-0.904000
6226.001000,0.739000,-0.895000
6227.001000,0.739000,-0.898000
6228.001000,0.739000,-0.899000
6229.001000,0.739000,-0.893000
6230.001000,0.740000,-0.892000
6231.001000,0.741000,-0.894000
6232.001000,0.740000,-0.907000
6233.001000,0.740000,-0.899000
6234.001000,0.740000,-0.902000
6235.001000,0.740000,-0.896000
6236.001000,0.741000,-0.899000
6237.001000,0.741000,-0.902000
6238.001000,0.741000,-0.905000
6239.001000,0.741000,-0.901000
6240.001000,0.741000,-0.900000
6241.001000,0.741000,-0.901000
6242.001000,0.741000,-0.896000
6243.001000,0.741000,-0.905000
6244.001000,0.741000,-0.903000
6245.001000,0.741000,-0.905000
6246.001000,0.741000,-0.906000
6247.001000,0.741000,-0.913000
6248.001000,0.741000,-0.902000
6249.001000,0.741000,-0.904000
6250.001000,0.742000,-0.903000
6251.001000,0.741000,-0.912000
6252.001000,0.742000,-0.910000
6253.001000,0.742000,-0.898000
6254.001000,0.742000,-0.899000
6255.001000,0.743000,-0.898000
6256.001000,0.743000,-0.900000
6257.001000,0.742000,-0.899000
6258.001000,0.742000,-0.898000
6259.001000,0.743000,-0.903000
6260.001000,0.743000,-0.906000
6261.001000,0.743000,-0.907000
6262.001000,0.743000,-0.909000
6263.001000,0.743000,-0.906000
6264.001000,0.743000,-0.903000
6265.001000,0.743000,-0.910000
6266.001000,0.743000,-0.907000
6267.001000,0.743000,-0.900000
6268.001000,0.743000,-0.915000
6269.001000,0.743000,-0.909000
6270.001000,0.743000,-0.918000
6271.001000,0.742000,-0.917000
6272.001000,0.743000,-0.905000
6273.001000,0.743000,-0.906000
6274.001000,0.742000,-0.903000
6275.001000,0.743000,-0.906000
6276.001000,0.742000,-0.901000
6277.001000,0.743000,-0.905000
6278.001000,0.743000,-0.910000
6279.001000,0.743000,-0.907000
6280.001000,0.743000,-0.906000
6281.001000,0.743000,-0.905000
6282.001000,0.743000,-0.905000
6283.001000,0.743000,-0.907000
6284.001000,0.743000,-0.908000
6285.001000,0.743000,-0.903000
6286.001000,0.743000,-0.903000
6287.001000,0.744000,-0.909000
6288.001000,0.743000,-0.910000
6289.001000,0.743000,-0.905000
6290.001000,0.743000,-0.906000
6291.001000,0.744000,-0.906000
6292.001000,0.744000,-0.908000
6293.001000,0.744000,-0.905000
6294.001000,0.744000,-0.906000
6295.001000,0.745000,-0.909000
6296.001000,0.745000,-0.910000
6297.001000,0.745000,-0.910000
6298.001000,0.746000,-0.906000
6299.001000,0.746000,-0.906000
6300.001000,0.746000,-0.913000
6301.001000,0.746000,-0.914000
6302.001000,0.747000,-0.917000
6303.001000,0.747000,-0.912000
6304.001000,0.747000,-0.906000
6305.001000,0.747000,-0.912000
6306.001000,0.748000,-0.907000
6307.001000,0.748000,-0.902000
6308.001000,0.748000,-0.909000
6309.001000,0.748000,-0.913000
6310.001000,0.748000,-0.915000
6311.001000,0.747000,-0.912000
6312.001000,0.747000,-0.920000
6313.001000,0.747000,-0.916000
6314.001000,0.746000,-0.916000
6315.001000,0.747000,-0.911000
6316.001000,0.746000,-0.907000
6317.001000,0.747000,-0.901000
6318.001000,0.748000,-0.901000
6319.001000,0.748000,-0.907000
6320.001000,0.748000,-0.904000
6321.001000,0.749000,-0.902000
6322.001000,0.749000,-0.913000
6323.001000,0.748000,-0.905000
6324.001000,0.748000,-0.908000
6325.001000,0.749000,-0.910000
6326.001000,0.748000,-0.917000
6327.001000,0.748000,-0.913000
6328.001000,0.748000,-0.912000
6329.001000,0.747000,-0.905000
6330.001000,0.748000,-0.908000
6331.001000,0.748000,-0.912000
6332.001000,0.748000,-0.914000
6333.001000,0.748000,-0.913000
6334.001000,0.748000,-0.911000
6335.001000,0.748000,-0.916000
6336.001000,0.748000,-0.916000
6337.001000,0.747000,-0.913000
6338.001000,0.747000,-0.911000
6339.001000,0.747000,-0.913000
6340.001000,0.746000,-0.919000
6341.001000,0.745000,-0.918000
6342.001000,0.744000,-0.914000
6343.001000,0.744000,-0.916000
6344.001000,0.742000,-0.915000
6345.001000,0.742000,-0.916000
6346.001000,0.742000,-0.919000
6347.001000,0.742000,-0.912000
6348.001000,0.741000,-0.911000
6349.001000,0.741000,-0.917000
6350.001000,0.741000,-0.917000
6351.001000,0.741000,-0.916000
6352.001000,0.741000,-0.914000
6353.001000,0.741000,-0.913000
6354.001000,0.741000,-0.910000
6355.001000,0.740000,-0.908000
6356.001000,0.741000,-0.910000
6357.001000,0.741000,-0.909000
6358.001000,0.740000,-0.908000
6359.001000,0.740000,-0.914000
6360.001000,0.740000,-0.914000
6361.001000,0.741000,-0.910000
6362.001000,0.740000,-0.923000
6363.001000,0.741000,-0.913000
6364.001000,0.742000,-0.916000
6365.001000,0.741000,-0.911000
6366.001000,0.741000,-0.913000
6367.001000,0.741000,-0.913000
6368.001000,0.742000,-0.911000
6369.001000,0.742000,-0.914000
6370.001000,0.741000,-0.915000
6371.001000,0.741000,-0.918000
6372.001000,0.741000,-0.917000
6373.001000,0.741000,-0.916000
6374.001000,0.740000,-0.920000
6375.001000,0.740000,-0.920000
6376.001000,0.740000,-0.919000
6377.001000,0.740000,-0.918000
6378.001000,0.740000,-0.917000
6379.001000,0.741000,-0.919000
6380.001000,0.741000,-0.919000
6381.001000,0.742000,-0.924000
6382.001000,0.741000,-0.927000
6383.001000,0.742000,-0.921000
6384.001000,0.742000,-0.928000
6385.001000,0.742000,-0.920000
6386.001000,0.742000,-0.923000
6387.001000,0.742000,-0.932000
6388.001000,0.743000,-0.921000
6389.001000,0.743000,-0.920000
6390.001000,0.744000,-0.919000
6391.001000,0.743000,-0.916000
6392.001000,0.744000,-0.911000
6393.001000,0.744000,-0.911000
6394.001000,0.744000,-0.906000
6395.001000,0.744000,-0.905000
6396.001000,0.743000,-0.904000
6397.001000,0.744000,-0.910000
6398.001000,0.743000,-0.905000
6399.001000,0.744000,-0.908000
6400.001000,0.744000,-0.916000
6401.001000,0.744000,-0.913000
6402.001000,0.744000,-0.912000
6403.001000,0.745000,-0.914000
6404.001000,0.744000,-0.903000
6405.001000,0.744000,-0.909000
6406.001000,0.745000,-0.902000
6407.001000,0.744000,-0.905000
6408.001000,0.744000,-0.908000
6409.001000,0.744000,-0.917000
6410.001000,0.744000,-0.909000
6411.001000,0.745000,-0.910000
6412.001000,0.745000,-0.914000
6413.001000,0.746000,-0.913000
6414.001000,0.746000,-0.907000
6415.001000,0.746000,-0.906000
6416.001000,0.746000,-0.908000
6417.001000,0.746000,-0.905000
6418.001000,0.746000,-0.904000
6419.001000,0.746000,-0.910000
6420.001000,0.746000,-0.905000
6421.001000,0.746000,-0.913000
6422.001000,0.746000,-0.900000
6423.001000,0.746000,-0.896000
6424.001000,0.746000,-0.900000
6425.001000,0.746000,-0.900000
6426.001000,0.746000,-0.904000
6427.001000,0.746000,-0.912000
6428.001000,0.745000,-0.907000
6429.001000,0.745000,-0.911000
6430.001000,0.745000,-0.913000
6431.001000,0.746000,-0.914000
6432.001000,0.746000,-0.908000
6433.001000,0.746000,-0.905000
6434.001000,0.747000,-0.898000
6435.001000,0.748000,-0.906000
6436.001000,0.749000,-0.897000
6437.001000,0.750000,-0.898000
6438.001000,0.750000,-0.903000
6439.001000,0.750000,-0.904000
6440.001000,0.750000,-0.901000
6441.001000,0.750000,-0.903000
6442.001000,0.750000,-0.904000
6443.001000,0.750000,-0.908000
6444.001000,0.750000,-0.906000
6445.001000,0.750000,-0.910000
6446.001000,0.751000,-0.905000
6447.001000,0.752000,-0.902000
6448.001000,0.752000,-0.899000
6449.001000,0.752000,-0.903000
6450.001000,0.753000,-0.905000
6451.001000,0.752000,-0.904000
6452.001000,0.753000,-0.907000
6453.001000,0.753000,-0.913000
6454.001000,0.752000,-0.906000
6455.001000,0.753000,-0.900000
6456.001000,0.753000,-0.902000
6457.001000,0.753000,-0.903000
6458.001000,0.754000,-0.895000
6459.001000,0.754000,-0.899000
6460.001000,0.755000,-0.895000
6461.001000,0.755000,-0.908000
6462.001000,0.754000,-0.905000
6463.001000,0.755000,-0.900000
6464.001000,0.755000,-0.901000
6465.001000,0.754000,-0.902000
6466.001000,0.753000,-0.902000
6467.001000,0.753000,-0.905000
6468.001000,0.753000,-0.903000
6469.001000,0.754000,-0.898000
6470.001000,0.754000,-0.901000
6471.001000,0.754000,-0.899000
6472.001000,0.755000,-0.900000
6473.001000,0.754000,-0.898000
6474.001000,0.755000,-0.898000
6475.001000,0.755000,-0.893000
6476.001000,0.755000,-0.900000
6477.001000,0.754000,-0.899000
6478.001000,0.754000,-0.901000
6479.001000,0.754000,-0.897000
6480.001000,0.755000,-0.896000
6481.001000,0.755000,-0.900000
6482.001000,0.756000,-0.901000
6483.001000,0.756000,-0.896000
6484.001000,0.755000,-0.901000
6485.001000,0.755000,-0.896000
6486.001000,0.755000,-0.896000
6487.001000,0.755000,-0.896000
6488.001000,0.755000,-0.894000
6489.001000,0.754000,-0.900000
6490.001000,0.754000,-0.909000
6491.001000,0.754000,-0.903000
6492.001000,0.754000,-0.902000
6493.001000,0.754000,-0.905000
6494.001000,0.753000,-0.901000
6495.001000,0.753000,-0.894000
6496.001000,0.753000,-0.894000
6497.001000,0.753000,-0.894000
6498.001000,0.754000,-0.896000
6499.001000,0.755000,-0.896000
6500.001000,0.755000,-0.898000
6501.001000,0.756000,-0.897000
6502.001000,0.756000,-0.895000
6503.001000,0.757000,-0.901000
6504.001000,0.757000,-0.900000
6505.001000,0.757000,-0.900000
6506.001000,0.757000,-0.897000
6507.001000,0.758000,-0.893000
6508.001000,0.758000,-0.896000
6509.001000,0.758000,-0.899000
6510.001000,0.758000,-0.896000
6511.001000,0.759000,-0.902000
6512.001000,0.759000,-0.890000
6513.001000,0.758000,-0.899000
6514.001000,0.760000,-0.898000
6515.001000,0.760000,-0.892000
6516.001000,0.761000,-0.887000
6517.001000,0.761000,-0.889000
6518.001000,0.761000,-0.888000
6519.001000,0.761000,-0.890000
6520.001000,0.761000,-0.902000
6521.001000,0.761000,-0.895000
6522.001000,0.761000,-0.893000
6523.001000,0.761000,-0.891000
6524.001000,0.761000,-0.896000
6525.001000,0.761000,-0.895000
6526.001000,0.761000,-0.895000
6527.001000,0.762000,-0.893000
6528.001000,0.762000,-0.901000
6529.001000,0.761000,-0.898000
6530.001000,0.761000,-0.899000
6531.001000,0.761000,-0.898000
6532.001000,0.761000,-0.900000
6533.001000,0.760000,-0.902000
6534.001000,0.759000,-0.903000
6535.001000,0.760000,-0.900000
6536.001000,0.759000,-0.900000
6537.001000,0.758000,-0.905000
6538.001000,0.758000,-0.907000
6539.001000,0.758000,-0.907000
6540.001000,0.757000,-0.905000
6541.001000,0.757000,-0.899000
6542.001000,0.757000,-0.897000
6543.001000,0.757000,-0.903000
6544.001000,0.756000,-0.898000
6545.001000,0.757000,-0.896000
6546.001000,0.756000,-0.899000
6547.001000,0.756000,-0.904000
6548.001000,0.755000,-0.903000
6549.001000,0.754000,-0.896000
6550.001000,0.754000,-0.901000
6551.001000,0.754000,-0.895000
6552.001000,0.754000,-0.896000
6553.001000,0.754000,-0.899000
6554.001000,0.754000,-0.909000
6555.001000,0.754000,-0.902000
6556.001000,0.754000,-0.901000
6557.001000,0.753000,-0.905000
6558.001000,0.754000,-0.904000
6559.001000,0.753000,-0.904000
6560.001000,0.753000,-0.901000
6561.001000,0.754000,-0.898000
6562.001000,0.754000,-0.903000
6563.001000,0.755000,-0.898000
6564.001000,0.755000,-0.897000
6565.001000,0.756000,-0.894000
6566.001000,0.757000,-0.900000
6567.001000,0.760000,-0.897000
6568.001000,0.761000,-0.900000
6569.001000,0.762000,-0.894000
6570.001000,0.761000,-0.891000
6571.001000,0.762000,-0.893000
6572.001000,0.761000,-0.897000
6573.001000,0.761000,-0.906000
6574.001000,0.762000,-0.895000
6575.001000,0.761000,-0.902000
6576.001000,0.761000,-0.897000
6577.001000,0.761000,-0.893000
6578.001000,0.760000,-0.899000
6579.001000,0.760000,-0.904000
6580.001000,0.761000,-0.905000
6581.001000,0.761000,-0.904000
6582.001000,0.761000,-0.899000
6583.001000,0.761000,-0.897000
6584.001000,0.761000,-0.892000
6585.001000,0.761000,-0.895000
6586.001000,0.760000,-0.903000
6587.001000,0.761000,-0.899000
6588.001000,0.760000,-0.901000
6589.001000,0.761000,-0.902000
6590.001000,0.761000,-0.903000
6591.001000,0.761000,-0.905000
6592.001000,0.760000,-0.907000
6593.001000,0.760000,-0.907000
6594.001000,0.760000,-0.907000
6595.001000,0.760000,-0.912000
6596.001000,0.760000,-0.906000
6597.001000,0.760000,-0.916000
6598.001000,0.759000,-0.911000
6599.001000,0.759000,-0.915000
6600.001000,0.758000,-0.915000
6601.001000,0.758000,-0.907000
6602.001000,0.758000,-0.906000
6603.001000,0.758000,-0.906000
6604.001000,0.758000,-0.912000
6605.001000,0.758000,-0.911000
6606.001000,0.757000,-0.907000
6607.001000,0.757000,-0.908000
6608.001000,0.757000,-0.911000
6609.001000,0.757000,-0.907000
6610.001000,0.757000,-0.908000
6611.001000,0.757000,-0.907000
6612.001000,0.757000,-0.901000
6613.001000,0.757000,-0.909000
6614.001000,0.757000,-0.899000
6615.001000,0.757000,-0.904000
6616.001000,0.757000,-0.904000
6617.001000,0.757000,-0.910000
6618.001000,0.756000,-0.909000
6619.001000,0.757000,-0.901000
6620.001000,0.758000,-0.906000
6621.001000,0.757000,-0.899000
6622.001000,0.757000,-0.902000
6623.001000,0.756000,-0.906000
6624.001000,0.756000,-0.905000
6625.001000,0.757000,-0.904000
6626.001000,0.757000,-0.902000
6627.001000,0.756000,-0.901000
6628.001000,0.756000,-0.902000
6629.001000,0.755000,-0.903000
6630.001000,0.756000,-0.890000
6631.001000,0.756000,-0.894000
6632.001000,0.757000,-0.885000
6633.001000,0.758000,-0.897000
6634.001000,0.759000,-0.894000
6635.001000,0.760000,-0.899000
6636.001000,0.761000,-0.896000
6637.001000,0.762000,-0.899000
6638.001000,0.763000,-0.892000
6639.001000,0.761000,-0.892000
6640.001000,0.762000,-0.892000
6641.001000,0.763000,-0.901000
6642.001000,0.763000,-0.885000
6643.001000,0.762000,-0.890000
6644.001000,0.762000,-0.899000
6645.001000,0.762000,-0.893000
6646.001000,0.763000,-0.898000
6647.001000,0.763000,-0.892000
6648.001000,0.763000,-0.890000
6649.001000,0.763000,-0.890000
6650.001000,0.763000,-0.895000
6651.001000,0.763000,-0.892000
6652.001000,0.764000,-0.891000
6653.001000,0.764000,-0.892000
6654.001000,0.764000,-0.894000
6655.001000,0.765000,-0.905000
6656.001000,0.764000,-0.897000
6657.001000,0.764000,-0.898000
6658.001000,0.764000,-0.900000
6659.001000,0.764000,-0.898000
6660.001000,0.765000,-0.891000
6661.001000,0.766000,-0.890000
6662.001000,0.765000,-0.885000
6663.001000,0.765000,-0.888000
6664.001000,0.765000,-0.889000
6665.001000,0.765000,-0.884000
6666.001000,0.765000,-0.885000
6667.001000,0.765000,-0.879000
6668.001000,0.764000,-0.884000
6669.001000,0.765000,-0.891000
6670.001000,0.765000,-0.885000
6671.001000,0.765000,-0.884000
6672.001000,0.765000,-0.888000
6673.001000,0.764000,-0.889000
6674.001000,0.764000,-0.898000
6675.001000,0.764000,-0.886000
6676.001000,0.764000,-0.882000
6677.001000,0.764000,-0.885000
6678.001000,0.764000,-0.893000
6679.001000,0.764000,-0.892000
6680.001000,0.765000,-0.885000
6681.001000,0.765000,-0.896000
6682.001000,0.765000,-0.917000
6683.001000,0.766000,-0.929000
6684.001000,0.766000,-0.924000
6685.001000,0.765000,-0.926000
6686.001000,0.765000,-0.926000
6687.001000,0.765000,-0.925000
6688.001000,0.765000,-0.927000
6689.001000,0.765000,-0.932000
6690.001000,0.765000,-0.930000
6691.001000,0.765000,-0.928000
6692.001000,0.765000,-0.925000
6693.001000,0.765000,-0.922000
6694.001000,0.764000,-0.930000
6695.001000,0.764000,-0.927000
6696.001000,0.764000,-0.906000
6697.001000,0.763000,-0.915000
6698.001000,0.763000,-0.911000
6699.001000,0.763000,-0.897000
6700.001000,0.764000,-0.899000
6701.001000,0.764000,-0.908000
6702.001000,0.763000,-0.917000
6703.001000,0.763000,-0.912000
6704.001000,0.762000,-0.914000
6705.001000,0.761000,-0.911000
6706.001000,0.761000,-0.920000
6707.001000,0.762000,-0.916000
6708.001000,0.762000,-0.909000
6709.001000,0.762000,-0.917000
6710.001000,0.762000,-0.909000
6711.001000,0.762000,-0.909000
6712.001000,0.761000,-0.913000
6713.001000,0.761000,-0.923000
6714.001000,0.761000,-0.921000
6715.001000,0.760000,-0.918000
6716.001000,0.763000,-0.915000
6717.001000,0.765000,-0.907000
6718.001000,0.766000,-0.913000
6719.001000,0.767000,-0.900000
6720.001000,0.767000,-0.902000
6721.001000,0.767000,-0.886000
6722.001000,0.767000,-0.895000
6723.001000,0.767000,-0.907000
6724.001000,0.768000,-0.906000
6725.001000,0.768000,-0.901000
6726.001000,0.769000,-0.899000
6727.001000,0.769000,-0.897000
6728.001000,0.769000,-0.915000
6729.001000,0.769000,-0.893000
6730.001000,0.769000,-0.897000
6731.001000,0.769000,-0.893000
6732.001000,0.769000,-0.889000
6733.001000,0.770000,-0.902000
6734.001000,0.770000,-0.906000
6735.001000,0.770000,-0.900000
6736.001000,0.770000,-0.900000
6737.001000,0.770000,-0.893000
6738.001000,0.771000,-0.896000
6739.001000,0.771000,-0.901000
6740.001000,0.771000,-0.885000
6741.001000,0.772000,-0.890000
6742.001000,0.772000,-0.881000
6743.001000,0.772000,-0.882000
6744.001000,0.773000,-0.883000
6745.001000,0.774000,-0.883000
6746.001000,0.776000,-0.893000
6747.001000,0.777000,-0.885000
6748.001000,0.778000,-0.883000
6749.001000,0.779000,-0.887000
6750.001000,0.780000,-0.887000
6751.001000,0.781000,-0.885000
6752.001000,0.781000,-0.891000
6753.001000,0.782000,-0.888000
6754.001000,0.782000,-0.894000
6755.001000,0.782000,-0.897000
6756.001000,0.783000,-0.888000
6757.001000,0.783000,-0.882000
6758.001000,0.784000,-0.871000
6759.001000,0.784000,-0.878000
6760.001000,0.784000,-0.876000
6761.001000,0.784000,-0.877000
6762.001000,0.785000,-0.878000
6763.001000,0.785000,-0.885000
6764.001000,0.785000,-0.884000
6765.001000,0.785000,-0.884000
6766.001000,0.785000,-0.881000
6767.001000,0.785000,-0.877000
6768.001000,0.785000,-0.878000
6769.001000,0.786000,-0.874000
6770.001000,0.786000,-0.880000
6771.001000,0.786000,-0.880000
6772.001000,0.786000,-0.880000
6773.001000,0.786000,-0.879000
6774.001000,0.786000,-0.880000
6775.001000,0.785000,-0.883000
6776.001000,0.786000,-0.878000
6777.001000,0.786000,-0.884000
6778.001000,0.786000,-0.882000
6779.001000,0.786000,-0.884000
6780.001000,0.786000,-0.881000
6781.001000,0.786000,-0.884000
6782.001000,0.785000,-0.876000
6783.001000,0.785000,-0.878000
6784.001000,0.785000,-0.884000
6785.001000,0.785000,-0.881000
6786.001000,0.785000,-0.880000
6787.001000,0.785000,-0.879000
6788.001000,0.785000,-0.882000
6789.001000,0.786000,-0.887000
6790.001000,0.785000,-0.881000
6791.001000,0.785000,-0.879000
6792.001000,0.786000,-0.881000
6793.001000,0.786000,-0.880000
6794.001000,0.786000,-0.888000
6795.001000,0.787000,-0.894000
6796.001000,0.786000,-0.887000
6797.001000,0.786000,-0.885000
6798.001000,0.787000,-0.884000
6799.001000,0.787000,-0.874000
6800.001000,0.787000,-0.880000
6801.001000,0.788000,-0.887000
6802.001000,0.788000,-0.883000
6803.001000,0.788000,-0.883000
6804.001000,0.789000,-0.883000
6805.001000,0.789000,-0.877000
6806.001000,0.790000,-0.877000
6807.001000,0.790000,-0.880000
6808.001000,0.790000,-0.879000
6809.001000,0.790000,-0.878000
6810.001000,0.790000,-0.876000
6811.001000,0.790000,-0.875000
6812.001000,0.789000,-0.876000
6813.001000,0.789000,-0.874000
6814.001000,0.789000,-0.875000
6815.001000,0.789000,-0.873000
6816.001000,0.789000,-0.871000
6817.001000,0.789000,-0.874000
6818.001000,0.790000,-0.874000
6819.001000,0.790000,-0.877000
6820.001000,0.791000,-0.879000
6821.001000,0.792000,-0.881000
6822.001000,0.793000,-0.884000
6823.001000,0.793000,-0.882000
6824.001000,0.793000,-0.885000
6825.001000,0.793000,-0.882000
6826.001000,0.793000,-0.887000
6827.001000,0.794000,-0.882000
6828.001000,0.794000,-0.884000
6829.001000,0.794000,-0.883000
6830.001000,0.793000,-0.878000
6831.001000,0.794000,-0.883000
6832.001000,0.794000,-0.888000
6833.001000,0.793000,-0.889000
6834.001000,0.793000,-0.892000
6835.001000,0.793000,-0.889000
6836.001000,0.793000,-0.887000
6837.001000,0.793000,-0.885000
6838.001000,0.793000,-0.886000
6839.001000,0.792000,-0.885000
6840.001000,0.792000,-0.885000
6841.001000,0.792000,-0.880000
6842.001000,0.792000,-0.878000
6843.001000,0.793000,-0.879000
6844.001000,0.793000,-0.881000
6845.001000,0.793000,-0.875000
6846.001000,0.794000,-0.887000
6847.001000,0.794000,-0.874000
6848.001000,0.794000,-0.879000
6849.001000,0.794000,-0.876000
6850.001000,0.795000,-0.875000
6851.001000,0.795000,-0.871000
6852.001000,0.795000,-0.869000
6853.001000,0.795000,-0.869000
6854.001000,0.795000,-0.874000
6855.001000,0.795000,-0.875000
6856.001000,0.795000,-0.872000
6857.001000,0.795000,-0.874000
6858.001000,0.796000,-0.870000
6859.001000,0.796000,-0.869000
6860.001000,0.797000,-0.870000
6861.001000,0.797000,-0.873000
6862.001000,0.797000,-0.876000
6863.001000,0.797000,-0.877000
6864.001000,0.797000,-0.874000
6865.001000,0.796000,-0.872000
6866.001000,0.796000,-0.873000
6867.001000,0.797000,-0.865000
6868.001000,0.796000,-0.871000
6869.001000,0.796000,-0.871000
6870.001000,0.795000,-0.873000
6871.001000,0.795000,-0.873000
6872.001000,0.795000,-0.864000
6873.001000,0.795000,-0.865000
6874.001000,0.795000,-0.863000
6875.001000,0.795000,-0.866000
6876.001000,0.795000,-0.873000
6877.001000,0.795000,-0.875000
6878.001000,0.794000,-0.883000
6879.001000,0.793000,-0.884000
6880.001000,0.792000,-0.898000
6881.001000,0.792000,-0.887000
6882.001000,0.791000,-0.884000
6883.001000,0.791000,-0.902000
6884.001000,0.791000,-0.878000
6885.001000,0.791000,-0.902000
6886.001000,0.789000,-0.873000
6887.001000,0.790000,-0.874000
6888.001000,0.791000,-0.898000
6889.001000,0.790000,-0.903000
6890.001000,0.789000,-0.912000
6891.001000,0.789000,-0.893000
6892.001000,0.789000,-0.898000
6893.001000,0.790000,-0.902000
6894.001000,0.792000,-0.887000
6895.001000,0.793000,-0.866000
6896.001000,0.793000,-0.866000
6897.001000,0.794000,-0.883000
6898.001000,0.794000,-0.884000
6899.001000,0.794000,-0.880000
6900.001000,0.794000,-0.873000
6901.001000,0.794000,-0.868000
6902.001000,0.795000,-0.880000
6903.001000,0.796000,-0.887000
6904.001000,0.796000,-0.883000
6905.001000,0.796000,-0.875000
6906.001000,0.797000,-0.868000
6907.001000,0.797000,-0.867000
6908.001000,0.797000,-0.865000
6909.001000,0.796000,-0.859000
6910.001000,0.796000,-0.871000
6911.001000,0.796000,-0.875000
6912.001000,0.796000,-0.868000
6913.001000,0.796000,-0.872000
6914.001000,0.796000,-0.870000
6915.001000,0.796000,-0.866000
6916.001000,0.796000,-0.878000
6917.001000,0.796000,-0.870000
6918.001000,0.796000,-0.870000
6919.001000,0.795000,-0.888000
6920.001000,0.794000,-0.887000
6921.001000,0.793000,-0.882000
6922.001000,0.792000,-0.888000
6923.001000,0.791000,-0.883000
6924.001000,0.791000,-0.902000
6925.001000,0.791000,-0.891000
6926.001000,0.791000,-0.891000
6927.001000,0.791000,-0.892000
6928.001000,0.790000,-0.918000
6929.001000,0.789000,-0.915000
6930.001000,0.790000,-0.909000
6931.001000,0.790000,-0.900000
6932.001000,0.790000,-0.895000
6933.001000,0.790000,-0.892000
6934.001000,0.790000,-0.895000
6935.001000,0.790000,-0.894000
6936.001000,0.790000,-0.894000
6937.001000,0.790000,-0.897000
6938.001000,0.790000,-0.898000
6939.001000,0.790000,-0.897000
6940.001000,0.791000,-0.887000
6941.001000,0.791000,-0.892000
6942.001000,0.791000,-0.889000
6943.001000,0.792000,-0.905000
6944.001000,0.792000,-0.899000
6945.001000,0.792000,-0.890000
6946.001000,0.794000,-0.890000
6947.001000,0.794000,-0.894000
6948.001000,0.794000,-0.901000
6949.001000,0.794000,-0.904000
6950.001000,0.793000,-0.898000
6951.001000,0.792000,-0.907000
6952.001000,0.792000,-0.909000
6953.001000,0.792000,-0.905000
6954.001000,0.792000,-0.899000
6955.001000,0.791000,-0.893000
6956.001000,0.791000,-0.893000
6957.001000,0.791000,-0.890000
6958.001000,0.791000,-0.893000
6959.001000,0.790000,-0.891000
6960.001000,0.790000,-0.890000
6961.001000,0.790000,-0.898000
6962.001000,0.790000,-0.898000
6963.001000,0.790000,-0.905000
6964.001000,0.790000,-0.902000
6965.001000,0.790000,-0.905000
6966.001000,0.790000,-0.906000
6967.001000,0.791000,-0.906000
6968.001000,0.790000,-0.907000
6969.001000,0.791000,-0.908000
6970.001000,0.791000,-0.906000
6971.001000,0.791000,-0.908000
6972.001000,0.791000,-0.908000
6973.001000,0.791000,-0.904000
6974.001000,0.792000,-0.898000
6975.001000,0.792000,-0.904000
6976.001000,0.792000,-0.900000
6977.001000,0.792000,-0.898000
6978.001000,0.792000,-0.898000
6979.001000,0.792000,-0.906000
6980.001000,0.792000,-0.905000
6981.001000,0.792000,-0.903000
6982.001000,0.793000,-0.897000
6983.001000,0.792000,-0.897000
6984.001000,0.792000,-0.905000
6985.001000,0.792000,-0.904000
6986.001000,0.793000,-0.902000
6987.001000,0.794000,-0.905000
6988.001000,0.795000,-0.908000
6989.001000,0.795000,-0.903000
6990.001000,0.795000,-0.895000
6991.001000,0.795000,-0.904000
6992.001000,0.796000,-0.904000
6993.001000,0.797000,-0.902000
6994.001000,0.797000,-0.904000
6995.001000,0.798000,-0.910000
6996.001000,0.799000,-0.908000
6997.001000,0.800000,-0.905000
6998.001000,0.800000,-0.899000
6999.001000,0.800000,-0.899000
7000.001000,0.800000,-0.900000
7001.001000,0.799000,-0.894000
7002.001000,0.799000,-0.898000
7003.001000,0.800000,-0.893000
7004.001000,0.799000,-0.886000
7005.001000,0.800000,-0.895000
7006.001000,0.800000,-0.889000
7007.001000,0.800000,-0.887000
7008.001000,0.800000,-0.897000
7009.001000,0.799000,-0.896000
7010.001000,0.799000,-0.898000
7011.001000,0.796000,-0.892000
7012.001000,0.796000,-0.886000
7013.001000,0.795000,-0.895000
7014.001000,0.795000,-0.891000
7015.001000,0.795000,-0.904000
7016.001000,0.795000,-0.896000
7017.001000,0.795000,-0.892000
7018.001000,0.795000,-0.891000
7019.001000,0.796000,-0.889000
7020.001000,0.795000,-0.897000
7021.001000,0.795000,-0.894000
7022.001000,0.795000,-0.896000
7023.001000,0.795000,-0.896000
7024.001000,0.795000,-0.896000
7025.001000,0.795000,-0.897000
7026.001000,0.795000,-0.892000
7027.001000,0.796000,-0.893000
7028.001000,0.796000,-0.896000
7029.001000,0.796000,-0.896000
7030.001000,0.796000,-0.901000
7031.001000,0.797000,-0.899000
7032.001000,0.799000,-0.892000
7033.001000,0.800000,-0.894000
7034.001000,0.801000,-0.885000
7035.001000,0.802000,-0.891000
7036.001000,0.802000,-0.886000
7037.001000,0.802000,-0.887000
7038.001000,0.803000,-0.890000
7039.001000,0.803000,-0.888000
7040.001000,0.803000,-0.891000
7041.001000,0.803000,-0.891000
7042.001000,0.804000,-0.891000
7043.001000,0.804000,-0.893000
7044.001000,0.804000,-0.894000
7045.001000,0.803000,-0.895000
7046.001000,0.803000,-0.890000
7047.001000,0.803000,-0.901000
7048.001000,0.802000,-0.890000
7049.001000,0.802000,-0.895000
7050.001000,0.802000,-0.887000
7051.001000,0.802000,-0.889000
7052.001000,0.802000,-0.890000
7053.001000,0.802000,-0.890000
7054.001000,0.801000,-0.889000
7055.001000,0.801000,-0.891000
7056.001000,0.800000,-0.891000
7057.001000,0.800000,-0.894000
7058.001000,0.800000,-0.889000
7059.001000,0.800000,-0.890000
7060.001000,0.799000,-0.889000
7061.001000,0.799000,-0.888000
7062.001000,0.799000,-0.888000
7063.001000,0.798000,-0.882000
7064.001000,0.798000,-0.882000
7065.001000,0.798000,-0.886000
7066.001000,0.798000,-0.884000
7067.001000,0.798000,-0.886000
7068.001000,0.798000,-0.884000
7069.001000,0.798000,-0.885000
7070.001000,0.798000,-0.890000
7071.001000,0.798000,-0.884000
7072.001000,0.798000,-0.885000
7073.001000,0.798000,-0.881000
7074.001000,0.798000,-0.874000
7075.001000,0.799000,-0.883000
7076.001000,0.799000,-0.886000
7077.001000,0.799000,-0.881000
7078.001000,0.799000,-0.891000
7079.001000,0.799000,-0.888000
7080.001000,0.798000,-0.884000
7081.001000,0.798000,-0.880000
7082.001000,0.798000,-0.894000
7083.001000,0.798000,-0.889000
7084.001000,0.798000,-0.884000
7085.001000,0.798000,-0.881000
7086.001000,0.797000,-0.887000
7087.001000,0.798000,-0.888000
7088.001000,0.798000,-0.882000
7089.001000,0.798000,-0.886000
7090.001000,0.799000,-0.880000
7091.001000,0.799000,-0.887000
7092.001000,0.799000,-0.884000
7093.001000,0.798000,-0.884000
7094.001000,0.798000,-0.880000
7095.001000,0.798000,-0.879000
7096.001000,0.798000,-0.878000
7097.001000,0.798000,-0.880000
7098.001000,0.798000,-0.875000
7099.001000,0.798000,-0.878000
7100.001000,0.798000,-0.875000
7101.001000,0.798000,-0.881000
7102.001000,0.798000,-0.880000
7103.001000,0.799000,-0.877000
7104.001000,0.798000,-0.882000
7105.001000,0.798000,-0.887000
7106.001000,0.798000,-0.892000
7107.001000,0.799000,-0.883000
7108.001000,0.799000,-0.888000
7109.001000,0.799000,-0.888000
7110.001000,0.799000,-0.890000
7111.001000,0.799000,-0.886000
7112.001000,0.799000,-0.881000
7113.001000,0.799000,-0.888000
7114.001000,0.799000,-0.889000
7115.001000,0.799000,-0.886000
7116.001000,0.799000,-0.884000
7117.001000,0.798000,-0.886000
7118.001000,0.799000,-0.895000
7119.001000,0.799000,-0.892000
7120.001000,0.800000,-0.888000
7121.001000,0.800000,-0.885000
7122.001000,0.800000,-0.880000
7123.001000,0.800000,-0.880000
7124.001000,0.800000,-0.881000
7125.001000,0.800000,-0.882000
7126.001000,0.800000,-0.887000
7127.001000,0.800000,-0.881000
7128.001000,0.800000,-0.892000
7129.001000,0.801000,-0.886000
7130.001000,0.801000,-0.878000
7131.001000,0.801000,-0.888000
7132.001000,0.801000,-0.887000
7133.001000,0.800000,-0.890000
7134.001000,0.800000,-0.888000
7135.001000,0.799000,-0.885000
7136.001000,0.799000,-0.886000
7137.001000,0.799000,-0.883000
7138.001000,0.799000,-0.883000
7139.001000,0.799000,-0.888000
7140.001000,0.799000,-0.889000
7141.001000,0.799000,-0.890000
7142.001000,0.799000,-0.889000
7143.001000,0.799000,-0.886000
7144.001000,0.799000,-0.887000
7145.001000,0.799000,-0.891000
7146.001000,0.799000,-0.889000
7147.001000,0.799000,-0.897000
7148.001000,0.799000,-0.892000
7149.001000,0.799000,-0.887000
7150.001000,0.799000,-0.888000
7151.001000,0.799000,-0.885000
7152.001000,0.799000,-0.889000
7153.001000,0.799000,-0.886000
7154.001000,0.799000,-0.891000
7155.001000,0.799000,-0.888000
7156.001000,0.800000,-0.883000
7157.001000,0.800000,-0.882000
7158.001000,0.800000,-0.889000
7159.001000,0.799000,-0.892000
7160.001000,0.800000,-0.892000
7161.001000,0.800000,-0.887000
7162.001000,0.799000,-0.882000
7163.001000,0.800000,-0.878000
7164.001000,0.800000,-0.878000
7165.001000,0.801000,-0.878000
7166.001000,0.800000,-0.886000
7167.001000,0.801000,-0.881000
7168.001000,0.801000,-0.876000
7169.001000,0.801000,-0.882000
7170.001000,0.801000,-0.886000
7171.001000,0.801000,-0.885000
7172.001000,0.801000,-0.886000
7173.001000,0.801000,-0.888000
7174.001000,0.801000,-0.885000
7175.001000,0.801000,-0.887000
7176.001000,0.801000,-0.882000
7177.001000,0.801000,-0.888000
7178.001000,0.800000,-0.884000
7179.001000,0.800000,-0.888000
7180.001000,0.800000,-0.886000
7181.001000,0.800000,-0.886000
7182.001000,0.800000,-0.880000
7183.001000,0.801000,-0.882000
7184.001000,0.801000,-0.882000
7185.001000,0.801000,-0.889000
7186.001000,0.801000,-0.887000
7187.001000,0.801000,-0.885000
7188.001000,0.801000,-0.882000
7189.001000,0.801000,-0.880000
7190.001000,0.801000,-0.884000
7191.001000,0.801000,-0.882000
7192.001000,0.799000,-0.882000
7193.001000,0.800000,-0.884000
7194.001000,0.800000,-0.884000
7195.001000,0.799000,-0.885000
7196.001000,0.800000,-0.878000
7197.001000,0.800000,-0.881000
7198.001000,0.800000,-0.886000
7199.001000,0.800000,-0.881000
7200.001000,0.801000,-0.878000
7201.001000,0.801000,-0.876000
7202.001000,0.800000,-0.878000
7203.001000,0.801000,-0.878000
7204.001000,0.801000,-0.877000
7205.001000,0.802000,-0.879000
7206.001000,0.802000,-0.871000
7207.001000,0.803000,-0.868000
7208.001000,0.804000,-0.874000
7209.001000,0.804000,-0.871000
7210.001000,0.803000,-0.872000
7211.001000,0.804000,-0.870000
7212.001000,0.804000,-0.869000
7213.001000,0.805000,-0.873000
7214.001000,0.806000,-0.873000
7215.001000,0.807000,-0.873000
7216.001000,0.807000,-0.878000
7217.001000,0.809000,-0.866000
7218.001000,0.809000,-0.879000
7219.001000,0.809000,-0.868000
7220.001000,0.809000,-0.873000
7221.001000,0.810000,-0.867000
7222.001000,0.810000,-0.864000
7223.001000,0.810000,-0.859000
7224.001000,0.810000,-0.859000
7225.001000,0.810000,-0.854000
7226.001000,0.810000,-0.856000
7227.001000,0.810000,-0.857000
7228.001000,0.810000,-0.850000
7229.001000,0.810000,-0.862000
7230.001000,0.810000,-0.859000
7231.001000,0.808000,-0.858000
7232.001000,0.807000,-0.855000
7233.001000,0.807000,-0.855000
7234.001000,0.807000,-0.856000
7235.001000,0.807000,-0.856000
7236.001000,0.806000,-0.856000
7237.001000,0.806000,-0.856000
7238.001000,0.805000,-0.856000
7239.001000,0.805000,-0.856000
7240.001000,0.805000,-0.858000
7241.001000,0.805000,-0.855000
7242.001000,0.806000,-0.861000
7243.001000,0.806000,-0.859000
7244.001000,0.805000,-0.847000
7245.001000,0.806000,-0.844000
7246.001000,0.805000,-0.847000
7247.001000,0.805000,-0.848000
7248.001000,0.805000,-0.849000
7249.001000,0.804000,-0.846000
7250.001000,0.804000,-0.854000
7251.001000,0.804000,-0.850000
7252.001000,0.804000,-0.853000
7253.001000,0.804000,-0.856000
7254.001000,0.804000,-0.858000
7255.001000,0.804000,-0.849000
7256.001000,0.803000,-0.850000
7257.001000,0.803000,-0.851000
7258.001000,0.803000,-0.854000
7259.001000,0.803000,-0.853000
7260.001000,0.803000,-0.848000
7261.001000,0.803000,-0.859000
7262.001000,0.803000,-0.855000
7263.001000,0.804000,-0.871000
7264.001000,0.804000,-0.893000
7265.001000,0.803000,-0.892000
7266.001000,0.802000,-0.883000
7267.001000,0.803000,-0.880000
7268.001000,0.802000,-0.873000
7269.001000,0.802000,-0.873000
7270.001000,0.802000,-0.881000
7271.001000,0.801000,-0.878000
7272.001000,0.802000,-0.879000
7273.001000,0.802000,-0.877000
7274.001000,0.803000,-0.879000
7275.001000,0.803000,-0.877000
7276.001000,0.802000,-0.880000
7277.001000,0.803000,-0.880000
7278.001000,0.802000,-0.891000
7279.001000,0.802000,-0.889000
7280.001000,0.802000,-0.892000
7281.001000,0.802000,-0.889000
7282.001000,0.802000,-0.889000
7283.001000,0.803000,-0.887000
7284.001000,0.804000,-0.892000
7285.001000,0.803000,-0.891000
7286.001000,0.804000,-0.886000
7287.001000,0.804000,-0.878000
7288.001000,0.804000,-0.875000
7289.001000,0.804000,-0.892000
7290.003000,0.804000,-0.888000
7291.001000,0.805000,-0.890000
7292.001000,0.805000,-0.888000
7293.001000,0.805000,-0.887000
7294.001000,0.804000,-0.885000
7295.001000,0.804000,-0.880000
7296.001000,0.805000,-0.887000
7297.001000,0.805000,-0.889000
7298.001000,0.805000,-0.888000
7299.001000,0.806000,-0.890000
7300.001000,0.807000,-0.881000
7301.001000,0.809000,-0.879000
7302.001000,0.810000,-0.874000
7303.001000,0.810000,-0.876000
7304.001000,0.810000,-0.879000
7305.001000,0.810000,-0.881000
7306.001000,0.810000,-0.880000
7307.001000,0.810000,-0.879000
7308.001000,0.810000,-0.879000
7309.001000,0.810000,-0.881000
7310.001000,0.810000,-0.882000
7311.001000,0.810000,-0.873000
7312.001000,0.811000,-0.883000
7313.001000,0.810000,-0.879000
7314.001000,0.810000,-0.879000
7315.001000,0.811000,-0.881000
7316.001000,0.811000,-0.872000
7317.001000,0.811000,-0.885000
7318.001000,0.811000,-0.892000
7319.001000,0.810000,-0.903000
7320.001000,0.810000,-0.907000
7321.001000,0.812000,-0.903000
7322.001000,0.811000,-0.902000
7323.001000,0.812000,-0.896000
7324.001000,0.812000,-0.894000
7325.001000,0.812000,-0.896000
7326.001000,0.810000,-0.894000
7327.001000,0.811000,-0.890000
7328.001000,0.812000,-0.896000
7329.001000,0.812000,-0.897000
7330.001000,0.813000,-0.894000
7331.001000,0.813000,-0.899000
7332.001000,0.813000,-0.895000
7333.001000,0.813000,-0.892000
7334.001000,0.814000,-0.886000
7335.001000,0.814000,-0.890000
7336.001000,0.814000,-0.891000
7337.001000,0.814000,-0.892000
7338.001000,0.814000,-0.889000
7339.001000,0.813000,-0.898000
7340.001000,0.813000,-0.892000
7341.001000,0.814000,-0.890000
7342.001000,0.815000,-0.891000
7343.001000,0.816000,-0.894000
7344.001000,0.817000,-0.887000
7345.001000,0.817000,-0.892000
7346.001000,0.818000,-0.891000
7347.001000,0.819000,-0.885000
7348.001000,0.819000,-0.893000
7349.001000,0.818000,-0.897000
7350.001000,0.819000,-0.896000
7351.001000,0.818000,-0.896000
7352.001000,0.818000,-0.894000
7353.001000,0.818000,-0.898000
7354.001000,0.818000,-0.898000
7355.001000,0.818000,-0.893000
7356.001000,0.818000,-0.880000
7357.001000,0.818000,-0.886000
7358.001000,0.819000,-0.881000
7359.001000,0.819000,-0.878000
7360.001000,0.819000,-0.881000
7361.001000,0.819000,-0.878000
7362.001000,0.819000,-0.874000
7363.001000,0.819000,-0.877000
7364.001000,0.819000,-0.873000
7365.001000,0.820000,-0.874000
7366.001000,0.821000,-0.878000
7367.001000,0.821000,-0.878000
7368.001000,0.821000,-0.902000
7369.001000,0.821000,-0.904000
7370.001000,0.822000,-0.892000
7371.001000,0.822000,-0.898000
7372.001000,0.822000,-0.899000
7373.001000,0.822000,-0.904000
7374.001000,0.823000,-0.895000
7375.001000,0.823000,-0.895000
7376.001000,0.823000,-0.890000
7377.001000,0.823000,-0.896000
7378.001000,0.824000,-0.892000
7379.001000,0.824000,-0.893000
7380.001000,0.824000,-0.887000
7381.001000,0.824000,-0.887000
7382.001000,0.824000,-0.887000
7383.001000,0.824000,-0.892000
7384.001000,0.824000,-0.895000
7385.001000,0.824000,-0.885000
7386.001000,0.824000,-0.878000
7387.001000,0.825000,-0.880000
7388.001000,0.824000,-0.878000
7389.001000,0.824000,-0.874000
7390.001000,0.824000,-0.875000
7391.001000,0.825000,-0.901000
7392.001000,0.825000,-0.889000
7393.001000,0.825000,-0.883000
7394.001000,0.825000,-0.891000
7395.001000,0.825000,-0.891000
7396.001000,0.826000,-0.903000
7397.001000,0.826000,-0.904000
7398.001000,0.826000,-0.898000
7399.001000,0.826000,-0.900000
7400.001000,0.826000,-0.895000
7401.001000,0.826000,-0.901000
7402.001000,0.826000,-0.902000
7403.001000,0.826000,-0.897000
7404.001000,0.826000,-0.894000
7405.001000,0.827000,-0.897000
7406.001000,0.826000,-0.900000
7407.001000,0.826000,-0.910000
7408.001000,0.827000,-0.900000
7409.001000,0.827000,-0.903000
7410.001000,0.827000,-0.898000
7411.001000,0.827000,-0.897000
7412.001000,0.826000,-0.894000
7413.001000,0.827000,-0.898000
7414.001000,0.827000,-0.902000
7415.001000,0.827000,-0.902000
7416.001000,0.827000,-0.900000
7417.001000,0.827000,-0.902000
7418.001000,0.827000,-0.898000
7419.001000,0.827000,-0.901000
7420.001000,0.827000,-0.895000
7421.001000,0.827000,-0.890000
7422.001000,0.827000,-0.884000
7423.001000,0.828000,-0.875000
7424.001000,0.828000,-0.873000
7425.001000,0.828000,-0.877000
7426.001000,0.828000,-0.878000
7427.001000,0.828000,-0.877000
7428.001000,0.828000,-0.880000
7429.001000,0.828000,-0.877000
7430.001000,0.828000,-0.879000
7431.001000,0.827000,-0.881000
7432.001000,0.826000,-0.875000
7433.001000,0.823000,-0.879000
7434.001000,0.823000,-0.880000
7435.001000,0.823000,-0.883000
7436.001000,0.823000,-0.881000
7437.001000,0.823000,-0.876000
7438.001000,0.823000,-0.878000
7439.001000,0.824000,-0.877000
7440.001000,0.825000,-0.878000
7441.001000,0.826000,-0.875000
7442.001000,0.826000,-0.883000
7443.001000,0.827000,-0.877000
7444.001000,0.826000,-0.886000
7445.001000,0.826000,-0.881000
7446.001000,0.826000,-0.880000
7447.001000,0.825000,-0.891000
7448.001000,0.823000,-0.886000
7449.001000,0.822000,-0.878000
7450.001000,0.822000,-0.880000
7451.001000,0.822000,-0.887000
7452.001000,0.823000,-0.887000
7453.001000,0.822000,-0.887000
7454.001000,0.822000,-0.887000
7455.001000,0.822000,-0.892000
7456.001000,0.822000,-0.891000
7457.001000,0.822000,-0.886000
7458.001000,0.822000,-0.877000
7459.001000,0.823000,-0.878000
7460.001000,0.823000,-0.883000
7461.001000,0.823000,-0.884000
7462.001000,0.823000,-0.889000
7463.001000,0.823000,-0.895000
7464.001000,0.824000,-0.892000
7465.001000,0.823000,-0.893000
7466.001000,0.823000,-0.897000
7467.001000,0.823000,-0.890000
7468.001000,0.823000,-0.895000
7469.001000,0.823000,-0.890000
7470.001000,0.823000,-0.890000
7471.001000,0.823000,-0.897000
7472.001000,0.823000,-0.885000
7473.001000,0.823000,-0.883000
7474.001000,0.822000,-0.890000
7475.001000,0.823000,-0.885000
7476.001000,0.823000,-0.888000
7477.001000,0.824000,-0.876000
7478.001000,0.823000,-0.889000
7479.001000,0.823000,-0.890000
7480.001000,0.823000,-0.895000
7481.001000,0.824000,-0.891000
7482.001000,0.823000,-0.876000
7483.001000,0.823000,-0.863000
7484.001000,0.823000,-0.868000
7485.001000,0.823000,-0.872000
7486.001000,0.823000,-0.857000
7487.001000,0.822000,-0.865000
7488.001000,0.824000,-0.870000
7489.001000,0.823000,-0.901000
7490.001000,0.823000,-0.873000
7491.001000,0.822000,-0.875000
7492.001000,0.822000,-0.875000
7493.001000,0.823000,-0.865000
7494.001000,0.824000,-0.857000
7495.001000,0.824000,-0.869000
7496.001000,0.824000,-0.864000
7497.001000,0.824000,-0.866000
7498.001000,0.824000,-0.876000
7499.001000,0.824000,-0.888000
7500.001000,0.825000,-0.887000
7501.001000,0.825000,-0.883000
7502.001000,0.825000,-0.888000
7503.001000,0.825000,-0.890000
7504.001000,0.825000,-0.882000
7505.001000,0.826000,-0.879000
7506.001000,0.825000,-0.867000
7507.001000,0.825000,-0.887000
7508.001000,0.825000,-0.880000
7509.001000,0.825000,-0.867000
7510.001000,0.825000,-0.864000
7511.001000,0.825000,-0.867000
7512.001000,0.826000,-0.860000
7513.001000,0.826000,-0.850000
7514.001000,0.826000,-0.854000
7515.001000,0.826000,-0.854000
7516.001000,0.826000,-0.852000
7517.001000,0.826000,-0.849000
7518.001000,0.826000,-0.852000
7519.001000,0.826000,-0.853000
7520.001000,0.826000,-0.850000
7521.001000,0.825000,-0.852000
7522.001000,0.826000,-0.852000
7523.001000,0.825000,-0.858000
7524.001000,0.826000,-0.852000
7525.001000,0.826000,-0.854000
7526.001000,0.825000,-0.854000
7527.001000,0.825000,-0.865000
7528.001000,0.825000,-0.859000
7529.001000,0.825000,-0.856000
7530.001000,0.825000,-0.850000
7531.001000,0.825000,-0.856000
7532.001000,0.825000,-0.855000
7533.001000,0.825000,-0.857000
7534.001000,0.825000,-0.855000
7535.001000,0.825000,-0.864000
7536.001000,0.826000,-0.855000
7537.001000,0.826000,-0.860000
7538.001000,0.826000,-0.866000
7539.001000,0.827000,-0.859000
7540.001000,0.827000,-0.859000
7541.001000,0.828000,-0.858000
7542.001000,0.827000,-0.862000
7543.001000,0.827000,-0.863000
7544.001000,0.828000,-0.857000
7545.001000,0.828000,-0.855000
7546.001000,0.828000,-0.854000
7547.001000,0.828000,-0.860000
7548.001000,0.828000,-0.858000
7549.001000,0.828000,-0.850000
7550.001000,0.829000,-0.849000
7551.001000,0.829000,-0.849000
7552.001000,0.829000,-0.852000
7553.001000,0.829000,-0.845000
7554.001000,0.830000,-0.860000
7555.001000,0.830000,-0.850000
7556.001000,0.830000,-0.852000
7557.001000,0.829000,-0.853000
7558.001000,0.830000,-0.855000
7559.001000,0.830000,-0.851000
7560.001000,0.829000,-0.853000
7561.001000,0.829000,-0.851000
7562.001000,0.830000,-0.864000
7563.001000,0.830000,-0.852000
7564.001000,0.830000,-0.853000
7565.001000,0.830000,-0.853000
7566.001000,0.830000,-0.853000
7567.001000,0.831000,-0.850000
7568.001000,0.832000,-0.856000
7569.001000,0.834000,-0.855000
7570.001000,0.834000,-0.858000
7571.001000,0.834000,-0.848000
7572.001000,0.834000,-0.861000
7573.001000,0.834000,-0.858000
7574.001000,0.835000,-0.860000
7575.001000,0.836000,-0.857000
7576.001000,0.836000,-0.862000
7577.001000,0.836000,-0.859000
7578.001000,0.836000,-0.849000
7579.001000,0.837000,-0.859000
7580.001000,0.838000,-0.862000
7581.001000,0.840000,-0.862000
7582.001000,0.840000,-0.852000
7583.001000,0.841000,-0.851000
7584.001000,0.842000,-0.846000
7585.001000,0.842000,-0.855000
7586.001000,0.843000,-0.847000
7587.001000,0.844000,-0.844000
7588.001000,0.845000,-0.843000
7589.001000,0.845000,-0.848000
7590.001000,0.844000,-0.850000
7591.001000,0.844000,-0.854000
7592.001000,0.845000,-0.856000
7593.001000,0.848000,-0.851000
7594.001000,0.848000,-0.846000
7595.001000,0.849000,-0.852000
7596.001000,0.849000,-0.854000
7597.001000,0.850000,-0.851000
7598.001000,0.850000,-0.859000
7599.001000,0.850000,-0.857000
7600.001000,0.850000,-0.859000
7601.001000,0.849000,-0.859000
7602.001000,0.850000,-0.861000
7603.001000,0.850000,-0.859000
7604.001000,0.851000,-0.858000
7605.001000,0.850000,-0.853000
7606.001000,0.849000,-0.857000
7607.001000,0.849000,-0.855000
7608.001000,0.849000,-0.856000
7609.001000,0.849000,-0.856000
7610.001000,0.850000,-0.855000
7611.001000,0.850000,-0.856000
7612.001000,0.850000,-0.855000
7613.001000,0.850000,-0.856000
7614.001000,0.850000,-0.851000
7615.001000,0.850000,-0.860000
7616.001000,0.850000,-0.859000
7617.001000,0.849000,-0.859000
7618.001000,0.849000,-0.857000
7619.001000,0.849000,-0.855000
7620.001000,0.848000,-0.858000
7621.001000,0.845000,-0.858000
7622.001000,0.845000,-0.865000
7623.001000,0.846000,-0.862000
7624.001000,0.847000,-0.862000
7625.001000,0.848000,-0.864000
7626.001000,0.848000,-0.860000
7627.001000,0.849000,-0.864000
7628.001000,0.849000,-0.869000
7629.001000,0.849000,-0.866000
7630.001000,0.851000,-0.862000
7631.001000,0.852000,-0.857000
7632.001000,0.853000,-0.860000
7633.001000,0.854000,-0.858000
7634.001000,0.853000,-0.859000
7635.001000,0.854000,-0.858000
7636.001000,0.853000,-0.855000
7637.001000,0.853000,-0.859000
7638.001000,0.853000,-0.862000
7639.001000,0.853000,-0.864000
7640.001000,0.853000,-0.858000
7641.001000,0.853000,-0.859000
7642.001000,0.853000,-0.861000
7643.001000,0.852000,-0.856000
7644.001000,0.852000,-0.852000
7645.001000,0.852000,-0.850000
7646.001000,0.853000,-0.852000
7647.001000,0.853000,-0.857000
7648.001000,0.853000,-0.854000
7649.001000,0.852000,-0.860000
7650.001000,0.852000,-0.858000
7651.001000,0.852000,-0.860000
7652.001000,0.851000,-0.862000
7653.001000,0.851000,-0.859000
7654.001000,0.852000,-0.848000
7655.001000,0.851000,-0.856000
7656.001000,0.851000,-0.857000
7657.001000,0.852000,-0.856000
7658.001000,0.852000,-0.854000
7659.001000,0.851000,-0.861000
7660.001000,0.852000,-0.859000
7661.001000,0.852000,-0.861000
7662.001000,0.852000,-0.857000
7663.001000,0.852000,-0.857000
7664.001000,0.853000,-0.854000
7665.001000,0.854000,-0.856000
7666.001000,0.853000,-0.857000
7667.001000,0.854000,-0.858000
7668.001000,0.854000,-0.859000
7669.001000,0.853000,-0.855000
7670.001000,0.853000,-0.858000
7671.001000,0.854000,-0.855000
7672.001000,0.855000,-0.854000
7673.001000,0.855000,-0.856000
7674.001000,0.855000,-0.856000
7675.001000,0.855000,-0.851000
7676.001000,0.855000,-0.846000
7677.001000,0.855000,-0.855000
7678.001000,0.856000,-0.852000
7679.001000,0.856000,-0.847000
7680.001000,0.856000,-0.846000
7681.001000,0.856000,-0.847000
7682.001000,0.856000,-0.847000
7683.001000,0.856000,-0.851000
7684.001000,0.856000,-0.849000
7685.001000,0.856000,-0.850000
7686.001000,0.856000,-0.846000
7687.001000,0.856000,-0.844000
7688.001000,0.855000,-0.843000
7689.001000,0.854000,-0.848000
7690.001000,0.854000,-0.849000
7691.001000,0.854000,-0.846000
7692.001000,0.854000,-0.849000
7693.001000,0.854000,-0.852000
7694.001000,0.854000,-0.862000
7695.001000,0.855000,-0.858000
7696.001000,0.855000,-0.859000
7697.001000,0.855000,-0.855000
7698.001000,0.855000,-0.854000
7699.001000,0.855000,-0.856000
7700.001000,0.855000,-0.865000
7701.001000,0.855000,-0.855000
7702.001000,0.855000,-0.854000
7703.001000,0.855000,-0.852000
7704.001000,0.854000,-0.851000
7705.001000,0.855000,-0.851000
7706.001000,0.854000,-0.852000
7707.001000,0.855000,-0.854000
7708.001000,0.855000,-0.854000
7709.001000,0.855000,-0.862000
7710.001000,0.854000,-0.853000
7711.001000,0.854000,-0.852000
7712.001000,0.855000,-0.855000
7713.001000,0.854000,-0.853000
7714.001000,0.854000,-0.856000
7715.001000,0.855000,-0.849000
7716.001000,0.855000,-0.851000
7717.001000,0.854000,-0.851000
7718.001000,0.855000,-0.852000
7719.001000,0.855000,-0.852000
7720.001000,0.855000,-0.857000
7721.001000,0.856000,-0.853000
7722.001000,0.856000,-0.850000
7723.001000,0.856000,-0.850000
7724.001000,0.856000,-0.848000
7725.001000,0.856000,-0.854000
7726.001000,0.856000,-0.854000
7727.001000,0.856000,-0.860000
7728.001000,0.856000,-0.859000
7729.001000,0.856000,-0.857000
7730.001000,0.857000,-0.852000
7731.001000,0.856000,-0.854000
7732.001000,0.857000,-0.850000
7733.001000,0.857000,-0.851000
7734.001000,0.857000,-0.854000
7735.001000,0.857000,-0.855000
7736.001000,0.857000,-0.854000
7737.001000,0.858000,-0.851000
7738.001000,0.858000,-0.848000
7739.001000,0.858000,-0.851000
7740.001000,0.858000,-0.848000
7741.001000,0.858000,-0.847000
7742.001000,0.858000,-0.847000
7743.001000,0.857000,-0.845000
7744.001000,0.857000,-0.850000
7745.001000,0.858000,-0.850000
7746.001000,0.857000,-0.844000
7747.001000,0.857000,-0.846000
7748.001000,0.857000,-0.848000
7749.001000,0.857000,-0.846000
7750.001000,0.858000,-0.850000
7751.001000,0.858000,-0.852000
7752.001000,0.858000,-0.851000
7753.001000,0.858000,-0.846000
7754.001000,0.858000,-0.847000
7755.001000,0.858000,-0.853000
7756.001000,0.858000,-0.847000
7757.001000,0.858000,-0.845000
7758.001000,0.858000,-0.853000
7759.001000,0.858000,-0.853000
7760.001000,0.858000,-0.854000
7761.001000,0.859000,-0.863000
7762.001000,0.858000,-0.859000
7763.001000,0.858000,-0.859000
7764.001000,0.857000,-0.855000
7765.001000,0.857000,-0.853000
7766.001000,0.857000,-0.852000
7767.001000,0.857000,-0.850000
7768.001000,0.858000,-0.852000
7769.001000,0.858000,-0.855000
7770.001000,0.859000,-0.849000
7771.001000,0.859000,-0.854000
7772.001000,0.859000,-0.853000
7773.001000,0.858000,-0.846000
7774.001000,0.858000,-0.845000
7775.001000,0.858000,-0.850000
7776.001000,0.858000,-0.844000
7777.001000,0.858000,-0.844000
7778.001000,0.857000,-0.839000
7779.001000,0.857000,-0.841000
7780.001000,0.857000,-0.847000
7781.001000,0.857000,-0.845000
7782.001000,0.858000,-0.845000
7783.001000,0.858000,-0.851000
7784.001000,0.858000,-0.851000
7785.001000,0.859000,-0.849000
7786.001000,0.860000,-0.854000
7787.001000,0.859000,-0.851000
7788.001000,0.859000,-0.851000
7789.001000,0.859000,-0.847000
7790.001000,0.859000,-0.846000
7791.001000,0.859000,-0.845000
7792.001000,0.859000,-0.848000
7793.001000,0.859000,-0.853000
7794.001000,0.859000,-0.843000
7795.001000,0.859000,-0.842000
7796.001000,0.859000,-0.845000
7797.001000,0.859000,-0.845000
7798.001000,0.860000,-0.849000
7799.001000,0.860000,-0.842000
7800.001000,0.860000,-0.847000
7801.001000,0.860000,-0.843000
7802.001000,0.860000,-0.848000
7803.001000,0.860000,-0.849000
7804.001000,0.861000,-0.848000
7805.001000,0.860000,-0.852000
7806.001000,0.860000,-0.851000
7807.001000,0.860000,-0.849000
7808.001000,0.860000,-0.852000
7809.001000,0.860000,-0.846000
7810.001000,0.859000,-0.854000
7811.001000,0.859000,-0.846000
7812.001000,0.860000,-0.842000
7813.001000,0.860000,-0.852000
7814.001000,0.860000,-0.845000
7815.001000,0.859000,-0.849000
7816.001000,0.859000,-0.845000
7817.001000,0.859000,-0.842000
7818.001000,0.860000,-0.846000
7819.001000,0.860000,-0.845000
7820.001000,0.860000,-0.840000
7821.001000,0.860000,-0.839000
7822.001000,0.860000,-0.837000
7823.001000,0.861000,-0.843000
7824.001000,0.861000,-0.845000
7825.001000,0.861000,-0.847000
7826.001000,0.860000,-0.843000
7827.001000,0.860000,-0.838000
7828.001000,0.860000,-0.838000
7829.001000,0.861000,-0.839000
7830.001000,0.861000,-0.834000
7831.001000,0.861000,-0.845000
7832.001000,0.862000,-0.843000
7833.001000,0.862000,-0.841000
7834.001000,0.861000,-0.840000
7835.001000,0.861000,-0.840000
7836.001000,0.862000,-0.838000
7837.001000,0.863000,-0.839000
7838.001000,0.863000,-0.835000
7839.001000,0.863000,-0.834000
7840.001000,0.863000,-0.837000
7841.001000,0.863000,-0.836000
7842.001000,0.863000,-0.842000
7843.001000,0.863000,-0.846000
7844.001000,0.863000,-0.843000
7845.001000,0.863000,-0.841000
7846.001000,0.863000,-0.834000
7847.001000,0.863000,-0.836000
7848.001000,0.863000,-0.841000
7849.001000,0.863000,-0.840000
7850.001000,0.863000,-0.835000
7851.001000,0.862000,-0.838000
7852.001000,0.862000,-0.838000
7853.001000,0.863000,-0.840000
7854.001000,0.863000,-0.835000
7855.001000,0.863000,-0.831000
7856.001000,0.863000,-0.831000
7857.001000,0.863000,-0.834000
7858.001000,0.863000,-0.833000
7859.001000,0.863000,-0.840000
7860.001000,0.863000,-0.839000
7861.001000,0.863000,-0.838000
7862.001000,0.863000,-0.838000
7863.001000,0.862000,-0.839000
7864.001000,0.862000,-0.838000
7865.001000,0.862000,-0.840000
7866.001000,0.863000,-0.837000
7867.001000,0.863000,-0.842000
7868.001000,0.863000,-0.844000
7869.001000,0.862000,-0.846000
7870.001000,0.862000,-0.845000
7871.001000,0.863000,-0.845000
7872.001000,0.863000,-0.842000
7873.001000,0.863000,-0.837000
7874.001000,0.863000,-0.830000
7875.001000,0.863000,-0.835000
7876.001000,0.864000,-0.841000
7877.001000,0.864000,-0.839000
7878.001000,0.865000,-0.837000
7879.001000,0.865000,-0.840000
7880.001000,0.865000,-0.835000
7881.001000,0.865000,-0.832000
7882.001000,0.865000,-0.832000
7883.001000,0.865000,-0.834000
7884.001000,0.866000,-0.836000
7885.001000,0.866000,-0.836000
7886.001000,0.866000,-0.836000
7887.001000,0.866000,-0.837000
7888.001000,0.866000,-0.843000
7889.001000,0.866000,-0.846000
7890.001000,0.866000,-0.840000
7891.001000,0.866000,-0.843000
7892.001000,0.866000,-0.838000
7893.001000,0.866000,-0.838000
7894.001000,0.865000,-0.841000
7895.001000,0.866000,-0.837000
7896.001000,0.865000,-0.838000
7897.001000,0.864000,-0.834000
7898.001000,0.864000,-0.836000
7899.001000,0.864000,-0.836000
7900.001000,0.864000,-0.835000
7901.001000,0.864000,-0.833000
7902.001000,0.864000,-0.847000
7903.001000,0.864000,-0.848000
7904.001000,0.864000,-0.849000
7905.001000,0.865000,-0.843000
7906.001000,0.865000,-0.844000
7907.001000,0.865000,-0.843000
7908.001000,0.864000,-0.842000
7909.001000,0.864000,-0.839000
7910.001000,0.864000,-0.833000
7911.001000,0.864000,-0.844000
7912.001000,0.864000,-0.839000
7913.001000,0.864000,-0.837000
7914.001000,0.864000,-0.839000
7915.001000,0.865000,-0.837000
7916.001000,0.865000,-0.838000
7917.001000,0.865000,-0.838000
7918.001000,0.865000,-0.839000
7919.001000,0.866000,-0.833000
7920.001000,0.867000,-0.839000
7921.001000,0.866000,-0.837000
7922.001000,0.867000,-0.834000
7923.001000,0.868000,-0.828000
7924.001000,0.868000,-0.830000
7925.001000,0.867000,-0.836000
7926.001000,0.868000,-0.826000
7927.001000,0.869000,-0.830000
7928.001000,0.869000,-0.829000
7929.001000,0.869000,-0.829000
7930.001000,0.870000,-0.829000
7931.001000,0.871000,-0.830000
7932.001000,0.870000,-0.831000
7933.001000,0.869000,-0.831000
7934.001000,0.869000,-0.830000
7935.001000,0.868000,-0.838000
7936.001000,0.868000,-0.836000
7937.001000,0.868000,-0.836000
7938.001000,0.869000,-0.834000
7939.001000,0.870000,-0.836000
7940.001000,0.871000,-0.835000
7941.001000,0.871000,-0.831000
7942.001000,0.871000,-0.831000
7943.001000,0.872000,-0.829000
7944.001000,0.872000,-0.831000
7945.001000,0.872000,-0.834000
7946.001000,0.872000,-0.831000
7947.001000,0.872000,-0.831000
7948.001000,0.872000,-0.834000
7949.001000,0.872000,-0.837000
7950.001000,0.872000,-0.836000
7951.001000,0.872000,-0.837000
7952.001000,0.872000,-0.837000
7953.001000,0.872000,-0.836000
7954.001000,0.872000,-0.834000
7955.001000,0.872000,-0.830000
7956.001000,0.872000,-0.832000
7957.001000,0.872000,-0.834000
7958.001000,0.872000,-0.831000
7959.001000,0.873000,-0.838000
7960.001000,0.873000,-0.836000
7961.001000,0.873000,-0.835000
7962.001000,0.874000,-0.831000
7963.001000,0.873000,-0.834000
7964.001000,0.874000,-0.836000
7965.001000,0.874000,-0.837000
7966.001000,0.875000,-0.831000
7967.001000,0.875000,-0.836000
7968.001000,0.875000,-0.836000
7969.001000,0.876000,-0.833000
7970.001000,0.876000,-0.835000
7971.001000,0.876000,-0.841000
7972.001000,0.876000,-0.838000
7973.001000,0.876000,-0.841000
7974.001000,0.876000,-0.850000
7975.001000,0.875000,-0.848000
7976.001000,0.875000,-0.849000
7977.001000,0.874000,-0.844000
7978.001000,0.872000,-0.844000
7979.001000,0.872000,-0.861000
7980.001000,0.872000,-0.854000
7981.001000,0.871000,-0.852000
7982.001000,0.871000,-0.852000
7983.001000,0.871000,-0.848000
7984.001000,0.871000,-0.848000
7985.001000,0.870000,-0.848000
7986.001000,0.870000,-0.848000
7987.001000,0.871000,-0.851000
7988.001000,0.870000,-0.855000
7989.001000,0.871000,-0.857000
7990.001000,0.870000,-0.855000
7991.001000,0.870000,-0.855000
7992.001000,0.870000,-0.852000
7993.001000,0.869000,-0.848000
7994.001000,0.869000,-0.852000
7995.001000,0.870000,-0.853000
7996.001000,0.870000,-0.848000
7997.001000,0.870000,-0.854000
7998.001000,0.870000,-0.854000
7999.001000,0.869000,-0.850000
8000.001000,0.868000,-0.851000
8001.001000,0.869000,-0.851000
8002.001000,0.869000,-0.848000
8003.001000,0.869000,-0.858000
8004.001000,0.869000,-0.851000
8005.001000,0.869000,-0.852000
8006.001000,0.869000,-0.846000
8007.001000,0.869000,-0.851000
8008.001000,0.869000,-0.849000
8009.001000,0.870000,-0.849000
8010.001000,0.869000,-0.845000
8011.001000,0.869000,-0.852000
8012.001000,0.869000,-0.848000
8013.001000,0.869000,-0.853000
8014.001000,0.869000,-0.851000
8015.001000,0.870000,-0.854000
8016.001000,0.870000,-0.850000
8017.001000,0.870000,-0.846000
8018.001000,0.870000,-0.843000
8019.001000,0.870000,-0.842000
8020.001000,0.871000,-0.840000
8021.001000,0.871000,-0.847000
8022.001000,0.871000,-0.846000
8023.001000,0.871000,-0.852000
8024.001000,0.871000,-0.853000
8025.001000,0.871000,-0.852000
8026.001000,0.871000,-0.851000
8027.001000,0.871000,-0.849000
8028.001000,0.871000,-0.844000
8029.001000,0.870000,-0.844000
8030.001000,0.870000,-0.849000
8031.001000,0.870000,-0.851000
8032.001000,0.870000,-0.852000
8033.001000,0.869000,-0.852000
8034.001000,0.869000,-0.852000
8035.001000,0.870000,-0.858000
8036.001000,0.870000,-0.855000
8037.001000,0.870000,-0.851000
8038.001000,0.870000,-0.851000
8039.001000,0.870000,-0.847000
8040.001000,0.870000,-0.852000
8041.001000,0.869000,-0.854000
8042.001000,0.869000,-0.857000
8043.001000,0.870000,-0.856000
8044.001000,0.869000,-0.859000
8045.001000,0.869000,-0.853000
8046.001000,0.870000,-0.849000
8047.001000,0.870000,-0.847000
8048.001000,0.870000,-0.850000
8049.001000,0.870000,-0.852000
8050.001000,0.869000,-0.848000
8051.001000,0.870000,-0.852000
8052.001000,0.870000,-0.851000
8053.001000,0.871000,-0.849000
8054.001000,0.871000,-0.850000
8055.001000,0.871000,-0.853000
8056.001000,0.872000,-0.849000
8057.001000,0.871000,-0.857000
8058.001000,0.871000,-0.847000
8059.001000,0.871000,-0.848000
8060.001000,0.872000,-0.844000
8061.001000,0.872000,-0.850000
8062.001000,0.873000,-0.847000
8063.001000,0.873000,-0.846000
8064.001000,0.874000,-0.841000
8065.001000,0.873000,-0.839000
8066.001000,0.874000,-0.840000
8067.001000,0.874000,-0.844000
8068.001000,0.874000,-0.847000
8069.001000,0.873000,-0.854000
8070.001000,0.873000,-0.848000
8071.001000,0.873000,-0.847000
8072.001000,0.873000,-0.844000
8073.001000,0.873000,-0.841000
8074.001000,0.872000,-0.844000
8075.001000,0.873000,-0.849000
8076.001000,0.873000,-0.846000
8077.001000,0.873000,-0.852000
8078.001000,0.873000,-0.847000
8079.001000,0.872000,-0.844000
8080.001000,0.872000,-0.855000
8081.001000,0.872000,-0.853000
8082.001000,0.873000,-0.863000
8083.001000,0.873000,-0.858000
8084.001000,0.872000,-0.854000
8085.001000,0.871000,-0.858000
8086.001000,0.871000,-0.856000
8087.001000,0.871000,-0.855000
8088.001000,0.872000,-0.856000
8089.001000,0.872000,-0.855000
8090.001000,0.872000,-0.855000
8091.001000,0.872000,-0.852000
8092.001000,0.872000,-0.848000
8093.001000,0.872000,-0.851000
8094.001000,0.873000,-0.856000
8095.001000,0.872000,-0.854000
8096.001000,0.872000,-0.853000
8097.001000,0.873000,-0.849000
8098.001000,0.872000,-0.849000
8099.001000,0.873000,-0.848000
8100.001000,0.873000,-0.847000
8101.001000,0.873000,-0.851000
8102.001000,0.873000,-0.852000
8103.001000,0.873000,-0.852000
8104.001000,0.874000,-0.848000
8105.001000,0.874000,-0.847000
8106.001000,0.875000,-0.842000
8107.001000,0.876000,-0.840000
8108.001000,0.876000,-0.850000
8109.001000,0.875000,-0.845000
8110.001000,0.876000,-0.849000
8111.001000,0.875000,-0.848000
8112.001000,0.875000,-0.847000
8113.001000,0.875000,-0.846000
8114.001000,0.875000,-0.847000
8115.001000,0.874000,-0.850000
8116.001000,0.874000,-0.843000
8117.001000,0.875000,-0.845000
8118.001000,0.874000,-0.843000
8119.001000,0.874000,-0.842000
8120.001000,0.875000,-0.847000
8121.001000,0.875000,-0.843000
8122.001000,0.875000,-0.845000
8123.001000,0.875000,-0.840000
8124.001000,0.875000,-0.840000
8125.001000,0.876000,-0.840000
8126.001000,0.876000,-0.836000
8127.001000,0.876000,-0.844000
8128.001000,0.876000,-0.842000
8129.001000,0.876000,-0.851000
8130.001000,0.876000,-0.852000
8131.001000,0.876000,-0.849000
8132.001000,0.876000,-0.848000
8133.001000,0.876000,-0.848000
8134.001000,0.875000,-0.852000
8135.001000,0.876000,-0.853000
8136.001000,0.876000,-0.849000
8137.001000,0.877000,-0.847000
8138.001000,0.876000,-0.849000
8139.001000,0.876000,-0.849000
8140.001000,0.876000,-0.853000
8141.001000,0.876000,-0.850000
8142.001000,0.876000,-0.849000
8143.001000,0.877000,-0.851000
8144.001000,0.877000,-0.848000
8145.001000,0.877000,-0.844000
8146.001000,0.877000,-0.844000
8147.001000,0.877000,-0.843000
8148.001000,0.877000,-0.840000
8149.001000,0.877000,-0.841000
8150.001000,0.877000,-0.845000
8151.001000,0.877000,-0.845000
8152.001000,0.878000,-0.847000
8153.001000,0.877000,-0.847000
8154.001000,0.877000,-0.849000
8155.001000,0.878000,-0.847000
8156.001000,0.878000,-0.847000
8157.001000,0.878000,-0.848000
8158.001000,0.877000,-0.847000
8159.001000,0.878000,-0.849000
8160.001000,0.877000,-0.849000
8161.001000,0.877000,-0.852000
8162.001000,0.877000,-0.851000
8163.001000,0.877000,-0.841000
8164.001000,0.877000,-0.845000
8165.001000,0.877000,-0.846000
8166.001000,0.877000,-0.851000
8167.001000,0.877000,-0.852000
8168.001000,0.877000,-0.851000
8169.001000,0.876000,-0.851000
8170.001000,0.876000,-0.857000
8171.001000,0.877000,-0.854000
8172.001000,0.877000,-0.845000
8173.001000,0.877000,-0.846000
8174.001000,0.877000,-0.849000
8175.001000,0.877000,-0.848000
8176.001000,0.877000,-0.854000
8177.001000,0.877000,-0.853000
8178.001000,0.878000,-0.848000
8179.001000,0.877000,-0.851000
8180.001000,0.877000,-0.852000
8181.001000,0.877000,-0.852000
8182.001000,0.877000,-0.852000
8183.001000,0.877000,-0.847000
8184.001000,0.877000,-0.853000
8185.001000,0.877000,-0.859000
8186.001000,0.877000,-0.854000
8187.001000,0.878000,-0.848000
8188.001000,0.878000,-0.851000
8189.001000,0.878000,-0.858000
8190.001000,0.878000,-0.849000
8191.001000,0.877000,-0.850000
8192.001000,0.878000,-0.849000
8193.001000,0.879000,-0.846000
8194.001000,0.879000,-0.845000
8195.001000,0.879000,-0.842000
8196.001000,0.880000,-0.844000
8197.001000,0.880000,-0.839000
8198.001000,0.881000,-0.840000
8199.001000,0.881000,-0.840000
8200.001000,0.880000,-0.839000
8201.001000,0.880000,-0.840000
8202.001000,0.881000,-0.841000
8203.001000,0.882000,-0.841000
8204.001000,0.881000,-0.837000
8205.001000,0.881000,-0.842000
8206.001000,0.881000,-0.837000
8207.001000,0.881000,-0.833000
8208.001000,0.881000,-0.835000
8209.001000,0.881000,-0.833000
8210.001000,0.882000,-0.834000
8211.001000,0.882000,-0.834000
8212.001000,0.882000,-0.836000
8213.001000,0.882000,-0.839000
8214.001000,0.882000,-0.836000
8215.001000,0.882000,-0.838000
8216.001000,0.883000,-0.839000
8217.001000,0.882000,-0.841000
8218.001000,0.883000,-0.841000
8219.001000,0.883000,-0.838000
8220.001000,0.883000,-0.843000
8221.001000,0.883000,-0.842000
8222.001000,0.883000,-0.841000
8223.001000,0.883000,-0.834000
8224.001000,0.883000,-0.837000
8225.001000,0.883000,-0.837000
8226.001000,0.884000,-0.843000
8227.001000,0.883000,-0.847000
8228.001000,0.883000,-0.842000
8229.001000,0.883000,-0.840000
8230.001000,0.883000,-0.840000
8231.001000,0.883000,-0.841000
8232.001000,0.882000,-0.840000
8233.001000,0.882000,-0.844000
8234.001000,0.882000,-0.846000
8235.001000,0.882000,-0.848000
8236.001000,0.883000,-0.857000
8237.001000,0.883000,-0.855000
8238.001000,0.883000,-0.847000
8239.001000,0.884000,-0.848000
8240.001000,0.883000,-0.845000
8241.001000,0.883000,-0.842000
8242.001000,0.882000,-0.843000
8243.001000,0.882000,-0.840000
8244.001000,0.883000,-0.847000
8245.001000,0.883000,-0.846000
8246.001000,0.883000,-0.842000
8247.001000,0.883000,-0.837000
8248.001000,0.884000,-0.841000
8249.001000,0.884000,-0.838000
8250.001000,0.884000,-0.839000
8251.001000,0.884000,-0.835000
8252.001000,0.884000,-0.838000
8253.001000,0.884000,-0.837000
8254.001000,0.884000,-0.838000
8255.001000,0.884000,-0.833000
8256.001000,0.884000,-0.833000
8257.001000,0.884000,-0.837000
8258.001000,0.883000,-0.836000
8259.001000,0.883000,-0.838000
8260.001000,0.883000,-0.836000
8261.001000,0.883000,-0.836000
8262.001000,0.883000,-0.835000
8263.001000,0.883000,-0.832000
8264.001000,0.883000,-0.834000
8265.001000,0.883000,-0.841000
8266.001000,0.883000,-0.842000
8267.001000,0.883000,-0.843000
8268.001000,0.883000,-0.841000
8269.001000,0.883000,-0.843000
8270.001000,0.883000,-0.843000
8271.001000,0.883000,-0.837000
8272.001000,0.882000,-0.840000
8273.001000,0.883000,-0.840000
8274.001000,0.884000,-0.838000
8275.001000,0.885000,-0.835000
8276.001000,0.885000,-0.837000
8277.001000,0.885000,-0.836000
8278.001000,0.886000,-0.838000
8279.001000,0.886000,-0.837000
8280.001000,0.886000,-0.835000
8281.001000,0.886000,-0.832000
8282.001000,0.885000,-0.838000
8283.001000,0.885000,-0.834000
8284.001000,0.885000,-0.833000
8285.001000,0.884000,-0.829000
8286.001000,0.884000,-0.833000
8287.001000,0.885000,-0.831000
8288.001000,0.885000,-0.832000
8289.001000,0.885000,-0.830000
8290.001000,0.885000,-0.831000
8291.001000,0.885000,-0.833000
8292.001000,0.886000,-0.826000
8293.001000,0.885000,-0.830000
8294.001000,0.886000,-0.829000
8295.001000,0.885000,-0.829000
8296.001000,0.885000,-0.827000
8297.001000,0.885000,-0.834000
8298.001000,0.885000,-0.831000
8299.001000,0.886000,-0.831000
8300.001000,0.886000,-0.829000
8301.001000,0.885000,-0.841000
8302.001000,0.885000,-0.839000
8303.001000,0.885000,-0.832000
8304.001000,0.885000,-0.835000
8305.001000,0.886000,-0.833000
8306.001000,0.886000,-0.836000
8307.001000,0.887000,-0.828000
8308.001000,0.887000,-0.837000
8309.001000,0.889000,-0.839000
8310.001000,0.891000,-0.840000
8311.001000,0.892000,-0.831000
8312.001000,0.893000,-0.830000
8313.001000,0.892000,-0.827000
8314.001000,0.893000,-0.827000
8315.001000,0.893000,-0.833000
8316.001000,0.893000,-0.830000
8317.001000,0.894000,-0.833000
8318.001000,0.895000,-0.833000
8319.001000,0.893000,-0.831000
8320.001000,0.893000,-0.838000
8321.001000,0.893000,-0.838000
8322.001000,0.893000,-0.827000
8323.001000,0.893000,-0.832000
8324.001000,0.893000,-0.831000
8325.001000,0.893000,-0.826000
8326.001000,0.894000,-0.828000
8327.001000,0.894000,-0.831000
8328.001000,0.894000,-0.831000
8329.001000,0.894000,-0.832000
8330.001000,0.894000,-0.835000
8331.001000,0.894000,-0.837000
8332.001000,0.895000,-0.832000
8333.001000,0.895000,-0.833000
8334.001000,0.895000,-0.829000
8335.001000,0.896000,-0.825000
8336.001000,0.896000,-0.827000
8337.001000,0.896000,-0.823000
8338.001000,0.895000,-0.832000
8339.001000,0.895000,-0.833000
8340.001000,0.895000,-0.830000
8341.001000,0.895000,-0.835000
8342.001000,0.896000,-0.832000
8343.001000,0.896000,-0.835000
8344.001000,0.895000,-0.831000
8345.001000,0.894000,-0.839000
8346.001000,0.893000,-0.837000
8347.001000,0.893000,-0.834000
8348.001000,0.893000,-0.839000
8349.001000,0.892000,-0.840000
8350.001000,0.892000,-0.840000
8351.001000,0.892000,-0.838000
8352.001000,0.892000,-0.835000
8353.001000,0.892000,-0.836000
8354.001000,0.891000,-0.834000
8355.001000,0.891000,-0.837000
8356.001000,0.891000,-0.837000
8357.001000,0.891000,-0.834000
8358.001000,0.891000,-0.834000
8359.001000,0.891000,-0.832000
8360.001000,0.891000,-0.833000
8361.001000,0.891000,-0.830000
8362.001000,0.890000,-0.835000
8363.001000,0.891000,-0.833000
8364.001000,0.891000,-0.837000
8365.001000,0.891000,-0.838000
8366.001000,0.891000,-0.839000
8367.001000,0.891000,-0.837000
8368.001000,0.892000,-0.839000
8369.001000,0.892000,-0.838000
8370.001000,0.893000,-0.832000
8371.001000,0.892000,-0.833000
8372.001000,0.892000,-0.838000
8373.001000,0.892000,-0.833000
8374.001000,0.892000,-0.836000
8375.001000,0.893000,-0.829000
8376.001000,0.893000,-0.833000
8377.001000,0.893000,-0.832000
8378.001000,0.893000,-0.831000
8379.001000,0.893000,-0.834000
8380.001000,0.893000,-0.833000
8381.001000,0.894000,-0.836000
8382.001000,0.893000,-0.835000
8383.001000,0.894000,-0.832000
8384.001000,0.893000,-0.829000
8385.001000,0.894000,-0.826000
8386.001000,0.896000,-0.826000
8387.001000,0.896000,-0.826000
8388.001000,0.896000,-0.827000
8389.001000,0.895000,-0.828000
8390.001000,0.895000,-0.834000
8391.001000,0.895000,-0.828000
8392.001000,0.895000,-0.827000
8393.001000,0.895000,-0.827000
8394.001000,0.895000,-0.829000
8395.001000,0.895000,-0.830000
8396.001000,0.895000,-0.836000
8397.001000,0.895000,-0.839000
8398.001000,0.895000,-0.840000
8399.001000,0.894000,-0.839000
8400.001000,0.895000,-0.846000
8401.001000,0.894000,-0.843000
8402.001000,0.894000,-0.837000
8403.001000,0.894000,-0.839000
8404.001000,0.894000,-0.841000
8405.001000,0.894000,-0.841000
8406.001000,0.893000,-0.841000
8407.001000,0.893000,-0.838000
8408.001000,0.893000,-0.840000
8409.001000,0.893000,-0.837000
8410.001000,0.893000,-0.837000
8411.001000,0.893000,-0.844000
8412.001000,0.894000,-0.843000
8413.001000,0.893000,-0.835000
8414.001000,0.894000,-0.834000
8415.001000,0.893000,-0.828000
8416.001000,0.893000,-0.829000
8417.001000,0.894000,-0.831000
8418.001000,0.893000,-0.832000
8419.001000,0.893000,-0.827000
8420.001000,0.894000,-0.832000
8421.001000,0.894000,-0.837000
8422.001000,0.894000,-0.833000
8423.001000,0.894000,-0.837000
8424.001000,0.894000,-0.841000
8425.001000,0.895000,-0.839000
8426.001000,0.894000,-0.845000
8427.001000,0.894000,-0.842000
8428.001000,0.894000,-0.840000
8429.001000,0.894000,-0.840000
8430.001000,0.893000,-0.839000
8431.001000,0.893000,-0.837000
8432.001000,0.894000,-0.840000
8433.001000,0.893000,-0.833000
8434.001000,0.893000,-0.834000
8435.001000,0.894000,-0.832000
8436.001000,0.893000,-0.833000
8437.001000,0.893000,-0.833000
8438.001000,0.893000,-0.838000
8439.001000,0.893000,-0.839000
8440.001000,0.893000,-0.837000
8441.001000,0.894000,-0.844000
8442.001000,0.893000,-0.841000
8443.001000,0.893000,-0.846000
8444.001000,0.893000,-0.838000
8445.001000,0.894000,-0.840000
8446.001000,0.894000,-0.835000
8447.001000,0.894000,-0.836000
8448.001000,0.894000,-0.843000
8449.001000,0.894000,-0.837000
8450.001000,0.894000,-0.837000
8451.001000,0.894000,-0.841000
8452.001000,0.894000,-0.832000
8453.001000,0.894000,-0.838000
8454.001000,0.893000,-0.835000
8455.001000,0.894000,-0.826000
8456.001000,0.894000,-0.839000
8457.001000,0.894000,-0.831000
8458.001000,0.894000,-0.834000
8459.001000,0.894000,-0.835000
8460.001000,0.894000,-0.834000
8461.001000,0.894000,-0.833000
8462.001000,0.894000,-0.828000
8463.001000,0.894000,-0.829000
8464.001000,0.894000,-0.830000
8465.001000,0.894000,-0.830000
8466.001000,0.894000,-0.838000
8467.001000,0.894000,-0.833000
8468.001000,0.894000,-0.833000
8469.001000,0.894000,-0.838000
8470.001000,0.895000,-0.836000
8471.001000,0.894000,-0.827000
8472.001000,0.894000,-0.829000
8473.001000,0.893000,-0.832000
8474.001000,0.894000,-0.824000
8475.001000,0.893000,-0.827000
8476.001000,0.893000,-0.826000
8477.001000,0.893000,-0.824000
8478.001000,0.893000,-0.828000
8479.001000,0.893000,-0.831000
8480.001000,0.894000,-0.832000
8481.001000,0.894000,-0.830000
8482.001000,0.895000,-0.824000
8483.001000,0.894000,-0.824000
8484.001000,0.894000,-0.825000
8485.001000,0.894000,-0.825000
8486.001000,0.893000,-0.832000
8487.001000,0.894000,-0.830000
8488.001000,0.893000,-0.826000
8489.001000,0.894000,-0.831000
8490.001000,0.894000,-0.829000
8491.001000,0.894000,-0.828000
8492.001000,0.895000,-0.822000
8493.001000,0.896000,-0.827000
8494.001000,0.898000,-0.819000
8495.001000,0.899000,-0.828000
8496.001000,0.900000,-0.823000
8497.001000,0.900000,-0.828000
8498.001000,0.901000,-0.822000
8499.001000,0.902000,-0.821000
8500.001000,0.903000,-0.817000
8501.001000,0.903000,-0.821000
8502.001000,0.903000,-0.815000
8503.001000,0.904000,-0.818000
8504.001000,0.904000,-0.817000
8505.001000,0.903000,-0.817000
8506.001000,0.902000,-0.816000
8507.001000,0.902000,-0.815000
8508.001000,0.902000,-0.814000
8509.001000,0.903000,-0.813000
8510.001000,0.903000,-0.811000
8511.001000,0.904000,-0.811000
8512.001000,0.905000,-0.805000
8513.001000,0.907000,-0.806000
8514.001000,0.907000,-0.812000
8515.001000,0.909000,-0.814000
8516.001000,0.910000,-0.814000
8517.001000,0.910000,-0.815000
8518.001000,0.910000,-0.813000
8519.001000,0.910000,-0.814000
8520.001000,0.910000,-0.812000
8521.001000,0.910000,-0.817000
8522.001000,0.910000,-0.814000
8523.001000,0.910000,-0.819000
8524.001000,0.910000,-0.810000
8525.001000,0.910000,-0.816000
8526.001000,0.909000,-0.811000
8527.001000,0.908000,-0.810000
8528.001000,0.907000,-0.811000
8529.001000,0.907000,-0.819000
8530.001000,0.908000,-0.818000
8531.001000,0.908000,-0.817000
8532.001000,0.909000,-0.817000
8533.001000,0.909000,-0.818000
8534.001000,0.909000,-0.814000
8535.001000,0.908000,-0.815000
8536.001000,0.907000,-0.811000
8537.001000,0.906000,-0.813000
8538.001000,0.904000,-0.812000
8539.001000,0.904000,-0.807000
8540.001000,0.905000,-0.815000
8541.001000,0.905000,-0.805000
8542.001000,0.905000,-0.806000
8543.001000,0.904000,-0.808000
8544.001000,0.905000,-0.807000
8545.001000,0.905000,-0.807000
8546.001000,0.905000,-0.806000
8547.001000,0.905000,-0.808000
8548.001000,0.905000,-0.806000
8549.001000,0.905000,-0.803000
8550.001000,0.905000,-0.796000
8551.001000,0.905000,-0.795000
8552.001000,0.905000,-0.796000
8553.001000,0.905000,-0.805000
8554.001000,0.906000,-0.800000
8555.001000,0.906000,-0.792000
8556.001000,0.906000,-0.796000
8557.001000,0.905000,-0.798000
8558.001000,0.905000,-0.798000
8559.001000,0.905000,-0.800000
8560.001000,0.905000,-0.797000
8561.001000,0.905000,-0.797000
8562.001000,0.905000,-0.803000
8563.001000,0.905000,-0.805000
8564.001000,0.906000,-0.810000
8565.001000,0.906000,-0.818000
8566.001000,0.906000,-0.804000
8567.001000,0.905000,-0.799000
8568.001000,0.904000,-0.814000
8569.001000,0.904000,-0.821000
8570.001000,0.904000,-0.819000
8571.001000,0.905000,-0.839000
8572.001000,0.906000,-0.838000
8573.001000,0.906000,-0.805000
8574.001000,0.905000,-0.802000
8575.001000,0.906000,-0.804000
8576.001000,0.906000,-0.801000
8577.001000,0.905000,-0.834000
8578.001000,0.906000,-0.832000
8579.001000,0.906000,-0.832000
8580.001000,0.907000,-0.833000
8581.001000,0.908000,-0.833000
8582.001000,0.908000,-0.840000
8583.001000,0.908000,-0.838000
8584.001000,0.908000,-0.837000
8585.001000,0.908000,-0.839000
8586.001000,0.908000,-0.835000
8587.001000,0.907000,-0.835000
8588.001000,0.908000,-0.833000
8589.001000,0.907000,-0.828000
8590.001000,0.908000,-0.831000
8591.001000,0.908000,-0.828000
8592.001000,0.908000,-0.831000
8593.001000,0.907000,-0.823000
8594.001000,0.907000,-0.828000
8595.001000,0.908000,-0.826000
8596.001000,0.910000,-0.832000
8597.001000,0.911000,-0.830000
8598.001000,0.911000,-0.835000
8599.001000,0.911000,-0.834000
8600.001000,0.911000,-0.841000
8601.001000,0.911000,-0.838000
8602.001000,0.912000,-0.838000
8603.001000,0.912000,-0.831000
8604.001000,0.912000,-0.835000
8605.001000,0.913000,-0.828000
8606.001000,0.913000,-0.826000
8607.001000,0.913000,-0.826000
8608.001000,0.912000,-0.825000
8609.001000,0.911000,-0.829000
8610.001000,0.911000,-0.829000
8611.001000,0.912000,-0.839000
8612.001000,0.913000,-0.828000
8613.001000,0.913000,-0.826000
8614.001000,0.912000,-0.830000
8615.001000,0.913000,-0.823000
8616.001000,0.913000,-0.826000
8617.001000,0.913000,-0.828000
8618.001000,0.913000,-0.839000
8619.001000,0.913000,-0.832000
8620.001000,0.913000,-0.827000
8621.001000,0.913000,-0.827000
8622.001000,0.913000,-0.832000
8623.001000,0.913000,-0.829000
8624.001000,0.914000,-0.824000
8625.001000,0.915000,-0.821000
8626.001000,0.915000,-0.825000
8627.001000,0.916000,-0.829000
8628.001000,0.916000,-0.821000
8629.001000,0.915000,-0.816000
8630.001000,0.916000,-0.823000
8631.001000,0.915000,-0.820000
8632.001000,0.916000,-0.816000
8633.001000,0.916000,-0.822000
8634.001000,0.916000,-0.819000
8635.001000,0.917000,-0.814000
8636.001000,0.917000,-0.816000
8637.001000,0.916000,-0.818000
8638.001000,0.916000,-0.814000
8639.001000,0.916000,-0.815000
8640.001000,0.915000,-0.816000
8641.001000,0.915000,-0.817000
8642.001000,0.915000,-0.818000
8643.001000,0.915000,-0.828000
8644.001000,0.914000,-0.815000
8645.001000,0.914000,-0.812000
8646.001000,0.914000,-0.815000
8647.001000,0.914000,-0.816000
8648.001000,0.914000,-0.811000
8649.001000,0.915000,-0.811000
8650.001000,0.915000,-0.816000
8651.001000,0.915000,-0.813000
8652.001000,0.914000,-0.815000
8653.001000,0.914000,-0.817000
8654.001000,0.914000,-0.833000
8655.001000,0.914000,-0.837000
8656.001000,0.914000,-0.832000
8657.001000,0.913000,-0.834000
8658.001000,0.913000,-0.842000
8659.001000,0.914000,-0.842000
8660.001000,0.915000,-0.844000
8661.001000,0.915000,-0.842000
8662.001000,0.915000,-0.839000
8663.001000,0.915000,-0.844000
8664.001000,0.915000,-0.848000
8665.001000,0.915000,-0.847000
8666.001000,0.915000,-0.848000
8667.001000,0.915000,-0.842000
8668.001000,0.915000,-0.839000
8669.001000,0.915000,-0.838000
8670.001000,0.915000,-0.849000
8671.001000,0.915000,-0.831000
8672.001000,0.915000,-0.838000
8673.001000,0.916000,-0.826000
8674.001000,0.916000,-0.833000
8675.001000,0.916000,-0.844000
8676.001000,0.916000,-0.845000
8677.001000,0.916000,-0.843000
8678.001000,0.917000,-0.841000
8679.001000,0.917000,-0.845000
8680.001000,0.917000,-0.840000
8681.001000,0.917000,-0.836000
8682.001000,0.917000,-0.834000
8683.001000,0.917000,-0.817000
8684.001000,0.917000,-0.831000
8685.001000,0.918000,-0.811000
8686.001000,0.918000,-0.812000
8687.001000,0.918000,-0.813000
8688.001000,0.918000,-0.814000
8689.001000,0.917000,-0.819000
8690.001000,0.917000,-0.823000
8691.001000,0.917000,-0.820000
8692.001000,0.917000,-0.811000
8693.001000,0.917000,-0.827000
8694.001000,0.917000,-0.830000
8695.001000,0.917000,-0.828000
8696.001000,0.916000,-0.836000
8697.001000,0.916000,-0.818000
8698.001000,0.916000,-0.811000
8699.001000,0.916000,-0.814000
8700.001000,0.917000,-0.818000
8701.001000,0.916000,-0.823000
8702.001000,0.917000,-0.820000
8703.001000,0.917000,-0.815000
8704.001000,0.917000,-0.822000
8705.001000,0.917000,-0.832000
8706.001000,0.916000,-0.833000
8707.001000,0.915000,-0.837000
8708.001000,0.915000,-0.831000
8709.001000,0.915000,-0.843000
8710.001000,0.915000,-0.845000
8711.001000,0.916000,-0.843000
8712.001000,0.916000,-0.842000
8713.001000,0.917000,-0.840000
8714.001000,0.917000,-0.840000
8715.001000,0.916000,-0.839000
8716.001000,0.917000,-0.838000
8717.001000,0.918000,-0.840000
8718.001000,0.917000,-0.839000
8719.001000,0.918000,-0.834000
8720.001000,0.918000,-0.836000
8721.001000,0.918000,-0.838000
8722.001000,0.918000,-0.837000
8723.001000,0.918000,-0.839000
8724.001000,0.918000,-0.843000
8725.001000,0.918000,-0.840000
8726.001000,0.919000,-0.836000
8727.001000,0.919000,-0.840000
8728.001000,0.919000,-0.837000
8729.001000,0.919000,-0.834000
8730.001000,0.919000,-0.827000
8731.001000,0.919000,-0.826000
8732.001000,0.919000,-0.828000
8733.001000,0.919000,-0.831000
8734.001000,0.919000,-0.829000
8735.001000,0.919000,-0.832000
8736.001000,0.919000,-0.830000
8737.001000,0.919000,-0.834000
8738.001000,0.919000,-0.831000
8739.001000,0.918000,-0.831000
8740.001000,0.918000,-0.834000
8741.001000,0.918000,-0.833000
8742.001000,0.919000,-0.835000
8743.001000,0.920000,-0.824000
8744.001000,0.920000,-0.835000
8745.001000,0.919000,-0.836000
8746.001000,0.919000,-0.847000
8747.001000,0.918000,-0.837000
8748.001000,0.919000,-0.837000
8749.001000,0.919000,-0.839000
8750.001000,0.919000,-0.837000
8751.001000,0.920000,-0.835000
8752.001000,0.920000,-0.839000
8753.001000,0.920000,-0.835000
8754.001000,0.920000,-0.835000
8755.001000,0.920000,-0.831000
8756.001000,0.920000,-0.824000
8757.001000,0.920000,-0.826000
8758.001000,0.920000,-0.833000
8759.001000,0.920000,-0.833000
8760.001000,0.920000,-0.836000
8761.001000,0.920000,-0.833000
8762.001000,0.921000,-0.832000
8763.001000,0.921000,-0.839000
8764.001000,0.921000,-0.836000
8765.001000,0.921000,-0.828000
8766.001000,0.921000,-0.837000
8767.001000,0.921000,-0.830000
8768.001000,0.921000,-0.832000
8769.001000,0.921000,-0.830000
8770.001000,0.921000,-0.833000
8771.001000,0.921000,-0.831000
8772.001000,0.921000,-0.836000
8773.001000,0.921000,-0.833000
8774.001000,0.921000,-0.835000
8775.001000,0.921000,-0.833000
8776.001000,0.921000,-0.831000
8777.001000,0.920000,-0.833000
8778.001000,0.921000,-0.829000
8779.001000,0.921000,-0.833000
8780.001000,0.921000,-0.833000
8781.001000,0.921000,-0.836000
8782.001000,0.921000,-0.833000
8783.001000,0.921000,-0.835000
8784.001000,0.921000,-0.830000
8785.001000,0.922000,-0.830000
8786.001000,0.922000,-0.832000
8787.001000,0.921000,-0.831000
8788.001000,0.921000,-0.831000
8789.001000,0.921000,-0.832000
8790.001000,0.921000,-0.828000
8791.001000,0.922000,-0.834000
8792.001000,0.922000,-0.831000
8793.001000,0.922000,-0.829000
8794.001000,0.922000,-0.833000
8795.001000,0.922000,-0.836000
8796.001000,0.921000,-0.835000
8797.001000,0.921000,-0.833000
8798.001000,0.920000,-0.833000
8799.001000,0.921000,-0.833000
8800.001000,0.921000,-0.836000
8801.001000,0.920000,-0.833000
8802.001000,0.921000,-0.839000
8803.001000,0.921000,-0.836000
8804.001000,0.920000,-0.838000
8805.001000,0.921000,-0.837000
8806.001000,0.921000,-0.843000
8807.001000,0.921000,-0.836000
8808.001000,0.921000,-0.829000
8809.001000,0.921000,-0.825000
8810.001000,0.922000,-0.824000
8811.001000,0.922000,-0.822000
8812.001000,0.923000,-0.834000
8813.001000,0.923000,-0.831000
8814.001000,0.923000,-0.826000
8815.001000,0.922000,-0.824000
8816.001000,0.922000,-0.825000
8817.001000,0.922000,-0.823000
8818.001000,0.922000,-0.828000
8819.001000,0.922000,-0.825000
8820.001000,0.922000,-0.829000
8821.001000,0.922000,-0.837000
8822.001000,0.922000,-0.826000
8823.001000,0.922000,-0.824000
8824.001000,0.923000,-0.824000
8825.001000,0.923000,-0.827000
8826.001000,0.923000,-0.821000
8827.001000,0.923000,-0.819000
8828.001000,0.923000,-0.828000
8829.001000,0.923000,-0.827000
8830.001000,0.923000,-0.826000
8831.001000,0.923000,-0.830000
8832.001000,0.923000,-0.830000
8833.001000,0.923000,-0.826000
8834.001000,0.923000,-0.834000
8835.001000,0.922000,-0.831000
8836.001000,0.923000,-0.832000
8837.001000,0.923000,-0.838000
8838.001000,0.924000,-0.837000
8839.001000,0.924000,-0.830000
8840.001000,0.924000,-0.833000
8841.001000,0.925000,-0.838000
8842.001000,0.925000,-0.837000
8843.001000,0.925000,-0.834000
8844.001000,0.925000,-0.829000
8845.001000,0.925000,-0.827000
8846.001000,0.925000,-0.831000
8847.001000,0.924000,-0.834000
8848.001000,0.925000,-0.837000
8849.001000,0.925000,-0.836000
8850.001000,0.925000,-0.825000
8851.001000,0.926000,-0.827000
8852.001000,0.926000,-0.826000
8853.001000,0.926000,-0.837000
8854.001000,0.926000,-0.835000
8855.001000,0.926000,-0.841000
8856.001000,0.926000,-0.838000
8857.001000,0.926000,-0.836000
8858.001000,0.926000,-0.844000
8859.001000,0.926000,-0.843000
8860.001000,0.926000,-0.840000
8861.001000,0.926000,-0.831000
8862.001000,0.926000,-0.821000
8863.001000,0.926000,-0.817000
8864.001000,0.927000,-0.828000
8865.001000,0.927000,-0.819000
8866.001000,0.927000,-0.817000
8867.001000,0.927000,-0.812000
8868.001000,0.926000,-0.816000
8869.001000,0.926000,-0.820000
8870.001000,0.926000,-0.825000
8871.001000,0.927000,-0.818000
8872.001000,0.927000,-0.820000
8873.001000,0.927000,-0.823000
8874.001000,0.927000,-0.816000
8875.001000,0.927000,-0.816000
8876.001000,0.927000,-0.814000
8877.001000,0.927000,-0.829000
8878.001000,0.927000,-0.829000
8879.001000,0.928000,-0.814000
8880.001000,0.928000,-0.815000
8881.001000,0.928000,-0.811000
8882.001000,0.929000,-0.819000
8883.001000,0.929000,-0.822000
8884.001000,0.929000,-0.822000
8885.001000,0.928000,-0.808000
8886.001000,0.929000,-0.803000
8887.001000,0.929000,-0.806000
8888.001000,0.929000,-0.820000
8889.001000,0.929000,-0.844000
8890.001000,0.930000,-0.837000
8891.001000,0.929000,-0.828000
8892.001000,0.930000,-0.828000
8893.001000,0.929000,-0.824000
8894.001000,0.929000,-0.820000
8895.001000,0.929000,-0.843000
8896.001000,0.930000,-0.836000
8897.001000,0.929000,-0.837000
8898.001000,0.929000,-0.832000
8899.001000,0.929000,-0.828000
8900.001000,0.929000,-0.826000
8901.001000,0.929000,-0.812000
8902.001000,0.929000,-0.812000
8903.001000,0.929000,-0.812000
8904.001000,0.929000,-0.810000
8905.001000,0.929000,-0.818000
8906.001000,0.928000,-0.816000
8907.001000,0.928000,-0.824000
8908.001000,0.928000,-0.831000
8909.001000,0.927000,-0.831000
8910.001000,0.927000,-0.831000
8911.001000,0.927000,-0.825000
8912.001000,0.927000,-0.826000
8913.001000,0.927000,-0.837000
8914.001000,0.928000,-0.841000
8915.001000,0.928000,-0.837000
8916.001000,0.928000,-0.837000
8917.001000,0.928000,-0.835000
8918.001000,0.928000,-0.835000
8919.001000,0.928000,-0.835000
8920.001000,0.928000,-0.833000
8921.001000,0.928000,-0.836000
8922.001000,0.928000,-0.831000
8923.001000,0.929000,-0.828000
8924.001000,0.929000,-0.836000
8925.001000,0.929000,-0.836000
8926.001000,0.929000,-0.825000
8927.001000,0.929000,-0.825000
8928.001000,0.928000,-0.822000
8929.001000,0.928000,-0.828000
8930.001000,0.929000,-0.824000
8931.001000,0.929000,-0.824000
8932.001000,0.930000,-0.833000
8933.001000,0.929000,-0.827000
8934.001000,0.930000,-0.828000
8935.001000,0.930000,-0.830000
8936.001000,0.930000,-0.821000
8937.001000,0.930000,-0.817000
8938.001000,0.930000,-0.813000
8939.001000,0.930000,-0.805000
8940.001000,0.930000,-0.809000
8941.001000,0.929000,-0.818000
8942.001000,0.930000,-0.818000
8943.001000,0.929000,-0.822000
8944.001000,0.930000,-0.825000
8945.001000,0.930000,-0.822000
8946.001000,0.930000,-0.834000
8947.001000,0.930000,-0.832000
8948.001000,0.930000,-0.825000
8949.001000,0.929000,-0.844000
8950.001000,0.929000,-0.826000
8951.001000,0.929000,-0.836000
8952.001000,0.929000,-0.843000
8953.001000,0.930000,-0.845000
8954.001000,0.929000,-0.838000
8955.001000,0.929000,-0.829000
8956.001000,0.930000,-0.835000
8957.001000,0.930000,-0.828000
8958.001000,0.930000,-0.818000
8959.001000,0.931000,-0.823000
8960.001000,0.931000,-0.815000
8961.001000,0.931000,-0.812000
8962.001000,0.932000,-0.816000
8963.001000,0.932000,-0.814000
8964.001000,0.932000,-0.809000
8965.001000,0.933000,-0.814000
8966.001000,0.933000,-0.808000
8967.001000,0.933000,-0.808000
8968.001000,0.933000,-0.812000
8969.001000,0.933000,-0.811000
8970.001000,0.933000,-0.812000
8971.001000,0.933000,-0.811000
8972.001000,0.933000,-0.816000
8973.001000,0.933000,-0.805000
8974.001000,0.933000,-0.812000
8975.001000,0.932000,-0.817000
8976.001000,0.933000,-0.811000
8977.001000,0.933000,-0.813000
8978.001000,0.933000,-0.816000
8979.001000,0.933000,-0.814000
8980.001000,0.933000,-0.823000
8981.001000,0.932000,-0.821000
8982.001000,0.932000,-0.818000
8983.001000,0.932000,-0.817000
8984.001000,0.932000,-0.820000
8985.001000,0.932000,-0.820000
8986.001000,0.932000,-0.820000
8987.001000,0.932000,-0.830000
8988.001000,0.932000,-0.816000
8989.001000,0.932000,-0.814000
8990.001000,0.932000,-0.812000
8991.001000,0.932000,-0.814000
8992.001000,0.933000,-0.819000
8993.001000,0.933000,-0.816000
8994.001000,0.933000,-0.818000
8995.001000,0.933000,-0.817000
8996.001000,0.933000,-0.811000
8997.001000,0.933000,-0.813000
8998.001000,0.933000,-0.812000
8999.001000,0.933000,-0.812000
9000.001000,0.933000,-0.818000
9001.001000,0.934000,-0.821000
9002.001000,0.934000,-0.811000
9003.001000,0.934000,-0.809000
9004.001000,0.934000,-0.809000
9005.001000,0.934000,-0.810000
9006.001000,0.934000,-0.811000
9007.001000,0.934000,-0.813000
9008.001000,0.935000,-0.812000
9009.001000,0.935000,-0.818000
9010.001000,0.935000,-0.821000
9011.001000,0.935000,-0.814000
9012.001000,0.935000,-0.814000
9013.001000,0.934000,-0.814000
9014.001000,0.934000,-0.820000
9015.001000,0.934000,-0.819000
9016.001000,0.934000,-0.821000
9017.001000,0.934000,-0.815000
9018.001000,0.933000,-0.818000
9019.001000,0.933000,-0.823000
9020.001000,0.932000,-0.818000
9021.001000,0.932000,-0.816000
9022.001000,0.933000,-0.821000
9023.001000,0.933000,-0.828000
9024.001000,0.933000,-0.825000
9025.001000,0.933000,-0.818000
9026.001000,0.933000,-0.826000
9027.001000,0.934000,-0.823000
9028.001000,0.933000,-0.826000
9029.001000,0.933000,-0.822000
9030.001000,0.933000,-0.822000
9031.001000,0.933000,-0.822000
9032.001000,0.933000,-0.817000
9033.001000,0.932000,-0.817000
9034.001000,0.932000,-0.824000
9035.001000,0.932000,-0.827000
9036.001000,0.933000,-0.820000
9037.001000,0.933000,-0.822000
9038.001000,0.933000,-0.810000
9039.001000,0.934000,-0.815000
9040.001000,0.934000,-0.815000
9041.001000,0.934000,-0.823000
9042.001000,0.934000,-0.829000
9043.001000,0.934000,-0.829000
9044.001000,0.933000,-0.826000
9045.001000,0.933000,-0.818000
9046.001000,0.933000,-0.826000
9047.001000,0.933000,-0.825000
9048.001000,0.934000,-0.817000
9049.001000,0.934000,-0.824000
9050.001000,0.934000,-0.825000
9051.001000,0.934000,-0.821000
9052.001000,0.935000,-0.822000
9053.001000,0.935000,-0.822000
9054.001000,0.935000,-0.821000
9055.001000,0.935000,-0.819000
9056.001000,0.935000,-0.821000
9057.001000,0.935000,-0.815000
9058.001000,0.934000,-0.816000
9059.001000,0.934000,-0.819000
9060.001000,0.934000,-0.818000
9061.001000,0.934000,-0.816000
9062.001000,0.934000,-0.816000
9063.001000,0.934000,-0.816000
9064.001000,0.935000,-0.817000
9065.001000,0.935000,-0.812000
9066.001000,0.935000,-0.809000
9067.001000,0.935000,-0.815000
9068.001000,0.936000,-0.805000
9069.001000,0.936000,-0.811000
9070.001000,0.936000,-0.808000
9071.001000,0.936000,-0.804000
9072.001000,0.936000,-0.804000
9073.001000,0.936000,-0.800000
9074.001000,0.936000,-0.804000
9075.001000,0.936000,-0.805000
9076.001000,0.937000,-0.798000
9077.001000,0.937000,-0.802000
9078.001000,0.937000,-0.805000
9079.001000,0.937000,-0.806000
9080.001000,0.937000,-0.809000
9081.001000,0.937000,-0.802000
9082.001000,0.937000,-0.804000
9083.001000,0.937000,-0.807000
9084.001000,0.937000,-0.809000
9085.001000,0.937000,-0.813000
9086.001000,0.937000,-0.812000
9087.001000,0.936000,-0.811000
9088.001000,0.936000,-0.808000
9089.001000,0.936000,-0.806000
9090.001000,0.937000,-0.809000
9091.001000,0.936000,-0.808000
9092.001000,0.936000,-0.808000
9093.001000,0.936000,-0.809000
9094.001000,0.936000,-0.811000
9095.001000,0.935000,-0.808000
9096.001000,0.936000,-0.804000
9097.001000,0.936000,-0.808000
9098.001000,0.936000,-0.811000
9099.001000,0.936000,-0.814000
9100.001000,0.936000,-0.814000
9101.001000,0.936000,-0.816000
9102.001000,0.936000,-0.813000
9103.001000,0.936000,-0.812000
9104.001000,0.935000,-0.814000
9105.001000,0.936000,-0.813000
9106.001000,0.936000,-0.810000
9107.001000,0.936000,-0.807000
9108.001000,0.936000,-0.812000
9109.001000,0.936000,-0.813000
9110.001000,0.936000,-0.818000
9111.001000,0.936000,-0.812000
9112.001000,0.936000,-0.809000
9113.001000,0.936000,-0.813000
9114.001000,0.937000,-0.811000
9115.001000,0.938000,-0.821000
9116.001000,0.938000,-0.816000
9117.001000,0.938000,-0.819000
9118.001000,0.938000,-0.822000
9119.001000,0.938000,-0.823000
9120.001000,0.938000,-0.814000
9121.001000,0.937000,-0.813000
9122.001000,0.937000,-0.813000
9123.001000,0.938000,-0.822000
9124.001000,0.939000,-0.823000
9125.001000,0.939000,-0.817000
9126.001000,0.938000,-0.819000
9127.001000,0.938000,-0.818000
9128.001000,0.939000,-0.816000
9129.001000,0.939000,-0.808000
9130.001000,0.939000,-0.817000
9131.001000,0.939000,-0.811000
9132.001000,0.939000,-0.816000
9133.001000,0.939000,-0.821000
9134.001000,0.939000,-0.813000
9135.001000,0.940000,-0.811000
9136.001000,0.940000,-0.812000
9137.001000,0.940000,-0.815000
9138.001000,0.939000,-0.817000
9139.001000,0.939000,-0.815000
9140.001000,0.939000,-0.812000
9141.001000,0.939000,-0.813000
9142.001000,0.939000,-0.814000
9143.001000,0.939000,-0.813000
9144.001000,0.939000,-0.811000
9145.001000,0.938000,-0.817000
9146.001000,0.938000,-0.817000
9147.001000,0.937000,-0.818000
9148.001000,0.938000,-0.818000
9149.001000,0.937000,-0.829000
9150.001000,0.938000,-0.820000
9151.001000,0.939000,-0.819000
9152.001000,0.939000,-0.820000
9153.001000,0.939000,-0.816000
9154.001000,0.939000,-0.819000
9155.001000,0.939000,-0.814000
9156.001000,0.939000,-0.810000
9157.001000,0.939000,-0.815000
9158.001000,0.939000,-0.814000
9159.001000,0.940000,-0.811000
9160.001000,0.940000,-0.812000
9161.001000,0.940000,-0.800000
9162.001000,0.941000,-0.803000
9163.001000,0.941000,-0.806000
9164.001000,0.942000,-0.807000
9165.001000,0.942000,-0.809000
9166.001000,0.941000,-0.806000
9167.001000,0.942000,-0.807000
9168.001000,0.942000,-0.812000
9169.001000,0.941000,-0.809000
9170.001000,0.941000,-0.814000
9171.001000,0.941000,-0.810000
9172.001000,0.941000,-0.813000
9173.001000,0.941000,-0.816000
9174.001000,0.941000,-0.813000
9175.001000,0.941000,-0.817000
9176.001000,0.941000,-0.814000
9177.001000,0.939000,-0.814000
9178.001000,0.939000,-0.809000
9179.001000,0.940000,-0.810000
9180.001000,0.940000,-0.814000
9181.001000,0.940000,-0.815000
9182.001000,0.940000,-0.808000
9183.001000,0.940000,-0.804000
9184.001000,0.939000,-0.810000
9185.001000,0.939000,-0.812000
9186.001000,0.940000,-0.815000
9187.001000,0.940000,-0.809000
9188.001000,0.940000,-0.815000
9189.001000,0.941000,-0.809000
9190.001000,0.942000,-0.813000
9191.001000,0.942000,-0.816000
9192.001000,0.942000,-0.804000
9193.001000,0.943000,-0.806000
9194.001000,0.944000,-0.806000
9195.001000,0.945000,-0.812000
9196.001000,0.945000,-0.819000
9197.001000,0.945000,-0.815000
9198.001000,0.945000,-0.815000
9199.001000,0.945000,-0.813000
9200.001000,0.946000,-0.811000
9201.001000,0.946000,-0.817000
9202.001000,0.946000,-0.816000
9203.001000,0.946000,-0.816000
9204.001000,0.947000,-0.816000
9205.001000,0.947000,-0.812000
9206.001000,0.947000,-0.811000
9207.001000,0.948000,-0.812000
9208.001000,0.949000,-0.808000
9209.001000,0.948000,-0.807000
9210.001000,0.949000,-0.809000
9211.001000,0.950000,-0.808000
9212.001000,0.949000,-0.807000
9213.001000,0.949000,-0.810000
9214.001000,0.949000,-0.811000
9215.001000,0.950000,-0.811000
9216.001000,0.950000,-0.811000
9217.001000,0.950000,-0.811000
9218.001000,0.950000,-0.810000
9219.001000,0.950000,-0.807000
9220.001000,0.950000,-0.800000
9221.001000,0.950000,-0.805000
9222.001000,0.950000,-0.806000
9223.001000,0.951000,-0.805000
9224.001000,0.951000,-0.808000
9225.001000,0.951000,-0.803000
9226.001000,0.951000,-0.802000
9227.001000,0.951000,-0.805000
9228.001000,0.951000,-0.802000
9229.001000,0.950000,-0.810000
9230.001000,0.950000,-0.809000
9231.001000,0.950000,-0.807000
9232.001000,0.950000,-0.804000
9233.001000,0.950000,-0.805000
9234.001000,0.950000,-0.809000
9235.001000,0.950000,-0.805000
9236.001000,0.951000,-0.802000
9237.001000,0.951000,-0.805000
9238.001000,0.950000,-0.809000
9239.001000,0.950000,-0.806000
9240.001000,0.950000,-0.804000
9241.001000,0.950000,-0.808000
9242.001000,0.949000,-0.812000
9243.001000,0.948000,-0.810000
9244.001000,0.949000,-0.807000
9245.001000,0.949000,-0.812000
9246.001000,0.950000,-0.815000
9247.001000,0.950000,-0.816000
9248.001000,0.949000,-0.814000
9249.001000,0.949000,-0.817000
9250.001000,0.949000,-0.813000
9251.001000,0.950000,-0.815000
9252.001000,0.950000,-0.810000
9253.001000,0.950000,-0.814000
9254.001000,0.950000,-0.811000
9255.001000,0.950000,-0.810000
9256.001000,0.950000,-0.807000
9257.001000,0.950000,-0.808000
9258.001000,0.950000,-0.815000
9259.001000,0.950000,-0.806000
9260.001000,0.950000,-0.808000
9261.001000,0.951000,-0.808000
9262.001000,0.951000,-0.813000
9263.001000,0.951000,-0.813000
9264.001000,0.951000,-0.809000
9265.001000,0.951000,-0.813000
9266.001000,0.951000,-0.814000
9267.001000,0.951000,-0.815000
9268.001000,0.950000,-0.808000
9269.001000,0.950000,-0.803000
9270.001000,0.950000,-0.806000
9271.001000,0.951000,-0.807000
9272.001000,0.951000,-0.802000
9273.001000,0.951000,-0.800000
9274.001000,0.951000,-0.800000
9275.001000,0.951000,-0.797000
9276.001000,0.951000,-0.798000
9277.001000,0.951000,-0.802000
9278.001000,0.951000,-0.807000
9279.001000,0.952000,-0.806000
9280.001000,0.951000,-0.806000
9281.001000,0.952000,-0.803000
9282.001000,0.952000,-0.805000
9283.001000,0.952000,-0.804000
9284.001000,0.952000,-0.814000
9285.001000,0.952000,-0.811000
9286.001000,0.952000,-0.797000
9287.001000,0.952000,-0.781000
9288.001000,0.952000,-0.794000
9289.001000,0.951000,-0.776000
9290.001000,0.951000,-0.771000
9291.001000,0.950000,-0.806000
9292.001000,0.950000,-0.810000
9293.001000,0.951000,-0.813000
9294.001000,0.951000,-0.814000
9295.001000,0.951000,-0.810000
9296.001000,0.951000,-0.811000
9297.001000,0.951000,-0.810000
9298.001000,0.952000,-0.805000
9299.001000,0.952000,-0.806000
9300.001000,0.953000,-0.806000
9301.001000,0.953000,-0.813000
9302.001000,0.953000,-0.809000
9303.001000,0.953000,-0.811000
9304.001000,0.953000,-0.814000
9305.001000,0.954000,-0.811000
9306.001000,0.954000,-0.807000
9307.001000,0.954000,-0.809000
9308.001000,0.954000,-0.807000
9309.001000,0.954000,-0.812000
9310.001000,0.953000,-0.812000
9311.001000,0.954000,-0.808000
9312.001000,0.953000,-0.808000
9313.001000,0.953000,-0.808000
9314.001000,0.952000,-0.809000
9315.001000,0.953000,-0.810000
9316.001000,0.953000,-0.810000
9317.001000,0.953000,-0.814000
9318.001000,0.953000,-0.810000
9319.001000,0.953000,-0.809000
9320.001000,0.953000,-0.814000
9321.001000,0.953000,-0.803000
9322.001000,0.953000,-0.776000
9323.001000,0.953000,-0.808000
9324.001000,0.952000,-0.804000
9325.001000,0.952000,-0.797000
9326.001000,0.952000,-0.794000
9327.001000,0.952000,-0.804000
9328.001000,0.952000,-0.814000
9329.001000,0.952000,-0.817000
9330.001000,0.951000,-0.820000
9331.001000,0.951000,-0.811000
9332.001000,0.951000,-0.810000
9333.001000,0.951000,-0.809000
9334.001000,0.951000,-0.808000
9335.001000,0.951000,-0.804000
9336.001000,0.951000,-0.796000
9337.001000,0.951000,-0.780000
9338.001000,0.951000,-0.771000
9339.001000,0.952000,-0.802000
9340.001000,0.951000,-0.806000
9341.001000,0.951000,-0.791000
9342.001000,0.951000,-0.804000
9343.001000,0.951000,-0.806000
9344.001000,0.949000,-0.802000
9345.001000,0.949000,-0.805000
9346.001000,0.948000,-0.807000
9347.001000,0.948000,-0.813000
9348.001000,0.948000,-0.800000
9349.001000,0.948000,-0.783000
9350.001000,0.948000,-0.806000
9351.001000,0.948000,-0.791000
9352.001000,0.949000,-0.781000
9353.001000,0.949000,-0.796000
9354.001000,0.949000,-0.804000
9355.001000,0.949000,-0.805000
9356.001000,0.948000,-0.805000
9357.001000,0.948000,-0.802000
9358.001000,0.948000,-0.818000
9359.001000,0.948000,-0.817000
9360.001000,0.948000,-0.818000
9361.001000,0.948000,-0.809000
9362.001000,0.948000,-0.801000
9363.001000,0.948000,-0.805000
9364.001000,0.949000,-0.808000
9365.001000,0.948000,-0.802000
9366.001000,0.948000,-0.816000
9367.001000,0.948000,-0.814000
9368.001000,0.949000,-0.807000
9369.001000,0.949000,-0.805000
9370.001000,0.949000,-0.794000
9371.001000,0.949000,-0.794000
9372.001000,0.948000,-0.815000
9373.001000,0.948000,-0.817000
9374.001000,0.949000,-0.804000
9375.001000,0.949000,-0.806000
9376.001000,0.950000,-0.805000
9377.001000,0.950000,-0.804000
9378.001000,0.950000,-0.802000
9379.001000,0.950000,-0.800000
9380.001000,0.950000,-0.807000
9381.001000,0.948000,-0.794000
9382.001000,0.948000,-0.770000
9383.001000,0.948000,-0.768000
9384.001000,0.947000,-0.769000
9385.001000,0.947000,-0.777000
9386.001000,0.948000,-0.777000
9387.001000,0.948000,-0.773000
9388.001000,0.948000,-0.772000
9389.001000,0.948000,-0.775000
9390.001000,0.949000,-0.765000
9391.001000,0.949000,-0.769000
9392.001000,0.948000,-0.766000
9393.001000,0.948000,-0.775000
9394.001000,0.948000,-0.769000
9395.001000,0.948000,-0.772000
9396.001000,0.948000,-0.771000
9397.001000,0.947000,-0.768000
9398.001000,0.947000,-0.774000
9399.001000,0.947000,-0.770000
9400.001000,0.947000,-0.766000
9401.001000,0.946000,-0.769000
9402.001000,0.946000,-0.765000
9403.001000,0.946000,-0.769000
9404.001000,0.947000,-0.776000
9405.001000,0.946000,-0.773000
9406.001000,0.945000,-0.775000
9407.001000,0.946000,-0.773000
9408.001000,0.946000,-0.780000
9409.001000,0.946000,-0.778000
9410.001000,0.946000,-0.780000
9411.001000,0.946000,-0.776000
9412.001000,0.946000,-0.777000
9413.001000,0.946000,-0.778000
9414.001000,0.945000,-0.781000
9415.001000,0.946000,-0.773000
9416.001000,0.946000,-0.771000
9417.001000,0.947000,-0.775000
9418.001000,0.946000,-0.771000
9419.001000,0.946000,-0.775000
9420.001000,0.946000,-0.771000
9421.001000,0.947000,-0.780000
9422.001000,0.947000,-0.783000
9423.001000,0.948000,-0.781000
9424.001000,0.947000,-0.782000
9425.001000,0.947000,-0.783000
9426.001000,0.947000,-0.783000
9427.001000,0.947000,-0.779000
9428.001000,0.947000,-0.778000
9429.001000,0.948000,-0.782000
9430.001000,0.948000,-0.781000
9431.001000,0.948000,-0.786000
9432.001000,0.948000,-0.780000
9433.001000,0.949000,-0.779000
9434.001000,0.949000,-0.775000
9435.001000,0.953000,-0.769000
9436.001000,0.954000,-0.776000
9437.001000,0.955000,-0.779000
9438.001000,0.955000,-0.775000
9439.001000,0.954000,-0.778000
9440.001000,0.954000,-0.774000
9441.001000,0.955000,-0.768000
9442.001000,0.956000,-0.772000
9443.001000,0.956000,-0.766000
9444.001000,0.957000,-0.766000
9445.001000,0.957000,-0.767000
9446.001000,0.957000,-0.765000
9447.001000,0.957000,-0.767000
9448.001000,0.958000,-0.770000
9449.001000,0.958000,-0.780000
9450.001000,0.955000,-0.774000
9451.001000,0.954000,-0.777000
9452.001000,0.954000,-0.782000
9453.001000,0.957000,-0.768000
9454.001000,0.957000,-0.772000
9455.001000,0.957000,-0.778000
9456.001000,0.958000,-0.783000
9457.001000,0.958000,-0.785000
9458.001000,0.958000,-0.789000
9459.001000,0.957000,-0.784000
9460.001000,0.956000,-0.779000
9461.001000,0.955000,-0.774000
9462.001000,0.955000,-0.777000
9463.001000,0.954000,-0.776000
9464.001000,0.954000,-0.786000
9465.001000,0.954000,-0.783000
9466.001000,0.954000,-0.776000
9467.001000,0.954000,-0.790000
9468.001000,0.951000,-0.781000
9469.001000,0.950000,-0.782000
9470.001000,0.950000,-0.767000
9471.001000,0.952000,-0.768000
9472.001000,0.954000,-0.774000
9473.001000,0.955000,-0.772000
9474.001000,0.956000,-0.773000
9475.001000,0.957000,-0.773000
9476.001000,0.958000,-0.774000
9477.001000,0.958000,-0.769000
9478.001000,0.958000,-0.773000
9479.001000,0.958000,-0.777000
9480.001000,0.959000,-0.774000
9481.001000,0.959000,-0.775000
9482.001000,0.958000,-0.769000
9483.001000,0.959000,-0.777000
9484.001000,0.959000,-0.778000
9485.001000,0.959000,-0.780000
9486.001000,0.959000,-0.782000
9487.001000,0.960000,-0.781000
9488.001000,0.959000,-0.784000
9489.001000,0.960000,-0.783000
9490.001000,0.959000,-0.785000
9491.001000,0.959000,-0.786000
9492.001000,0.958000,-0.791000
9493.001000,0.958000,-0.782000
9494.001000,0.958000,-0.786000
9495.001000,0.958000,-0.776000
9496.001000,0.958000,-0.778000
9497.001000,0.958000,-0.780000
9498.001000,0.959000,-0.778000
9499.001000,0.959000,-0.780000
9500.001000,0.959000,-0.784000
9501.001000,0.959000,-0.773000
9502.001000,0.959000,-0.776000
9503.001000,0.959000,-0.777000
9504.001000,0.959000,-0.780000
9505.001000,0.960000,-0.783000
9506.001000,0.960000,-0.780000
9507.001000,0.960000,-0.776000
9508.001000,0.960000,-0.785000
9509.001000,0.961000,-0.777000
9510.001000,0.961000,-0.774000
9511.001000,0.962000,-0.774000
9512.001000,0.962000,-0.778000
9513.001000,0.962000,-0.776000
9514.001000,0.962000,-0.780000
9515.001000,0.961000,-0.783000
9516.001000,0.962000,-0.787000
9517.001000,0.962000,-0.784000
9518.001000,0.962000,-0.785000
9519.001000,0.963000,-0.780000
9520.001000,0.963000,-0.778000
9521.001000,0.963000,-0.777000
9522.001000,0.963000,-0.777000
9523.001000,0.963000,-0.777000
9524.001000,0.963000,-0.779000
9525.001000,0.962000,-0.787000
9526.001000,0.963000,-0.787000
9527.001000,0.963000,-0.783000
9528.001000,0.963000,-0.783000
9529.001000,0.962000,-0.778000
9530.001000,0.960000,-0.775000
9531.001000,0.960000,-0.775000
9532.001000,0.960000,-0.777000
9533.001000,0.960000,-0.785000
9534.001000,0.959000,-0.789000
9535.001000,0.960000,-0.779000
9536.001000,0.961000,-0.784000
9537.001000,0.962000,-0.785000
9538.001000,0.962000,-0.792000
9539.001000,0.963000,-0.793000
9540.001000,0.962000,-0.791000
9541.001000,0.963000,-0.783000
9542.001000,0.963000,-0.778000
9543.001000,0.962000,-0.784000
9544.001000,0.962000,-0.787000
9545.001000,0.962000,-0.784000
9546.001000,0.962000,-0.785000
9547.001000,0.962000,-0.784000
9548.001000,0.962000,-0.785000
9549.001000,0.962000,-0.784000
9550.001000,0.962000,-0.780000
9551.001000,0.962000,-0.788000
9552.001000,0.962000,-0.790000
9553.001000,0.962000,-0.791000
9554.001000,0.962000,-0.790000
9555.001000,0.961000,-0.791000
9556.001000,0.960000,-0.798000
9557.001000,0.961000,-0.801000
9558.001000,0.960000,-0.800000
9559.001000,0.960000,-0.804000
9560.001000,0.959000,-0.800000
9561.001000,0.958000,-0.791000
9562.001000,0.958000,-0.797000
9563.001000,0.957000,-0.793000
9564.001000,0.957000,-0.788000
9565.001000,0.957000,-0.791000
9566.001000,0.958000,-0.790000
9567.001000,0.958000,-0.788000
9568.001000,0.958000,-0.791000
9569.001000,0.959000,-0.794000
9570.001000,0.959000,-0.795000
9571.001000,0.958000,-0.794000
9572.001000,0.958000,-0.783000
9573.001000,0.957000,-0.780000
9574.001000,0.957000,-0.786000
9575.001000,0.957000,-0.786000
9576.001000,0.957000,-0.787000
9577.001000,0.957000,-0.789000
9578.001000,0.957000,-0.791000
9579.001000,0.957000,-0.789000
9580.001000,0.957000,-0.788000
9581.001000,0.957000,-0.789000
9582.001000,0.957000,-0.801000
9583.001000,0.957000,-0.803000
9584.001000,0.957000,-0.802000
9585.001000,0.957000,-0.801000
9586.001000,0.957000,-0.800000
9587.001000,0.958000,-0.802000
9588.001000,0.958000,-0.801000
9589.001000,0.958000,-0.800000
9590.001000,0.958000,-0.802000
9591.001000,0.957000,-0.799000
9592.001000,0.957000,-0.791000
9593.001000,0.957000,-0.797000
9594.001000,0.957000,-0.796000
9595.001000,0.958000,-0.800000
9596.001000,0.958000,-0.796000
9597.001000,0.958000,-0.793000
9598.001000,0.959000,-0.796000
9599.001000,0.959000,-0.792000
9600.001000,0.959000,-0.804000
9601.001000,0.958000,-0.798000
9602.001000,0.958000,-0.790000
9603.001000,0.959000,-0.796000
9604.001000,0.958000,-0.799000
9605.001000,0.959000,-0.800000
9606.001000,0.960000,-0.799000
9607.001000,0.959000,-0.800000
9608.001000,0.958000,-0.805000
9609.001000,0.959000,-0.797000
9610.001000,0.959000,-0.796000
9611.001000,0.960000,-0.791000
9612.001000,0.960000,-0.805000
9613.001000,0.961000,-0.809000
9614.001000,0.961000,-0.804000
9615.001000,0.960000,-0.801000
9616.001000,0.960000,-0.805000
9617.001000,0.961000,-0.803000
9618.001000,0.960000,-0.801000
9619.001000,0.962000,-0.781000
9620.001000,0.962000,-0.783000
9621.001000,0.963000,-0.783000
9622.001000,0.962000,-0.783000
9623.001000,0.962000,-0.796000
9624.001000,0.962000,-0.797000
9625.001000,0.960000,-0.799000
9626.001000,0.961000,-0.791000
9627.001000,0.961000,-0.795000
9628.001000,0.961000,-0.786000
9629.001000,0.961000,-0.777000
9630.001000,0.962000,-0.787000
9631.001000,0.962000,-0.781000
9632.001000,0.962000,-0.774000
9633.001000,0.965000,-0.772000
9634.001000,0.966000,-0.779000
9635.001000,0.966000,-0.775000
9636.001000,0.965000,-0.789000
9637.001000,0.965000,-0.784000
9638.001000,0.964000,-0.790000
9639.001000,0.964000,-0.796000
9640.001000,0.964000,-0.798000
9641.001000,0.963000,-0.797000
9642.001000,0.963000,-0.802000
9643.001000,0.964000,-0.797000
9644.001000,0.963000,-0.783000
9645.001000,0.964000,-0.786000
9646.001000,0.965000,-0.784000
9647.001000,0.965000,-0.796000
9648.001000,0.965000,-0.788000
9649.001000,0.965000,-0.790000
9650.001000,0.966000,-0.793000
9651.001000,0.967000,-0.799000
9652.001000,0.967000,-0.791000
9653.001000,0.968000,-0.787000
9654.001000,0.968000,-0.787000
9655.001000,0.968000,-0.789000
9656.001000,0.968000,-0.800000
9657.001000,0.967000,-0.804000
9658.001000,0.967000,-0.792000
9659.001000,0.967000,-0.795000
9660.001000,0.967000,-0.798000
9661.001000,0.967000,-0.796000
9662.001000,0.967000,-0.797000
9663.001000,0.967000,-0.801000
9664.001000,0.967000,-0.796000
9665.001000,0.967000,-0.793000
9666.001000,0.967000,-0.793000
9667.001000,0.967000,-0.796000
9668.001000,0.967000,-0.795000
9669.001000,0.968000,-0.778000
9670.001000,0.969000,-0.768000
9671.001000,0.970000,-0.782000
9672.001000,0.971000,-0.760000
9673.001000,0.972000,-0.757000
9674.001000,0.973000,-0.765000
9675.001000,0.974000,-0.768000
9676.001000,0.974000,-0.770000
9677.001000,0.976000,-0.766000
9678.001000,0.978000,-0.780000
9679.001000,0.980000,-0.776000
9680.001000,0.981000,-0.772000
9681.001000,0.984000,-0.761000
9682.001000,0.986000,-0.766000
9683.001000,0.986000,-0.775000
9684.001000,0.987000,-0.773000
9685.001000,0.987000,-0.778000
9686.001000,0.988000,-0.773000
9687.001000,0.988000,-0.781000
9688.001000,0.988000,-0.773000
9689.001000,0.988000,-0.764000
9690.001000,0.989000,-0.782000
9691.001000,0.988000,-0.807000
9692.001000,0.988000,-0.806000
9693.001000,0.989000,-0.787000
9694.001000,0.989000,-0.788000
9695.001000,0.989000,-0.792000
9696.001000,0.990000,-0.794000
9697.001000,0.990000,-0.795000
9698.001000,0.989000,-0.790000
9699.001000,0.989000,-0.793000
9700.001000,0.989000,-0.793000
9701.001000,0.989000,-0.782000
9702.001000,0.990000,-0.784000
9703.001000,0.989000,-0.786000
9704.001000,0.989000,-0.784000
9705.001000,0.989000,-0.781000
9706.001000,0.989000,-0.779000
9707.001000,0.989000,-0.775000
9708.001000,0.989000,-0.775000
9709.001000,0.989000,-0.791000
9710.001000,0.989000,-0.779000
9711.001000,0.989000,-0.774000
9712.001000,0.989000,-0.761000
9713.001000,0.989000,-0.764000
9714.001000,0.989000,-0.753000
9715.001000,0.989000,-0.753000
9716.001000,0.989000,-0.752000
9717.001000,0.989000,-0.753000
9718.001000,0.989000,-0.751000
9719.001000,0.988000,-0.754000
9720.001000,0.989000,-0.760000
9721.001000,0.988000,-0.772000
9722.001000,0.988000,-0.791000
9723.001000,0.988000,-0.793000
9724.001000,0.988000,-0.794000
9725.001000,0.988000,-0.795000
9726.001000,0.987000,-0.780000
9727.001000,0.988000,-0.771000
9728.001000,0.989000,-0.766000
9729.001000,0.989000,-0.751000
9730.001000,0.989000,-0.748000
9731.001000,0.990000,-0.746000
9732.001000,0.991000,-0.748000
9733.001000,0.990000,-0.752000
9734.001000,0.990000,-0.754000
9735.001000,0.991000,-0.752000
9736.001000,0.990000,-0.753000
9737.001000,0.990000,-0.752000
9738.001000,0.991000,-0.748000
9739.001000,0.991000,-0.750000
9740.001000,0.991000,-0.750000
9741.001000,0.991000,-0.750000
9742.001000,0.990000,-0.751000
9743.001000,0.990000,-0.747000
9744.001000,0.989000,-0.752000
9745.001000,0.990000,-0.756000
9746.001000,0.990000,-0.766000
9747.001000,0.990000,-0.754000
9748.001000,0.990000,-0.752000
9749.001000,0.990000,-0.757000
9750.001000,0.990000,-0.755000
9751.001000,0.989000,-0.756000
9752.001000,0.990000,-0.754000
9753.001000,0.990000,-0.752000
9754.001000,0.990000,-0.753000
9755.001000,0.989000,-0.749000
9756.001000,0.989000,-0.750000
9757.001000,0.990000,-0.748000
9758.001000,0.990000,-0.747000
9759.001000,0.990000,-0.754000
9760.001000,0.990000,-0.748000
9761.001000,0.989000,-0.748000
9762.001000,0.989000,-0.748000
9763.001000,0.989000,-0.748000
9764.001000,0.989000,-0.751000
9765.001000,0.990000,-0.751000
9766.001000,0.990000,-0.747000
9767.001000,0.990000,-0.749000
9768.001000,0.991000,-0.748000
9769.001000,0.991000,-0.748000
9770.001000,0.991000,-0.749000
9771.001000,0.991000,-0.750000
9772.001000,0.992000,-0.750000
9773.001000,0.991000,-0.751000
9774.001000,0.992000,-0.748000
9775.001000,0.992000,-0.748000
9776.001000,0.992000,-0.751000
9777.001000,0.992000,-0.752000
9778.001000,0.993000,-0.763000
9779.001000,0.993000,-0.761000
9780.001000,0.993000,-0.761000
9781.001000,0.993000,-0.743000
9782.001000,0.993000,-0.761000
9783.001000,0.993000,-0.747000
9784.001000,0.994000,-0.752000
9785.001000,0.994000,-0.748000
9786.001000,0.994000,-0.752000
9787.001000,0.994000,-0.747000
9788.001000,0.994000,-0.755000
9789.001000,0.994000,-0.760000
9790.001000,0.993000,-0.773000
9791.001000,0.993000,-0.751000
9792.001000,0.993000,-0.753000
9793.001000,0.993000,-0.743000
9794.001000,0.993000,-0.742000
9795.001000,0.992000,-0.743000
9796.001000,0.992000,-0.746000
9797.001000,0.992000,-0.748000
9798.001000,0.992000,-0.748000
9799.001000,0.992000,-0.744000
9800.001000,0.992000,-0.744000
9801.001000,0.993000,-0.744000
9802.001000,0.993000,-0.749000
9803.001000,0.992000,-0.748000
9804.001000,0.992000,-0.749000
9805.001000,0.992000,-0.745000
9806.001000,0.993000,-0.748000
9807.001000,0.993000,-0.747000
9808.001000,0.993000,-0.748000
9809.001000,0.993000,-0.748000
9810.001000,0.993000,-0.750000
9811.001000,0.993000,-0.748000
9812.001000,0.992000,-0.752000
9813.001000,0.993000,-0.747000
9814.001000,0.992000,-0.755000
9815.001000,0.993000,-0.750000
9816.001000,0.994000,-0.752000
9817.001000,0.993000,-0.750000
9818.001000,0.993000,-0.751000
9819.001000,0.994000,-0.743000
9820.001000,0.994000,-0.750000
9821.001000,0.995000,-0.745000
9822.001000,0.994000,-0.748000
9823.001000,0.994000,-0.748000
9824.001000,0.995000,-0.750000
9825.001000,0.994000,-0.743000
9826.001000,0.994000,-0.749000
9827.001000,0.994000,-0.748000
9828.001000,0.994000,-0.744000
9829.001000,0.995000,-0.741000
9830.001000,0.995000,-0.748000
9831.001000,0.994000,-0.750000
9832.001000,0.994000,-0.748000
9833.001000,0.994000,-0.750000
9834.001000,0.994000,-0.751000
9835.001000,0.994000,-0.748000
9836.001000,0.995000,-0.748000
9837.001000,0.994000,-0.748000
9838.001000,0.994000,-0.755000
9839.001000,0.994000,-0.758000
9840.001000,0.993000,-0.758000
9841.001000,0.993000,-0.765000
9842.001000,0.993000,-0.764000
9843.001000,0.994000,-0.762000
9844.001000,0.994000,-0.759000
9845.001000,0.994000,-0.761000
9846.001000,0.994000,-0.770000
9847.001000,0.995000,-0.768000
9848.001000,0.994000,-0.768000
9849.001000,0.994000,-0.761000
9850.001000,0.994000,-0.765000
9851.001000,0.995000,-0.764000
9852.001000,0.995000,-0.763000
9853.001000,0.995000,-0.758000
9854.001000,0.995000,-0.757000
9855.001000,0.995000,-0.757000
9856.001000,0.994000,-0.755000
9857.001000,0.995000,-0.750000
9858.001000,0.995000,-0.752000
9859.001000,0.995000,-0.752000
9860.001000,0.995000,-0.753000
9861.001000,0.995000,-0.759000
9862.001000,0.995000,-0.751000
9863.001000,0.995000,-0.752000
9864.001000,0.994000,-0.754000
9865.001000,0.994000,-0.757000
9866.001000,0.994000,-0.757000
9867.001000,0.994000,-0.755000
9868.001000,0.994000,-0.757000
9869.001000,0.994000,-0.750000
9870.001000,0.994000,-0.752000
9871.001000,0.994000,-0.754000
9872.001000,0.993000,-0.754000
9873.001000,0.993000,-0.748000
9874.001000,0.993000,-0.748000
9875.001000,0.994000,-0.751000
9876.001000,0.994000,-0.746000
9877.001000,0.994000,-0.745000
9878.001000,0.994000,-0.747000
9879.001000,0.993000,-0.745000
9880.001000,0.993000,-0.741000
9881.001000,0.992000,-0.748000
9882.001000,0.992000,-0.748000
9883.001000,0.991000,-0.748000
9884.001000,0.992000,-0.744000
9885.001000,0.994000,-0.741000
9886.001000,0.994000,-0.743000
9887.001000,0.994000,-0.742000
9888.001000,0.994000,-0.744000
9889.001000,0.993000,-0.743000
9890.001000,0.993000,-0.743000
9891.001000,0.992000,-0.748000
9892.001000,0.991000,-0.744000
9893.001000,0.991000,-0.758000
9894.001000,0.990000,-0.754000
9895.001000,0.990000,-0.750000
9896.001000,0.990000,-0.750000
9897.001000,0.990000,-0.748000
9898.001000,0.989000,-0.748000
9899.001000,0.989000,-0.748000
9900.001000,0.990000,-0.745000
9901.001000,0.989000,-0.741000
9902.001000,0.989000,-0.739000
9903.001000,0.989000,-0.736000
9904.001000,0.989000,-0.737000
9905.001000,0.989000,-0.745000
9906.001000,0.988000,-0.762000
9907.001000,0.988000,-0.766000
9908.001000,0.988000,-0.771000
9909.001000,0.989000,-0.760000
9910.001000,0.989000,-0.765000
9911.001000,0.989000,-0.771000
9912.001000,0.989000,-0.777000
9913.001000,0.989000,-0.786000
9914.001000,0.989000,-0.787000
9915.001000,0.988000,-0.793000
9916.001000,0.988000,-0.788000
9917.001000,0.989000,-0.780000
9918.001000,0.989000,-0.787000
9919.001000,0.989000,-0.785000
9920.001000,0.988000,-0.780000
9921.001000,0.989000,-0.777000
9922.001000,0.988000,-0.776000
9923.001000,0.988000,-0.769000
9924.001000,0.989000,-0.773000
9925.001000,0.989000,-0.778000
9926.001000,0.989000,-0.782000
9927.001000,0.989000,-0.782000
9928.001000,0.989000,-0.787000
9929.001000,0.990000,-0.780000
9930.001000,0.990000,-0.780000
9931.001000,0.989000,-0.775000
9932.001000,0.989000,-0.775000
9933.001000,0.989000,-0.776000
9934.001000,0.989000,-0.778000
9935.001000,0.989000,-0.779000
9936.001000,0.990000,-0.781000
9937.001000,0.990000,-0.776000
9938.001000,0.990000,-0.774000
9939.001000,0.990000,-0.774000
9940.001000,0.990000,-0.777000
9941.001000,0.990000,-0.778000
9942.001000,0.990000,-0.777000
9943.001000,0.991000,-0.773000
9944.001000,0.991000,-0.770000
9945.001000,0.991000,-0.778000
9946.001000,0.990000,-0.775000
9947.001000,0.991000,-0.773000
9948.001000,0.990000,-0.776000
9949.001000,0.990000,-0.775000
9950.001000,0.991000,-0.776000
9951.001000,0.991000,-0.775000
9952.001000,0.991000,-0.774000
9953.001000,0.992000,-0.774000
9954.001000,0.991000,-0.776000
9955.001000,0.991000,-0.775000
9956.001000,0.990000,-0.773000
9957.001000,0.990000,-0.775000
9958.001000,0.990000,-0.772000
9959.001000,0.990000,-0.770000
9960.001000,0.990000,-0.769000
9961.001000,0.989000,-0.770000
9962.001000,0.989000,-0.767000
9963.001000,0.989000,-0.769000
9964.001000,0.989000,-0.769000
9965.001000,0.989000,-0.774000
9966.001000,0.990000,-0.772000
9967.001000,0.990000,-0.773000
9968.001000,0.990000,-0.777000
9969.001000,0.991000,-0.773000
9970.001000,0.991000,-0.769000
9971.001000,0.991000,-0.771000
9972.001000,0.991000,-0.774000
9973.001000,0.991000,-0.776000
9974.001000,0.991000,-0.771000
9975.001000,0.991000,-0.770000
9976.001000,0.990000,-0.776000
9977.001000,0.990000,-0.777000
9978.001000,0.990000,-0.775000
9979.001000,0.989000,-0.774000
9980.001000,0.990000,-0.777000
9981.001000,0.990000,-0.776000
9982.001000,0.990000,-0.773000
9983.001000,0.990000,-0.769000
9984.001000,0.991000,-0.765000
9985.001000,0.991000,-0.764000
9986.001000,0.991000,-0.763000
9987.001000,0.991000,-0.761000
9988.001000,0.991000,-0.762000
9989.001000,0.991000,-0.758000
9990.001000,0.992000,-0.763000
9991.001000,0.993000,-0.760000
9992.001000,0.993000,-0.764000
9993.001000,0.993000,-0.764000
9994.001000,0.993000,-0.763000
9995.001000,0.993000,-0.766000
9996.001000,0.993000,-0.764000
9997.001000,0.993000,-0.763000
9998.001000,0.992000,-0.766000
9999.001000,0.992000,-0.761000
10000.001000,0.992000,-0.763000
10001.001000,0.992000,-0.765000
10002.001000,0.992000,-0.766000
10003.001000,0.992000,-0.761000
10004.001000,0.993000,-0.769000
10005.001000,0.993000,-0.762000
10006.001000,0.992000,-0.763000
10007.001000,0.993000,-0.763000
10008.001000,0.993000,-0.761000
10009.001000,0.993000,-0.758000
10010.001000,0.994000,-0.761000
10011.001000,0.995000,-0.762000
10012.001000,0.995000,-0.763000
10013.001000,0.995000,-0.768000
10014.001000,0.994000,-0.765000
10015.001000,0.994000,-0.763000
10016.001000,0.994000,-0.763000
10017.001000,0.994000,-0.762000
10018.001000,0.994000,-0.758000
10019.001000,0.993000,-0.758000
10020.001000,0.992000,-0.756000
10021.001000,0.992000,-0.756000
10022.001000,0.993000,-0.761000
10023.001000,0.993000,-0.758000
10024.001000,0.993000,-0.758000
10025.001000,0.994000,-0.761000
10026.001000,0.994000,-0.760000
10027.001000,0.994000,-0.759000
10028.001000,0.994000,-0.758000
10029.001000,0.994000,-0.756000
10030.001000,0.995000,-0.764000
10031.001000,0.995000,-0.755000
10032.001000,0.995000,-0.754000
10033.001000,0.995000,-0.751000
10034.001000,0.995000,-0.765000
10035.001000,0.996000,-0.755000
10036.001000,0.997000,-0.750000
10037.001000,0.999000,-0.750000
10038.001000,1.000000,-0.760000
10039.001000,1.000000,-0.759000
10040.001000,1.000000,-0.752000
10041.001000,1.000000,-0.753000
10042.001000,1.001000,-0.757000
10043.001000,1.000000,-0.757000
10044.001000,1.001000,-0.759000
10045.001000,1.001000,-0.757000
10046.001000,1.001000,-0.757000
10047.001000,1.001000,-0.758000
10048.001000,1.001000,-0.753000
10049.001000,1.001000,-0.748000
10050.001000,1.001000,-0.750000
10051.001000,1.001000,-0.757000
10052.001000,1.001000,-0.758000
10053.001000,1.000000,-0.761000
10054.001000,1.000000,-0.760000
10055.001000,1.000000,-0.758000
10056.001000,1.000000,-0.753000
10057.001000,0.999000,-0.754000
10058.001000,0.999000,-0.756000
10059.001000,0.998000,-0.755000
10060.001000,0.998000,-0.751000
10061.001000,0.998000,-0.756000
10062.001000,0.998000,-0.754000
10063.001000,0.998000,-0.754000
10064.001000,0.998000,-0.749000
10065.001000,0.998000,-0.751000
10066.001000,0.999000,-0.750000
10067.001000,0.998000,-0.751000
10068.001000,0.999000,-0.748000
10069.001000,0.999000,-0.748000
10070.001000,0.998000,-0.751000
10071.001000,0.997000,-0.753000
10072.001000,0.997000,-0.747000
10073.001000,0.997000,-0.750000
10074.001000,0.998000,-0.756000
10075.001000,0.999000,-0.748000
10076.001000,1.000000,-0.746000
10077.001000,1.001000,-0.749000
10078.001000,1.001000,-0.749000
10079.001000,1.001000,-0.749000
10080.001000,1.001000,-0.752000
10081.001000,1.002000,-0.754000
10082.001000,1.003000,-0.748000
10083.001000,1.003000,-0.748000
10084.001000,1.003000,-0.752000
10085.001000,1.003000,-0.751000
10086.001000,1.004000,-0.748000
10087.001000,1.004000,-0.748000
10088.001000,1.005000,-0.751000
10089.001000,1.005000,-0.749000
10090.001000,1.004000,-0.746000
10091.001000,1.005000,-0.740000
10092.001000,1.005000,-0.746000
10093.001000,1.005000,-0.746000
10094.001000,1.005000,-0.744000
10095.001000,1.005000,-0.748000
10096.001000,1.005000,-0.746000
10097.001000,1.004000,-0.748000
10098.001000,1.004000,-0.748000
10099.001000,1.005000,-0.747000
10100.001000,1.005000,-0.749000
10101.001000,1.005000,-0.745000
10102.001000,1.005000,-0.748000
10103.001000,1.004000,-0.756000
10104.001000,1.004000,-0.748000
10105.001000,1.004000,-0.751000
10106.001000,1.003000,-0.746000
10107.001000,1.003000,-0.748000
10108.001000,1.003000,-0.735000
10109.001000,1.004000,-0.741000
10110.001000,1.003000,-0.766000
10111.001000,1.001000,-0.758000
10112.001000,1.001000,-0.757000
10113.001000,1.002000,-0.762000
10114.001000,1.002000,-0.758000
10115.001000,1.002000,-0.775000
10116.001000,1.001000,-0.786000
10117.001000,1.001000,-0.769000
10118.001000,1.001000,-0.777000
10119.001000,1.000000,-0.778000
10120.001000,1.000000,-0.772000
10121.001000,0.998000,-0.765000
10122.001000,0.997000,-0.773000
10123.001000,0.997000,-0.768000
10124.001000,0.997000,-0.762000
10125.001000,0.998000,-0.757000
10126.001000,0.999000,-0.750000
10127.001000,1.000000,-0.748000
10128.001000,1.000000,-0.766000
10129.001000,1.000000,-0.755000
10130.001000,1.000000,-0.757000
10131.001000,1.000000,-0.758000
10132.001000,1.000000,-0.762000
10133.001000,0.998000,-0.755000
10134.001000,0.995000,-0.758000
10135.001000,0.996000,-0.754000
10136.001000,0.999000,-0.746000
10137.001000,1.001000,-0.788000
10138.001000,1.001000,-0.795000
10139.001000,1.001000,-0.792000
10140.001000,1.001000,-0.793000
10141.001000,1.000000,-0.787000
10142.001000,1.000000,-0.779000
10143.001000,1.000000,-0.772000
10144.001000,1.000000,-0.771000
10145.001000,0.998000,-0.765000
10146.001000,0.997000,-0.762000
10147.001000,0.997000,-0.755000
10148.001000,0.997000,-0.748000
10149.001000,0.996000,-0.756000
10150.001000,0.994000,-0.751000
10151.001000,0.992000,-0.754000
10152.001000,0.991000,-0.751000
10153.001000,0.992000,-0.751000
10154.001000,0.991000,-0.759000
10155.001000,0.991000,-0.755000
10156.001000,0.991000,-0.755000
10157.001000,0.990000,-0.760000
10158.001000,0.990000,-0.760000
10159.001000,0.990000,-0.753000
10160.001000,0.990000,-0.750000
10161.001000,0.990000,-0.751000
10162.001000,0.989000,-0.744000
10163.001000,0.989000,-0.745000
10164.001000,0.989000,-0.742000
10165.001000,0.989000,-0.749000
10166.001000,0.989000,-0.758000
10167.001000,0.989000,-0.754000
10168.001000,0.989000,-0.750000
10169.001000,0.990000,-0.751000
10170.001000,0.991000,-0.746000
10171.001000,0.993000,-0.749000
10172.001000,0.995000,-0.748000
10173.001000,0.995000,-0.751000
10174.001000,0.996000,-0.755000
10175.001000,0.996000,-0.756000
10176.001000,0.996000,-0.756000
10177.001000,0.996000,-0.774000
10178.001000,0.996000,-0.768000
10179.001000,0.996000,-0.780000
10180.001000,0.996000,-0.768000
10181.001000,0.996000,-0.763000
10182.001000,0.997000,-0.771000
10183.001000,0.996000,-0.774000
10184.001000,0.996000,-0.773000
10185.001000,0.997000,-0.765000
10186.001000,0.997000,-0.767000
10187.001000,0.997000,-0.766000
10188.001000,0.998000,-0.764000
10189.001000,0.997000,-0.762000
10190.001000,0.998000,-0.768000
10191.001000,0.998000,-0.767000
10192.001000,0.998000,-0.761000
10193.001000,0.998000,-0.763000
10194.001000,0.998000,-0.764000
10195.001000,0.998000,-0.765000
10196.001000,0.998000,-0.752000
10197.001000,0.997000,-0.746000
10198.001000,0.996000,-0.739000
10199.001000,0.996000,-0.776000
10200.001000,0.995000,-0.780000
10201.001000,0.992000,-0.772000
10202.001000,0.991000,-0.772000
10203.001000,0.991000,-0.774000
10204.001000,0.991000,-0.765000
10205.001000,0.991000,-0.766000
10206.001000,0.991000,-0.765000
10207.001000,0.990000,-0.767000
10208.001000,0.990000,-0.776000
10209.001000,0.990000,-0.778000
10210.001000,0.990000,-0.781000
10211.001000,0.991000,-0.776000
10212.001000,0.990000,-0.775000
10213.001000,0.992000,-0.776000
10214.001000,0.993000,-0.779000
10215.001000,0.994000,-0.771000
10216.001000,0.994000,-0.769000
10217.001000,0.994000,-0.783000
10218.001000,0.995000,-0.779000
10219.001000,0.995000,-0.778000
10220.001000,0.995000,-0.776000
10221.001000,0.994000,-0.775000
10222.001000,0.994000,-0.777000
10223.001000,0.994000,-0.780000
10224.001000,0.993000,-0.777000
10225.001000,0.992000,-0.785000
10226.001000,0.991000,-0.780000
10227.001000,0.990000,-0.782000
10228.001000,0.990000,-0.782000
10229.001000,0.989000,-0.791000
10230.001000,0.988000,-0.794000
10231.001000,0.989000,-0.784000
10232.001000,0.989000,-0.789000
10233.001000,0.988000,-0.782000
10234.001000,0.988000,-0.760000
10235.001000,0.988000,-0.752000
10236.001000,0.988000,-0.747000
10237.001000,0.988000,-0.784000
10238.001000,0.987000,-0.752000
10239.001000,0.987000,-0.751000
10240.001000,0.990000,-0.750000
10241.001000,0.990000,-0.756000
10242.001000,0.991000,-0.752000
10243.001000,0.992000,-0.759000
10244.001000,0.992000,-0.779000
10245.001000,0.991000,-0.785000
10246.001000,0.990000,-0.785000
10247.001000,0.989000,-0.737000
10248.001000,0.989000,-0.747000
10249.001000,0.989000,-0.746000
10250.001000,0.989000,-0.749000
10251.001000,0.989000,-0.748000
10252.001000,0.989000,-0.749000
10253.001000,0.989000,-0.745000
10254.001000,0.989000,-0.748000
10255.001000,0.989000,-0.745000
10256.001000,0.989000,-0.746000
10257.001000,0.989000,-0.734000
10258.001000,0.989000,-0.739000
10259.001000,0.988000,-0.740000
10260.001000,0.989000,-0.745000
10261.001000,0.988000,-0.745000
10262.001000,0.989000,-0.748000
10263.001000,0.989000,-0.742000
10264.001000,0.989000,-0.741000
10265.001000,0.989000,-0.741000
10266.001000,0.989000,-0.743000
10267.001000,0.990000,-0.743000
10268.001000,0.990000,-0.754000
10269.001000,0.990000,-0.747000
10270.001000,0.990000,-0.758000
10271.001000,0.991000,-0.758000
10272.001000,0.991000,-0.751000
10273.001000,0.991000,-0.756000
10274.001000,0.991000,-0.758000
10275.001000,0.991000,-0.757000
10276.001000,0.991000,-0.754000
10277.001000,0.992000,-0.753000
10278.001000,0.992000,-0.753000
10279.001000,0.993000,-0.751000
10280.001000,0.994000,-0.750000
10281.001000,0.996000,-0.752000
10282.001000,0.996000,-0.755000
10283.001000,0.997000,-0.757000
10284.001000,0.999000,-0.764000
10285.001000,1.000000,-0.757000
10286.001000,1.001000,-0.758000
10287.001000,1.000000,-0.756000
10288.001000,1.001000,-0.764000
10289.001000,1.001000,-0.760000
10290.001000,1.001000,-0.759000
10291.001000,1.002000,-0.759000
10292.001000,1.001000,-0.765000
10293.001000,1.002000,-0.767000
10294.001000,1.002000,-0.766000
10295.001000,1.002000,-0.769000
10296.001000,1.002000,-0.771000
10297.001000,1.002000,-0.776000
10298.001000,1.003000,-0.771000
10299.001000,1.002000,-0.770000
10300.001000,1.002000,-0.780000
10301.001000,1.002000,-0.778000
10302.001000,1.001000,-0.774000
10303.001000,1.001000,-0.773000
10304.001000,1.000000,-0.778000
10305.001000,1.000000,-0.772000
10306.001000,1.000000,-0.779000
10307.001000,1.001000,-0.773000
10308.001000,1.001000,-0.773000
10309.001000,1.000000,-0.773000
10310.001000,1.000000,-0.770000
10311.001000,1.000000,-0.769000
10312.001000,1.000000,-0.770000
10313.001000,1.000000,-0.774000
10314.001000,1.000000,-0.774000
10315.001000,1.000000,-0.771000
10316.001000,1.000000,-0.772000
10317.001000,1.000000,-0.771000
10318.001000,1.000000,-0.769000
10319.001000,1.000000,-0.779000
10320.001000,1.000000,-0.778000
10321.001000,1.000000,-0.776000
10322.001000,1.000000,-0.779000
10323.001000,1.000000,-0.778000
10324.001000,1.001000,-0.778000
10325.001000,1.000000,-0.772000
10326.001000,1.001000,-0.776000
10327.001000,1.001000,-0.776000
10328.001000,1.001000,-0.774000
10329.001000,1.000000,-0.776000
10330.001000,1.000000,-0.776000
10331.001000,0.999000,-0.783000
10332.001000,0.999000,-0.777000
10333.001000,0.999000,-0.779000
10334.001000,0.999000,-0.782000
10335.001000,1.000000,-0.785000
10336.001000,1.000000,-0.784000
10337.001000,1.001000,-0.783000
10338.001000,1.000000,-0.789000
10339.001000,1.001000,-0.785000
10340.001000,1.002000,-0.796000
10341.001000,1.002000,-0.791000
10342.001000,1.004000,-0.788000
10343.001000,1.005000,-0.779000
10344.001000,1.006000,-0.758000
10345.001000,1.007000,-0.748000
10346.001000,1.007000,-0.750000
10347.001000,1.008000,-0.748000
10348.001000,1.008000,-0.748000
10349.001000,1.008000,-0.752000
10350.001000,1.008000,-0.751000
10351.001000,1.008000,-0.758000
10352.001000,1.009000,-0.758000
10353.001000,1.009000,-0.766000
10354.001000,1.009000,-0.768000
10355.001000,1.008000,-0.769000
10356.001000,1.008000,-0.772000
10357.001000,1.007000,-0.770000
10358.001000,1.007000,-0.767000
10359.001000,1.006000,-0.763000
10360.001000,1.004000,-0.771000
10361.001000,1.004000,-0.773000
10362.001000,1.004000,-0.771000
10363.001000,1.004000,-0.770000
10364.001000,1.004000,-0.765000
10365.001000,1.003000,-0.758000
10366.001000,1.004000,-0.751000
10367.001000,1.004000,-0.747000
10368.001000,1.004000,-0.758000
10369.001000,1.004000,-0.760000
10370.001000,1.004000,-0.758000
10371.001000,1.004000,-0.758000
10372.001000,1.004000,-0.757000
10373.001000,1.004000,-0.763000
10374.001000,1.004000,-0.760000
10375.001000,1.006000,-0.761000
10376.001000,1.008000,-0.762000
10377.001000,1.010000,-0.759000
10378.001000,1.010000,-0.755000
10379.001000,1.011000,-0.762000
10380.001000,1.013000,-0.759000
10381.001000,1.014000,-0.751000
10382.001000,1.014000,-0.759000
10383.001000,1.015000,-0.759000
10384.001000,1.015000,-0.752000
10385.001000,1.016000,-0.741000
10386.001000,1.016000,-0.744000
10387.001000,1.015000,-0.742000
10388.001000,1.016000,-0.726000
10389.001000,1.016000,-0.727000
10390.001000,1.016000,-0.723000
10391.001000,1.016000,-0.721000
10392.001000,1.015000,-0.721000
10393.001000,1.014000,-0.723000
10394.001000,1.013000,-0.724000
10395.001000,1.013000,-0.721000
10396.001000,1.012000,-0.728000
10397.001000,1.012000,-0.732000
10398.001000,1.012000,-0.738000
10399.001000,1.012000,-0.737000
10400.001000,1.012000,-0.738000
10401.001000,1.013000,-0.733000
10402.001000,1.013000,-0.734000
10403.001000,1.014000,-0.736000
10404.001000,1.014000,-0.739000
10405.001000,1.013000,-0.736000
10406.001000,1.014000,-0.738000
10407.001000,1.013000,-0.735000
10408.001000,1.014000,-0.729000
10409.001000,1.014000,-0.728000
10410.001000,1.015000,-0.727000
10411.001000,1.015000,-0.728000
10412.001000,1.013000,-0.733000
10413.001000,1.013000,-0.732000
10414.001000,1.013000,-0.727000
10415.001000,1.013000,-0.736000
10416.001000,1.014000,-0.733000
10417.001000,1.014000,-0.730000
10418.001000,1.015000,-0.733000
10419.001000,1.016000,-0.736000
10420.001000,1.017000,-0.735000
10421.001000,1.018000,-0.730000
10422.001000,1.020000,-0.735000
10423.001000,1.021000,-0.735000
10424.001000,1.022000,-0.730000
10425.001000,1.022000,-0.736000
10426.001000,1.023000,-0.740000
10427.001000,1.024000,-0.742000
10428.001000,1.025000,-0.739000
10429.001000,1.025000,-0.734000
10430.001000,1.026000,-0.739000
10431.001000,1.027000,-0.739000
10432.001000,1.029000,-0.734000
10433.001000,1.030000,-0.741000
10434.001000,1.031000,-0.745000
10435.001000,1.032000,-0.745000
10436.001000,1.032000,-0.740000
10437.001000,1.033000,-0.742000
10438.001000,1.033000,-0.743000
10439.001000,1.034000,-0.746000
10440.001000,1.034000,-0.742000
10441.001000,1.035000,-0.745000
10442.001000,1.035000,-0.746000
10443.001000,1.036000,-0.748000
10444.001000,1.037000,-0.746000
10445.001000,1.037000,-0.748000
10446.001000,1.037000,-0.746000
10447.001000,1.038000,-0.747000
10448.001000,1.038000,-0.744000
10449.001000,1.038000,-0.739000
10450.001000,1.039000,-0.745000
10451.001000,1.038000,-0.744000
10452.001000,1.038000,-0.750000
10453.001000,1.038000,-0.749000
10454.001000,1.039000,-0.748000
10455.001000,1.040000,-0.743000
10456.001000,1.040000,-0.741000
10457.001000,1.040000,-0.741000
10458.001000,1.040000,-0.743000
10459.001000,1.040000,-0.743000
10460.001000,1.040000,-0.743000
10461.001000,1.040000,-0.744000
10462.001000,1.040000,-0.744000
10463.001000,1.040000,-0.748000
10464.001000,1.040000,-0.750000
10465.001000,1.040000,-0.751000
10466.001000,1.041000,-0.757000
10467.001000,1.041000,-0.749000
10468.001000,1.041000,-0.750000
10469.001000,1.041000,-0.755000
10470.001000,1.041000,-0.753000
10471.001000,1.042000,-0.750000
10472.001000,1.041000,-0.748000
10473.001000,1.041000,-0.750000
10474.001000,1.041000,-0.747000
10475.001000,1.042000,-0.754000
10476.001000,1.041000,-0.752000
10477.001000,1.041000,-0.761000
10478.001000,1.042000,-0.730000
10479.001000,1.041000,-0.720000
10480.001000,1.041000,-0.727000
10481.001000,1.041000,-0.729000
10482.001000,1.041000,-0.725000
10483.001000,1.041000,-0.733000
10484.001000,1.042000,-0.718000
10485.001000,1.043000,-0.720000
10486.001000,1.043000,-0.732000
10487.001000,1.043000,-0.729000
10488.001000,1.043000,-0.723000
10489.001000,1.043000,-0.719000
10490.001000,1.043000,-0.713000
10491.001000,1.043000,-0.711000
10492.001000,1.043000,-0.710000
10493.001000,1.043000,-0.716000
10494.001000,1.042000,-0.714000
10495.001000,1.042000,-0.710000
10496.001000,1.042000,-0.713000
10497.001000,1.042000,-0.724000
10498.001000,1.043000,-0.720000
10499.001000,1.042000,-0.719000
10500.001000,1.043000,-0.718000
10501.001000,1.043000,-0.713000
10502.001000,1.043000,-0.710000
10503.001000,1.043000,-0.713000
10504.001000,1.042000,-0.709000
10505.001000,1.042000,-0.714000
10506.001000,1.042000,-0.710000
10507.001000,1.042000,-0.720000
10508.001000,1.041000,-0.719000
10509.001000,1.042000,-0.728000
10510.001000,1.040000,-0.723000
10511.001000,1.038000,-0.721000
10512.001000,1.036000,-0.720000
10513.001000,1.035000,-0.721000
10514.001000,1.035000,-0.721000
10515.001000,1.038000,-0.717000
10516.001000,1.040000,-0.718000
10517.001000,1.040000,-0.721000
10518.001000,1.040000,-0.720000
10519.001000,1.040000,-0.722000
10520.001000,1.040000,-0.724000
10521.001000,1.041000,-0.720000
10522.001000,1.041000,-0.730000
10523.001000,1.041000,-0.725000
10524.001000,1.040000,-0.725000
10525.001000,1.040000,-0.725000
10526.001000,1.040000,-0.727000
10527.001000,1.040000,-0.720000
10528.001000,1.038000,-0.713000
10529.001000,1.037000,-0.719000
10530.001000,1.037000,-0.719000
10531.001000,1.037000,-0.721000
10532.001000,1.037000,-0.720000
10533.001000,1.037000,-0.724000
10534.001000,1.037000,-0.725000
10535.001000,1.037000,-0.720000
10536.001000,1.037000,-0.718000
10537.001000,1.037000,-0.722000
10538.001000,1.038000,-0.720000
10539.001000,1.039000,-0.716000
10540.001000,1.041000,-0.719000
10541.001000,1.041000,-0.719000
10542.001000,1.040000,-0.716000
10543.001000,1.041000,-0.722000
10544.001000,1.041000,-0.718000
10545.001000,1.041000,-0.718000
10546.001000,1.042000,-0.716000
10547.001000,1.041000,-0.721000
10548.001000,1.041000,-0.723000
10549.001000,1.042000,-0.720000
10550.001000,1.042000,-0.717000
10551.001000,1.042000,-0.723000
10552.001000,1.042000,-0.728000
10553.001000,1.043000,-0.725000
10554.001000,1.043000,-0.718000
10555.001000,1.043000,-0.722000
10556.001000,1.043000,-0.722000
10557.001000,1.043000,-0.723000
10558.001000,1.042000,-0.722000
10559.001000,1.042000,-0.719000
10560.001000,1.043000,-0.727000
10561.001000,1.043000,-0.718000
10562.001000,1.043000,-0.717000
10563.001000,1.044000,-0.712000
10564.001000,1.043000,-0.710000
10565.001000,1.044000,-0.706000
10566.001000,1.044000,-0.709000
10567.001000,1.044000,-0.706000
10568.001000,1.044000,-0.714000
10569.001000,1.044000,-0.714000
10570.001000,1.045000,-0.717000
10571.001000,1.045000,-0.717000
10572.001000,1.044000,-0.717000
10573.001000,1.044000,-0.718000
10574.001000,1.044000,-0.714000
10575.001000,1.045000,-0.718000
10576.001000,1.045000,-0.715000
10577.001000,1.045000,-0.716000
10578.001000,1.044000,-0.719000
10579.001000,1.044000,-0.717000
10580.001000,1.044000,-0.721000
10581.001000,1.043000,-0.729000
10582.001000,1.042000,-0.724000
10583.001000,1.041000,-0.724000
10584.001000,1.040000,-0.731000
10585.001000,1.039000,-0.725000
10586.001000,1.040000,-0.724000
10587.001000,1.042000,-0.720000
10588.001000,1.042000,-0.718000
10589.001000,1.042000,-0.715000
10590.001000,1.042000,-0.721000
10591.001000,1.043000,-0.718000
10592.001000,1.043000,-0.725000
10593.001000,1.043000,-0.718000
10594.001000,1.043000,-0.727000
10595.001000,1.043000,-0.720000
10596.001000,1.043000,-0.720000
10597.001000,1.043000,-0.718000
10598.001000,1.043000,-0.728000
10599.001000,1.043000,-0.723000
10600.001000,1.043000,-0.723000
10601.001000,1.043000,-0.723000
10602.001000,1.043000,-0.713000
10603.001000,1.043000,-0.713000
10604.001000,1.043000,-0.714000
10605.001000,1.043000,-0.714000
10606.001000,1.042000,-0.720000
10607.001000,1.042000,-0.719000
10608.001000,1.042000,-0.719000
10609.001000,1.042000,-0.713000
10610.001000,1.042000,-0.713000
10611.001000,1.042000,-0.714000
10612.001000,1.042000,-0.715000
10613.001000,1.042000,-0.716000
10614.001000,1.043000,-0.711000
10615.001000,1.043000,-0.715000
10616.001000,1.044000,-0.717000
10617.001000,1.043000,-0.719000
10618.001000,1.044000,-0.713000
10619.001000,1.044000,-0.712000
10620.001000,1.044000,-0.714000
10621.001000,1.044000,-0.721000
10622.001000,1.043000,-0.718000
10623.001000,1.044000,-0.722000
10624.001000,1.044000,-0.723000
10625.001000,1.043000,-0.722000
10626.001000,1.044000,-0.715000
10627.001000,1.044000,-0.715000
10628.001000,1.044000,-0.712000
10629.001000,1.044000,-0.717000
10630.001000,1.044000,-0.714000
10631.001000,1.044000,-0.711000
10632.001000,1.044000,-0.710000
10633.001000,1.044000,-0.709000
10634.001000,1.044000,-0.712000
10635.001000,1.044000,-0.712000
10636.001000,1.044000,-0.717000
10637.001000,1.044000,-0.718000
10638.001000,1.044000,-0.723000
10639.001000,1.045000,-0.726000
10640.001000,1.045000,-0.726000
10641.001000,1.045000,-0.717000
10642.001000,1.045000,-0.716000
10643.001000,1.045000,-0.720000
10644.001000,1.045000,-0.735000
10645.001000,1.045000,-0.727000
10646.001000,1.046000,-0.720000
10647.001000,1.046000,-0.724000
10648.001000,1.046000,-0.721000
10649.001000,1.046000,-0.721000
10650.001000,1.045000,-0.722000
10651.001000,1.045000,-0.723000
10652.001000,1.046000,-0.722000
10653.001000,1.046000,-0.724000
10654.001000,1.046000,-0.714000
10655.001000,1.047000,-0.715000
10656.001000,1.047000,-0.721000
10657.001000,1.047000,-0.726000
10658.001000,1.048000,-0.723000
10659.001000,1.048000,-0.719000
10660.001000,1.048000,-0.721000
10661.001000,1.048000,-0.724000
10662.001000,1.049000,-0.720000
10663.001000,1.049000,-0.729000
10664.001000,1.049000,-0.724000
10665.001000,1.049000,-0.721000
10666.001000,1.050000,-0.717000
10667.001000,1.050000,-0.712000
10668.001000,1.050000,-0.715000
10669.001000,1.050000,-0.718000
10670.001000,1.050000,-0.715000
10671.001000,1.051000,-0.718000
10672.001000,1.051000,-0.719000
10673.001000,1.051000,-0.715000
10674.001000,1.051000,-0.714000
10675.001000,1.051000,-0.717000
10676.001000,1.051000,-0.718000
10677.001000,1.050000,-0.720000
10678.001000,1.049000,-0.718000
10679.001000,1.049000,-0.718000
10680.001000,1.049000,-0.713000
10681.001000,1.048000,-0.721000
10682.001000,1.047000,-0.727000
10683.001000,1.047000,-0.714000
10684.001000,1.047000,-0.709000
10685.001000,1.047000,-0.711000
10686.001000,1.047000,-0.711000
10687.001000,1.047000,-0.710000
10688.001000,1.047000,-0.712000
10689.001000,1.047000,-0.703000
10690.001000,1.048000,-0.707000
10691.001000,1.048000,-0.702000
10692.001000,1.047000,-0.705000
10693.001000,1.047000,-0.746000
10694.001000,1.046000,-0.741000
10695.001000,1.043000,-0.730000
10696.001000,1.041000,-0.729000
10697.001000,1.040000,-0.739000
10698.001000,1.040000,-0.702000
10699.001000,1.040000,-0.707000
10700.001000,1.041000,-0.706000
10701.001000,1.040000,-0.713000
10702.001000,1.040000,-0.708000
10703.001000,1.040000,-0.710000
10704.001000,1.040000,-0.709000
10705.001000,1.040000,-0.708000
10706.001000,1.039000,-0.712000
10707.001000,1.039000,-0.701000
10708.001000,1.038000,-0.705000
10709.001000,1.038000,-0.702000
10710.001000,1.039000,-0.702000
10711.001000,1.039000,-0.707000
10712.001000,1.039000,-0.702000
10713.001000,1.039000,-0.706000
10714.001000,1.040000,-0.740000
10715.001000,1.040000,-0.737000
10716.001000,1.040000,-0.737000
10717.001000,1.040000,-0.744000
10718.001000,1.040000,-0.743000
10719.001000,1.040000,-0.743000
10720.001000,1.040000,-0.746000
10721.001000,1.041000,-0.748000
10722.001000,1.040000,-0.754000
10723.001000,1.041000,-0.741000
10724.001000,1.041000,-0.743000
10725.001000,1.041000,-0.722000
10726.001000,1.041000,-0.715000
10727.001000,1.041000,-0.730000
10728.001000,1.041000,-0.744000
10729.001000,1.042000,-0.731000
10730.001000,1.041000,-0.731000
10731.001000,1.042000,-0.750000
10732.001000,1.041000,-0.750000
10733.001000,1.041000,-0.741000
10734.001000,1.041000,-0.735000
10735.001000,1.041000,-0.736000
10736.001000,1.041000,-0.732000
10737.001000,1.040000,-0.732000
10738.001000,1.040000,-0.722000
10739.001000,1.040000,-0.731000
10740.001000,1.040000,-0.748000
10741.001000,1.040000,-0.731000
10742.001000,1.039000,-0.724000
10743.001000,1.039000,-0.718000
10744.001000,1.039000,-0.704000
10745.001000,1.038000,-0.709000
10746.001000,1.038000,-0.712000
10747.001000,1.039000,-0.738000
10748.001000,1.039000,-0.723000
10749.001000,1.040000,-0.725000
10750.001000,1.040000,-0.713000
10751.001000,1.040000,-0.720000
10752.001000,1.040000,-0.734000
10753.001000,1.040000,-0.738000
10754.001000,1.040000,-0.735000
10755.001000,1.039000,-0.745000
10756.001000,1.039000,-0.733000
10757.001000,1.039000,-0.747000
10758.001000,1.040000,-0.744000
10759.001000,1.040000,-0.735000
10760.001000,1.040000,-0.737000
10761.001000,1.040000,-0.728000
10762.001000,1.040000,-0.735000
10763.001000,1.042000,-0.731000
10764.001000,1.042000,-0.740000
10765.001000,1.041000,-0.739000
10766.001000,1.041000,-0.740000
10767.001000,1.041000,-0.736000
10768.001000,1.041000,-0.734000
10769.001000,1.041000,-0.733000
10770.001000,1.042000,-0.733000
10771.001000,1.041000,-0.738000
10772.001000,1.041000,-0.731000
10773.001000,1.043000,-0.738000
10774.001000,1.045000,-0.716000
10775.001000,1.046000,-0.716000
10776.001000,1.047000,-0.726000
10777.001000,1.047000,-0.712000
10778.001000,1.047000,-0.704000
10779.001000,1.048000,-0.715000
10780.001000,1.048000,-0.711000
10781.001000,1.048000,-0.743000
10782.001000,1.048000,-0.721000
10783.001000,1.048000,-0.732000
10784.001000,1.048000,-0.732000
10785.001000,1.048000,-0.719000
10786.001000,1.048000,-0.736000
10787.001000,1.048000,-0.739000
10788.001000,1.048000,-0.721000
10789.001000,1.048000,-0.715000
10790.001000,1.048000,-0.722000
10791.001000,1.047000,-0.705000
10792.001000,1.047000,-0.705000
10793.001000,1.047000,-0.716000
10794.001000,1.048000,-0.715000
10795.001000,1.048000,-0.713000
10796.001000,1.049000,-0.712000
10797.001000,1.049000,-0.711000
10798.001000,1.050000,-0.711000
10799.001000,1.050000,-0.709000
10800.001000,1.051000,-0.710000
10801.001000,1.051000,-0.709000
10802.001000,1.052000,-0.707000
10803.001000,1.052000,-0.702000
10804.001000,1.052000,-0.706000
10805.001000,1.053000,-0.703000
10806.001000,1.053000,-0.702000
10807.001000,1.053000,-0.700000
10808.001000,1.053000,-0.696000
10809.001000,1.053000,-0.697000
10810.001000,1.054000,-0.707000
10811.001000,1.053000,-0.702000
10812.001000,1.053000,-0.705000
10813.001000,1.053000,-0.700000
10814.001000,1.053000,-0.702000
10815.001000,1.052000,-0.707000
10816.001000,1.052000,-0.704000
10817.001000,1.052000,-0.703000
10818.001000,1.052000,-0.702000
10819.001000,1.052000,-0.701000
10820.001000,1.052000,-0.702000
10821.001000,1.052000,-0.712000
10822.001000,1.052000,-0.713000
10823.001000,1.052000,-0.708000
10824.001000,1.051000,-0.711000
10825.001000,1.051000,-0.712000
10826.001000,1.051000,-0.708000
10827.001000,1.051000,-0.710000
10828.001000,1.050000,-0.712000
10829.001000,1.050000,-0.713000
10830.001000,1.050000,-0.711000
10831.001000,1.050000,-0.712000
10832.001000,1.049000,-0.721000
10833.001000,1.050000,-0.715000
10834.001000,1.049000,-0.718000
10835.001000,1.049000,-0.715000
10836.001000,1.049000,-0.715000
10837.001000,1.049000,-0.716000
10838.001000,1.049000,-0.708000
10839.001000,1.049000,-0.708000
10840.001000,1.049000,-0.709000
10841.001000,1.049000,-0.712000
10842.001000,1.050000,-0.709000
10843.001000,1.050000,-0.709000
10844.001000,1.050000,-0.710000
10845.001000,1.050000,-0.705000
10846.001000,1.050000,-0.709000
10847.001000,1.050000,-0.706000
10848.001000,1.050000,-0.703000
10849.001000,1.051000,-0.703000
10850.001000,1.051000,-0.705000
10851.001000,1.052000,-0.700000
10852.001000,1.052000,-0.703000
10853.001000,1.052000,-0.704000
10854.001000,1.052000,-0.710000
10855.001000,1.052000,-0.707000
10856.001000,1.051000,-0.703000
10857.001000,1.050000,-0.709000
10858.001000,1.050000,-0.707000
10859.001000,1.050000,-0.704000
10860.001000,1.049000,-0.709000
10861.001000,1.049000,-0.703000
10862.001000,1.049000,-0.707000
10863.001000,1.047000,-0.706000
10864.001000,1.046000,-0.710000
10865.001000,1.046000,-0.708000
10866.001000,1.046000,-0.706000
10867.001000,1.045000,-0.706000
10868.001000,1.045000,-0.702000
10869.001000,1.045000,-0.707000
10870.001000,1.045000,-0.704000
10871.001000,1.044000,-0.705000
10872.001000,1.044000,-0.714000
10873.001000,1.044000,-0.706000
10874.001000,1.044000,-0.711000
10875.001000,1.044000,-0.705000
10876.001000,1.043000,-0.704000
10877.001000,1.043000,-0.702000
10878.001000,1.043000,-0.705000
10879.001000,1.043000,-0.706000
10880.001000,1.043000,-0.708000
10881.001000,1.042000,-0.701000
10882.001000,1.042000,-0.710000
10883.001000,1.043000,-0.707000
10884.001000,1.043000,-0.704000
10885.001000,1.043000,-0.709000
10886.001000,1.042000,-0.704000
10887.001000,1.042000,-0.702000
10888.001000,1.043000,-0.707000
10889.001000,1.042000,-0.713000
10890.001000,1.042000,-0.709000
10891.001000,1.042000,-0.708000
10892.001000,1.041000,-0.711000
10893.001000,1.041000,-0.709000
10894.001000,1.040000,-0.715000
10895.001000,1.040000,-0.704000
10896.001000,1.041000,-0.702000
10897.001000,1.040000,-0.710000
10898.001000,1.040000,-0.710000
10899.001000,1.041000,-0.704000
10900.001000,1.041000,-0.705000
10901.001000,1.041000,-0.706000
10902.001000,1.041000,-0.705000
10903.001000,1.041000,-0.705000
10904.001000,1.041000,-0.709000
10905.001000,1.041000,-0.706000
10906.001000,1.041000,-0.707000
10907.001000,1.041000,-0.702000
10908.001000,1.041000,-0.703000
10909.001000,1.042000,-0.700000
10910.001000,1.042000,-0.700000
10911.001000,1.042000,-0.701000
10912.001000,1.042000,-0.702000
10913.001000,1.041000,-0.703000
10914.001000,1.041000,-0.704000
10915.001000,1.042000,-0.706000
10916.001000,1.042000,-0.701000
10917.001000,1.042000,-0.700000
10918.001000,1.042000,-0.704000
10919.001000,1.042000,-0.705000
10920.001000,1.042000,-0.697000
10921.001000,1.042000,-0.701000
10922.001000,1.042000,-0.690000
10923.001000,1.042000,-0.697000
10924.001000,1.042000,-0.701000
10925.001000,1.042000,-0.703000
10926.001000,1.043000,-0.703000
10927.001000,1.043000,-0.703000
10928.001000,1.042000,-0.702000
10929.001000,1.043000,-0.706000
10930.001000,1.044000,-0.707000
10931.001000,1.045000,-0.707000
10932.001000,1.044000,-0.707000
10933.001000,1.042000,-0.702000
10934.001000,1.043000,-0.704000
10935.001000,1.044000,-0.705000
10936.001000,1.045000,-0.704000
10937.001000,1.045000,-0.704000
10938.001000,1.045000,-0.705000
10939.001000,1.045000,-0.709000
10940.001000,1.045000,-0.705000
10941.001000,1.045000,-0.705000
10942.001000,1.046000,-0.707000
10943.001000,1.046000,-0.709000
10944.001000,1.046000,-0.712000
10945.001000,1.046000,-0.715000
10946.001000,1.047000,-0.716000
10947.001000,1.048000,-0.718000
10948.001000,1.049000,-0.714000
10949.001000,1.050000,-0.714000
10950.001000,1.049000,-0.707000
10951.001000,1.049000,-0.715000
10952.001000,1.049000,-0.714000
10953.001000,1.049000,-0.709000
10954.001000,1.049000,-0.706000
10955.001000,1.048000,-0.704000
10956.001000,1.048000,-0.711000
10957.001000,1.048000,-0.708000
10958.001000,1.048000,-0.708000
10959.001000,1.048000,-0.702000
10960.001000,1.048000,-0.695000
10961.001000,1.047000,-0.699000
10962.001000,1.047000,-0.692000
10963.001000,1.047000,-0.705000
10964.001000,1.048000,-0.705000
10965.001000,1.048000,-0.704000
10966.001000,1.048000,-0.705000
10967.001000,1.047000,-0.707000
10968.001000,1.047000,-0.704000
10969.001000,1.046000,-0.703000
10970.001000,1.045000,-0.701000
10971.001000,1.045000,-0.704000
10972.001000,1.045000,-0.700000
10973.001000,1.045000,-0.703000
10974.001000,1.047000,-0.697000
10975.001000,1.049000,-0.700000
10976.001000,1.050000,-0.700000
10977.001000,1.050000,-0.700000
10978.001000,1.051000,-0.703000
10979.001000,1.051000,-0.708000
10980.001000,1.051000,-0.707000
10981.001000,1.051000,-0.708000
10982.001000,1.052000,-0.703000
10983.001000,1.052000,-0.709000
10984.001000,1.052000,-0.709000
10985.001000,1.053000,-0.702000
10986.001000,1.053000,-0.706000
10987.001000,1.053000,-0.700000
10988.001000,1.052000,-0.700000
10989.001000,1.052000,-0.698000
10990.001000,1.052000,-0.700000
10991.001000,1.052000,-0.701000
10992.001000,1.052000,-0.698000
10993.001000,1.052000,-0.698000
10994.001000,1.052000,-0.699000
10995.001000,1.052000,-0.705000
10996.001000,1.052000,-0.707000
10997.001000,1.052000,-0.704000
10998.001000,1.052000,-0.700000
10999.001000,1.052000,-0.703000
11000.001000,1.052000,-0.706000
11001.001000,1.052000,-0.700000
11002.001000,1.053000,-0.703000
11003.001000,1.053000,-0.703000
11004.001000,1.053000,-0.697000
11005.001000,1.052000,-0.693000
11006.001000,1.054000,-0.695000
11007.001000,1.054000,-0.708000
11008.001000,1.054000,-0.703000
11009.001000,1.054000,-0.701000
11010.001000,1.054000,-0.697000
11011.001000,1.053000,-0.703000
11012.001000,1.053000,-0.706000
11013.001000,1.053000,-0.705000
11014.001000,1.053000,-0.704000
11015.001000,1.052000,-0.701000
11016.001000,1.051000,-0.702000
11017.001000,1.051000,-0.698000
11018.001000,1.051000,-0.702000
11019.001000,1.051000,-0.700000
11020.001000,1.049000,-0.692000
11021.001000,1.049000,-0.694000
11022.001000,1.049000,-0.694000
11023.001000,1.049000,-0.694000
11024.001000,1.048000,-0.696000
11025.001000,1.047000,-0.693000
11026.001000,1.047000,-0.696000
11027.001000,1.047000,-0.698000
11028.001000,1.047000,-0.700000
11029.001000,1.046000,-0.697000
11030.001000,1.045000,-0.702000
11031.001000,1.044000,-0.700000
11032.001000,1.045000,-0.699000
11033.001000,1.045000,-0.702000
11034.001000,1.045000,-0.702000
11035.001000,1.045000,-0.702000
11036.001000,1.045000,-0.700000
11037.001000,1.045000,-0.701000
11038.001000,1.045000,-0.704000
11039.001000,1.048000,-0.707000
11040.001000,1.049000,-0.706000
11041.001000,1.050000,-0.703000
11042.001000,1.051000,-0.708000
11043.001000,1.050000,-0.701000
11044.001000,1.050000,-0.692000
11045.001000,1.051000,-0.690000
11046.001000,1.051000,-0.696000
11047.001000,1.052000,-0.703000
11048.001000,1.052000,-0.698000
11049.001000,1.052000,-0.703000
11050.001000,1.053000,-0.702000
11051.001000,1.053000,-0.708000
11052.001000,1.053000,-0.698000
11053.001000,1.053000,-0.699000
11054.001000,1.053000,-0.694000
11055.001000,1.053000,-0.692000
11056.001000,1.053000,-0.699000
11057.001000,1.053000,-0.694000
11058.001000,1.053000,-0.694000
11059.001000,1.053000,-0.699000
11060.001000,1.053000,-0.692000
11061.001000,1.054000,-0.696000
11062.001000,1.054000,-0.700000
11063.001000,1.055000,-0.700000
11064.001000,1.055000,-0.701000
11065.001000,1.056000,-0.699000
11066.001000,1.055000,-0.702000
11067.001000,1.056000,-0.703000
11068.001000,1.055000,-0.710000
11069.001000,1.055000,-0.707000
11070.001000,1.055000,-0.703000
11071.001000,1.055000,-0.701000
11072.001000,1.055000,-0.707000
11073.001000,1.055000,-0.702000
11074.001000,1.055000,-0.703000
11075.001000,1.055000,-0.701000
11076.001000,1.055000,-0.702000
11077.001000,1.055000,-0.702000
11078.001000,1.056000,-0.699000
11079.001000,1.056000,-0.707000
11080.001000,1.056000,-0.697000
11081.001000,1.056000,-0.699000
11082.001000,1.056000,-0.698000
11083.001000,1.056000,-0.701000
11084.001000,1.056000,-0.703000
11085.001000,1.057000,-0.703000
11086.001000,1.057000,-0.710000
11087.001000,1.057000,-0.707000
11088.001000,1.057000,-0.702000
11089.001000,1.057000,-0.712000
11090.001000,1.057000,-0.710000
11091.001000,1.057000,-0.710000
11092.001000,1.057000,-0.712000
11093.001000,1.056000,-0.714000
11094.001000,1.056000,-0.708000
11095.001000,1.056000,-0.703000
11096.001000,1.056000,-0.706000
11097.001000,1.057000,-0.697000
11098.001000,1.057000,-0.710000
11099.001000,1.057000,-0.709000
11100.001000,1.057000,-0.700000
11101.001000,1.057000,-0.699000
11102.001000,1.056000,-0.706000
11103.001000,1.056000,-0.705000
11104.001000,1.056000,-0.709000
11105.001000,1.055000,-0.704000
11106.001000,1.056000,-0.708000
11107.001000,1.054000,-0.697000
11108.001000,1.054000,-0.692000
11109.001000,1.054000,-0.700000
11110.001000,1.053000,-0.701000
11111.001000,1.054000,-0.696000
11112.001000,1.055000,-0.695000
11113.001000,1.057000,-0.696000
11114.001000,1.058000,-0.698000
11115.001000,1.059000,-0.696000
11116.001000,1.059000,-0.696000
11117.001000,1.059000,-0.693000
11118.001000,1.058000,-0.699000
11119.001000,1.058000,-0.695000
11120.001000,1.058000,-0.701000
11121.001000,1.059000,-0.698000
11122.001000,1.059000,-0.702000
11123.001000,1.059000,-0.698000
11124.001000,1.059000,-0.694000
11125.001000,1.060000,-0.697000
11126.001000,1.059000,-0.697000
11127.001000,1.059000,-0.695000
11128.001000,1.059000,-0.696000
11129.001000,1.059000,-0.699000
11130.001000,1.059000,-0.703000
11131.001000,1.059000,-0.696000
11132.001000,1.059000,-0.697000
11133.001000,1.060000,-0.697000
11134.001000,1.060000,-0.702000
11135.001000,1.061000,-0.692000
11136.001000,1.060000,-0.712000
11137.001000,1.061000,-0.706000
11138.001000,1.061000,-0.696000
11139.001000,1.061000,-0.701000
11140.001000,1.060000,-0.704000
11141.001000,1.060000,-0.704000
11142.001000,1.060000,-0.699000
11143.001000,1.061000,-0.698000
11144.001000,1.061000,-0.700000
11145.001000,1.061000,-0.699000
11146.001000,1.062000,-0.707000
11147.001000,1.062000,-0.704000
11148.001000,1.062000,-0.706000
11149.001000,1.062000,-0.704000
11150.001000,1.061000,-0.712000
11151.001000,1.062000,-0.714000
11152.001000,1.062000,-0.711000
11153.001000,1.063000,-0.715000
11154.001000,1.063000,-0.713000
11155.001000,1.063000,-0.710000
11156.001000,1.064000,-0.714000
11157.001000,1.064000,-0.710000
11158.001000,1.064000,-0.712000
11159.001000,1.064000,-0.716000
11160.001000,1.064000,-0.716000
11161.001000,1.064000,-0.708000
11162.001000,1.064000,-0.709000
11163.001000,1.064000,-0.705000
11164.001000,1.064000,-0.704000
11165.001000,1.064000,-0.704000
11166.001000,1.064000,-0.705000
11167.001000,1.064000,-0.710000
11168.001000,1.064000,-0.707000
11169.001000,1.063000,-0.704000
11170.001000,1.064000,-0.703000
11171.001000,1.064000,-0.708000
11172.001000,1.064000,-0.708000
11173.001000,1.064000,-0.709000
11174.001000,1.064000,-0.707000
11175.001000,1.064000,-0.710000
11176.001000,1.065000,-0.706000
11177.001000,1.064000,-0.715000
11178.001000,1.065000,-0.712000
11179.001000,1.065000,-0.705000
11180.001000,1.065000,-0.707000
11181.001000,1.066000,-0.718000
11182.001000,1.066000,-0.713000
11183.001000,1.065000,-0.716000
11184.001000,1.066000,-0.714000
11185.001000,1.065000,-0.713000
11186.001000,1.065000,-0.708000
11187.001000,1.065000,-0.715000
11188.001000,1.066000,-0.714000
11189.001000,1.065000,-0.716000
11190.001000,1.066000,-0.717000
11191.001000,1.066000,-0.708000
11192.001000,1.066000,-0.711000
11193.001000,1.065000,-0.710000
11194.001000,1.065000,-0.718000
11195.001000,1.064000,-0.713000
11196.001000,1.065000,-0.716000
11197.001000,1.065000,-0.712000
11198.001000,1.065000,-0.712000
11199.001000,1.065000,-0.716000
11200.001000,1.065000,-0.712000
11201.001000,1.065000,-0.710000
11202.001000,1.065000,-0.711000
11203.001000,1.065000,-0.715000
11204.001000,1.065000,-0.704000
11205.001000,1.065000,-0.701000
11206.001000,1.066000,-0.707000
11207.001000,1.066000,-0.711000
11208.001000,1.065000,-0.713000
11209.001000,1.066000,-0.702000
11210.001000,1.066000,-0.711000
11211.001000,1.066000,-0.711000
11212.001000,1.066000,-0.709000
11213.001000,1.065000,-0.715000
11214.001000,1.065000,-0.716000
11215.001000,1.065000,-0.715000
11216.001000,1.065000,-0.717000
11217.001000,1.065000,-0.716000
11218.001000,1.066000,-0.716000
11219.001000,1.065000,-0.712000
11220.001000,1.065000,-0.710000
11221.001000,1.065000,-0.712000
11222.001000,1.065000,-0.706000
11223.001000,1.066000,-0.718000
11224.001000,1.066000,-0.715000
11225.001000,1.065000,-0.710000
11226.001000,1.065000,-0.714000
11227.001000,1.064000,-0.720000
11228.001000,1.065000,-0.713000
11229.001000,1.065000,-0.713000
11230.001000,1.066000,-0.720000
11231.001000,1.066000,-0.713000
11232.001000,1.066000,-0.712000
11233.001000,1.066000,-0.713000
11234.001000,1.066000,-0.713000
11235.001000,1.066000,-0.713000
11236.001000,1.066000,-0.705000
11237.001000,1.065000,-0.707000
11238.001000,1.064000,-0.709000
11239.001000,1.065000,-0.702000
11240.001000,1.065000,-0.714000
11241.001000,1.065000,-0.711000
11242.001000,1.065000,-0.713000
11243.001000,1.064000,-0.704000
11244.001000,1.064000,-0.702000
11245.001000,1.064000,-0.695000
11246.001000,1.064000,-0.707000
11247.001000,1.065000,-0.712000
11248.001000,1.065000,-0.704000
11249.001000,1.065000,-0.708000
11250.001000,1.066000,-0.707000
11251.001000,1.065000,-0.715000
11252.001000,1.066000,-0.713000
11253.001000,1.066000,-0.710000
11254.001000,1.066000,-0.701000
11255.001000,1.066000,-0.710000
11256.001000,1.067000,-0.710000
11257.001000,1.067000,-0.711000
11258.001000,1.067000,-0.717000
11259.001000,1.067000,-0.704000
11260.001000,1.067000,-0.707000
11261.001000,1.067000,-0.708000
11262.001000,1.067000,-0.704000
11263.001000,1.067000,-0.709000
11264.001000,1.066000,-0.711000
11265.001000,1.066000,-0.713000
11266.001000,1.065000,-0.714000
11267.001000,1.065000,-0.718000
11268.001000,1.065000,-0.724000
11269.001000,1.065000,-0.721000
11270.001000,1.065000,-0.722000
11271.001000,1.065000,-0.722000
11272.001000,1.065000,-0.722000
11273.001000,1.065000,-0.717000
11274.001000,1.064000,-0.720000
11275.001000,1.064000,-0.714000
11276.001000,1.064000,-0.711000
11277.001000,1.064000,-0.715000
11278.001000,1.063000,-0.714000
11279.001000,1.063000,-0.716000
11280.001000,1.062000,-0.716000
11281.001000,1.062000,-0.719000
11282.001000,1.062000,-0.712000
11283.001000,1.061000,-0.718000
11284.001000,1.062000,-0.720000
11285.001000,1.062000,-0.716000
11286.001000,1.062000,-0.711000
11287.001000,1.061000,-0.710000
11288.001000,1.060000,-0.702000
11289.001000,1.062000,-0.706000
11290.001000,1.062000,-0.703000
11291.001000,1.062000,-0.707000
11292.001000,1.061000,-0.705000
11293.001000,1.061000,-0.714000
11294.001000,1.061000,-0.714000
11295.001000,1.061000,-0.713000
11296.001000,1.062000,-0.716000
11297.001000,1.062000,-0.711000
11298.001000,1.062000,-0.707000
11299.001000,1.062000,-0.709000
11300.001000,1.062000,-0.704000
11301.001000,1.063000,-0.702000
11302.001000,1.063000,-0.703000
11303.001000,1.062000,-0.705000
11304.001000,1.062000,-0.702000
11305.001000,1.062000,-0.703000
11306.001000,1.062000,-0.711000
11307.001000,1.061000,-0.705000
11308.001000,1.061000,-0.705000
11309.001000,1.062000,-0.708000
11310.001000,1.062000,-0.701000
11311.001000,1.062000,-0.699000
11312.001000,1.062000,-0.707000
11313.001000,1.062000,-0.708000
11314.001000,1.062000,-0.703000
11315.001000,1.062000,-0.707000
11316.001000,1.062000,-0.704000
11317.001000,1.062000,-0.701000
11318.001000,1.061000,-0.705000
11319.001000,1.062000,-0.703000
11320.001000,1.062000,-0.702000
11321.001000,1.062000,-0.699000
11322.001000,1.062000,-0.704000
11323.001000,1.063000,-0.697000
11324.001000,1.063000,-0.694000
11325.001000,1.063000,-0.696000
11326.001000,1.063000,-0.704000
11327.001000,1.063000,-0.696000
11328.001000,1.063000,-0.697000
11329.001000,1.063000,-0.701000
11330.001000,1.063000,-0.704000
11331.001000,1.063000,-0.705000
11332.001000,1.063000,-0.705000
11333.001000,1.064000,-0.708000
11334.001000,1.064000,-0.700000
11335.001000,1.064000,-0.707000
11336.001000,1.063000,-0.703000
11337.001000,1.063000,-0.699000
11338.001000,1.062000,-0.701000
11339.001000,1.063000,-0.701000
11340.001000,1.063000,-0.702000
11341.001000,1.063000,-0.696000
11342.001000,1.063000,-0.701000
11343.001000,1.063000,-0.700000
11344.001000,1.063000,-0.699000
11345.001000,1.064000,-0.702000
11346.001000,1.064000,-0.699000
11347.001000,1.064000,-0.702000
11348.001000,1.064000,-0.702000
11349.001000,1.064000,-0.712000
11350.001000,1.064000,-0.701000
11351.001000,1.065000,-0.700000
11352.001000,1.065000,-0.702000
11353.001000,1.064000,-0.706000
11354.001000,1.065000,-0.705000
11355.001000,1.065000,-0.710000
11356.001000,1.065000,-0.709000
11357.001000,1.064000,-0.704000
11358.001000,1.064000,-0.706000
11359.001000,1.064000,-0.706000
11360.001000,1.064000,-0.702000
11361.001000,1.064000,-0.711000
11362.001000,1.063000,-0.705000
11363.001000,1.064000,-0.705000
11364.001000,1.063000,-0.709000
11365.001000,1.063000,-0.709000
11366.001000,1.063000,-0.705000
11367.001000,1.062000,-0.712000
11368.001000,1.062000,-0.705000
11369.001000,1.061000,-0.703000
11370.001000,1.061000,-0.703000
11371.001000,1.061000,-0.706000
11372.001000,1.061000,-0.703000
11373.001000,1.061000,-0.703000
11374.001000,1.062000,-0.701000
11375.001000,1.062000,-0.705000
11376.001000,1.063000,-0.702000
11377.001000,1.063000,-0.701000
11378.001000,1.062000,-0.691000
11379.001000,1.062000,-0.692000
11380.001000,1.062000,-0.687000
11381.001000,1.062000,-0.685000
11382.001000,1.063000,-0.680000
11383.001000,1.063000,-0.684000
11384.001000,1.063000,-0.680000
11385.001000,1.063000,-0.682000
11386.001000,1.064000,-0.685000
11387.001000,1.066000,-0.711000
11388.001000,1.068000,-0.717000
11389.001000,1.068000,-0.709000
11390.001000,1.068000,-0.707000
11391.001000,1.068000,-0.721000
11392.001000,1.070000,-0.716000
11393.001000,1.071000,-0.719000
11394.001000,1.071000,-0.716000
11395.001000,1.071000,-0.722000
11396.001000,1.072000,-0.723000
11397.001000,1.071000,-0.721000
11398.001000,1.071000,-0.725000
11399.001000,1.071000,-0.715000
11400.001000,1.071000,-0.715000
11401.001000,1.070000,-0.712000
11402.001000,1.071000,-0.732000
11403.001000,1.071000,-0.724000
11404.001000,1.071000,-0.722000
11405.001000,1.071000,-0.738000
11406.001000,1.071000,-0.722000
11407.001000,1.072000,-0.719000
11408.001000,1.072000,-0.717000
11409.001000,1.071000,-0.719000
11410.001000,1.071000,-0.719000
11411.001000,1.071000,-0.723000
11412.001000,1.071000,-0.723000
11413.001000,1.071000,-0.719000
11414.001000,1.071000,-0.715000
11415.001000,1.071000,-0.715000
11416.001000,1.071000,-0.722000
11417.001000,1.071000,-0.723000
11418.001000,1.071000,-0.728000
11419.001000,1.071000,-0.727000
11420.001000,1.071000,-0.724000
11421.001000,1.071000,-0.727000
11422.001000,1.071000,-0.727000
11423.001000,1.071000,-0.725000
11424.001000,1.072000,-0.723000
11425.001000,1.071000,-0.725000
11426.001000,1.072000,-0.726000
11427.001000,1.072000,-0.725000
11428.001000,1.072000,-0.725000
11429.001000,1.072000,-0.722000
11430.001000,1.072000,-0.733000
11431.001000,1.072000,-0.726000
11432.001000,1.072000,-0.725000
11433.001000,1.072000,-0.723000
11434.001000,1.072000,-0.725000
11435.001000,1.070000,-0.726000
11436.001000,1.070000,-0.721000
11437.001000,1.071000,-0.715000
11438.001000,1.071000,-0.717000
11439.001000,1.071000,-0.720000
11440.001000,1.071000,-0.714000
11441.001000,1.071000,-0.712000
11442.001000,1.071000,-0.715000
11443.001000,1.071000,-0.713000
11444.001000,1.071000,-0.718000
11445.001000,1.071000,-0.714000
11446.001000,1.071000,-0.711000
11447.001000,1.071000,-0.714000
11448.001000,1.071000,-0.713000
11449.001000,1.070000,-0.717000
11450.001000,1.070000,-0.713000
11451.001000,1.070000,-0.710000
11452.001000,1.070000,-0.713000
11453.001000,1.070000,-0.706000
11454.001000,1.069000,-0.718000
11455.001000,1.068000,-0.711000
11456.001000,1.069000,-0.708000
11457.001000,1.069000,-0.715000
11458.001000,1.068000,-0.706000
11459.001000,1.068000,-0.707000
11460.001000,1.066000,-0.710000
11461.001000,1.066000,-0.709000
11462.001000,1.066000,-0.706000
11463.001000,1.066000,-0.704000
11464.001000,1.065000,-0.707000
11465.001000,1.065000,-0.709000
11466.001000,1.065000,-0.712000
11467.001000,1.066000,-0.711000
11468.001000,1.067000,-0.714000
11469.001000,1.066000,-0.707000
11470.001000,1.066000,-0.711000
11471.001000,1.066000,-0.714000
11472.001000,1.064000,-0.713000
11473.001000,1.064000,-0.713000
11474.001000,1.064000,-0.708000
11475.001000,1.063000,-0.709000
11476.001000,1.063000,-0.708000
11477.001000,1.063000,-0.709000
11478.001000,1.063000,-0.703000
11479.001000,1.064000,-0.697000
11480.001000,1.063000,-0.697000
11481.001000,1.063000,-0.695000
11482.001000,1.063000,-0.699000
11483.001000,1.063000,-0.706000
11484.001000,1.063000,-0.706000
11485.001000,1.063000,-0.706000
11486.001000,1.062000,-0.706000
11487.001000,1.062000,-0.702000
11488.001000,1.062000,-0.707000
11489.001000,1.062000,-0.712000
11490.001000,1.062000,-0.699000
11491.001000,1.062000,-0.702000
11492.001000,1.063000,-0.705000
11493.001000,1.063000,-0.703000
11494.001000,1.063000,-0.707000
11495.001000,1.064000,-0.698000
11496.001000,1.064000,-0.701000
11497.001000,1.064000,-0.707000
11498.001000,1.064000,-0.704000
11499.001000,1.064000,-0.704000
11500.001000,1.063000,-0.700000
11501.001000,1.063000,-0.705000
11502.001000,1.063000,-0.698000
11503.001000,1.064000,-0.699000
11504.001000,1.065000,-0.696000
11505.001000,1.065000,-0.690000
11506.001000,1.065000,-0.686000
11507.001000,1.065000,-0.694000
11508.001000,1.065000,-0.690000
11509.001000,1.065000,-0.690000
11510.001000,1.065000,-0.695000
11511.001000,1.065000,-0.703000
11512.001000,1.067000,-0.696000
11513.001000,1.068000,-0.702000
11514.001000,1.069000,-0.702000
11515.001000,1.069000,-0.698000
11516.001000,1.069000,-0.694000
11517.001000,1.069000,-0.694000
11518.001000,1.070000,-0.705000
11519.001000,1.068000,-0.698000
11520.001000,1.068000,-0.702000
11521.001000,1.069000,-0.696000
11522.001000,1.070000,-0.698000
11523.001000,1.069000,-0.695000
11524.001000,1.069000,-0.705000
11525.001000,1.069000,-0.700000
11526.001000,1.069000,-0.693000
11527.001000,1.069000,-0.696000
11528.001000,1.069000,-0.695000
11529.001000,1.069000,-0.697000
11530.001000,1.069000,-0.701000
11531.001000,1.069000,-0.691000
11532.001000,1.069000,-0.694000
11533.001000,1.069000,-0.694000
11534.001000,1.069000,-0.691000
11535.001000,1.068000,-0.693000
11536.001000,1.069000,-0.690000
11537.001000,1.069000,-0.690000
11538.001000,1.069000,-0.688000
11539.001000,1.068000,-0.693000
11540.001000,1.069000,-0.686000
11541.001000,1.068000,-0.686000
11542.001000,1.069000,-0.685000
11543.001000,1.068000,-0.685000
11544.001000,1.068000,-0.680000
11545.001000,1.068000,-0.680000
11546.001000,1.067000,-0.687000
11547.001000,1.066000,-0.683000
11548.001000,1.066000,-0.683000
11549.001000,1.066000,-0.692000
11550.001000,1.066000,-0.697000
11551.001000,1.066000,-0.689000
11552.001000,1.066000,-0.688000
11553.001000,1.066000,-0.690000
11554.001000,1.065000,-0.697000
11555.001000,1.066000,-0.693000
11556.001000,1.066000,-0.693000
11557.001000,1.066000,-0.692000
11558.001000,1.065000,-0.686000
11559.001000,1.066000,-0.687000
11560.001000,1.066000,-0.690000
11561.001000,1.065000,-0.690000
11562.001000,1.065000,-0.685000
11563.001000,1.065000,-0.695000
11564.001000,1.064000,-0.697000
11565.001000,1.064000,-0.695000
11566.001000,1.065000,-0.692000
11567.001000,1.064000,-0.691000
11568.001000,1.064000,-0.696000
11569.001000,1.064000,-0.695000
11570.001000,1.063000,-0.689000
11571.001000,1.064000,-0.688000
11572.001000,1.064000,-0.689000
11573.001000,1.063000,-0.693000
11574.001000,1.064000,-0.693000
11575.001000,1.064000,-0.695000
11576.001000,1.065000,-0.685000
11577.001000,1.065000,-0.689000
11578.001000,1.068000,-0.695000
11579.001000,1.069000,-0.695000
11580.001000,1.070000,-0.695000
11581.001000,1.070000,-0.694000
11582.001000,1.070000,-0.690000
11583.001000,1.070000,-0.697000
11584.001000,1.071000,-0.693000
11585.001000,1.071000,-0.686000
11586.001000,1.070000,-0.678000
11587.001000,1.070000,-0.689000
11588.001000,1.070000,-0.687000
11589.001000,1.071000,-0.690000
11590.001000,1.072000,-0.684000
11591.001000,1.072000,-0.704000
11592.001000,1.072000,-0.727000
11593.001000,1.071000,-0.728000
11594.001000,1.071000,-0.724000
11595.001000,1.071000,-0.721000
11596.001000,1.071000,-0.712000
11597.001000,1.072000,-0.715000
11598.001000,1.072000,-0.712000
11599.001000,1.072000,-0.714000
11600.001000,1.071000,-0.713000
11601.001000,1.071000,-0.725000
11602.001000,1.071000,-0.723000
11603.001000,1.071000,-0.723000
11604.001000,1.071000,-0.726000
11605.001000,1.071000,-0.723000
11606.001000,1.070000,-0.721000
11607.001000,1.070000,-0.721000
11608.001000,1.070000,-0.719000
11609.001000,1.070000,-0.721000
11610.001000,1.069000,-0.726000
11611.001000,1.070000,-0.721000
11612.001000,1.069000,-0.724000
11613.001000,1.070000,-0.727000
11614.001000,1.070000,-0.714000
11615.001000,1.070000,-0.721000
11616.001000,1.071000,-0.728000
11617.001000,1.070000,-0.715000
11618.001000,1.070000,-0.723000
11619.001000,1.070000,-0.727000
11620.001000,1.069000,-0.708000
11621.001000,1.069000,-0.704000
11622.001000,1.069000,-0.721000
11623.001000,1.068000,-0.711000
11624.001000,1.069000,-0.725000
11625.001000,1.069000,-0.722000
11626.001000,1.070000,-0.732000
11627.001000,1.070000,-0.719000
11628.001000,1.069000,-0.716000
11629.001000,1.069000,-0.713000
11630.001000,1.068000,-0.708000
11631.001000,1.068000,-0.706000
11632.001000,1.066000,-0.710000
11633.001000,1.066000,-0.703000
11634.001000,1.066000,-0.720000
11635.001000,1.065000,-0.715000
11636.001000,1.064000,-0.723000
11637.001000,1.065000,-0.726000
11638.001000,1.065000,-0.728000
11639.001000,1.066000,-0.720000
11640.001000,1.066000,-0.718000
11641.001000,1.064000,-0.712000
11642.001000,1.065000,-0.708000
11643.001000,1.065000,-0.723000
11644.001000,1.065000,-0.709000
11645.001000,1.065000,-0.710000
11646.001000,1.065000,-0.719000
11647.001000,1.065000,-0.725000
11648.001000,1.064000,-0.726000
11649.001000,1.064000,-0.721000
11650.001000,1.065000,-0.728000
11651.001000,1.065000,-0.725000
11652.001000,1.066000,-0.722000
11653.001000,1.068000,-0.719000
11654.001000,1.070000,-0.716000
11655.001000,1.071000,-0.709000
11656.001000,1.071000,-0.707000
11657.001000,1.071000,-0.707000
11658.001000,1.071000,-0.708000
11659.001000,1.071000,-0.704000
11660.001000,1.071000,-0.707000
11661.001000,1.071000,-0.711000
11662.001000,1.070000,-0.706000
11663.001000,1.070000,-0.711000
11664.001000,1.070000,-0.706000
11665.001000,1.070000,-0.716000
11666.001000,1.070000,-0.710000
11667.001000,1.070000,-0.712000
11668.001000,1.069000,-0.714000
11669.001000,1.069000,-0.713000
11670.001000,1.068000,-0.715000
11671.001000,1.067000,-0.714000
11672.001000,1.068000,-0.710000
11673.001000,1.069000,-0.709000
11674.001000,1.069000,-0.708000
11675.001000,1.069000,-0.713000
11676.001000,1.069000,-0.710000
11677.001000,1.068000,-0.711000
11678.001000,1.068000,-0.713000
11679.001000,1.068000,-0.714000
11680.001000,1.069000,-0.717000
11681.001000,1.070000,-0.713000
11682.001000,1.070000,-0.708000
11683.001000,1.071000,-0.705000
11684.001000,1.071000,-0.713000
11685.001000,1.071000,-0.715000
11686.001000,1.072000,-0.714000
11687.001000,1.072000,-0.709000
11688.001000,1.072000,-0.716000
11689.001000,1.072000,-0.711000
11690.001000,1.072000,-0.713000
11691.001000,1.071000,-0.716000
11692.001000,1.071000,-0.709000
11693.001000,1.071000,-0.715000
11694.001000,1.071000,-0.714000
11695.001000,1.071000,-0.711000
11696.001000,1.071000,-0.705000
11697.001000,1.071000,-0.714000
11698.001000,1.071000,-0.708000
11699.001000,1.071000,-0.706000
11700.001000,1.071000,-0.709000
11701.001000,1.070000,-0.710000
11702.001000,1.070000,-0.715000
11703.001000,1.070000,-0.711000
11704.001000,1.070000,-0.705000
11705.001000,1.070000,-0.707000
11706.001000,1.070000,-0.709000
11707.001000,1.070000,-0.714000
11708.001000,1.070000,-0.710000
11709.001000,1.070000,-0.705000
11710.001000,1.070000,-0.704000
11711.001000,1.071000,-0.701000
11712.001000,1.071000,-0.701000
11713.001000,1.071000,-0.701000
11714.001000,1.071000,-0.702000
11715.001000,1.071000,-0.703000
11716.001000,1.070000,-0.707000
11717.001000,1.071000,-0.704000
11718.001000,1.071000,-0.701000
11719.001000,1.072000,-0.704000
11720.001000,1.072000,-0.700000
11721.001000,1.072000,-0.702000
11722.001000,1.072000,-0.704000
11723.001000,1.072000,-0.702000
11724.001000,1.072000,-0.702000
11725.001000,1.073000,-0.706000
11726.001000,1.073000,-0.714000
11727.001000,1.074000,-0.705000
11728.001000,1.074000,-0.707000
11729.001000,1.074000,-0.706000
11730.001000,1.074000,-0.704000
11731.001000,1.074000,-0.703000
11732.001000,1.074000,-0.705000
11733.001000,1.074000,-0.710000
11734.001000,1.073000,-0.706000
11735.001000,1.073000,-0.706000
11736.001000,1.073000,-0.700000
11737.001000,1.073000,-0.710000
11738.001000,1.073000,-0.715000
11739.001000,1.073000,-0.706000
11740.001000,1.073000,-0.704000
11741.001000,1.073000,-0.705000
11742.001000,1.073000,-0.710000
11743.001000,1.073000,-0.712000
11744.001000,1.073000,-0.719000
11745.001000,1.074000,-0.713000
11746.001000,1.073000,-0.709000
11747.001000,1.073000,-0.713000
11748.001000,1.073000,-0.713000
11749.001000,1.073000,-0.709000
11750.001000,1.073000,-0.714000
11751.001000,1.074000,-0.713000
11752.001000,1.074000,-0.712000
11753.001000,1.074000,-0.715000
11754.001000,1.073000,-0.704000
11755.001000,1.073000,-0.708000
11756.001000,1.073000,-0.711000
11757.001000,1.073000,-0.710000
11758.001000,1.074000,-0.707000
11759.001000,1.073000,-0.706000
11760.001000,1.072000,-0.707000
11761.001000,1.073000,-0.711000
11762.001000,1.073000,-0.707000
11763.001000,1.074000,-0.709000
11764.001000,1.075000,-0.708000
11765.001000,1.075000,-0.705000
11766.001000,1.075000,-0.704000
11767.001000,1.075000,-0.705000
11768.001000,1.075000,-0.698000
11769.001000,1.075000,-0.685000
11770.001000,1.075000,-0.688000
11771.001000,1.075000,-0.698000
11772.001000,1.073000,-0.686000
11773.001000,1.073000,-0.683000
11774.001000,1.072000,-0.680000
11775.001000,1.072000,-0.684000
11776.001000,1.073000,-0.692000
11777.001000,1.073000,-0.688000
11778.001000,1.073000,-0.694000
11779.001000,1.073000,-0.690000
11780.001000,1.073000,-0.692000
11781.001000,1.073000,-0.702000
11782.001000,1.073000,-0.696000
11783.001000,1.072000,-0.695000
11784.001000,1.072000,-0.693000
11785.001000,1.072000,-0.688000
11786.001000,1.072000,-0.691000
11787.001000,1.072000,-0.688000
11788.001000,1.072000,-0.689000
11789.001000,1.072000,-0.698000
11790.001000,1.072000,-0.691000
11791.001000,1.072000,-0.686000
11792.001000,1.072000,-0.687000
11793.001000,1.072000,-0.694000
11794.001000,1.072000,-0.689000
11795.001000,1.072000,-0.685000
11796.001000,1.072000,-0.684000
11797.001000,1.071000,-0.699000
11798.001000,1.072000,-0.691000
11799.001000,1.072000,-0.694000
11800.001000,1.072000,-0.701000
11801.001000,1.072000,-0.695000
11802.001000,1.071000,-0.693000
11803.001000,1.071000,-0.689000
11804.001000,1.072000,-0.689000
11805.001000,1.072000,-0.684000
11806.001000,1.072000,-0.687000
11807.001000,1.073000,-0.683000
11808.001000,1.072000,-0.690000
11809.001000,1.072000,-0.691000
11810.001000,1.073000,-0.692000
11811.001000,1.072000,-0.695000
11812.001000,1.072000,-0.697000
11813.001000,1.072000,-0.695000
11814.001000,1.072000,-0.699000
11815.001000,1.072000,-0.698000
11816.001000,1.072000,-0.701000
11817.001000,1.072000,-0.703000
11818.001000,1.072000,-0.701000
11819.001000,1.072000,-0.695000
11820.001000,1.072000,-0.703000
11821.001000,1.072000,-0.696000
11822.001000,1.072000,-0.698000
11823.001000,1.071000,-0.696000
11824.001000,1.072000,-0.699000
11825.001000,1.072000,-0.700000
11826.001000,1.073000,-0.696000
11827.001000,1.073000,-0.698000
11828.001000,1.073000,-0.694000
11829.001000,1.073000,-0.700000
11830.001000,1.074000,-0.696000
11831.001000,1.073000,-0.698000
11832.001000,1.073000,-0.688000
11833.001000,1.074000,-0.686000
11834.001000,1.074000,-0.685000
11835.001000,1.074000,-0.680000
11836.001000,1.074000,-0.691000
11837.001000,1.074000,-0.672000
11838.001000,1.074000,-0.669000
11839.001000,1.074000,-0.664000
11840.001000,1.073000,-0.678000
11841.001000,1.073000,-0.675000
11842.001000,1.074000,-0.657000
11843.001000,1.076000,-0.670000
11844.001000,1.079000,-0.665000
11845.001000,1.081000,-0.669000
11846.001000,1.083000,-0.673000
11847.001000,1.083000,-0.668000
11848.001000,1.083000,-0.664000
11849.001000,1.084000,-0.661000
11850.001000,1.084000,-0.667000
11851.001000,1.085000,-0.667000
11852.001000,1.085000,-0.663000
11853.001000,1.085000,-0.669000
11854.001000,1.085000,-0.670000
11855.001000,1.085000,-0.674000
11856.001000,1.085000,-0.664000
11857.001000,1.084000,-0.667000
11858.001000,1.084000,-0.669000
11859.001000,1.084000,-0.670000
11860.001000,1.084000,-0.675000
11861.001000,1.083000,-0.669000
11862.001000,1.082000,-0.669000
11863.001000,1.082000,-0.672000
11864.001000,1.082000,-0.671000
11865.001000,1.082000,-0.669000
11866.001000,1.082000,-0.668000
11867.001000,1.082000,-0.666000
11868.001000,1.081000,-0.668000
11869.001000,1.081000,-0.672000
11870.001000,1.081000,-0.673000
11871.001000,1.081000,-0.669000
11872.001000,1.082000,-0.668000
11873.001000,1.083000,-0.675000
11874.001000,1.083000,-0.677000
11875.001000,1.084000,-0.680000
11876.001000,1.084000,-0.668000
11877.001000,1.084000,-0.674000
11878.001000,1.084000,-0.671000
11879.001000,1.083000,-0.674000
11880.001000,1.085000,-0.674000
11881.001000,1.088000,-0.671000
11882.001000,1.091000,-0.676000
11883.001000,1.093000,-0.675000
11884.001000,1.094000,-0.673000
11885.001000,1.095000,-0.671000
11886.001000,1.095000,-0.669000
11887.001000,1.094000,-0.672000
11888.001000,1.094000,-0.666000
11889.001000,1.093000,-0.674000
11890.001000,1.093000,-0.670000
11891.001000,1.093000,-0.675000
11892.001000,1.094000,-0.682000
11893.001000,1.094000,-0.677000
11894.001000,1.094000,-0.679000
11895.001000,1.094000,-0.677000
11896.001000,1.094000,-0.676000
11897.001000,1.094000,-0.672000
11898.001000,1.094000,-0.673000
11899.001000,1.093000,-0.673000
11900.001000,1.092000,-0.679000
11901.001000,1.092000,-0.677000
11902.001000,1.092000,-0.674000
11903.001000,1.093000,-0.681000
11904.001000,1.094000,-0.682000
11905.001000,1.095000,-0.689000
11906.001000,1.095000,-0.690000
11907.001000,1.095000,-0.692000
11908.001000,1.096000,-0.696000
11909.001000,1.096000,-0.687000
11910.001000,1.096000,-0.688000
11911.001000,1.097000,-0.688000
11912.001000,1.097000,-0.690000
11913.001000,1.097000,-0.683000
11914.001000,1.097000,-0.686000
11915.001000,1.098000,-0.689000
11916.001000,1.099000,-0.687000
11917.001000,1.099000,-0.691000
11918.001000,1.098000,-0.693000
11919.001000,1.099000,-0.702000
11920.001000,1.099000,-0.697000
11921.001000,1.100000,-0.697000
11922.001000,1.100000,-0.699000
11923.001000,1.101000,-0.697000
11924.001000,1.100000,-0.705000
11925.001000,1.101000,-0.707000
11926.001000,1.101000,-0.705000
11927.001000,1.102000,-0.689000
11928.001000,1.101000,-0.706000
11929.001000,1.102000,-0.686000
11930.001000,1.101000,-0.664000
11931.001000,1.101000,-0.677000
11932.001000,1.102000,-0.672000
11933.001000,1.101000,-0.685000
11934.001000,1.102000,-0.682000
11935.001000,1.102000,-0.680000
11936.001000,1.102000,-0.663000
11937.001000,1.102000,-0.672000
11938.001000,1.101000,-0.664000
11939.001000,1.101000,-0.671000
11940.001000,1.101000,-0.658000
11941.001000,1.101000,-0.656000
11942.001000,1.101000,-0.654000
11943.001000,1.102000,-0.653000
11944.001000,1.103000,-0.655000
11945.001000,1.104000,-0.666000
11946.001000,1.105000,-0.668000
11947.001000,1.105000,-0.662000
11948.001000,1.106000,-0.661000
11949.001000,1.106000,-0.672000
11950.001000,1.107000,-0.665000
11951.001000,1.107000,-0.666000
11952.001000,1.106000,-0.660000
11953.001000,1.106000,-0.652000
11954.001000,1.106000,-0.662000
11955.001000,1.106000,-0.664000
11956.001000,1.106000,-0.667000
11957.001000,1.107000,-0.668000
11958.001000,1.107000,-0.670000
11959.001000,1.107000,-0.670000
11960.001000,1.107000,-0.664000
11961.001000,1.107000,-0.661000
11962.001000,1.107000,-0.666000
11963.001000,1.106000,-0.660000
11964.001000,1.106000,-0.667000
11965.001000,1.106000,-0.670000
11966.001000,1.105000,-0.672000
11967.001000,1.105000,-0.669000
11968.001000,1.105000,-0.665000
11969.001000,1.105000,-0.665000
11970.001000,1.105000,-0.670000
11971.001000,1.105000,-0.666000
11972.001000,1.104000,-0.664000
11973.001000,1.105000,-0.666000
11974.001000,1.104000,-0.669000
11975.001000,1.104000,-0.669000
11976.001000,1.103000,-0.664000
11977.001000,1.103000,-0.666000
11978.001000,1.107000,-0.659000
11979.001000,1.108000,-0.664000
11980.001000,1.109000,-0.665000
11981.001000,1.109000,-0.661000
11982.001000,1.108000,-0.673000
11983.001000,1.109000,-0.668000
11984.001000,1.109000,-0.671000
11985.001000,1.109000,-0.689000
11986.001000,1.110000,-0.667000
11987.001000,1.110000,-0.663000
11988.001000,1.109000,-0.669000
11989.001000,1.109000,-0.667000
11990.001000,1.109000,-0.668000
11991.001000,1.110000,-0.666000
11992.001000,1.110000,-0.665000
11993.001000,1.108000,-0.671000
11994.001000,1.108000,-0.669000
11995.001000,1.108000,-0.667000
11996.001000,1.107000,-0.670000
11997.001000,1.106000,-0.670000
11998.001000,1.107000,-0.683000
11999.001000,1.106000,-0.678000
12000.001000,1.107000,-0.671000
12001.001000,1.107000,-0.668000
12002.001000,1.107000,-0.670000
12003.001000,1.109000,-0.658000
12004.001000,1.110000,-0.656000
12005.001000,1.110000,-0.660000
12006.001000,1.109000,-0.664000
12007.001000,1.110000,-0.665000
12008.001000,1.110000,-0.660000
12009.001000,1.110000,-0.658000
12010.001000,1.111000,-0.661000
12011.001000,1.110000,-0.659000
12012.001000,1.110000,-0.663000
12013.001000,1.110000,-0.672000
12014.001000,1.110000,-0.667000
12015.001000,1.111000,-0.667000
12016.001000,1.110000,-0.669000
12017.001000,1.109000,-0.667000
12018.001000,1.108000,-0.668000
12019.001000,1.107000,-0.667000
12020.001000,1.107000,-0.666000
12021.001000,1.106000,-0.656000
12022.001000,1.106000,-0.667000
12023.001000,1.105000,-0.667000
12024.001000,1.105000,-0.668000
12025.001000,1.105000,-0.667000
12026.001000,1.104000,-0.667000
12027.001000,1.104000,-0.668000
12028.001000,1.104000,-0.656000
12029.001000,1.105000,-0.658000
12030.001000,1.104000,-0.659000
12031.001000,1.104000,-0.652000
12032.001000,1.104000,-0.669000
12033.001000,1.104000,-0.664000
12034.001000,1.104000,-0.667000
12035.001000,1.104000,-0.668000
12036.001000,1.104000,-0.667000
12037.001000,1.103000,-0.666000
12038.001000,1.103000,-0.664000
12039.001000,1.103000,-0.668000
12040.001000,1.103000,-0.663000
12041.001000,1.104000,-0.666000
12042.001000,1.104000,-0.664000
12043.001000,1.103000,-0.662000
12044.001000,1.103000,-0.661000
12045.001000,1.103000,-0.663000
12046.001000,1.103000,-0.659000
12047.001000,1.104000,-0.668000
12048.001000,1.104000,-0.668000
12049.001000,1.103000,-0.674000
12050.001000,1.103000,-0.666000
12051.001000,1.104000,-0.661000
12052.001000,1.105000,-0.661000
12053.001000,1.105000,-0.666000
12054.001000,1.105000,-0.666000
12055.001000,1.105000,-0.668000
12056.001000,1.104000,-0.670000
12057.001000,1.104000,-0.672000
12058.001000,1.103000,-0.669000
12059.001000,1.104000,-0.661000
12060.001000,1.104000,-0.666000
12061.001000,1.105000,-0.671000
12062.001000,1.105000,-0.673000
12063.001000,1.104000,-0.671000
12064.001000,1.104000,-0.669000
12065.001000,1.105000,-0.661000
12066.001000,1.104000,-0.672000
12067.001000,1.104000,-0.667000
12068.001000,1.105000,-0.671000
12069.001000,1.105000,-0.671000
12070.001000,1.105000,-0.664000
12071.001000,1.105000,-0.662000
12072.001000,1.105000,-0.659000
12073.001000,1.105000,-0.660000
12074.001000,1.105000,-0.660000
12075.001000,1.104000,-0.666000
12076.001000,1.103000,-0.666000
12077.001000,1.104000,-0.666000
12078.001000,1.104000,-0.669000
12079.001000,1.104000,-0.666000
12080.001000,1.104000,-0.666000
12081.001000,1.104000,-0.665000
12082.001000,1.105000,-0.667000
12083.001000,1.105000,-0.667000
12084.001000,1.106000,-0.666000
12085.001000,1.107000,-0.675000
12086.001000,1.108000,-0.671000
12087.001000,1.111000,-0.672000
12088.001000,1.110000,-0.670000
12089.001000,1.111000,-0.670000
12090.001000,1.111000,-0.668000
12091.001000,1.110000,-0.665000
12092.001000,1.111000,-0.663000
12093.001000,1.112000,-0.661000
12094.001000,1.112000,-0.668000
12095.001000,1.112000,-0.659000
12096.001000,1.112000,-0.663000
12097.001000,1.112000,-0.665000
12098.001000,1.112000,-0.661000
12099.001000,1.112000,-0.662000
12100.001000,1.113000,-0.666000
12101.001000,1.113000,-0.666000
12102.001000,1.113000,-0.668000
12103.001000,1.113000,-0.667000
12104.001000,1.113000,-0.670000
12105.001000,1.113000,-0.663000
12106.001000,1.113000,-0.670000
12107.001000,1.113000,-0.666000
12108.001000,1.113000,-0.664000
12109.001000,1.113000,-0.668000
12110.001000,1.112000,-0.664000
12111.001000,1.112000,-0.670000
12112.001000,1.111000,-0.663000
12113.001000,1.111000,-0.665000
12114.001000,1.111000,-0.662000
12115.001000,1.111000,-0.667000
12116.001000,1.111000,-0.664000
12117.001000,1.111000,-0.669000
12118.001000,1.112000,-0.662000
12119.001000,1.112000,-0.668000
12120.001000,1.112000,-0.658000
12121.001000,1.111000,-0.665000
12122.001000,1.112000,-0.667000
12123.001000,1.112000,-0.666000
12124.001000,1.112000,-0.669000
12125.001000,1.113000,-0.663000
12126.001000,1.113000,-0.660000
12127.001000,1.114000,-0.670000
12128.001000,1.114000,-0.663000
12129.001000,1.114000,-0.663000
12130.001000,1.113000,-0.661000
12131.001000,1.113000,-0.664000
12132.001000,1.114000,-0.657000
12133.001000,1.113000,-0.658000
12134.001000,1.113000,-0.658000
12135.001000,1.113000,-0.664000
12136.001000,1.113000,-0.671000
12137.001000,1.114000,-0.661000
12138.001000,1.115000,-0.657000
12139.001000,1.115000,-0.659000
12140.001000,1.115000,-0.659000
12141.001000,1.115000,-0.666000
12142.001000,1.115000,-0.665000
12143.001000,1.115000,-0.661000
12144.001000,1.114000,-0.662000
12145.001000,1.114000,-0.666000
12146.001000,1.114000,-0.665000
12147.001000,1.114000,-0.662000
12148.001000,1.114000,-0.660000
12149.001000,1.114000,-0.659000
12150.001000,1.114000,-0.666000
12151.001000,1.113000,-0.664000
12152.001000,1.111000,-0.661000
12153.001000,1.111000,-0.670000
12154.001000,1.112000,-0.671000
12155.001000,1.113000,-0.675000
12156.001000,1.113000,-0.667000
12157.001000,1.113000,-0.671000
12158.001000,1.113000,-0.669000
12159.001000,1.114000,-0.669000
12160.001000,1.114000,-0.671000
12161.001000,1.114000,-0.668000
12162.001000,1.113000,-0.669000
12163.001000,1.114000,-0.667000
12164.001000,1.114000,-0.667000
12165.001000,1.115000,-0.665000
12166.001000,1.115000,-0.670000
12167.001000,1.116000,-0.665000
12168.001000,1.115000,-0.666000
12169.001000,1.116000,-0.664000
12170.001000,1.116000,-0.662000
12171.001000,1.115000,-0.663000
12172.001000,1.115000,-0.658000
12173.001000,1.115000,-0.659000
12174.001000,1.115000,-0.664000
12175.001000,1.114000,-0.665000
12176.001000,1.114000,-0.665000
12177.001000,1.114000,-0.670000
12178.001000,1.114000,-0.667000
12179.001000,1.114000,-0.663000
12180.001000,1.115000,-0.654000
12181.001000,1.115000,-0.653000
12182.001000,1.115000,-0.656000
12183.001000,1.115000,-0.659000
12184.001000,1.114000,-0.650000
12185.001000,1.114000,-0.653000
12186.001000,1.115000,-0.657000
12187.001000,1.115000,-0.656000
12188.001000,1.114000,-0.658000
12189.001000,1.114000,-0.658000
12190.001000,1.114000,-0.659000
12191.001000,1.114000,-0.651000
12192.001000,1.113000,-0.647000
12193.001000,1.112000,-0.649000
12194.001000,1.112000,-0.642000
12195.001000,1.112000,-0.651000
12196.001000,1.113000,-0.644000
12197.001000,1.113000,-0.644000
12198.001000,1.113000,-0.647000
12199.001000,1.113000,-0.655000
12200.001000,1.114000,-0.649000
12201.001000,1.113000,-0.655000
12202.001000,1.114000,-0.651000
12203.001000,1.114000,-0.657000
12204.001000,1.114000,-0.653000
12205.001000,1.114000,-0.652000
12206.001000,1.114000,-0.653000
12207.001000,1.113000,-0.655000
12208.001000,1.113000,-0.660000
12209.001000,1.113000,-0.658000
12210.001000,1.113000,-0.654000
12211.001000,1.112000,-0.669000
12212.001000,1.112000,-0.654000
12213.001000,1.112000,-0.657000
12214.001000,1.113000,-0.655000
12215.001000,1.113000,-0.654000
12216.001000,1.113000,-0.654000
12217.001000,1.113000,-0.655000
12218.001000,1.113000,-0.654000
12219.001000,1.112000,-0.656000
12220.001000,1.112000,-0.658000
12221.001000,1.112000,-0.661000
12222.001000,1.112000,-0.660000
12223.001000,1.112000,-0.659000
12224.001000,1.112000,-0.655000
12225.001000,1.112000,-0.657000
12226.001000,1.113000,-0.656000
12227.001000,1.113000,-0.655000
12228.001000,1.114000,-0.651000
12229.001000,1.115000,-0.654000
12230.001000,1.115000,-0.651000
12231.001000,1.115000,-0.653000
12232.001000,1.115000,-0.653000
12233.001000,1.115000,-0.651000
12234.001000,1.116000,-0.658000
12235.001000,1.116000,-0.659000
12236.001000,1.116000,-0.656000
12237.001000,1.115000,-0.657000
12238.001000,1.115000,-0.652000
12239.001000,1.115000,-0.652000
12240.001000,1.115000,-0.647000
12241.001000,1.115000,-0.650000
12242.001000,1.116000,-0.645000
12243.001000,1.116000,-0.649000
12244.001000,1.116000,-0.653000
12245.001000,1.116000,-0.653000
12246.001000,1.116000,-0.658000
12247.001000,1.115000,-0.650000
12248.001000,1.116000,-0.652000
12249.001000,1.116000,-0.655000
12250.001000,1.116000,-0.656000
12251.001000,1.116000,-0.655000
12252.001000,1.115000,-0.653000
12253.001000,1.115000,-0.653000
12254.001000,1.115000,-0.646000
12255.001000,1.115000,-0.658000
12256.001000,1.115000,-0.658000
12257.001000,1.114000,-0.656000
12258.001000,1.114000,-0.659000
12259.001000,1.114000,-0.657000
12260.001000,1.114000,-0.662000
12261.001000,1.115000,-0.658000
12262.001000,1.114000,-0.663000
12263.001000,1.114000,-0.651000
12264.001000,1.114000,-0.653000
12265.001000,1.113000,-0.654000
12266.001000,1.114000,-0.654000
12267.001000,1.115000,-0.656000
12268.001000,1.114000,-0.657000
12269.001000,1.115000,-0.656000
12270.001000,1.115000,-0.649000
12271.001000,1.116000,-0.652000
12272.001000,1.116000,-0.660000
12273.001000,1.117000,-0.653000
12274.001000,1.118000,-0.654000
12275.001000,1.118000,-0.650000
12276.001000,1.118000,-0.647000
12277.001000,1.118000,-0.649000
12278.001000,1.118000,-0.652000
12279.001000,1.118000,-0.652000
12280.001000,1.118000,-0.650000
12281.001000,1.117000,-0.647000
12282.001000,1.117000,-0.651000
12283.001000,1.117000,-0.651000
12284.001000,1.118000,-0.651000
12285.001000,1.118000,-0.655000
12286.001000,1.117000,-0.653000
12287.001000,1.118000,-0.652000
12288.001000,1.118000,-0.648000
12289.001000,1.118000,-0.647000
12290.001000,1.118000,-0.649000
12291.001000,1.118000,-0.652000
12292.001000,1.118000,-0.654000
12293.001000,1.118000,-0.655000
12294.001000,1.118000,-0.657000
12295.001000,1.118000,-0.657000
12296.001000,1.118000,-0.650000
12297.001000,1.118000,-0.659000
12298.001000,1.117000,-0.655000
12299.001000,1.117000,-0.653000
12300.001000,1.117000,-0.653000
12301.001000,1.117000,-0.652000
12302.001000,1.116000,-0.653000
12303.001000,1.117000,-0.663000
12304.001000,1.117000,-0.652000
12305.001000,1.117000,-0.659000
12306.001000,1.116000,-0.660000
12307.001000,1.116000,-0.657000
12308.001000,1.116000,-0.659000
12309.001000,1.116000,-0.655000
12310.001000,1.116000,-0.657000
12311.001000,1.116000,-0.655000
12312.001000,1.116000,-0.654000
12313.001000,1.117000,-0.650000
12314.001000,1.117000,-0.647000
12315.001000,1.117000,-0.654000
12316.001000,1.117000,-0.650000
12317.001000,1.118000,-0.646000
12318.001000,1.118000,-0.648000
12319.001000,1.118000,-0.656000
12320.001000,1.118000,-0.648000
12321.001000,1.118000,-0.643000
12322.001000,1.118000,-0.646000
12323.001000,1.118000,-0.643000
12324.001000,1.118000,-0.644000
12325.001000,1.118000,-0.645000
12326.001000,1.119000,-0.644000
12327.001000,1.119000,-0.644000
12328.001000,1.118000,-0.647000
12329.001000,1.118000,-0.649000
12330.001000,1.118000,-0.647000
12331.001000,1.118000,-0.648000
12332.001000,1.118000,-0.643000
12333.001000,1.117000,-0.643000
12334.001000,1.118000,-0.651000
12335.001000,1.117000,-0.652000
12336.001000,1.118000,-0.648000
12337.001000,1.118000,-0.648000
12338.001000,1.118000,-0.652000
12339.001000,1.117000,-0.651000
12340.001000,1.118000,-0.653000
12341.001000,1.118000,-0.657000
12342.001000,1.118000,-0.653000
12343.001000,1.118000,-0.655000
12344.001000,1.118000,-0.652000
12345.001000,1.118000,-0.654000
12346.001000,1.118000,-0.654000
12347.001000,1.119000,-0.654000
12348.001000,1.119000,-0.651000
12349.001000,1.119000,-0.649000
12350.001000,1.119000,-0.651000
12351.001000,1.118000,-0.659000
12352.001000,1.118000,-0.650000
12353.001000,1.118000,-0.653000
12354.001000,1.118000,-0.657000
12355.001000,1.118000,-0.657000
12356.001000,1.118000,-0.653000
12357.001000,1.117000,-0.658000
12358.001000,1.118000,-0.663000
12359.001000,1.118000,-0.660000
12360.001000,1.118000,-0.657000
12361.001000,1.117000,-0.659000
12362.001000,1.118000,-0.657000
12363.001000,1.117000,-0.655000
12364.001000,1.117000,-0.655000
12365.001000,1.118000,-0.658000
12366.001000,1.117000,-0.652000
12367.001000,1.118000,-0.655000
12368.001000,1.118000,-0.656000
12369.001000,1.118000,-0.653000
12370.001000,1.118000,-0.654000
12371.001000,1.118000,-0.653000
12372.001000,1.118000,-0.652000
12373.001000,1.118000,-0.653000
12374.001000,1.118000,-0.661000
12375.001000,1.118000,-0.652000
12376.001000,1.118000,-0.655000
12377.001000,1.118000,-0.649000
12378.001000,1.118000,-0.648000
12379.001000,1.119000,-0.651000
12380.001000,1.119000,-0.651000
12381.001000,1.118000,-0.652000
12382.001000,1.118000,-0.651000
12383.001000,1.118000,-0.649000
12384.001000,1.117000,-0.654000
12385.001000,1.117000,-0.655000
12386.001000,1.117000,-0.655000
12387.001000,1.117000,-0.658000
12388.001000,1.117000,-0.659000
12389.001000,1.117000,-0.662000
12390.001000,1.117000,-0.652000
12391.001000,1.117000,-0.652000
12392.001000,1.117000,-0.651000
12393.001000,1.116000,-0.657000
12394.001000,1.117000,-0.652000
12395.001000,1.117000,-0.653000
12396.001000,1.117000,-0.653000
12397.001000,1.117000,-0.653000
12398.001000,1.118000,-0.657000
12399.001000,1.118000,-0.654000
12400.001000,1.118000,-0.653000
12401.001000,1.118000,-0.651000
12402.001000,1.118000,-0.650000
12403.001000,1.118000,-0.653000
12404.001000,1.118000,-0.651000
12405.001000,1.118000,-0.653000
12406.001000,1.118000,-0.653000
12407.001000,1.118000,-0.653000
12408.001000,1.117000,-0.654000
12409.001000,1.117000,-0.653000
12410.001000,1.116000,-0.653000
12411.001000,1.115000,-0.657000
12412.001000,1.115000,-0.651000
12413.001000,1.115000,-0.653000
12414.001000,1.116000,-0.659000
12415.001000,1.116000,-0.655000
12416.001000,1.116000,-0.647000
12417.001000,1.116000,-0.657000
12418.001000,1.116000,-0.647000
12419.001000,1.115000,-0.651000
12420.001000,1.115000,-0.649000
12421.001000,1.116000,-0.655000
12422.001000,1.117000,-0.657000
12423.001000,1.117000,-0.659000
12424.001000,1.118000,-0.660000
12425.001000,1.118000,-0.653000
12426.001000,1.118000,-0.654000
12427.001000,1.118000,-0.656000
12428.001000,1.119000,-0.654000
12429.001000,1.118000,-0.653000
12430.001000,1.118000,-0.656000
12431.001000,1.119000,-0.655000
12432.001000,1.119000,-0.657000
12433.001000,1.119000,-0.653000
12434.001000,1.120000,-0.653000
12435.001000,1.119000,-0.657000
12436.001000,1.119000,-0.654000
12437.001000,1.119000,-0.654000
12438.001000,1.119000,-0.653000
12439.001000,1.119000,-0.651000
12440.001000,1.119000,-0.657000
12441.001000,1.120000,-0.658000
12442.001000,1.120000,-0.651000
12443.001000,1.120000,-0.655000
12444.001000,1.120000,-0.658000
12445.001000,1.120000,-0.653000
12446.001000,1.119000,-0.653000
12447.001000,1.119000,-0.653000
12448.001000,1.120000,-0.651000
12449.001000,1.119000,-0.662000
12450.001000,1.119000,-0.662000
12451.001000,1.119000,-0.663000
12452.001000,1.118000,-0.661000
12453.001000,1.117000,-0.658000
12454.001000,1.117000,-0.660000
12455.001000,1.117000,-0.660000
12456.001000,1.117000,-0.661000
12457.001000,1.117000,-0.658000
12458.001000,1.117000,-0.661000
12459.001000,1.117000,-0.658000
12460.001000,1.117000,-0.661000
12461.001000,1.118000,-0.662000
12462.001000,1.119000,-0.656000
12463.001000,1.119000,-0.659000
12464.001000,1.119000,-0.657000
12465.001000,1.119000,-0.651000
12466.001000,1.119000,-0.654000
12467.001000,1.119000,-0.659000
12468.001000,1.119000,-0.654000
12469.001000,1.120000,-0.654000
12470.001000,1.120000,-0.656000
12471.001000,1.119000,-0.662000
12472.001000,1.120000,-0.658000
12473.001000,1.119000,-0.654000
12474.001000,1.119000,-0.653000
12475.001000,1.120000,-0.658000
12476.001000,1.120000,-0.658000
12477.001000,1.120000,-0.654000
12478.001000,1.121000,-0.658000
12479.001000,1.121000,-0.654000
12480.001000,1.122000,-0.654000
12481.001000,1.122000,-0.654000
12482.001000,1.122000,-0.653000
12483.001000,1.123000,-0.654000
12484.001000,1.123000,-0.650000
12485.001000,1.123000,-0.656000
12486.001000,1.123000,-0.656000
12487.001000,1.123000,-0.653000
12488.001000,1.123000,-0.658000
12489.001000,1.122000,-0.655000
12490.001000,1.122000,-0.651000
12491.001000,1.122000,-0.654000
12492.001000,1.122000,-0.651000
12493.001000,1.122000,-0.655000
12494.001000,1.123000,-0.653000
12495.001000,1.122000,-0.661000
12496.001000,1.122000,-0.662000
12497.001000,1.122000,-0.658000
12498.001000,1.122000,-0.658000
12499.001000,1.122000,-0.656000
12500.001000,1.122000,-0.658000
12501.001000,1.122000,-0.653000
12502.001000,1.122000,-0.657000
12503.001000,1.122000,-0.658000
12504.001000,1.122000,-0.659000
12505.001000,1.122000,-0.657000
12506.001000,1.122000,-0.656000
12507.001000,1.123000,-0.661000
12508.001000,1.123000,-0.653000
12509.001000,1.123000,-0.653000
12510.001000,1.123000,-0.660000
12511.001000,1.123000,-0.655000
12512.001000,1.124000,-0.657000
12513.001000,1.124000,-0.663000
12514.001000,1.125000,-0.654000
12515.001000,1.125000,-0.662000
12516.001000,1.125000,-0.652000
12517.001000,1.126000,-0.652000
12518.001000,1.126000,-0.650000
12519.001000,1.125000,-0.648000
12520.001000,1.125000,-0.653000
12521.001000,1.126000,-0.653000
12522.001000,1.126000,-0.648000
12523.001000,1.125000,-0.650000
12524.001000,1.126000,-0.650000
12525.001000,1.126000,-0.650000
12526.001000,1.126000,-0.650000
12527.001000,1.125000,-0.643000
12528.001000,1.125000,-0.642000
12529.001000,1.125000,-0.644000
12530.001000,1.125000,-0.647000
12531.001000,1.125000,-0.651000
12532.001000,1.124000,-0.652000
12533.001000,1.125000,-0.647000
12534.001000,1.125000,-0.642000
12535.001000,1.125000,-0.644000
12536.001000,1.125000,-0.646000
12537.001000,1.124000,-0.648000
12538.001000,1.125000,-0.642000
12539.001000,1.125000,-0.639000
12540.001000,1.126000,-0.641000
12541.001000,1.125000,-0.634000
12542.001000,1.125000,-0.631000
12543.001000,1.124000,-0.649000
12544.001000,1.124000,-0.643000
12545.001000,1.124000,-0.647000
12546.001000,1.125000,-0.648000
12547.001000,1.125000,-0.633000
12548.001000,1.125000,-0.649000
12549.001000,1.125000,-0.645000
12550.001000,1.125000,-0.642000
12551.001000,1.125000,-0.651000
12552.001000,1.126000,-0.650000
12553.001000,1.126000,-0.643000
12554.001000,1.125000,-0.636000
12555.001000,1.126000,-0.633000
12556.001000,1.126000,-0.636000
12557.001000,1.126000,-0.638000
12558.001000,1.126000,-0.635000
12559.001000,1.127000,-0.637000
12560.001000,1.126000,-0.641000
12561.001000,1.127000,-0.645000
12562.001000,1.128000,-0.636000
12563.001000,1.128000,-0.637000
12564.001000,1.128000,-0.637000
12565.001000,1.128000,-0.641000
12566.001000,1.129000,-0.635000
12567.001000,1.128000,-0.635000
12568.001000,1.128000,-0.641000
12569.001000,1.128000,-0.643000
12570.001000,1.128000,-0.651000
12571.001000,1.128000,-0.647000
12572.001000,1.128000,-0.645000
12573.001000,1.128000,-0.640000
12574.001000,1.128000,-0.645000
12575.001000,1.128000,-0.645000
12576.001000,1.127000,-0.645000
12577.001000,1.127000,-0.640000
12578.001000,1.126000,-0.639000
12579.001000,1.126000,-0.641000
12580.001000,1.127000,-0.637000
12581.001000,1.127000,-0.639000
12582.001000,1.126000,-0.638000
12583.001000,1.126000,-0.637000
12584.001000,1.127000,-0.639000
12585.001000,1.127000,-0.644000
12586.001000,1.127000,-0.638000
12587.001000,1.127000,-0.635000
12588.001000,1.127000,-0.638000
12589.001000,1.127000,-0.638000
12590.001000,1.126000,-0.636000
12591.001000,1.127000,-0.635000
12592.001000,1.127000,-0.635000
12593.001000,1.127000,-0.633000
12594.001000,1.127000,-0.639000
12595.001000,1.127000,-0.632000
12596.001000,1.127000,-0.638000
12597.001000,1.127000,-0.637000
12598.001000,1.128000,-0.638000
12599.001000,1.128000,-0.627000
12600.001000,1.128000,-0.628000
12601.001000,1.128000,-0.628000
12602.001000,1.127000,-0.627000
12603.001000,1.128000,-0.629000
12604.001000,1.127000,-0.628000
12605.001000,1.127000,-0.623000
12606.001000,1.127000,-0.631000
12607.001000,1.126000,-0.625000
12608.001000,1.126000,-0.634000
12609.001000,1.126000,-0.633000
12610.001000,1.126000,-0.634000
12611.001000,1.126000,-0.636000
12612.001000,1.126000,-0.635000
12613.001000,1.126000,-0.639000
12614.001000,1.126000,-0.639000
12615.001000,1.126000,-0.637000
12616.001000,1.127000,-0.637000
12617.001000,1.128000,-0.643000
12618.001000,1.128000,-0.636000
12619.001000,1.128000,-0.635000
12620.001000,1.128000,-0.638000
12621.001000,1.128000,-0.633000
12622.001000,1.127000,-0.636000
12623.001000,1.126000,-0.645000
12624.001000,1.127000,-0.641000
12625.001000,1.127000,-0.649000
12626.001000,1.127000,-0.643000
12627.001000,1.128000,-0.637000
12628.001000,1.127000,-0.643000
12629.001000,1.127000,-0.634000
12630.001000,1.127000,-0.639000
12631.001000,1.128000,-0.637000
12632.001000,1.129000,-0.636000
12633.001000,1.129000,-0.639000
12634.001000,1.129000,-0.635000
12635.001000,1.130000,-0.636000
12636.001000,1.130000,-0.637000
12637.001000,1.130000,-0.632000
12638.001000,1.130000,-0.635000
12639.001000,1.129000,-0.633000
12640.001000,1.129000,-0.639000
12641.001000,1.129000,-0.633000
12642.001000,1.130000,-0.642000
12643.001000,1.130000,-0.636000
12644.001000,1.129000,-0.629000
12645.001000,1.130000,-0.633000
12646.001000,1.129000,-0.627000
12647.001000,1.130000,-0.635000
12648.001000,1.129000,-0.628000
12649.001000,1.128000,-0.633000
12650.001000,1.128000,-0.634000
12651.001000,1.128000,-0.632000
12652.001000,1.128000,-0.635000
12653.001000,1.127000,-0.642000
12654.001000,1.127000,-0.640000
12655.001000,1.128000,-0.640000
12656.001000,1.127000,-0.636000
12657.001000,1.127000,-0.636000
12658.001000,1.127000,-0.646000
12659.001000,1.128000,-0.643000
12660.001000,1.128000,-0.643000
12661.001000,1.128000,-0.641000
12662.001000,1.129000,-0.638000
12663.001000,1.129000,-0.635000
12664.001000,1.129000,-0.643000
12665.001000,1.129000,-0.635000
12666.001000,1.129000,-0.637000
12667.001000,1.129000,-0.630000
12668.001000,1.129000,-0.632000
12669.001000,1.130000,-0.625000
12670.001000,1.130000,-0.629000
12671.001000,1.130000,-0.630000
12672.001000,1.130000,-0.634000
12673.001000,1.130000,-0.633000
12674.001000,1.131000,-0.632000
12675.001000,1.131000,-0.632000
12676.001000,1.131000,-0.638000
12677.001000,1.131000,-0.639000
12678.001000,1.132000,-0.636000
12679.001000,1.132000,-0.631000
12680.001000,1.132000,-0.629000
12681.001000,1.131000,-0.634000
12682.001000,1.132000,-0.629000
12683.001000,1.132000,-0.633000
12684.001000,1.132000,-0.630000
12685.001000,1.132000,-0.632000
12686.001000,1.132000,-0.629000
12687.001000,1.131000,-0.629000
12688.001000,1.131000,-0.641000
12689.001000,1.131000,-0.644000
12690.001000,1.131000,-0.641000
12691.001000,1.132000,-0.642000
12692.001000,1.132000,-0.636000
12693.001000,1.132000,-0.631000
12694.001000,1.132000,-0.629000
12695.001000,1.132000,-0.634000
12696.001000,1.133000,-0.632000
12697.001000,1.133000,-0.638000
12698.001000,1.132000,-0.629000
12699.001000,1.132000,-0.644000
12700.001000,1.132000,-0.636000
12701.001000,1.132000,-0.641000
12702.001000,1.132000,-0.638000
12703.001000,1.132000,-0.636000
12704.001000,1.132000,-0.636000
12705.001000,1.133000,-0.626000
12706.001000,1.133000,-0.626000
12707.001000,1.133000,-0.643000
12708.001000,1.133000,-0.634000
12709.001000,1.133000,-0.628000
12710.001000,1.134000,-0.636000
12711.001000,1.134000,-0.629000
12712.001000,1.134000,-0.631000
12713.001000,1.134000,-0.641000
12714.001000,1.134000,-0.629000
12715.001000,1.134000,-0.630000
12716.001000,1.134000,-0.626000
12717.001000,1.135000,-0.624000
12718.001000,1.134000,-0.630000
12719.001000,1.135000,-0.621000
12720.001000,1.135000,-0.623000
12721.001000,1.135000,-0.634000
12722.001000,1.134000,-0.632000
12723.001000,1.134000,-0.635000
12724.001000,1.133000,-0.627000
12725.001000,1.134000,-0.626000
12726.001000,1.134000,-0.623000
12727.001000,1.134000,-0.624000
12728.001000,1.133000,-0.633000
12729.001000,1.133000,-0.628000
12730.001000,1.132000,-0.637000
12731.001000,1.132000,-0.637000
12732.001000,1.132000,-0.637000
12733.001000,1.132000,-0.633000
12734.001000,1.132000,-0.629000
12735.001000,1.132000,-0.630000
12736.001000,1.132000,-0.629000
12737.001000,1.132000,-0.630000
12738.001000,1.132000,-0.634000
12739.001000,1.132000,-0.624000
12740.001000,1.132000,-0.626000
12741.001000,1.132000,-0.633000
12742.001000,1.133000,-0.627000
12743.001000,1.133000,-0.625000
12744.001000,1.133000,-0.628000
12745.001000,1.133000,-0.626000
12746.001000,1.133000,-0.622000
12747.001000,1.133000,-0.628000
12748.001000,1.133000,-0.622000
12749.001000,1.132000,-0.623000
12750.001000,1.132000,-0.625000
12751.001000,1.132000,-0.621000
12752.001000,1.132000,-0.623000
12753.001000,1.132000,-0.626000
12754.001000,1.133000,-0.629000
12755.001000,1.133000,-0.633000
12756.001000,1.132000,-0.632000
12757.001000,1.132000,-0.629000
12758.001000,1.132000,-0.631000
12759.001000,1.132000,-0.630000
12760.001000,1.132000,-0.626000
12761.001000,1.132000,-0.631000
12762.001000,1.133000,-0.629000
12763.001000,1.133000,-0.626000
12764.001000,1.133000,-0.632000
12765.001000,1.133000,-0.645000
12766.001000,1.132000,-0.647000
12767.001000,1.132000,-0.634000
12768.001000,1.132000,-0.625000
12769.001000,1.132000,-0.632000
12770.001000,1.133000,-0.633000
12771.001000,1.133000,-0.638000
12772.001000,1.134000,-0.635000
12773.001000,1.135000,-0.632000
12774.001000,1.135000,-0.632000
12775.001000,1.135000,-0.634000
12776.001000,1.135000,-0.635000
12777.001000,1.135000,-0.635000
12778.001000,1.135000,-0.628000
12779.001000,1.136000,-0.627000
12780.001000,1.136000,-0.637000
12781.001000,1.135000,-0.630000
12782.001000,1.135000,-0.635000
12783.001000,1.136000,-0.633000
12784.001000,1.136000,-0.638000
12785.001000,1.135000,-0.640000
12786.001000,1.135000,-0.639000
12787.001000,1.135000,-0.636000
12788.001000,1.134000,-0.635000
12789.001000,1.134000,-0.645000
12790.001000,1.134000,-0.642000
12791.001000,1.134000,-0.639000
12792.001000,1.134000,-0.639000
12793.001000,1.134000,-0.637000
12794.001000,1.134000,-0.643000
12795.001000,1.134000,-0.635000
12796.001000,1.134000,-0.638000
12797.001000,1.134000,-0.647000
12798.001000,1.134000,-0.657000
12799.001000,1.134000,-0.653000
12800.001000,1.133000,-0.633000
12801.001000,1.133000,-0.634000
12802.001000,1.134000,-0.635000
12803.001000,1.134000,-0.638000
12804.001000,1.134000,-0.640000
12805.001000,1.134000,-0.639000
12806.001000,1.134000,-0.633000
12807.001000,1.135000,-0.630000
12808.001000,1.136000,-0.635000
12809.001000,1.136000,-0.637000
12810.001000,1.136000,-0.627000
12811.001000,1.135000,-0.627000
12812.001000,1.135000,-0.629000
12813.001000,1.135000,-0.636000
12814.001000,1.136000,-0.630000
12815.001000,1.136000,-0.630000
12816.001000,1.136000,-0.632000
12817.001000,1.136000,-0.635000
12818.001000,1.136000,-0.635000
12819.001000,1.136000,-0.633000
12820.001000,1.137000,-0.631000
12821.001000,1.136000,-0.637000
12822.001000,1.136000,-0.637000
12823.001000,1.136000,-0.635000
12824.001000,1.136000,-0.639000
12825.001000,1.136000,-0.639000
12826.001000,1.136000,-0.631000
12827.001000,1.136000,-0.631000
12828.001000,1.136000,-0.636000
12829.001000,1.136000,-0.643000
12830.001000,1.135000,-0.642000
12831.001000,1.135000,-0.640000
12832.001000,1.136000,-0.636000
12833.001000,1.135000,-0.637000
12834.001000,1.136000,-0.640000
12835.001000,1.136000,-0.638000
12836.001000,1.135000,-0.633000
12837.001000,1.135000,-0.637000
12838.001000,1.134000,-0.631000
12839.001000,1.134000,-0.638000
12840.001000,1.134000,-0.632000
12841.001000,1.135000,-0.632000
12842.001000,1.135000,-0.629000
12843.001000,1.136000,-0.634000
12844.001000,1.136000,-0.631000
12845.001000,1.136000,-0.628000
12846.001000,1.135000,-0.630000
12847.001000,1.135000,-0.632000
12848.001000,1.136000,-0.628000
12849.001000,1.136000,-0.628000
12850.001000,1.136000,-0.631000
12851.001000,1.136000,-0.635000
12852.001000,1.136000,-0.638000
12853.001000,1.136000,-0.632000
12854.001000,1.136000,-0.634000
12855.001000,1.136000,-0.635000
12856.001000,1.136000,-0.635000
12857.001000,1.136000,-0.631000
12858.001000,1.137000,-0.637000
12859.001000,1.137000,-0.633000
12860.001000,1.136000,-0.627000
12861.001000,1.134000,-0.632000
12862.001000,1.134000,-0.631000
12863.001000,1.134000,-0.627000
12864.001000,1.134000,-0.632000
12865.001000,1.134000,-0.627000
12866.001000,1.135000,-0.623000
12867.001000,1.136000,-0.620000
12868.001000,1.136000,-0.627000
12869.001000,1.134000,-0.621000
12870.001000,1.133000,-0.621000
12871.001000,1.133000,-0.624000
12872.001000,1.132000,-0.631000
12873.001000,1.132000,-0.624000
12874.001000,1.131000,-0.628000
12875.001000,1.132000,-0.629000
12876.001000,1.132000,-0.626000
12877.001000,1.132000,-0.628000
12878.001000,1.132000,-0.629000
12879.001000,1.132000,-0.630000
12880.001000,1.132000,-0.632000
12881.001000,1.132000,-0.637000
12882.001000,1.132000,-0.629000
12883.001000,1.132000,-0.631000
12884.001000,1.132000,-0.622000
12885.001000,1.132000,-0.630000
12886.001000,1.133000,-0.622000
12887.001000,1.133000,-0.628000
12888.001000,1.133000,-0.642000
12889.001000,1.132000,-0.646000
12890.001000,1.133000,-0.648000
12891.001000,1.132000,-0.653000
12892.001000,1.132000,-0.656000
12893.001000,1.132000,-0.655000
12894.001000,1.131000,-0.655000
12895.001000,1.131000,-0.661000
12896.001000,1.131000,-0.635000
12897.001000,1.130000,-0.640000
12898.001000,1.131000,-0.637000
12899.001000,1.131000,-0.634000
12900.001000,1.131000,-0.659000
12901.001000,1.130000,-0.651000
12902.001000,1.131000,-0.651000
12903.001000,1.130000,-0.659000
12904.001000,1.130000,-0.661000
12905.001000,1.131000,-0.666000
12906.001000,1.131000,-0.667000
12907.001000,1.131000,-0.656000
12908.001000,1.132000,-0.662000
12909.001000,1.131000,-0.658000
12910.001000,1.132000,-0.662000
12911.001000,1.131000,-0.664000
12912.001000,1.131000,-0.660000
12913.001000,1.131000,-0.655000
12914.001000,1.130000,-0.656000
12915.001000,1.130000,-0.662000
12916.001000,1.131000,-0.656000
12917.001000,1.130000,-0.655000
12918.001000,1.131000,-0.648000
12919.001000,1.131000,-0.651000
12920.001000,1.131000,-0.659000
12921.001000,1.131000,-0.653000
12922.001000,1.131000,-0.658000
12923.001000,1.131000,-0.655000
12924.001000,1.130000,-0.649000
12925.001000,1.130000,-0.654000
12926.001000,1.130000,-0.657000
12927.001000,1.130000,-0.654000
12928.001000,1.129000,-0.656000
12929.001000,1.129000,-0.651000
12930.001000,1.129000,-0.644000
12931.001000,1.130000,-0.651000
12932.001000,1.130000,-0.649000
12933.001000,1.130000,-0.652000
12934.001000,1.130000,-0.658000
12935.001000,1.130000,-0.660000
12936.001000,1.130000,-0.650000
12937.001000,1.130000,-0.656000
12938.001000,1.130000,-0.658000
12939.001000,1.130000,-0.656000
12940.001000,1.130000,-0.658000
12941.001000,1.130000,-0.656000
12942.001000,1.130000,-0.656000
12943.001000,1.129000,-0.648000
12944.001000,1.128000,-0.653000
12945.001000,1.128000,-0.658000
12946.001000,1.128000,-0.657000
12947.001000,1.128000,-0.661000
12948.001000,1.128000,-0.657000
12949.001000,1.128000,-0.665000
12950.001000,1.128000,-0.661000
12951.001000,1.128000,-0.657000
12952.001000,1.129000,-0.658000
12953.001000,1.129000,-0.655000
12954.001000,1.130000,-0.654000
12955.001000,1.130000,-0.647000
12956.001000,1.130000,-0.642000
12957.001000,1.130000,-0.647000
12958.001000,1.130000,-0.643000
12959.001000,1.129000,-0.643000
12960.001000,1.130000,-0.645000
12961.001000,1.130000,-0.640000
12962.001000,1.131000,-0.642000
12963.001000,1.131000,-0.647000
12964.001000,1.131000,-0.646000
12965.001000,1.132000,-0.642000
12966.001000,1.132000,-0.646000
12967.001000,1.131000,-0.653000
12968.001000,1.131000,-0.652000
12969.001000,1.131000,-0.659000
12970.001000,1.131000,-0.651000
12971.001000,1.132000,-0.647000
12972.001000,1.133000,-0.652000
12973.001000,1.133000,-0.651000
12974.001000,1.133000,-0.650000
12975.001000,1.133000,-0.641000
12976.001000,1.133000,-0.645000
12977.001000,1.131000,-0.650000
12978.001000,1.132000,-0.649000
12979.001000,1.132000,-0.659000
12980.001000,1.132000,-0.649000
12981.001000,1.132000,-0.654000
12982.001000,1.131000,-0.659000
12983.001000,1.131000,-0.647000
12984.001000,1.130000,-0.638000
12985.001000,1.130000,-0.645000
12986.001000,1.130000,-0.644000
12987.001000,1.130000,-0.647000
12988.001000,1.131000,-0.653000
12989.001000,1.131000,-0.651000
12990.001000,1.131000,-0.661000
12991.001000,1.131000,-0.654000
12992.001000,1.132000,-0.663000
12993.001000,1.131000,-0.654000
12994.001000,1.132000,-0.656000
12995.001000,1.132000,-0.661000
12996.001000,1.132000,-0.658000
12997.001000,1.132000,-0.653000
12998.001000,1.132000,-0.658000
12999.001000,1.132000,-0.646000
13000.001000,1.132000,-0.662000
13001.001000,1.132000,-0.659000
13002.001000,1.132000,-0.659000
13003.001000,1.131000,-0.659000
13004.001000,1.131000,-0.659000
13005.001000,1.132000,-0.655000
13006.001000,1.132000,-0.659000
13007.001000,1.132000,-0.653000
13008.001000,1.133000,-0.654000
13009.001000,1.132000,-0.649000
13010.001000,1.133000,-0.658000
13011.001000,1.133000,-0.653000
13012.001000,1.133000,-0.658000
13013.001000,1.133000,-0.658000
13014.001000,1.133000,-0.655000
13015.001000,1.133000,-0.650000
13016.001000,1.133000,-0.651000
13017.001000,1.134000,-0.662000
13018.001000,1.134000,-0.656000
13019.001000,1.134000,-0.647000
13020.001000,1.134000,-0.653000
13021.001000,1.135000,-0.646000
13022.001000,1.134000,-0.648000
13023.001000,1.134000,-0.648000
13024.001000,1.134000,-0.647000
13025.001000,1.135000,-0.650000
13026.001000,1.135000,-0.655000
13027.001000,1.135000,-0.650000
13028.001000,1.135000,-0.646000
13029.001000,1.135000,-0.645000
13030.001000,1.135000,-0.649000
13031.001000,1.135000,-0.650000
13032.001000,1.135000,-0.651000
13033.001000,1.135000,-0.650000
13034.001000,1.135000,-0.655000
13035.001000,1.134000,-0.651000
13036.001000,1.134000,-0.654000
13037.001000,1.134000,-0.650000
13038.001000,1.134000,-0.644000
13039.001000,1.134000,-0.646000
13040.001000,1.133000,-0.654000
13041.001000,1.134000,-0.649000
13042.001000,1.134000,-0.643000
13043.001000,1.134000,-0.647000
13044.001000,1.134000,-0.653000
13045.001000,1.133000,-0.644000
13046.001000,1.133000,-0.649000
13047.001000,1.133000,-0.646000
13048.001000,1.134000,-0.646000
13049.001000,1.134000,-0.645000
13050.001000,1.134000,-0.642000
13051.001000,1.134000,-0.644000
13052.001000,1.135000,-0.640000
13053.001000,1.134000,-0.642000
13054.001000,1.135000,-0.640000
13055.001000,1.135000,-0.646000
13056.001000,1.134000,-0.646000
13057.001000,1.135000,-0.655000
13058.001000,1.135000,-0.650000
13059.001000,1.135000,-0.646000
13060.001000,1.135000,-0.646000
13061.001000,1.134000,-0.649000
13062.001000,1.135000,-0.646000
13063.001000,1.135000,-0.645000
13064.001000,1.135000,-0.640000
13065.001000,1.135000,-0.639000
13066.001000,1.135000,-0.641000
13067.001000,1.135000,-0.644000
13068.001000,1.135000,-0.642000
13069.001000,1.134000,-0.635000
13070.001000,1.133000,-0.638000
13071.001000,1.134000,-0.643000
13072.001000,1.133000,-0.645000
13073.001000,1.133000,-0.636000
13074.001000,1.133000,-0.640000
13075.001000,1.133000,-0.641000
13076.001000,1.133000,-0.640000
13077.001000,1.134000,-0.638000
13078.001000,1.134000,-0.639000
13079.001000,1.134000,-0.644000
13080.001000,1.134000,-0.642000
13081.001000,1.134000,-0.631000
13082.001000,1.134000,-0.638000
13083.001000,1.134000,-0.641000
13084.001000,1.132000,-0.652000
13085.001000,1.133000,-0.649000
13086.001000,1.132000,-0.652000
13087.001000,1.132000,-0.652000
13088.001000,1.132000,-0.648000
13089.001000,1.133000,-0.645000
13090.001000,1.133000,-0.655000
13091.001000,1.132000,-0.647000
13092.001000,1.132000,-0.647000
13093.001000,1.133000,-0.647000
13094.001000,1.132000,-0.638000
13095.001000,1.132000,-0.640000
13096.001000,1.133000,-0.640000
13097.001000,1.133000,-0.639000
13098.001000,1.133000,-0.640000
13099.001000,1.133000,-0.638000
13100.001000,1.133000,-0.642000
13101.001000,1.134000,-0.643000
13102.001000,1.133000,-0.649000
13103.001000,1.134000,-0.646000
13104.001000,1.134000,-0.644000
13105.001000,1.134000,-0.645000
13106.001000,1.135000,-0.645000
13107.001000,1.135000,-0.645000
13108.001000,1.134000,-0.642000
13109.001000,1.134000,-0.638000
13110.001000,1.135000,-0.636000
13111.001000,1.134000,-0.631000
13112.001000,1.134000,-0.643000
13113.001000,1.134000,-0.642000
13114.001000,1.135000,-0.638000
13115.001000,1.135000,-0.648000
13116.001000,1.135000,-0.646000
13117.001000,1.135000,-0.639000
13118.001000,1.135000,-0.636000
13119.001000,1.135000,-0.639000
13120.001000,1.135000,-0.635000
13121.001000,1.135000,-0.642000
13122.001000,1.135000,-0.636000
13123.001000,1.135000,-0.646000
13124.001000,1.135000,-0.638000
13125.001000,1.135000,-0.636000
13126.001000,1.135000,-0.633000
13127.001000,1.135000,-0.634000
13128.001000,1.134000,-0.643000
13129.001000,1.134000,-0.641000
13130.001000,1.134000,-0.644000
13131.001000,1.134000,-0.636000
13132.001000,1.135000,-0.637000
13133.001000,1.134000,-0.636000
13134.001000,1.133000,-0.639000
13135.001000,1.134000,-0.640000
13136.001000,1.134000,-0.640000
13137.001000,1.134000,-0.632000
13138.001000,1.134000,-0.633000
13139.001000,1.134000,-0.637000
13140.001000,1.134000,-0.636000
13141.001000,1.134000,-0.631000
13142.001000,1.134000,-0.634000
13143.001000,1.135000,-0.630000
13144.001000,1.135000,-0.634000
13145.001000,1.135000,-0.634000
13146.001000,1.136000,-0.631000
13147.001000,1.137000,-0.641000
13148.001000,1.139000,-0.636000
13149.001000,1.139000,-0.633000
13150.001000,1.140000,-0.632000
13151.001000,1.141000,-0.629000
13152.001000,1.140000,-0.625000
13153.001000,1.140000,-0.626000
13154.001000,1.141000,-0.629000
13155.001000,1.141000,-0.626000
13156.001000,1.142000,-0.630000
13157.001000,1.142000,-0.630000
13158.001000,1.142000,-0.627000
13159.001000,1.142000,-0.629000
13160.001000,1.143000,-0.626000
13161.001000,1.142000,-0.629000
13162.001000,1.142000,-0.625000
13163.001000,1.142000,-0.622000
13164.001000,1.142000,-0.627000
13165.001000,1.142000,-0.627000
13166.001000,1.142000,-0.616000
13167.001000,1.141000,-0.621000
13168.001000,1.141000,-0.618000
13169.001000,1.141000,-0.623000
13170.001000,1.142000,-0.630000
13171.001000,1.142000,-0.625000
13172.001000,1.142000,-0.629000
13173.001000,1.142000,-0.628000
13174.001000,1.142000,-0.625000
13175.001000,1.142000,-0.624000
13176.001000,1.142000,-0.623000
13177.001000,1.142000,-0.620000
13178.001000,1.141000,-0.619000
13179.001000,1.141000,-0.624000
13180.001000,1.142000,-0.623000
13181.001000,1.141000,-0.623000
13182.001000,1.142000,-0.619000
13183.001000,1.143000,-0.623000
13184.001000,1.144000,-0.620000
13185.001000,1.145000,-0.626000
13186.001000,1.147000,-0.623000
13187.001000,1.148000,-0.620000
13188.001000,1.149000,-0.619000
13189.001000,1.150000,-0.622000
13190.001000,1.151000,-0.620000
13191.001000,1.151000,-0.620000
13192.001000,1.152000,-0.621000
13193.001000,1.152000,-0.623000
13194.001000,1.152000,-0.630000
13195.001000,1.153000,-0.628000
13196.001000,1.152000,-0.631000
13197.001000,1.152000,-0.632000
13198.001000,1.152000,-0.632000
13199.001000,1.152000,-0.632000
13200.001000,1.152000,-0.628000
13201.001000,1.151000,-0.626000
13202.001000,1.151000,-0.630000
13203.001000,1.151000,-0.628000
13204.001000,1.151000,-0.629000
13205.001000,1.150000,-0.631000
13206.001000,1.150000,-0.630000
13207.001000,1.151000,-0.623000
13208.001000,1.151000,-0.618000
13209.001000,1.151000,-0.622000
13210.001000,1.151000,-0.624000
13211.001000,1.151000,-0.623000
13212.001000,1.151000,-0.622000
13213.001000,1.151000,-0.626000
13214.001000,1.151000,-0.623000
13215.001000,1.150000,-0.620000
13216.001000,1.150000,-0.622000
13217.001000,1.150000,-0.624000
13218.001000,1.150000,-0.624000
13219.001000,1.149000,-0.635000
13220.001000,1.149000,-0.629000
13221.001000,1.148000,-0.630000
13222.001000,1.148000,-0.628000
13223.001000,1.148000,-0.628000
13224.001000,1.147000,-0.625000
13225.001000,1.147000,-0.625000
13226.001000,1.146000,-0.624000
13227.001000,1.146000,-0.620000
13228.001000,1.149000,-0.621000
13229.001000,1.149000,-0.623000
13230.001000,1.151000,-0.621000
13231.001000,1.150000,-0.629000
13232.001000,1.151000,-0.621000
13233.001000,1.152000,-0.624000
13234.001000,1.153000,-0.620000
13235.001000,1.153000,-0.621000
13236.001000,1.153000,-0.624000
13237.001000,1.154000,-0.622000
13238.001000,1.153000,-0.629000
13239.001000,1.153000,-0.618000
13240.001000,1.153000,-0.623000
13241.001000,1.153000,-0.627000
13242.001000,1.153000,-0.623000
13243.001000,1.153000,-0.629000
13244.001000,1.153000,-0.623000
13245.001000,1.152000,-0.631000
13246.001000,1.152000,-0.627000
13247.001000,1.152000,-0.631000
13248.001000,1.152000,-0.629000
13249.001000,1.151000,-0.625000
13250.001000,1.151000,-0.629000
13251.001000,1.152000,-0.628000
13252.001000,1.152000,-0.623000
13253.001000,1.152000,-0.632000
13254.001000,1.152000,-0.625000
13255.001000,1.151000,-0.625000
13256.001000,1.152000,-0.629000
13257.001000,1.153000,-0.627000
13258.001000,1.153000,-0.634000
13259.001000,1.153000,-0.636000
13260.001000,1.153000,-0.625000
13261.001000,1.153000,-0.633000
13262.001000,1.152000,-0.633000
13263.001000,1.153000,-0.635000
13264.001000,1.154000,-0.639000
13265.001000,1.154000,-0.635000
13266.001000,1.154000,-0.633000
13267.001000,1.154000,-0.632000
13268.001000,1.153000,-0.636000
13269.001000,1.153000,-0.637000
13270.001000,1.153000,-0.628000
13271.001000,1.153000,-0.632000
13272.001000,1.153000,-0.629000
13273.001000,1.154000,-0.637000
13274.001000,1.154000,-0.636000
13275.001000,1.153000,-0.628000
13276.001000,1.152000,-0.636000
13277.001000,1.152000,-0.629000
13278.001000,1.151000,-0.633000
13279.001000,1.150000,-0.635000
13280.001000,1.150000,-0.634000
13281.001000,1.150000,-0.633000
13282.001000,1.150000,-0.634000
13283.001000,1.151000,-0.633000
13284.001000,1.152000,-0.628000
13285.001000,1.153000,-0.621000
13286.001000,1.153000,-0.623000
13287.001000,1.153000,-0.629000
13288.001000,1.153000,-0.636000
13289.001000,1.153000,-0.636000
13290.001000,1.154000,-0.632000
13291.001000,1.154000,-0.637000
13292.001000,1.154000,-0.638000
13293.001000,1.154000,-0.639000
13294.001000,1.154000,-0.634000
13295.001000,1.155000,-0.640000
13296.001000,1.156000,-0.630000
13297.001000,1.156000,-0.633000
13298.001000,1.156000,-0.630000
13299.001000,1.156000,-0.630000
13300.001000,1.156000,-0.632000
13301.001000,1.156000,-0.634000
13302.001000,1.155000,-0.632000
13303.001000,1.155000,-0.631000
13304.001000,1.155000,-0.629000
13305.001000,1.155000,-0.639000
13306.001000,1.156000,-0.638000
13307.001000,1.156000,-0.635000
13308.001000,1.156000,-0.634000
13309.001000,1.156000,-0.632000
13310.001000,1.156000,-0.633000
13311.001000,1.156000,-0.635000
13312.001000,1.156000,-0.634000
13313.001000,1.156000,-0.634000
13314.001000,1.156000,-0.632000
13315.001000,1.156000,-0.637000
13316.001000,1.156000,-0.632000
13317.001000,1.156000,-0.636000
13318.001000,1.156000,-0.633000
13319.001000,1.156000,-0.630000
13320.001000,1.156000,-0.638000
13321.001000,1.155000,-0.643000
13322.001000,1.155000,-0.634000
13323.001000,1.155000,-0.638000
13324.001000,1.155000,-0.636000
13325.001000,1.155000,-0.637000
13326.001000,1.156000,-0.636000
13327.001000,1.155000,-0.635000
13328.001000,1.155000,-0.633000
13329.001000,1.155000,-0.629000
13330.001000,1.154000,-0.628000
13331.001000,1.154000,-0.622000
13332.001000,1.153000,-0.632000
13333.001000,1.153000,-0.634000
13334.001000,1.153000,-0.640000
13335.001000,1.152000,-0.633000
13336.001000,1.151000,-0.631000
13337.001000,1.151000,-0.636000
13338.001000,1.152000,-0.635000
13339.001000,1.152000,-0.640000
13340.001000,1.151000,-0.634000
13341.001000,1.151000,-0.642000
13342.001000,1.152000,-0.641000
13343.001000,1.152000,-0.638000
13344.001000,1.152000,-0.637000
13345.001000,1.152000,-0.633000
13346.001000,1.152000,-0.632000
13347.001000,1.152000,-0.636000
13348.001000,1.152000,-0.645000
13349.001000,1.153000,-0.645000
13350.001000,1.152000,-0.639000
13351.001000,1.152000,-0.645000
13352.001000,1.152000,-0.640000
13353.001000,1.152000,-0.644000
13354.001000,1.151000,-0.645000
13355.001000,1.151000,-0.645000
13356.001000,1.151000,-0.638000
13357.001000,1.151000,-0.643000
13358.001000,1.152000,-0.639000
13359.001000,1.151000,-0.643000
13360.001000,1.151000,-0.634000
13361.001000,1.151000,-0.638000
13362.001000,1.151000,-0.642000
13363.001000,1.151000,-0.639000
13364.001000,1.152000,-0.644000
13365.001000,1.151000,-0.641000
13366.001000,1.152000,-0.645000
13367.001000,1.152000,-0.646000
13368.001000,1.152000,-0.638000
13369.001000,1.152000,-0.640000
13370.001000,1.153000,-0.643000
13371.001000,1.153000,-0.647000
13372.001000,1.152000,-0.643000
13373.001000,1.152000,-0.640000
13374.001000,1.152000,-0.644000
13375.001000,1.152000,-0.641000
13376.001000,1.152000,-0.631000
13377.001000,1.153000,-0.646000
13378.001000,1.153000,-0.637000
13379.001000,1.153000,-0.642000
13380.001000,1.153000,-0.632000
13381.001000,1.153000,-0.635000
13382.001000,1.153000,-0.639000
13383.001000,1.153000,-0.637000
13384.001000,1.153000,-0.639000
13385.001000,1.154000,-0.637000
13386.001000,1.154000,-0.620000
13387.001000,1.157000,-0.603000
13388.001000,1.158000,-0.613000
13389.001000,1.159000,-0.607000
13390.001000,1.159000,-0.607000
13391.001000,1.159000,-0.626000
13392.001000,1.159000,-0.614000
13393.001000,1.159000,-0.604000
13394.001000,1.160000,-0.605000
13395.001000,1.161000,-0.605000
13396.001000,1.161000,-0.599000
13397.001000,1.162000,-0.605000
13398.001000,1.162000,-0.606000
13399.001000,1.162000,-0.605000
13400.001000,1.162000,-0.602000
13401.001000,1.162000,-0.605000
13402.001000,1.162000,-0.600000
13403.001000,1.162000,-0.605000
13404.001000,1.162000,-0.609000
13405.001000,1.162000,-0.606000
13406.001000,1.162000,-0.604000
13407.001000,1.162000,-0.618000
13408.001000,1.161000,-0.613000
13409.001000,1.161000,-0.616000
13410.001000,1.160000,-0.610000
13411.001000,1.160000,-0.616000
13412.001000,1.160000,-0.606000
13413.001000,1.160000,-0.608000
13414.001000,1.162000,-0.605000
13415.001000,1.163000,-0.608000
13416.001000,1.164000,-0.606000
13417.001000,1.164000,-0.606000
13418.001000,1.165000,-0.598000
13419.001000,1.165000,-0.600000
13420.001000,1.165000,-0.602000
13421.001000,1.166000,-0.607000
13422.001000,1.166000,-0.602000
13423.001000,1.166000,-0.611000
13424.001000,1.166000,-0.607000
13425.001000,1.166000,-0.608000
13426.001000,1.167000,-0.609000
13427.001000,1.167000,-0.603000
13428.001000,1.167000,-0.611000
13429.001000,1.165000,-0.610000
13430.001000,1.165000,-0.607000
13431.001000,1.166000,-0.610000
13432.001000,1.166000,-0.605000
13433.001000,1.166000,-0.610000
13434.001000,1.165000,-0.609000
13435.001000,1.165000,-0.611000
13436.001000,1.165000,-0.609000
13437.001000,1.165000,-0.608000
13438.001000,1.166000,-0.595000
13439.001000,1.165000,-0.602000
13440.001000,1.165000,-0.601000
13441.001000,1.165000,-0.608000
13442.001000,1.165000,-0.610000
13443.001000,1.165000,-0.609000
13444.001000,1.165000,-0.607000
13445.001000,1.165000,-0.616000
13446.001000,1.165000,-0.610000
13447.001000,1.166000,-0.608000
13448.001000,1.165000,-0.606000
13449.001000,1.165000,-0.606000
13450.001000,1.165000,-0.600000
13451.001000,1.165000,-0.600000
13452.001000,1.165000,-0.597000
13453.001000,1.166000,-0.598000
13454.001000,1.166000,-0.601000
13455.001000,1.168000,-0.601000
13456.001000,1.168000,-0.600000
13457.001000,1.168000,-0.601000
13458.001000,1.169000,-0.608000
13459.001000,1.169000,-0.601000
13460.001000,1.169000,-0.608000
13461.001000,1.168000,-0.604000
13462.001000,1.168000,-0.597000
13463.001000,1.168000,-0.597000
13464.001000,1.169000,-0.601000
13465.001000,1.169000,-0.599000
13466.001000,1.169000,-0.595000
13467.001000,1.169000,-0.597000
13468.001000,1.168000,-0.595000
13469.001000,1.168000,-0.588000
13470.001000,1.167000,-0.592000
13471.001000,1.166000,-0.596000
13472.001000,1.166000,-0.595000
13473.001000,1.166000,-0.597000
13474.001000,1.166000,-0.609000
13475.001000,1.165000,-0.599000
13476.001000,1.165000,-0.597000
13477.001000,1.166000,-0.588000
13478.001000,1.167000,-0.592000
13479.001000,1.168000,-0.596000
13480.001000,1.168000,-0.594000
13481.001000,1.169000,-0.600000
13482.001000,1.169000,-0.602000
13483.001000,1.170000,-0.612000
13484.001000,1.169000,-0.615000
13485.001000,1.169000,-0.610000
13486.001000,1.169000,-0.610000
13487.001000,1.169000,-0.600000
13488.001000,1.169000,-0.608000
13489.001000,1.170000,-0.606000
13490.001000,1.170000,-0.615000
13491.001000,1.170000,-0.609000
13492.001000,1.170000,-0.610000
13493.001000,1.170000,-0.608000
13494.001000,1.170000,-0.609000
13495.001000,1.170000,-0.608000
13496.001000,1.170000,-0.606000
13497.001000,1.170000,-0.608000
13498.001000,1.170000,-0.607000
13499.001000,1.170000,-0.607000
13500.001000,1.171000,-0.604000
13501.001000,1.171000,-0.605000
13502.001000,1.172000,-0.605000
13503.001000,1.172000,-0.604000
13504.001000,1.172000,-0.597000
13505.001000,1.171000,-0.600000
13506.001000,1.172000,-0.596000
13507.001000,1.172000,-0.603000
13508.001000,1.172000,-0.604000
13509.001000,1.172000,-0.602000
13510.001000,1.172000,-0.606000
13511.001000,1.172000,-0.604000
13512.001000,1.172000,-0.605000
13513.001000,1.172000,-0.596000
13514.001000,1.172000,-0.596000
13515.001000,1.172000,-0.601000
13516.001000,1.172000,-0.601000
13517.001000,1.172000,-0.601000
13518.001000,1.173000,-0.611000
13519.001000,1.173000,-0.603000
13520.001000,1.172000,-0.598000
13521.001000,1.172000,-0.604000
13522.001000,1.172000,-0.600000
13523.001000,1.171000,-0.595000
13524.001000,1.172000,-0.601000
13525.001000,1.172000,-0.593000
13526.001000,1.172000,-0.600000
13527.001000,1.171000,-0.600000
13528.001000,1.172000,-0.602000
13529.001000,1.172000,-0.601000
13530.001000,1.172000,-0.601000
13531.001000,1.171000,-0.600000
13532.001000,1.171000,-0.603000
13533.001000,1.172000,-0.609000
13534.001000,1.172000,-0.599000
13535.001000,1.173000,-0.601000
13536.001000,1.173000,-0.602000
13537.001000,1.172000,-0.596000
13538.001000,1.173000,-0.597000
13539.001000,1.173000,-0.602000
13540.001000,1.173000,-0.607000
13541.001000,1.173000,-0.607000
13542.001000,1.173000,-0.606000
13543.001000,1.174000,-0.601000
13544.001000,1.176000,-0.606000
13545.001000,1.178000,-0.596000
13546.001000,1.179000,-0.601000
13547.001000,1.180000,-0.597000
13548.001000,1.180000,-0.595000
13549.001000,1.179000,-0.599000
13550.001000,1.180000,-0.602000
13551.001000,1.179000,-0.600000
13552.001000,1.180000,-0.606000
13553.001000,1.180000,-0.607000
13554.001000,1.180000,-0.607000
13555.001000,1.180000,-0.611000
13556.001000,1.180000,-0.606000
13557.001000,1.180000,-0.600000
13558.001000,1.180000,-0.611000
13559.001000,1.179000,-0.612000
13560.001000,1.179000,-0.611000
13561.001000,1.180000,-0.607000
13562.001000,1.179000,-0.612000
13563.001000,1.179000,-0.611000
13564.001000,1.179000,-0.602000
13565.001000,1.179000,-0.600000
13566.001000,1.179000,-0.603000
13567.001000,1.180000,-0.605000
13568.001000,1.180000,-0.608000
13569.001000,1.180000,-0.610000
13570.001000,1.179000,-0.605000
13571.001000,1.179000,-0.612000
13572.001000,1.179000,-0.612000
13573.001000,1.180000,-0.614000
13574.001000,1.180000,-0.608000
13575.001000,1.180000,-0.605000
13576.001000,1.180000,-0.607000
13577.001000,1.181000,-0.601000
13578.001000,1.181000,-0.604000
13579.001000,1.181000,-0.612000
13580.001000,1.181000,-0.610000
13581.001000,1.181000,-0.607000
13582.001000,1.181000,-0.606000
13583.001000,1.182000,-0.604000
13584.001000,1.182000,-0.616000
13585.001000,1.182000,-0.613000
13586.001000,1.183000,-0.611000
13587.001000,1.183000,-0.602000
13588.001000,1.183000,-0.615000
13589.001000,1.183000,-0.612000
13590.001000,1.182000,-0.611000
13591.001000,1.182000,-0.608000
13592.001000,1.183000,-0.602000
13593.001000,1.182000,-0.609000
13594.001000,1.182000,-0.603000
13595.001000,1.183000,-0.601000
13596.001000,1.182000,-0.606000
13597.001000,1.183000,-0.607000
13598.001000,1.182000,-0.602000
13599.001000,1.182000,-0.610000
13600.001000,1.182000,-0.611000
13601.001000,1.182000,-0.612000
13602.001000,1.182000,-0.615000
13603.001000,1.181000,-0.613000
13604.001000,1.182000,-0.613000
13605.001000,1.182000,-0.616000
13606.001000,1.181000,-0.610000
13607.001000,1.182000,-0.611000
13608.001000,1.182000,-0.610000
13609.001000,1.182000,-0.616000
13610.001000,1.181000,-0.605000
13611.001000,1.181000,-0.610000
13612.001000,1.181000,-0.610000
13613.001000,1.181000,-0.605000
13614.001000,1.181000,-0.610000
13615.001000,1.181000,-0.605000
13616.001000,1.181000,-0.613000
13617.001000,1.182000,-0.602000
13618.001000,1.182000,-0.607000
13619.001000,1.182000,-0.606000
13620.001000,1.182000,-0.604000
13621.001000,1.182000,-0.603000
13622.001000,1.182000,-0.613000
13623.001000,1.182000,-0.608000
13624.001000,1.182000,-0.601000
13625.001000,1.182000,-0.601000
13626.001000,1.182000,-0.597000
13627.001000,1.183000,-0.599000
13628.001000,1.183000,-0.596000
13629.001000,1.183000,-0.601000
13630.001000,1.183000,-0.604000
13631.001000,1.183000,-0.599000
13632.001000,1.183000,-0.600000
13633.001000,1.183000,-0.595000
13634.001000,1.184000,-0.593000
13635.001000,1.183000,-0.598000
13636.001000,1.183000,-0.602000
13637.001000,1.184000,-0.595000
13638.001000,1.183000,-0.598000
13639.001000,1.183000,-0.600000
13640.001000,1.183000,-0.611000
13641.001000,1.184000,-0.606000
13642.001000,1.184000,-0.605000
13643.001000,1.183000,-0.602000
13644.001000,1.183000,-0.592000
13645.001000,1.183000,-0.602000
13646.001000,1.183000,-0.600000
13647.001000,1.183000,-0.600000
13648.001000,1.184000,-0.596000
13649.001000,1.184000,-0.600000
13650.001000,1.184000,-0.598000
13651.001000,1.183000,-0.604000
13652.001000,1.183000,-0.602000
13653.001000,1.183000,-0.601000
13654.001000,1.183000,-0.606000
13655.001000,1.182000,-0.603000
13656.001000,1.181000,-0.602000
13657.001000,1.181000,-0.603000
13658.001000,1.180000,-0.594000
13659.001000,1.180000,-0.600000
13660.001000,1.180000,-0.605000
13661.001000,1.180000,-0.593000
13662.001000,1.180000,-0.595000
13663.001000,1.180000,-0.589000
13664.001000,1.180000,-0.591000
13665.001000,1.180000,-0.606000
13666.001000,1.178000,-0.611000
13667.001000,1.177000,-0.615000
13668.001000,1.177000,-0.625000
13669.001000,1.177000,-0.611000
13670.001000,1.176000,-0.612000
13671.001000,1.175000,-0.626000
13672.001000,1.175000,-0.622000
13673.001000,1.175000,-0.623000
13674.001000,1.175000,-0.629000
13675.001000,1.176000,-0.628000
13676.001000,1.177000,-0.607000
13677.001000,1.178000,-0.616000
13678.001000,1.178000,-0.609000
13679.001000,1.178000,-0.609000
13680.001000,1.177000,-0.617000
13681.001000,1.178000,-0.604000
13682.001000,1.179000,-0.606000
13683.001000,1.180000,-0.607000
13684.001000,1.180000,-0.602000
13685.001000,1.179000,-0.642000
13686.001000,1.178000,-0.632000
13687.001000,1.178000,-0.627000
13688.001000,1.177000,-0.621000
13689.001000,1.179000,-0.591000
13690.001000,1.178000,-0.607000
13691.001000,1.178000,-0.612000
13692.001000,1.178000,-0.605000
13693.001000,1.178000,-0.597000
13694.001000,1.178000,-0.601000
13695.001000,1.180000,-0.595000
13696.001000,1.181000,-0.599000
13697.001000,1.181000,-0.604000
13698.001000,1.182000,-0.611000
13699.001000,1.182000,-0.603000
13700.001000,1.181000,-0.628000
13701.001000,1.181000,-0.627000
13702.001000,1.181000,-0.625000
13703.001000,1.180000,-0.646000
13704.001000,1.180000,-0.631000
13705.001000,1.178000,-0.627000
13706.001000,1.178000,-0.621000
13707.001000,1.178000,-0.628000
13708.001000,1.178000,-0.629000
13709.001000,1.178000,-0.623000
13710.001000,1.178000,-0.625000
13711.001000,1.179000,-0.623000
13712.001000,1.178000,-0.623000
13713.001000,1.178000,-0.617000
13714.001000,1.178000,-0.623000
13715.001000,1.177000,-0.618000
13716.001000,1.177000,-0.615000
13717.001000,1.177000,-0.614000
13718.001000,1.177000,-0.620000
13719.001000,1.176000,-0.616000
13720.001000,1.176000,-0.617000
13721.001000,1.176000,-0.619000
13722.001000,1.175000,-0.620000
13723.001000,1.175000,-0.613000
13724.001000,1.175000,-0.617000
13725.001000,1.175000,-0.617000
13726.001000,1.175000,-0.631000
13727.001000,1.175000,-0.626000
13728.001000,1.175000,-0.628000
13729.001000,1.174000,-0.628000
13730.001000,1.175000,-0.630000
13731.001000,1.175000,-0.627000
13732.001000,1.176000,-0.630000
13733.001000,1.175000,-0.636000
13734.001000,1.174000,-0.636000
13735.001000,1.175000,-0.632000
13736.001000,1.174000,-0.636000
13737.001000,1.175000,-0.628000
13738.001000,1.175000,-0.636000
13739.001000,1.176000,-0.640000
13740.001000,1.176000,-0.637000
13741.001000,1.175000,-0.633000
13742.001000,1.174000,-0.633000
13743.001000,1.175000,-0.629000
13744.001000,1.175000,-0.635000
13745.001000,1.173000,-0.632000
13746.001000,1.174000,-0.631000
13747.001000,1.175000,-0.630000
13748.001000,1.175000,-0.628000
13749.001000,1.176000,-0.623000
13750.001000,1.176000,-0.623000
13751.001000,1.176000,-0.615000
13752.001000,1.175000,-0.623000
13753.001000,1.175000,-0.621000
13754.001000,1.174000,-0.622000
13755.001000,1.174000,-0.617000
13756.001000,1.175000,-0.617000
13757.001000,1.175000,-0.621000
13758.001000,1.175000,-0.622000
13759.001000,1.175000,-0.618000
13760.001000,1.175000,-0.627000
13761.001000,1.176000,-0.621000
13762.001000,1.176000,-0.619000
13763.001000,1.176000,-0.623000
13764.001000,1.176000,-0.619000
13765.001000,1.176000,-0.627000
13766.001000,1.176000,-0.618000
13767.001000,1.176000,-0.611000
13768.001000,1.176000,-0.613000
13769.001000,1.176000,-0.609000
13770.001000,1.176000,-0.615000
13771.001000,1.176000,-0.620000
13772.001000,1.175000,-0.609000
13773.001000,1.174000,-0.610000
13774.001000,1.174000,-0.612000
13775.001000,1.175000,-0.618000
13776.001000,1.176000,-0.616000
13777.001000,1.176000,-0.617000
13778.001000,1.176000,-0.608000
13779.001000,1.176000,-0.613000
13780.001000,1.175000,-0.612000
13781.001000,1.175000,-0.612000
13782.001000,1.175000,-0.620000
13783.001000,1.175000,-0.615000
13784.001000,1.174000,-0.619000
13785.001000,1.174000,-0.620000
13786.001000,1.174000,-0.619000
13787.001000,1.174000,-0.614000
13788.001000,1.174000,-0.615000
13789.001000,1.174000,-0.617000
13790.001000,1.174000,-0.612000
13791.001000,1.173000,-0.620000
13792.001000,1.174000,-0.615000
13793.001000,1.173000,-0.617000
13794.001000,1.174000,-0.620000
13795.001000,1.174000,-0.617000
13796.001000,1.174000,-0.622000
13797.001000,1.173000,-0.615000
13798.001000,1.172000,-0.618000
13799.001000,1.172000,-0.621000
13800.001000,1.173000,-0.620000
13801.001000,1.174000,-0.622000
13802.001000,1.174000,-0.617000
13803.001000,1.174000,-0.620000
13804.001000,1.174000,-0.609000
13805.001000,1.174000,-0.611000
13806.001000,1.175000,-0.603000
13807.001000,1.175000,-0.612000
13808.001000,1.175000,-0.609000
13809.001000,1.175000,-0.617000
13810.001000,1.175000,-0.610000
13811.001000,1.175000,-0.613000
13812.001000,1.175000,-0.605000
13813.001000,1.174000,-0.611000
13814.001000,1.177000,-0.613000
13815.001000,1.179000,-0.619000
13816.001000,1.179000,-0.612000
13817.001000,1.180000,-0.609000
13818.001000,1.181000,-0.622000
13819.001000,1.180000,-0.622000
13820.001000,1.181000,-0.617000
13821.001000,1.181000,-0.612000
13822.001000,1.181000,-0.615000
13823.001000,1.180000,-0.616000
13824.001000,1.179000,-0.616000
13825.001000,1.180000,-0.625000
13826.001000,1.179000,-0.619000
13827.001000,1.179000,-0.618000
13828.001000,1.179000,-0.612000
13829.001000,1.179000,-0.616000
13830.001000,1.179000,-0.613000
13831.001000,1.179000,-0.615000
13832.001000,1.179000,-0.606000
13833.001000,1.179000,-0.612000
13834.001000,1.179000,-0.605000
13835.001000,1.178000,-0.611000
13836.001000,1.177000,-0.615000
13837.001000,1.177000,-0.603000
13838.001000,1.177000,-0.614000
13839.001000,1.176000,-0.608000
13840.001000,1.175000,-0.618000
13841.001000,1.175000,-0.608000
13842.001000,1.176000,-0.611000
13843.001000,1.176000,-0.617000
13844.001000,1.176000,-0.613000
13845.001000,1.175000,-0.607000
13846.001000,1.175000,-0.604000
13847.001000,1.175000,-0.610000
13848.001000,1.176000,-0.608000
13849.001000,1.177000,-0.613000
13850.001000,1.177000,-0.604000
13851.001000,1.177000,-0.607000
13852.001000,1.177000,-0.607000
13853.001000,1.178000,-0.607000
13854.001000,1.180000,-0.604000
13855.001000,1.181000,-0.596000
13856.001000,1.182000,-0.606000
13857.001000,1.183000,-0.609000
13858.001000,1.183000,-0.612000
13859.001000,1.182000,-0.611000
13860.001000,1.182000,-0.610000
13861.001000,1.182000,-0.610000
13862.001000,1.182000,-0.611000
13863.001000,1.182000,-0.617000
13864.001000,1.182000,-0.609000
13865.001000,1.182000,-0.619000
13866.001000,1.181000,-0.612000
13867.001000,1.180000,-0.614000
13868.001000,1.180000,-0.611000
13869.001000,1.180000,-0.610000
13870.001000,1.180000,-0.615000
13871.001000,1.180000,-0.611000
13872.001000,1.180000,-0.616000
13873.001000,1.179000,-0.618000
13874.001000,1.179000,-0.619000
13875.001000,1.179000,-0.617000
13876.001000,1.179000,-0.617000
13877.001000,1.179000,-0.618000
13878.001000,1.178000,-0.617000
13879.001000,1.178000,-0.621000
13880.001000,1.178000,-0.624000
13881.001000,1.178000,-0.621000
13882.001000,1.177000,-0.623000
13883.001000,1.177000,-0.625000
13884.001000,1.176000,-0.628000
13885.001000,1.176000,-0.618000
13886.001000,1.176000,-0.617000
13887.001000,1.177000,-0.625000
13888.001000,1.177000,-0.616000
13889.001000,1.177000,-0.617000
13890.001000,1.177000,-0.628000
13891.001000,1.177000,-0.625000
13892.001000,1.177000,-0.624000
13893.001000,1.178000,-0.628000
13894.001000,1.178000,-0.623000
13895.001000,1.178000,-0.623000
13896.001000,1.178000,-0.624000
13897.001000,1.178000,-0.627000
13898.001000,1.178000,-0.622000
13899.001000,1.178000,-0.617000
13900.001000,1.178000,-0.621000
13901.001000,1.178000,-0.612000
13902.001000,1.178000,-0.612000
13903.001000,1.179000,-0.622000
13904.001000,1.179000,-0.616000
13905.001000,1.179000,-0.615000
13906.001000,1.179000,-0.618000
13907.001000,1.179000,-0.616000
13908.001000,1.180000,-0.618000
13909.001000,1.180000,-0.615000
13910.001000,1.180000,-0.621000
13911.001000,1.179000,-0.620000
13912.001000,1.179000,-0.620000
13913.001000,1.178000,-0.618000
13914.001000,1.178000,-0.620000
13915.001000,1.178000,-0.624000
13916.001000,1.179000,-0.618000
13917.001000,1.179000,-0.621000
13918.001000,1.178000,-0.618000
13919.001000,1.178000,-0.617000
13920.001000,1.178000,-0.626000
13921.001000,1.178000,-0.625000
13922.001000,1.178000,-0.629000
13923.001000,1.178000,-0.630000
13924.001000,1.178000,-0.625000
13925.001000,1.178000,-0.630000
13926.001000,1.178000,-0.625000
13927.001000,1.178000,-0.626000
13928.001000,1.178000,-0.634000
13929.001000,1.178000,-0.631000
13930.001000,1.178000,-0.622000
13931.001000,1.178000,-0.631000
13932.001000,1.178000,-0.627000
13933.001000,1.178000,-0.623000
13934.001000,1.178000,-0.626000
13935.001000,1.178000,-0.624000
13936.001000,1.178000,-0.616000
13937.001000,1.179000,-0.621000
13938.001000,1.180000,-0.620000
13939.001000,1.180000,-0.623000
13940.001000,1.180000,-0.624000
13941.001000,1.180000,-0.619000
13942.001000,1.179000,-0.622000
13943.001000,1.180000,-0.631000
13944.001000,1.180000,-0.621000
13945.001000,1.179000,-0.619000
13946.001000,1.180000,-0.626000
13947.001000,1.180000,-0.617000
13948.001000,1.181000,-0.619000
13949.001000,1.181000,-0.618000
13950.001000,1.180000,-0.617000
13951.001000,1.180000,-0.618000
13952.001000,1.180000,-0.613000
13953.001000,1.180000,-0.615000
13954.001000,1.180000,-0.621000
13955.001000,1.181000,-0.605000
13956.001000,1.181000,-0.614000
13957.001000,1.181000,-0.609000
13958.001000,1.181000,-0.625000
13959.001000,1.182000,-0.621000
13960.001000,1.182000,-0.620000
13961.001000,1.182000,-0.620000
13962.001000,1.182000,-0.623000
13963.001000,1.181000,-0.619000
13964.001000,1.182000,-0.614000
13965.001000,1.181000,-0.613000
13966.001000,1.181000,-0.617000
13967.001000,1.181000,-0.618000
13968.001000,1.181000,-0.619000
13969.001000,1.181000,-0.620000
13970.001000,1.181000,-0.614000
13971.001000,1.181000,-0.621000
13972.001000,1.181000,-0.621000
13973.001000,1.181000,-0.617000
13974.001000,1.182000,-0.623000
13975.001000,1.182000,-0.619000
13976.001000,1.182000,-0.619000
13977.001000,1.182000,-0.613000
13978.001000,1.182000,-0.614000
13979.001000,1.183000,-0.610000
13980.001000,1.183000,-0.607000
13981.001000,1.183000,-0.624000
13982.001000,1.184000,-0.623000
13983.001000,1.184000,-0.616000
13984.001000,1.184000,-0.619000
13985.001000,1.183000,-0.618000
13986.001000,1.184000,-0.622000
13987.001000,1.183000,-0.623000
13988.001000,1.183000,-0.616000
13989.001000,1.183000,-0.613000
13990.001000,1.183000,-0.618000
13991.001000,1.183000,-0.615000
13992.001000,1.183000,-0.612000
13993.001000,1.183000,-0.629000
13994.001000,1.183000,-0.626000
13995.001000,1.183000,-0.624000
13996.001000,1.183000,-0.618000
13997.001000,1.183000,-0.621000
13998.001000,1.183000,-0.621000
13999.001000,1.183000,-0.617000
14000.001000,1.183000,-0.612000
14001.001000,1.182000,-0.616000
14002.001000,1.182000,-0.616000
14003.001000,1.183000,-0.617000
14004.001000,1.183000,-0.621000
14005.001000,1.184000,-0.617000
14006.001000,1.186000,-0.607000
14007.001000,1.187000,-0.600000
14008.001000,1.187000,-0.608000
14009.001000,1.187000,-0.608000
14010.001000,1.187000,-0.609000
14011.001000,1.187000,-0.608000
14012.001000,1.187000,-0.599000
14013.001000,1.187000,-0.609000
14014.001000,1.187000,-0.616000
14015.001000,1.186000,-0.611000
14016.001000,1.186000,-0.609000
14017.001000,1.186000,-0.611000
14018.001000,1.185000,-0.612000
14019.001000,1.186000,-0.611000
14020.001000,1.186000,-0.617000
14021.001000,1.187000,-0.615000
14022.001000,1.187000,-0.609000
14023.001000,1.187000,-0.614000
14024.001000,1.187000,-0.614000
14025.001000,1.188000,-0.608000
14026.001000,1.188000,-0.611000
14027.001000,1.188000,-0.613000
14028.001000,1.187000,-0.613000
14029.001000,1.187000,-0.614000
14030.001000,1.186000,-0.620000
14031.001000,1.187000,-0.613000
14032.001000,1.187000,-0.601000
14033.001000,1.188000,-0.607000
14034.001000,1.188000,-0.616000
14035.001000,1.188000,-0.609000
14036.001000,1.188000,-0.607000
14037.001000,1.188000,-0.609000
14038.001000,1.188000,-0.607000
14039.001000,1.188000,-0.605000
14040.001000,1.188000,-0.613000
14041.001000,1.188000,-0.611000
14042.001000,1.187000,-0.604000
14043.001000,1.187000,-0.615000
14044.001000,1.186000,-0.613000
14045.001000,1.187000,-0.611000
14046.001000,1.187000,-0.604000
14047.001000,1.186000,-0.604000
14048.001000,1.186000,-0.612000
14049.001000,1.186000,-0.609000
14050.001000,1.186000,-0.609000
14051.001000,1.186000,-0.612000
14052.001000,1.185000,-0.603000
14053.001000,1.185000,-0.607000
14054.001000,1.186000,-0.606000
14055.001000,1.186000,-0.600000
14056.001000,1.186000,-0.607000
14057.001000,1.186000,-0.601000
14058.001000,1.186000,-0.599000
14059.001000,1.187000,-0.599000
14060.001000,1.187000,-0.600000
14061.001000,1.187000,-0.601000
14062.001000,1.187000,-0.602000
14063.001000,1.187000,-0.604000
14064.001000,1.188000,-0.601000
14065.001000,1.188000,-0.596000
14066.001000,1.188000,-0.600000
14067.001000,1.188000,-0.608000
14068.001000,1.188000,-0.599000
14069.001000,1.188000,-0.606000
14070.001000,1.188000,-0.609000
14071.001000,1.187000,-0.604000
14072.001000,1.187000,-0.602000
14073.001000,1.187000,-0.605000
14074.001000,1.187000,-0.609000
14075.001000,1.187000,-0.611000
14076.001000,1.187000,-0.619000
14077.001000,1.187000,-0.618000
14078.001000,1.186000,-0.611000
14079.001000,1.186000,-0.615000
14080.001000,1.186000,-0.617000
14081.001000,1.188000,-0.596000
14082.001000,1.188000,-0.604000
14083.001000,1.190000,-0.600000
14084.001000,1.192000,-0.594000
14085.001000,1.192000,-0.589000
14086.001000,1.192000,-0.603000
14087.001000,1.192000,-0.600000
14088.001000,1.193000,-0.573000
14089.001000,1.192000,-0.580000
14090.001000,1.193000,-0.578000
14091.001000,1.192000,-0.580000
14092.001000,1.192000,-0.591000
14093.001000,1.191000,-0.591000
14094.001000,1.191000,-0.580000
14095.001000,1.191000,-0.588000
14096.001000,1.191000,-0.590000
14097.001000,1.190000,-0.602000
14098.001000,1.190000,-0.603000
14099.001000,1.191000,-0.601000
14100.001000,1.191000,-0.606000
14101.001000,1.191000,-0.599000
14102.001000,1.191000,-0.607000
14103.001000,1.191000,-0.609000
14104.001000,1.191000,-0.612000
14105.001000,1.191000,-0.611000
14106.001000,1.190000,-0.609000
14107.001000,1.191000,-0.608000
14108.001000,1.190000,-0.605000
14109.001000,1.191000,-0.612000
14110.001000,1.191000,-0.616000
14111.001000,1.190000,-0.612000
14112.001000,1.190000,-0.608000
14113.001000,1.190000,-0.614000
14114.001000,1.190000,-0.614000
14115.001000,1.190000,-0.601000
14116.001000,1.192000,-0.581000
14117.001000,1.194000,-0.577000
14118.001000,1.195000,-0.581000
14119.001000,1.196000,-0.588000
14120.001000,1.196000,-0.589000
14121.001000,1.196000,-0.585000
14122.001000,1.197000,-0.581000
14123.001000,1.196000,-0.586000
14124.001000,1.196000,-0.598000
14125.001000,1.196000,-0.612000
14126.001000,1.195000,-0.612000
14127.001000,1.195000,-0.614000
14128.001000,1.194000,-0.618000
14129.001000,1.193000,-0.610000
14130.001000,1.192000,-0.609000
14131.001000,1.192000,-0.611000
14132.001000,1.191000,-0.612000
14133.001000,1.191000,-0.625000
14134.001000,1.191000,-0.620000
14135.001000,1.192000,-0.613000
14136.001000,1.192000,-0.619000
14137.001000,1.191000,-0.611000
14138.001000,1.193000,-0.610000
14139.001000,1.193000,-0.604000
14140.001000,1.195000,-0.585000
14141.001000,1.197000,-0.583000
14142.001000,1.198000,-0.583000
14143.001000,1.198000,-0.580000
14144.001000,1.198000,-0.579000
14145.001000,1.198000,-0.607000
14146.001000,1.198000,-0.596000
14147.001000,1.197000,-0.606000
14148.001000,1.197000,-0.582000
14149.001000,1.197000,-0.575000
14150.001000,1.197000,-0.573000
14151.001000,1.198000,-0.570000
14152.001000,1.198000,-0.575000
14153.001000,1.197000,-0.573000
14154.001000,1.198000,-0.571000
14155.001000,1.198000,-0.580000
14156.001000,1.199000,-0.590000
14157.001000,1.198000,-0.579000
14158.001000,1.197000,-0.580000
14159.001000,1.198000,-0.582000
14160.001000,1.198000,-0.584000
14161.001000,1.199000,-0.585000
14162.001000,1.199000,-0.577000
14163.001000,1.199000,-0.585000
14164.001000,1.199000,-0.597000
14165.001000,1.198000,-0.612000
14166.001000,1.198000,-0.609000
14167.001000,1.198000,-0.609000
14168.001000,1.198000,-0.603000
14169.001000,1.198000,-0.614000
14170.001000,1.198000,-0.591000
14171.001000,1.197000,-0.593000
14172.001000,1.197000,-0.594000
14173.001000,1.198000,-0.611000
14174.001000,1.198000,-0.602000
14175.001000,1.198000,-0.578000
14176.001000,1.197000,-0.589000
14177.001000,1.197000,-0.616000
14178.001000,1.197000,-0.617000
14179.001000,1.197000,-0.605000
14180.001000,1.197000,-0.609000
14181.001000,1.198000,-0.614000
14182.001000,1.198000,-0.615000
14183.001000,1.198000,-0.611000
14184.001000,1.198000,-0.612000
14185.001000,1.198000,-0.605000
14186.001000,1.198000,-0.609000
14187.001000,1.198000,-0.612000
14188.001000,1.198000,-0.610000
14189.001000,1.199000,-0.610000
14190.001000,1.199000,-0.613000
14191.001000,1.199000,-0.616000
14192.001000,1.198000,-0.604000
14193.001000,1.200000,-0.595000
14194.001000,1.200000,-0.608000
14195.001000,1.200000,-0.605000
14196.001000,1.200000,-0.607000
14197.001000,1.199000,-0.619000
14198.001000,1.199000,-0.619000
14199.001000,1.198000,-0.613000
14200.001000,1.198000,-0.616000
14201.001000,1.198000,-0.616000
14202.001000,1.198000,-0.619000
14203.001000,1.198000,-0.612000
14204.001000,1.198000,-0.610000
14205.001000,1.198000,-0.607000
14206.001000,1.198000,-0.604000
14207.001000,1.198000,-0.600000
14208.001000,1.198000,-0.603000
14209.001000,1.197000,-0.603000
14210.001000,1.197000,-0.595000
14211.001000,1.197000,-0.600000
14212.001000,1.197000,-0.601000
14213.001000,1.197000,-0.599000
14214.001000,1.198000,-0.593000
14215.001000,1.198000,-0.592000
14216.001000,1.197000,-0.603000
14217.001000,1.197000,-0.599000
14218.001000,1.197000,-0.598000
14219.001000,1.198000,-0.601000
14220.001000,1.198000,-0.598000
14221.001000,1.198000,-0.602000
14222.001000,1.198000,-0.606000
14223.001000,1.198000,-0.595000
14224.001000,1.198000,-0.601000
14225.001000,1.198000,-0.609000
14226.001000,1.198000,-0.603000
14227.001000,1.197000,-0.604000
14228.001000,1.197000,-0.604000
14229.001000,1.197000,-0.596000
14230.001000,1.198000,-0.606000
14231.001000,1.197000,-0.596000
14232.001000,1.196000,-0.599000
14233.001000,1.196000,-0.607000
14234.001000,1.196000,-0.602000
14235.001000,1.197000,-0.600000
14236.001000,1.197000,-0.597000
14237.001000,1.197000,-0.598000
14238.001000,1.196000,-0.597000
14239.001000,1.196000,-0.596000
14240.001000,1.196000,-0.600000
14241.001000,1.195000,-0.600000
14242.001000,1.195000,-0.595000
14243.001000,1.196000,-0.604000
14244.001000,1.196000,-0.604000
14245.001000,1.195000,-0.610000
14246.001000,1.196000,-0.599000
14247.001000,1.196000,-0.604000
14248.001000,1.196000,-0.604000
14249.001000,1.196000,-0.595000
14250.001000,1.195000,-0.594000
14251.001000,1.195000,-0.601000
14252.001000,1.195000,-0.601000
14253.001000,1.196000,-0.601000
14254.001000,1.195000,-0.598000
14255.001000,1.195000,-0.602000
14256.001000,1.195000,-0.596000
14257.001000,1.196000,-0.601000
14258.001000,1.196000,-0.600000
14259.001000,1.195000,-0.607000
14260.001000,1.195000,-0.604000
14261.001000,1.195000,-0.596000
14262.001000,1.196000,-0.597000
14263.001000,1.196000,-0.597000
14264.001000,1.196000,-0.599000
14265.001000,1.196000,-0.593000
14266.001000,1.196000,-0.596000
14267.001000,1.196000,-0.597000
14268.001000,1.196000,-0.595000
14269.001000,1.196000,-0.589000
14270.001000,1.196000,-0.595000
14271.001000,1.197000,-0.593000
14272.001000,1.197000,-0.592000
14273.001000,1.197000,-0.593000
14274.001000,1.198000,-0.592000
14275.001000,1.198000,-0.595000
14276.001000,1.199000,-0.592000
14277.001000,1.198000,-0.590000
14278.001000,1.198000,-0.593000
14279.001000,1.198000,-0.593000
14280.001000,1.197000,-0.600000
14281.001000,1.197000,-0.597000
14282.001000,1.197000,-0.602000
14283.001000,1.197000,-0.595000
14284.001000,1.197000,-0.596000
14285.001000,1.197000,-0.598000
14286.001000,1.199000,-0.591000
14287.001000,1.201000,-0.596000
14288.001000,1.201000,-0.597000
14289.001000,1.202000,-0.590000
14290.001000,1.202000,-0.598000
14291.001000,1.202000,-0.598000
14292.001000,1.202000,-0.602000
14293.002000,1.202000,-0.603000
14294.001000,1.202000,-0.600000
14295.001000,1.203000,-0.600000
14296.001000,1.203000,-0.599000
14297.001000,1.203000,-0.601000
14298.001000,1.203000,-0.602000
14299.001000,1.204000,-0.601000
14300.001000,1.205000,-0.595000
14301.001000,1.205000,-0.586000
14302.001000,1.205000,-0.597000
14303.001000,1.205000,-0.603000
14304.001000,1.205000,-0.595000
14305.001000,1.205000,-0.595000
14306.001000,1.205000,-0.589000
14307.001000,1.206000,-0.585000
14308.001000,1.206000,-0.588000
14309.001000,1.206000,-0.586000
14310.001000,1.206000,-0.589000
14311.001000,1.206000,-0.590000
14312.001000,1.206000,-0.593000
14313.001000,1.207000,-0.590000
14314.001000,1.207000,-0.594000
14315.001000,1.207000,-0.593000
14316.001000,1.206000,-0.593000
14317.001000,1.206000,-0.592000
14318.001000,1.206000,-0.592000
14319.001000,1.205000,-0.589000
14320.001000,1.205000,-0.589000
14321.001000,1.205000,-0.596000
14322.001000,1.205000,-0.588000
14323.001000,1.205000,-0.578000
14324.001000,1.204000,-0.590000
14325.001000,1.204000,-0.589000
14326.001000,1.204000,-0.594000
14327.001000,1.204000,-0.582000
14328.001000,1.204000,-0.583000
14329.001000,1.204000,-0.579000
14330.001000,1.205000,-0.583000
14331.001000,1.206000,-0.584000
14332.001000,1.206000,-0.582000
14333.001000,1.206000,-0.579000
14334.001000,1.205000,-0.581000
14335.001000,1.205000,-0.581000
14336.001000,1.205000,-0.585000
14337.001000,1.206000,-0.582000
14338.001000,1.205000,-0.576000
14339.001000,1.205000,-0.579000
14340.001000,1.205000,-0.579000
14341.001000,1.205000,-0.581000
14342.001000,1.204000,-0.579000
14343.001000,1.204000,-0.575000
14344.001000,1.205000,-0.579000
14345.001000,1.205000,-0.580000
14346.001000,1.205000,-0.577000
14347.001000,1.206000,-0.574000
14348.001000,1.206000,-0.574000
14349.001000,1.206000,-0.576000
14350.001000,1.206000,-0.575000
14351.001000,1.206000,-0.570000
14352.001000,1.206000,-0.576000
14353.001000,1.205000,-0.576000
14354.001000,1.206000,-0.579000
14355.001000,1.205000,-0.571000
14356.001000,1.204000,-0.579000
14357.001000,1.204000,-0.579000
14358.001000,1.204000,-0.575000
14359.001000,1.204000,-0.574000
14360.001000,1.204000,-0.578000
14361.001000,1.203000,-0.579000
14362.001000,1.203000,-0.574000
14363.001000,1.203000,-0.569000
14364.001000,1.203000,-0.571000
14365.001000,1.203000,-0.565000
14366.001000,1.203000,-0.573000
14367.001000,1.203000,-0.571000
14368.001000,1.203000,-0.574000
14369.001000,1.202000,-0.567000
14370.001000,1.201000,-0.572000
14371.001000,1.201000,-0.566000
14372.001000,1.201000,-0.571000
14373.001000,1.201000,-0.567000
14374.001000,1.200000,-0.571000
14375.001000,1.199000,-0.571000
14376.001000,1.199000,-0.571000
14377.001000,1.199000,-0.575000
14378.001000,1.199000,-0.569000
14379.001000,1.198000,-0.571000
14380.001000,1.198000,-0.575000
14381.001000,1.198000,-0.572000
14382.001000,1.197000,-0.570000
14383.001000,1.197000,-0.571000
14384.001000,1.197000,-0.572000
14385.001000,1.197000,-0.564000
14386.001000,1.197000,-0.576000
14387.001000,1.197000,-0.570000
14388.001000,1.197000,-0.566000
14389.001000,1.198000,-0.577000
14390.001000,1.199000,-0.585000
14391.001000,1.199000,-0.591000
14392.001000,1.199000,-0.591000
14393.001000,1.199000,-0.595000
14394.001000,1.199000,-0.612000
14395.001000,1.202000,-0.607000
14396.001000,1.203000,-0.607000
14397.001000,1.203000,-0.611000
14398.001000,1.203000,-0.613000
14399.001000,1.204000,-0.602000
14400.001000,1.204000,-0.604000
14401.001000,1.204000,-0.604000
14402.001000,1.204000,-0.604000
14403.001000,1.204000,-0.595000
14404.001000,1.204000,-0.598000
14405.001000,1.204000,-0.595000
14406.001000,1.203000,-0.592000
14407.001000,1.203000,-0.594000
14408.001000,1.203000,-0.586000
14409.001000,1.203000,-0.592000
14410.001000,1.204000,-0.587000
14411.001000,1.204000,-0.584000
14412.001000,1.204000,-0.586000
14413.001000,1.203000,-0.602000
14414.001000,1.204000,-0.610000
14415.001000,1.204000,-0.609000
14416.001000,1.204000,-0.605000
14417.001000,1.202000,-0.606000
14418.001000,1.199000,-0.598000
14419.001000,1.198000,-0.600000
14420.001000,1.197000,-0.602000
14421.001000,1.197000,-0.598000
14422.001000,1.197000,-0.596000
14423.001000,1.197000,-0.602000
14424.001000,1.196000,-0.600000
14425.001000,1.200000,-0.593000
14426.001000,1.201000,-0.590000
14427.001000,1.200000,-0.580000
14428.001000,1.199000,-0.584000
14429.001000,1.197000,-0.613000
14430.001000,1.196000,-0.630000
14431.001000,1.196000,-0.633000
14432.001000,1.194000,-0.624000
14433.001000,1.193000,-0.630000
14434.001000,1.195000,-0.626000
14435.001000,1.198000,-0.621000
14436.001000,1.199000,-0.620000
14437.001000,1.199000,-0.620000
14438.001000,1.200000,-0.613000
14439.001000,1.200000,-0.626000
14440.001000,1.199000,-0.622000
14441.001000,1.199000,-0.619000
14442.001000,1.199000,-0.624000
14443.001000,1.200000,-0.624000
14444.001000,1.200000,-0.625000
14445.001000,1.201000,-0.620000
14446.001000,1.201000,-0.628000
14447.001000,1.200000,-0.620000
14448.001000,1.200000,-0.620000
14449.001000,1.200000,-0.624000
14450.001000,1.200000,-0.627000
14451.001000,1.201000,-0.630000
14452.001000,1.199000,-0.629000
14453.001000,1.200000,-0.621000
14454.001000,1.200000,-0.632000
14455.001000,1.200000,-0.628000
14456.001000,1.200000,-0.619000
14457.001000,1.200000,-0.627000
14458.001000,1.201000,-0.621000
14459.001000,1.201000,-0.610000
14460.001000,1.201000,-0.607000
14461.001000,1.201000,-0.604000
14462.001000,1.201000,-0.598000
14463.001000,1.200000,-0.590000
14464.001000,1.199000,-0.580000
14465.001000,1.199000,-0.580000
14466.001000,1.199000,-0.606000
14467.001000,1.200000,-0.616000
14468.001000,1.200000,-0.627000
14469.001000,1.198000,-0.622000
14470.001000,1.194000,-0.625000
14471.001000,1.192000,-0.620000
14472.001000,1.192000,-0.616000
14473.001000,1.192000,-0.622000
14474.001000,1.193000,-0.612000
14475.001000,1.193000,-0.596000
14476.001000,1.192000,-0.602000
14477.001000,1.196000,-0.599000
14478.001000,1.197000,-0.590000
14479.001000,1.197000,-0.589000
14480.001000,1.196000,-0.592000
14481.001000,1.196000,-0.632000
14482.001000,1.196000,-0.620000
14483.001000,1.195000,-0.628000
14484.001000,1.196000,-0.619000
14485.001000,1.197000,-0.621000
14486.001000,1.196000,-0.613000
14487.001000,1.197000,-0.616000
14488.001000,1.196000,-0.614000
14489.001000,1.197000,-0.620000
14490.001000,1.197000,-0.618000
14491.001000,1.198000,-0.624000
14492.001000,1.197000,-0.622000
14493.001000,1.197000,-0.620000
14494.001000,1.196000,-0.615000
14495.001000,1.197000,-0.614000
14496.001000,1.197000,-0.620000
14497.001000,1.197000,-0.621000
14498.001000,1.197000,-0.621000
14499.001000,1.197000,-0.613000
14500.001000,1.197000,-0.615000
14501.001000,1.197000,-0.611000
14502.001000,1.197000,-0.621000
14503.001000,1.197000,-0.618000
14504.001000,1.196000,-0.617000
14505.001000,1.197000,-0.612000
14506.001000,1.197000,-0.616000
14507.001000,1.197000,-0.608000
14508.001000,1.197000,-0.602000
14509.001000,1.197000,-0.599000
14510.001000,1.196000,-0.577000
14511.001000,1.196000,-0.592000
14512.001000,1.196000,-0.583000
14513.001000,1.195000,-0.583000
14514.001000,1.195000,-0.590000
14515.001000,1.194000,-0.605000
14516.001000,1.194000,-0.625000
14517.001000,1.194000,-0.627000
14518.001000,1.193000,-0.628000
14519.001000,1.193000,-0.628000
14520.001000,1.193000,-0.625000
14521.001000,1.193000,-0.627000
14522.001000,1.194000,-0.625000
14523.001000,1.194000,-0.622000
14524.001000,1.193000,-0.621000
14525.001000,1.193000,-0.626000
14526.001000,1.193000,-0.617000
14527.001000,1.194000,-0.623000
14528.001000,1.193000,-0.618000
14529.001000,1.193000,-0.615000
14530.001000,1.193000,-0.586000
14531.001000,1.193000,-0.579000
14532.001000,1.193000,-0.579000
14533.001000,1.193000,-0.578000
14534.001000,1.193000,-0.577000
14535.001000,1.193000,-0.573000
14536.001000,1.193000,-0.574000
14537.001000,1.193000,-0.579000
14538.001000,1.195000,-0.586000
14539.001000,1.195000,-0.580000
14540.001000,1.195000,-0.582000
14541.001000,1.194000,-0.587000
14542.001000,1.194000,-0.588000
14543.001000,1.194000,-0.582000
14544.001000,1.194000,-0.579000
14545.001000,1.194000,-0.578000
14546.001000,1.196000,-0.572000
14547.001000,1.199000,-0.576000
14548.001000,1.199000,-0.575000
14549.001000,1.199000,-0.569000
14550.001000,1.200000,-0.581000
14551.001000,1.200000,-0.579000
14552.001000,1.200000,-0.582000
14553.001000,1.201000,-0.582000
14554.001000,1.201000,-0.579000
14555.001000,1.201000,-0.588000
14556.001000,1.201000,-0.584000
14557.001000,1.202000,-0.584000
14558.001000,1.201000,-0.589000
14559.001000,1.202000,-0.584000
14560.001000,1.202000,-0.592000
14561.001000,1.203000,-0.585000
14562.001000,1.203000,-0.592000
14563.001000,1.202000,-0.592000
14564.001000,1.203000,-0.589000
14565.001000,1.203000,-0.593000
14566.001000,1.204000,-0.591000
14567.001000,1.204000,-0.589000
14568.001000,1.204000,-0.593000
14569.001000,1.205000,-0.592000
14570.001000,1.205000,-0.586000
14571.001000,1.205000,-0.590000
14572.001000,1.205000,-0.589000
14573.001000,1.206000,-0.597000
14574.001000,1.205000,-0.588000
14575.001000,1.205000,-0.589000
14576.001000,1.205000,-0.584000
14577.001000,1.205000,-0.584000
14578.001000,1.205000,-0.583000
14579.001000,1.206000,-0.583000
14580.001000,1.206000,-0.588000
14581.001000,1.205000,-0.586000
14582.001000,1.205000,-0.591000
14583.001000,1.206000,-0.586000
14584.001000,1.205000,-0.587000
14585.001000,1.206000,-0.590000
14586.001000,1.206000,-0.587000
14587.001000,1.206000,-0.589000
14588.001000,1.207000,-0.586000
14589.001000,1.206000,-0.585000
14590.001000,1.206000,-0.586000
14591.001000,1.206000,-0.586000
14592.001000,1.206000,-0.588000
14593.001000,1.206000,-0.592000
14594.001000,1.206000,-0.593000
14595.001000,1.206000,-0.597000
14596.001000,1.205000,-0.596000
14597.001000,1.204000,-0.599000
14598.001000,1.202000,-0.598000
14599.001000,1.202000,-0.604000
14600.001000,1.202000,-0.597000
14601.001000,1.200000,-0.593000
14602.001000,1.200000,-0.599000
14603.001000,1.200000,-0.599000
14604.001000,1.200000,-0.604000
14605.001000,1.200000,-0.606000
14606.001000,1.200000,-0.608000
14607.001000,1.201000,-0.618000
14608.001000,1.203000,-0.617000
14609.001000,1.205000,-0.610000
14610.001000,1.205000,-0.613000
14611.001000,1.205000,-0.612000
14612.001000,1.205000,-0.609000
14613.001000,1.205000,-0.624000
14614.001000,1.205000,-0.625000
14615.001000,1.203000,-0.612000
14616.001000,1.203000,-0.615000
14617.001000,1.203000,-0.616000
14618.001000,1.204000,-0.614000
14619.001000,1.203000,-0.619000
14620.001000,1.203000,-0.618000
14621.001000,1.202000,-0.614000
14622.001000,1.202000,-0.616000
14623.001000,1.202000,-0.608000
14624.001000,1.202000,-0.605000
14625.001000,1.201000,-0.605000
14626.001000,1.200000,-0.608000
14627.001000,1.199000,-0.611000
14628.001000,1.200000,-0.613000
14629.001000,1.201000,-0.609000
14630.001000,1.201000,-0.613000
14631.001000,1.201000,-0.589000
14632.001000,1.200000,-0.597000
14633.001000,1.201000,-0.605000
14634.001000,1.200000,-0.590000
14635.001000,1.199000,-0.602000
14636.001000,1.200000,-0.573000
14637.001000,1.200000,-0.579000
14638.001000,1.200000,-0.579000
14639.001000,1.201000,-0.586000
14640.001000,1.200000,-0.587000
14641.001000,1.200000,-0.593000
14642.001000,1.201000,-0.589000
14643.001000,1.203000,-0.586000
14644.001000,1.205000,-0.585000
14645.001000,1.207000,-0.586000
14646.001000,1.208000,-0.586000
14647.001000,1.208000,-0.589000
14648.001000,1.208000,-0.588000
14649.001000,1.209000,-0.605000
14650.001000,1.209000,-0.596000
14651.001000,1.209000,-0.593000
14652.001000,1.209000,-0.593000
14653.001000,1.209000,-0.602000
14654.001000,1.209000,-0.604000
14655.001000,1.209000,-0.600000
14656.001000,1.209000,-0.603000
14657.001000,1.210000,-0.593000
14658.001000,1.210000,-0.593000
14659.001000,1.210000,-0.589000
14660.001000,1.211000,-0.580000
14661.001000,1.211000,-0.583000
14662.001000,1.211000,-0.590000
14663.001000,1.211000,-0.572000
14664.001000,1.212000,-0.590000
14665.001000,1.211000,-0.584000
14666.001000,1.211000,-0.582000
14667.001000,1.212000,-0.577000
14668.001000,1.211000,-0.578000
14669.001000,1.211000,-0.581000
14670.001000,1.212000,-0.581000
14671.001000,1.212000,-0.580000
14672.001000,1.212000,-0.577000
14673.001000,1.212000,-0.577000
14674.001000,1.212000,-0.579000
14675.001000,1.212000,-0.577000
14676.001000,1.212000,-0.582000
14677.001000,1.212000,-0.584000
14678.001000,1.213000,-0.582000
14679.001000,1.213000,-0.582000
14680.001000,1.213000,-0.582000
14681.001000,1.212000,-0.585000
14682.001000,1.212000,-0.584000
14683.001000,1.212000,-0.578000
14684.001000,1.212000,-0.574000
14685.001000,1.211000,-0.574000
14686.001000,1.211000,-0.572000
14687.001000,1.211000,-0.580000
14688.001000,1.210000,-0.585000
14689.001000,1.210000,-0.584000
14690.001000,1.210000,-0.586000
14691.001000,1.209000,-0.587000
14692.001000,1.209000,-0.581000
14693.001000,1.209000,-0.586000
14694.001000,1.209000,-0.586000
14695.001000,1.209000,-0.588000
14696.001000,1.208000,-0.589000
14697.001000,1.208000,-0.580000
14698.001000,1.208000,-0.592000
14699.001000,1.208000,-0.587000
14700.001000,1.208000,-0.589000
14701.001000,1.207000,-0.585000
14702.001000,1.207000,-0.587000
14703.001000,1.207000,-0.582000
14704.001000,1.207000,-0.577000
14705.001000,1.207000,-0.579000
14706.001000,1.207000,-0.587000
14707.001000,1.207000,-0.582000
14708.001000,1.207000,-0.560000
14709.001000,1.208000,-0.565000
14710.001000,1.207000,-0.556000
14711.001000,1.208000,-0.565000
14712.001000,1.208000,-0.568000
14713.001000,1.207000,-0.567000
14714.001000,1.207000,-0.556000
14715.001000,1.208000,-0.549000
14716.001000,1.208000,-0.555000
14717.001000,1.208000,-0.557000
14718.001000,1.209000,-0.554000
14719.001000,1.209000,-0.555000
14720.001000,1.209000,-0.557000
14721.001000,1.209000,-0.557000
14722.001000,1.209000,-0.551000
14723.001000,1.209000,-0.555000
14724.001000,1.209000,-0.559000
14725.001000,1.209000,-0.557000
14726.001000,1.209000,-0.553000
14727.001000,1.209000,-0.557000
14728.001000,1.209000,-0.559000
14729.001000,1.210000,-0.554000
14730.001000,1.210000,-0.558000
14731.001000,1.211000,-0.550000
14732.001000,1.211000,-0.559000
14733.001000,1.210000,-0.559000
14734.001000,1.210000,-0.565000
14735.001000,1.209000,-0.563000
14736.001000,1.209000,-0.569000
14737.001000,1.209000,-0.567000
14738.001000,1.209000,-0.573000
14739.001000,1.210000,-0.568000
14740.001000,1.210000,-0.567000
14741.001000,1.209000,-0.564000
14742.001000,1.208000,-0.567000
14743.001000,1.209000,-0.568000
14744.001000,1.208000,-0.563000
14745.001000,1.208000,-0.569000
14746.001000,1.208000,-0.557000
14747.001000,1.208000,-0.571000
14748.001000,1.210000,-0.566000
14749.001000,1.213000,-0.562000
14750.001000,1.215000,-0.557000
14751.001000,1.216000,-0.560000
14752.001000,1.217000,-0.556000
14753.001000,1.216000,-0.560000
14754.001000,1.217000,-0.559000
14755.001000,1.217000,-0.564000
14756.001000,1.217000,-0.555000
14757.001000,1.219000,-0.559000
14758.001000,1.219000,-0.561000
14759.001000,1.219000,-0.559000
14760.001000,1.219000,-0.558000
14761.001000,1.220000,-0.558000
14762.001000,1.221000,-0.558000
14763.001000,1.223000,-0.557000
14764.001000,1.224000,-0.563000
14765.001000,1.225000,-0.564000
14766.001000,1.225000,-0.562000
14767.001000,1.225000,-0.566000
14768.001000,1.226000,-0.562000
14769.001000,1.226000,-0.561000
14770.001000,1.226000,-0.566000
14771.001000,1.227000,-0.564000
14772.001000,1.227000,-0.565000
14773.001000,1.227000,-0.560000
14774.001000,1.227000,-0.571000
14775.001000,1.227000,-0.571000
14776.001000,1.227000,-0.567000
14777.001000,1.226000,-0.571000
14778.001000,1.226000,-0.569000
14779.001000,1.226000,-0.572000
14780.001000,1.226000,-0.566000
14781.001000,1.226000,-0.559000
14782.001000,1.226000,-0.563000
14783.001000,1.226000,-0.566000
14784.001000,1.226000,-0.565000
14785.001000,1.227000,-0.571000
14786.001000,1.227000,-0.565000
14787.001000,1.227000,-0.570000
14788.001000,1.226000,-0.570000
14789.001000,1.226000,-0.570000
14790.001000,1.226000,-0.563000
14791.001000,1.226000,-0.573000
14792.001000,1.225000,-0.573000
14793.001000,1.225000,-0.579000
14794.001000,1.225000,-0.577000
14795.001000,1.225000,-0.577000
14796.001000,1.225000,-0.578000
14797.001000,1.226000,-0.569000
14798.001000,1.227000,-0.577000
14799.001000,1.226000,-0.579000
14800.001000,1.226000,-0.579000
14801.001000,1.226000,-0.578000
14802.001000,1.225000,-0.577000
14803.001000,1.225000,-0.572000
14804.001000,1.225000,-0.576000
14805.001000,1.225000,-0.576000
14806.001000,1.225000,-0.575000
14807.001000,1.226000,-0.571000
14808.001000,1.226000,-0.569000
14809.001000,1.227000,-0.577000
14810.001000,1.225000,-0.571000
14811.001000,1.225000,-0.570000
14812.001000,1.225000,-0.571000
14813.001000,1.224000,-0.568000
14814.001000,1.224000,-0.567000
14815.001000,1.224000,-0.563000
14816.001000,1.225000,-0.564000
14817.001000,1.225000,-0.571000
14818.001000,1.225000,-0.567000
14819.001000,1.224000,-0.570000
14820.001000,1.225000,-0.574000
14821.001000,1.225000,-0.576000
14822.001000,1.224000,-0.573000
14823.001000,1.224000,-0.569000
14824.001000,1.224000,-0.568000
14825.001000,1.224000,-0.575000
14826.001000,1.224000,-0.576000
14827.001000,1.224000,-0.578000
14828.001000,1.224000,-0.582000
14829.001000,1.224000,-0.583000
14830.001000,1.225000,-0.580000
14831.001000,1.225000,-0.588000
14832.001000,1.227000,-0.581000
14833.001000,1.228000,-0.577000
14834.001000,1.227000,-0.579000
14835.001000,1.227000,-0.579000
14836.001000,1.227000,-0.583000
14837.001000,1.228000,-0.580000
14838.001000,1.227000,-0.582000
14839.001000,1.227000,-0.582000
14840.001000,1.226000,-0.582000
14841.001000,1.226000,-0.566000
14842.001000,1.225000,-0.577000
14843.001000,1.225000,-0.580000
14844.001000,1.224000,-0.579000
14845.001000,1.225000,-0.586000
14846.001000,1.225000,-0.578000
14847.001000,1.226000,-0.576000
14848.001000,1.227000,-0.580000
14849.001000,1.229000,-0.568000
14850.001000,1.230000,-0.571000
14851.001000,1.230000,-0.548000
14852.001000,1.231000,-0.548000
14853.001000,1.232000,-0.558000
14854.001000,1.232000,-0.558000
14855.001000,1.232000,-0.556000
14856.001000,1.233000,-0.553000
14857.001000,1.233000,-0.552000
14858.001000,1.232000,-0.557000
14859.001000,1.233000,-0.555000
14860.001000,1.233000,-0.572000
14861.001000,1.232000,-0.577000
14862.001000,1.232000,-0.572000
14863.001000,1.232000,-0.575000
14864.001000,1.230000,-0.577000
14865.001000,1.229000,-0.583000
14866.001000,1.228000,-0.578000
14867.001000,1.227000,-0.580000
14868.001000,1.227000,-0.580000
14869.001000,1.227000,-0.587000
14870.001000,1.227000,-0.582000
14871.001000,1.227000,-0.582000
14872.001000,1.228000,-0.574000
14873.001000,1.228000,-0.578000
14874.001000,1.228000,-0.578000
14875.001000,1.228000,-0.582000
14876.001000,1.228000,-0.581000
14877.001000,1.231000,-0.576000
14878.001000,1.232000,-0.562000
14879.001000,1.232000,-0.555000
14880.001000,1.233000,-0.561000
14881.001000,1.233000,-0.583000
14882.001000,1.233000,-0.584000
14883.001000,1.233000,-0.581000
14884.001000,1.233000,-0.576000
14885.001000,1.233000,-0.586000
14886.001000,1.234000,-0.574000
14887.001000,1.233000,-0.564000
14888.001000,1.233000,-0.557000
14889.001000,1.233000,-0.555000
14890.001000,1.233000,-0.548000
14891.001000,1.233000,-0.556000
14892.001000,1.233000,-0.559000
14893.001000,1.234000,-0.566000
14894.001000,1.234000,-0.585000
14895.001000,1.234000,-0.578000
14896.001000,1.234000,-0.570000
14897.001000,1.235000,-0.572000
14898.001000,1.235000,-0.545000
14899.001000,1.233000,-0.549000
14900.001000,1.235000,-0.546000
14901.001000,1.235000,-0.552000
14902.001000,1.235000,-0.552000
14903.001000,1.235000,-0.551000
14904.001000,1.235000,-0.550000
14905.001000,1.236000,-0.549000
14906.001000,1.236000,-0.546000
14907.001000,1.236000,-0.550000
14908.001000,1.236000,-0.544000
14909.001000,1.236000,-0.540000
14910.001000,1.236000,-0.542000
14911.001000,1.237000,-0.535000
14912.001000,1.237000,-0.538000
14913.001000,1.236000,-0.538000
14914.001000,1.236000,-0.543000
14915.001000,1.236000,-0.554000
14916.001000,1.235000,-0.557000
14917.001000,1.233000,-0.556000
14918.001000,1.233000,-0.568000
14919.001000,1.233000,-0.540000
14920.001000,1.232000,-0.550000
14921.001000,1.232000,-0.560000
14922.001000,1.231000,-0.557000
14923.001000,1.231000,-0.576000
14924.001000,1.231000,-0.573000
14925.001000,1.231000,-0.562000
14926.001000,1.232000,-0.568000
14927.001000,1.231000,-0.556000
14928.001000,1.232000,-0.541000
14929.001000,1.231000,-0.550000
14930.001000,1.232000,-0.547000
14931.001000,1.234000,-0.544000
14932.001000,1.234000,-0.537000
14933.001000,1.234000,-0.543000
14934.001000,1.232000,-0.538000
14935.001000,1.230000,-0.547000
14936.001000,1.232000,-0.537000
14937.001000,1.233000,-0.531000
14938.001000,1.233000,-0.546000
14939.001000,1.235000,-0.539000
14940.001000,1.235000,-0.546000
14941.001000,1.235000,-0.547000
14942.001000,1.234000,-0.543000
14943.001000,1.235000,-0.543000
14944.001000,1.236000,-0.548000
14945.001000,1.236000,-0.543000
14946.001000,1.235000,-0.543000
14947.001000,1.235000,-0.542000
14948.001000,1.236000,-0.533000
14949.001000,1.236000,-0.535000
14950.001000,1.236000,-0.534000
14951.001000,1.236000,-0.534000
14952.001000,1.236000,-0.537000
14953.001000,1.236000,-0.537000
14954.001000,1.236000,-0.531000
14955.001000,1.236000,-0.533000
14956.001000,1.236000,-0.535000
14957.001000,1.235000,-0.536000
14958.001000,1.236000,-0.540000
14959.001000,1.236000,-0.549000
14960.001000,1.236000,-0.545000
14961.001000,1.237000,-0.544000
14962.001000,1.237000,-0.540000
14963.001000,1.237000,-0.540000
14964.001000,1.238000,-0.543000
14965.001000,1.238000,-0.535000
14966.001000,1.237000,-0.542000
14967.001000,1.238000,-0.543000
14968.001000,1.238000,-0.543000
14969.001000,1.238000,-0.537000
14970.001000,1.239000,-0.536000
14971.001000,1.238000,-0.536000
14972.001000,1.238000,-0.531000
14973.001000,1.238000,-0.536000
14974.001000,1.238000,-0.535000
14975.001000,1.238000,-0.538000
14976.001000,1.238000,-0.536000
14977.001000,1.238000,-0.540000
14978.001000,1.238000,-0.541000
14979.001000,1.237000,-0.542000
14980.001000,1.237000,-0.540000
14981.001000,1.237000,-0.545000
14982.001000,1.238000,-0.545000
14983.001000,1.237000,-0.544000
14984.001000,1.237000,-0.543000
14985.001000,1.238000,-0.542000
14986.001000,1.238000,-0.543000
14987.001000,1.238000,-0.545000
14988.001000,1.238000,-0.537000
14989.001000,1.238000,-0.543000
14990.001000,1.238000,-0.544000
14991.001000,1.238000,-0.537000
14992.001000,1.239000,-0.541000
14993.001000,1.240000,-0.543000
14994.001000,1.240000,-0.541000
14995.001000,1.240000,-0.537000
14996.001000,1.240000,-0.543000
14997.001000,1.240000,-0.535000
14998.001000,1.239000,-0.536000
14999.001000,1.240000,-0.535000
15000.001000,1.239000,-0.542000
15001.001000,1.240000,-0.542000
15002.001000,1.240000,-0.539000
15003.001000,1.239000,-0.542000
15004.001000,1.240000,-0.541000
15005.001000,1.240000,-0.541000
15006.001000,1.240000,-0.540000
15007.001000,1.241000,-0.537000
15008.001000,1.241000,-0.546000
15009.001000,1.240000,-0.542000
15010.001000,1.240000,-0.539000
15011.001000,1.240000,-0.542000
15012.001000,1.240000,-0.540000
15013.001000,1.240000,-0.545000
15014.001000,1.241000,-0.544000
15015.001000,1.241000,-0.546000
15016.001000,1.240000,-0.548000
15017.001000,1.240000,-0.543000
15018.001000,1.240000,-0.541000
15019.001000,1.240000,-0.540000
15020.001000,1.239000,-0.547000
15021.001000,1.239000,-0.545000
15022.001000,1.239000,-0.540000
15023.001000,1.239000,-0.548000
15024.001000,1.239000,-0.541000
15025.001000,1.239000,-0.543000
15026.001000,1.239000,-0.542000
15027.001000,1.239000,-0.541000
15028.001000,1.239000,-0.544000
15029.001000,1.239000,-0.542000
15030.001000,1.239000,-0.542000
15031.001000,1.239000,-0.539000
15032.001000,1.239000,-0.546000
15033.001000,1.239000,-0.545000
15034.001000,1.240000,-0.539000
15035.001000,1.240000,-0.548000
15036.001000,1.240000,-0.542000
15037.001000,1.240000,-0.545000
15038.001000,1.241000,-0.545000
15039.001000,1.241000,-0.544000
15040.001000,1.241000,-0.540000
15041.001000,1.241000,-0.545000
15042.001000,1.241000,-0.538000
15043.001000,1.241000,-0.541000
15044.001000,1.241000,-0.543000
15045.001000,1.241000,-0.539000
15046.001000,1.241000,-0.539000
15047.001000,1.241000,-0.543000
15048.001000,1.241000,-0.539000
15049.001000,1.241000,-0.540000
15050.001000,1.241000,-0.541000
15051.001000,1.241000,-0.543000
15052.001000,1.241000,-0.540000
15053.001000,1.241000,-0.540000
15054.001000,1.241000,-0.547000
15055.001000,1.241000,-0.542000
15056.001000,1.241000,-0.533000
15057.001000,1.242000,-0.538000
15058.001000,1.242000,-0.549000
15059.001000,1.242000,-0.543000
15060.001000,1.241000,-0.545000
15061.001000,1.241000,-0.543000
15062.001000,1.241000,-0.542000
15063.001000,1.241000,-0.543000
15064.001000,1.240000,-0.549000
15065.001000,1.240000,-0.542000
15066.001000,1.240000,-0.547000
15067.001000,1.240000,-0.552000
15068.001000,1.240000,-0.547000
15069.001000,1.240000,-0.547000
15070.001000,1.240000,-0.546000
15071.001000,1.241000,-0.552000
15072.001000,1.241000,-0.556000
15073.001000,1.241000,-0.555000
15074.001000,1.241000,-0.548000
15075.001000,1.242000,-0.556000
15076.001000,1.241000,-0.555000
15077.001000,1.242000,-0.554000
15078.001000,1.242000,-0.550000
15079.001000,1.241000,-0.550000
15080.001000,1.241000,-0.562000
15081.001000,1.242000,-0.549000
15082.001000,1.242000,-0.550000
15083.001000,1.242000,-0.550000
15084.001000,1.243000,-0.551000
15085.001000,1.243000,-0.550000
15086.001000,1.243000,-0.544000
15087.001000,1.243000,-0.550000
15088.001000,1.242000,-0.544000
15089.001000,1.243000,-0.548000
15090.001000,1.242000,-0.541000
15091.001000,1.242000,-0.547000
15092.001000,1.242000,-0.545000
15093.001000,1.242000,-0.543000
15094.001000,1.241000,-0.543000
15095.001000,1.242000,-0.551000
15096.001000,1.242000,-0.549000
15097.001000,1.242000,-0.548000
15098.001000,1.242000,-0.553000
15099.001000,1.242000,-0.553000
15100.001000,1.242000,-0.546000
15101.001000,1.242000,-0.550000
15102.001000,1.241000,-0.546000
15103.001000,1.241000,-0.547000
15104.001000,1.240000,-0.549000
15105.001000,1.239000,-0.541000
15106.001000,1.240000,-0.540000
15107.001000,1.239000,-0.542000
15108.001000,1.240000,-0.545000
15109.001000,1.238000,-0.548000
15110.001000,1.238000,-0.544000
15111.001000,1.237000,-0.549000
15112.001000,1.236000,-0.558000
15113.001000,1.236000,-0.551000
15114.001000,1.236000,-0.549000
15115.001000,1.236000,-0.551000
15116.001000,1.236000,-0.543000
15117.001000,1.236000,-0.547000
15118.001000,1.236000,-0.539000
15119.001000,1.236000,-0.533000
15120.001000,1.235000,-0.563000
15121.001000,1.235000,-0.547000
15122.001000,1.235000,-0.548000
15123.001000,1.235000,-0.544000
15124.001000,1.235000,-0.553000
15125.001000,1.234000,-0.556000
15126.001000,1.234000,-0.547000
15127.001000,1.234000,-0.539000
15128.001000,1.235000,-0.540000
15129.001000,1.235000,-0.541000
15130.001000,1.235000,-0.540000
15131.001000,1.237000,-0.542000
15132.001000,1.238000,-0.535000
15133.001000,1.240000,-0.537000
15134.001000,1.241000,-0.541000
15135.001000,1.242000,-0.546000
15136.001000,1.242000,-0.540000
15137.001000,1.242000,-0.543000
15138.001000,1.242000,-0.531000
15139.001000,1.242000,-0.533000
15140.001000,1.241000,-0.538000
15141.001000,1.241000,-0.531000
15142.001000,1.241000,-0.529000
15143.001000,1.241000,-0.532000
15144.001000,1.242000,-0.544000
15145.001000,1.242000,-0.547000
15146.001000,1.241000,-0.542000
15147.001000,1.241000,-0.540000
15148.001000,1.241000,-0.537000
15149.001000,1.242000,-0.542000
15150.001000,1.241000,-0.540000
15151.001000,1.241000,-0.538000
15152.001000,1.242000,-0.538000
15153.001000,1.242000,-0.540000
15154.001000,1.242000,-0.548000
15155.001000,1.242000,-0.548000
15156.001000,1.243000,-0.543000
15157.001000,1.243000,-0.542000
15158.001000,1.243000,-0.536000
15159.001000,1.243000,-0.537000
15160.001000,1.244000,-0.532000
15161.001000,1.244000,-0.531000
15162.001000,1.244000,-0.536000
15163.001000,1.243000,-0.536000
15164.001000,1.243000,-0.533000
15165.001000,1.243000,-0.531000
15166.001000,1.244000,-0.534000
15167.001000,1.245000,-0.536000
15168.001000,1.244000,-0.536000
15169.001000,1.245000,-0.541000
15170.001000,1.245000,-0.538000
15171.001000,1.245000,-0.533000
15172.001000,1.245000,-0.531000
15173.001000,1.244000,-0.531000
15174.001000,1.244000,-0.534000
15175.001000,1.244000,-0.534000
15176.001000,1.244000,-0.535000
15177.001000,1.244000,-0.537000
15178.001000,1.244000,-0.538000
15179.001000,1.244000,-0.545000
15180.001000,1.243000,-0.541000
15181.001000,1.243000,-0.544000
15182.001000,1.243000,-0.541000
15183.001000,1.243000,-0.555000
15184.001000,1.243000,-0.541000
15185.001000,1.243000,-0.543000
15186.001000,1.243000,-0.544000
15187.001000,1.243000,-0.542000
15188.001000,1.242000,-0.541000
15189.001000,1.242000,-0.543000
15190.001000,1.243000,-0.549000
15191.001000,1.243000,-0.549000
15192.001000,1.243000,-0.548000
15193.001000,1.243000,-0.546000
15194.001000,1.243000,-0.548000
15195.001000,1.243000,-0.544000
15196.001000,1.244000,-0.546000
15197.001000,1.243000,-0.543000
15198.001000,1.243000,-0.543000
15199.001000,1.243000,-0.545000
15200.001000,1.243000,-0.545000
15201.001000,1.244000,-0.540000
15202.001000,1.243000,-0.539000
15203.001000,1.243000,-0.540000
15204.001000,1.244000,-0.547000
15205.001000,1.244000,-0.537000
15206.001000,1.245000,-0.534000
15207.001000,1.244000,-0.538000
15208.001000,1.244000,-0.535000
15209.001000,1.244000,-0.528000
15210.001000,1.244000,-0.527000
15211.001000,1.244000,-0.532000
15212.001000,1.245000,-0.535000
15213.001000,1.245000,-0.529000
15214.001000,1.245000,-0.542000
15215.001000,1.245000,-0.537000
15216.001000,1.246000,-0.539000
15217.001000,1.246000,-0.536000
15218.001000,1.245000,-0.539000
15219.001000,1.245000,-0.547000
15220.001000,1.245000,-0.542000
15221.001000,1.245000,-0.538000
15222.001000,1.244000,-0.536000
15223.001000,1.244000,-0.532000
15224.001000,1.244000,-0.537000
15225.001000,1.244000,-0.531000
15226.001000,1.244000,-0.528000
15227.001000,1.244000,-0.522000
15228.001000,1.244000,-0.524000
15229.001000,1.244000,-0.530000
15230.001000,1.244000,-0.528000
15231.001000,1.244000,-0.531000
15232.001000,1.244000,-0.537000
15233.001000,1.244000,-0.539000
15234.001000,1.245000,-0.543000
15235.001000,1.245000,-0.541000
15236.001000,1.245000,-0.541000
15237.001000,1.245000,-0.547000
15238.001000,1.244000,-0.544000
15239.001000,1.244000,-0.538000
15240.001000,1.244000,-0.547000
15241.001000,1.244000,-0.546000
15242.001000,1.244000,-0.546000
15243.001000,1.244000,-0.549000
15244.001000,1.244000,-0.544000
15245.001000,1.244000,-0.546000
15246.001000,1.244000,-0.539000
15247.001000,1.243000,-0.536000
15248.001000,1.242000,-0.533000
15249.001000,1.242000,-0.531000
15250.001000,1.242000,-0.527000
15251.001000,1.242000,-0.532000
15252.001000,1.241000,-0.525000
15253.001000,1.242000,-0.535000
15254.001000,1.242000,-0.535000
15255.001000,1.242000,-0.528000
15256.001000,1.243000,-0.529000
15257.001000,1.243000,-0.530000
15258.001000,1.243000,-0.522000
15259.001000,1.244000,-0.532000
15260.001000,1.244000,-0.531000
15261.001000,1.244000,-0.527000
15262.001000,1.245000,-0.530000
15263.001000,1.245000,-0.529000
15264.001000,1.245000,-0.544000
15265.001000,1.244000,-0.533000
15266.001000,1.244000,-0.534000
15267.001000,1.245000,-0.539000
15268.001000,1.245000,-0.534000
15269.001000,1.245000,-0.527000
15270.001000,1.245000,-0.537000
15271.001000,1.245000,-0.545000
15272.001000,1.245000,-0.552000
15273.001000,1.244000,-0.546000
15274.001000,1.244000,-0.551000
15275.001000,1.243000,-0.537000
15276.001000,1.244000,-0.537000
15277.001000,1.244000,-0.530000
15278.001000,1.244000,-0.539000
15279.001000,1.244000,-0.539000
15280.001000,1.245000,-0.535000
15281.001000,1.244000,-0.537000
15282.001000,1.245000,-0.532000
15283.001000,1.244000,-0.531000
15284.001000,1.244000,-0.533000
15285.001000,1.244000,-0.536000
15286.001000,1.244000,-0.535000
15287.001000,1.244000,-0.533000
15288.001000,1.244000,-0.530000
15289.001000,1.244000,-0.535000
15290.001000,1.244000,-0.536000
15291.001000,1.244000,-0.542000
15292.001000,1.244000,-0.550000
15293.001000,1.244000,-0.551000
15294.001000,1.244000,-0.551000
15295.001000,1.245000,-0.537000
15296.001000,1.244000,-0.538000
15297.001000,1.245000,-0.542000
15298.001000,1.244000,-0.541000
15299.001000,1.245000,-0.539000
15300.001000,1.245000,-0.533000
15301.001000,1.245000,-0.538000
15302.001000,1.245000,-0.535000
15303.001000,1.245000,-0.534000
15304.001000,1.244000,-0.530000
15305.001000,1.245000,-0.532000
15306.001000,1.245000,-0.531000
15307.001000,1.246000,-0.529000
15308.001000,1.245000,-0.542000
15309.001000,1.245000,-0.528000
15310.001000,1.245000,-0.530000
15311.001000,1.246000,-0.535000
15312.001000,1.246000,-0.532000
15313.001000,1.247000,-0.526000
15314.001000,1.247000,-0.530000
15315.001000,1.247000,-0.533000
15316.001000,1.247000,-0.528000
15317.001000,1.246000,-0.531000
15318.001000,1.246000,-0.532000
15319.001000,1.246000,-0.539000
15320.001000,1.245000,-0.545000
15321.001000,1.245000,-0.554000
15322.001000,1.243000,-0.547000
15323.001000,1.241000,-0.547000
15324.001000,1.241000,-0.541000
15325.001000,1.241000,-0.524000
15326.001000,1.241000,-0.553000
15327.001000,1.240000,-0.536000
15328.001000,1.240000,-0.554000
15329.001000,1.240000,-0.563000
15330.001000,1.240000,-0.561000
15331.001000,1.240000,-0.559000
15332.001000,1.240000,-0.528000
15333.001000,1.242000,-0.528000
15334.001000,1.243000,-0.533000
15335.001000,1.245000,-0.527000
15336.001000,1.245000,-0.532000
15337.001000,1.246000,-0.530000
15338.001000,1.246000,-0.537000
15339.001000,1.246000,-0.557000
15340.001000,1.246000,-0.530000
15341.001000,1.246000,-0.552000
15342.001000,1.246000,-0.529000
15343.001000,1.246000,-0.533000
15344.001000,1.247000,-0.532000
15345.001000,1.247000,-0.528000
15346.001000,1.248000,-0.530000
15347.001000,1.247000,-0.528000
15348.001000,1.248000,-0.529000
15349.001000,1.248000,-0.533000
15350.001000,1.249000,-0.529000
15351.001000,1.249000,-0.539000
15352.001000,1.249000,-0.530000
15353.001000,1.249000,-0.534000
15354.001000,1.249000,-0.533000
15355.001000,1.250000,-0.534000
15356.001000,1.250000,-0.535000
15357.001000,1.249000,-0.538000
15358.001000,1.249000,-0.532000
15359.001000,1.249000,-0.534000
15360.001000,1.249000,-0.536000
15361.001000,1.249000,-0.531000
15362.001000,1.250000,-0.531000
15363.001000,1.249000,-0.529000
15364.001000,1.248000,-0.534000
15365.001000,1.248000,-0.532000
15366.001000,1.249000,-0.534000
15367.001000,1.249000,-0.529000
15368.001000,1.249000,-0.532000
15369.001000,1.249000,-0.537000
15370.001000,1.249000,-0.534000
15371.001000,1.249000,-0.525000
15372.001000,1.249000,-0.530000
15373.001000,1.249000,-0.529000
15374.001000,1.249000,-0.535000
15375.001000,1.250000,-0.528000
15376.001000,1.249000,-0.533000
15377.001000,1.249000,-0.539000
15378.001000,1.249000,-0.530000
15379.001000,1.249000,-0.544000
15380.001000,1.249000,-0.535000
15381.001000,1.249000,-0.542000
15382.001000,1.249000,-0.535000
15383.001000,1.249000,-0.537000
15384.001000,1.249000,-0.537000
15385.001000,1.249000,-0.540000
15386.001000,1.248000,-0.538000
15387.001000,1.249000,-0.535000
15388.001000,1.250000,-0.530000
15389.001000,1.252000,-0.529000
15390.001000,1.253000,-0.535000
15391.001000,1.253000,-0.536000
15392.001000,1.255000,-0.534000
15393.001000,1.255000,-0.532000
15394.001000,1.256000,-0.531000
15395.001000,1.256000,-0.536000
15396.001000,1.257000,-0.534000
15397.001000,1.257000,-0.531000
15398.001000,1.258000,-0.533000
15399.001000,1.258000,-0.529000
15400.001000,1.259000,-0.534000
15401.001000,1.259000,-0.527000
15402.001000,1.259000,-0.523000
15403.001000,1.259000,-0.521000
15404.001000,1.259000,-0.524000
15405.001000,1.259000,-0.519000
15406.001000,1.259000,-0.526000
15407.001000,1.259000,-0.526000
15408.001000,1.259000,-0.522000
15409.001000,1.259000,-0.525000
15410.001000,1.259000,-0.528000
15411.001000,1.258000,-0.535000
15412.001000,1.259000,-0.530000
15413.001000,1.259000,-0.531000
15414.001000,1.259000,-0.525000
15415.001000,1.260000,-0.525000
15416.001000,1.260000,-0.530000
15417.001000,1.260000,-0.535000
15418.001000,1.260000,-0.533000
15419.001000,1.259000,-0.535000
15420.001000,1.259000,-0.534000
15421.001000,1.259000,-0.531000
15422.001000,1.259000,-0.534000
15423.001000,1.259000,-0.537000
15424.001000,1.259000,-0.540000
15425.001000,1.258000,-0.539000
15426.001000,1.259000,-0.537000
15427.001000,1.259000,-0.537000
15428.001000,1.258000,-0.530000
15429.001000,1.258000,-0.534000
15430.001000,1.258000,-0.542000
15431.001000,1.257000,-0.544000
15432.001000,1.257000,-0.544000
15433.001000,1.257000,-0.541000
15434.001000,1.255000,-0.545000
15435.001000,1.255000,-0.543000
15436.001000,1.256000,-0.535000
15437.001000,1.257000,-0.539000
15438.001000,1.259000,-0.535000
15439.001000,1.258000,-0.533000
15440.001000,1.257000,-0.541000
15441.001000,1.258000,-0.536000
15442.001000,1.260000,-0.542000
15443.001000,1.260000,-0.533000
15444.001000,1.260000,-0.535000
15445.001000,1.259000,-0.534000
15446.001000,1.259000,-0.537000
15447.001000,1.260000,-0.539000
15448.001000,1.260000,-0.534000
15449.001000,1.259000,-0.538000
15450.001000,1.260000,-0.536000
15451.001000,1.260000,-0.535000
15452.001000,1.260000,-0.535000
15453.001000,1.260000,-0.537000
15454.001000,1.260000,-0.541000
15455.001000,1.260000,-0.543000
15456.001000,1.260000,-0.539000
15457.001000,1.260000,-0.547000
15458.001000,1.261000,-0.548000
15459.001000,1.261000,-0.544000
15460.001000,1.260000,-0.548000
15461.001000,1.260000,-0.545000
15462.001000,1.261000,-0.547000
15463.001000,1.261000,-0.541000
15464.001000,1.261000,-0.533000
15465.001000,1.261000,-0.539000
15466.001000,1.261000,-0.540000
15467.001000,1.261000,-0.540000
15468.001000,1.261000,-0.528000
15469.001000,1.262000,-0.526000
15470.001000,1.262000,-0.529000
15471.001000,1.263000,-0.529000
15472.001000,1.262000,-0.530000
15473.001000,1.262000,-0.532000
15474.001000,1.262000,-0.519000
15475.001000,1.262000,-0.532000
15476.001000,1.263000,-0.528000
15477.001000,1.263000,-0.530000
15478.001000,1.262000,-0.529000
15479.001000,1.262000,-0.536000
15480.001000,1.262000,-0.529000
15481.001000,1.262000,-0.524000
15482.001000,1.262000,-0.528000
15483.001000,1.262000,-0.531000
15484.001000,1.262000,-0.540000
15485.001000,1.262000,-0.533000
15486.001000,1.263000,-0.533000
15487.001000,1.263000,-0.536000
15488.001000,1.263000,-0.547000
15489.001000,1.262000,-0.536000
15490.001000,1.263000,-0.540000
15491.001000,1.263000,-0.543000
15492.001000,1.263000,-0.541000
15493.001000,1.263000,-0.547000
15494.001000,1.263000,-0.542000
15495.001000,1.263000,-0.548000
15496.001000,1.263000,-0.540000
15497.001000,1.262000,-0.536000
15498.001000,1.262000,-0.539000
15499.001000,1.263000,-0.542000
15500.001000,1.263000,-0.533000
15501.001000,1.263000,-0.534000
15502.001000,1.263000,-0.538000
15503.001000,1.263000,-0.542000
15504.001000,1.263000,-0.538000
15505.001000,1.263000,-0.546000
15506.001000,1.264000,-0.533000
15507.001000,1.264000,-0.541000
15508.001000,1.264000,-0.534000
15509.001000,1.264000,-0.549000
15510.001000,1.264000,-0.541000
15511.001000,1.264000,-0.548000
15512.001000,1.264000,-0.536000
15513.001000,1.264000,-0.537000
15514.001000,1.264000,-0.537000
15515.001000,1.264000,-0.537000
15516.001000,1.265000,-0.531000
15517.001000,1.265000,-0.526000
15518.001000,1.265000,-0.534000
15519.001000,1.265000,-0.529000
15520.001000,1.266000,-0.529000
15521.001000,1.266000,-0.527000
15522.001000,1.266000,-0.531000
15523.001000,1.266000,-0.531000
15524.001000,1.267000,-0.522000
15525.001000,1.267000,-0.522000
15526.001000,1.267000,-0.529000
15527.001000,1.267000,-0.519000
15528.001000,1.267000,-0.524000
15529.001000,1.268000,-0.522000
15530.001000,1.267000,-0.525000
15531.001000,1.267000,-0.525000
15532.001000,1.268000,-0.522000
15533.001000,1.268000,-0.525000
15534.001000,1.267000,-0.522000
15535.001000,1.268000,-0.526000
15536.001000,1.268000,-0.529000
15537.001000,1.267000,-0.523000
15538.001000,1.267000,-0.529000
15539.001000,1.267000,-0.530000
15540.001000,1.268000,-0.531000
15541.001000,1.268000,-0.526000
15542.001000,1.268000,-0.526000
15543.001000,1.268000,-0.524000
15544.001000,1.268000,-0.535000
15545.001000,1.267000,-0.536000
15546.001000,1.267000,-0.539000
15547.001000,1.267000,-0.537000
15548.001000,1.268000,-0.536000
15549.001000,1.268000,-0.539000
15550.001000,1.268000,-0.535000
15551.001000,1.269000,-0.536000
15552.001000,1.269000,-0.538000
15553.001000,1.269000,-0.535000
15554.001000,1.269000,-0.538000
15555.001000,1.269000,-0.534000
15556.001000,1.270000,-0.534000
15557.001000,1.269000,-0.540000
15558.001000,1.269000,-0.532000
15559.001000,1.269000,-0.537000
15560.001000,1.269000,-0.534000
15561.001000,1.269000,-0.538000
15562.001000,1.269000,-0.538000
15563.001000,1.269000,-0.536000
15564.001000,1.269000,-0.535000
15565.001000,1.269000,-0.538000
15566.001000,1.269000,-0.536000
15567.001000,1.269000,-0.532000
15568.001000,1.268000,-0.541000
15569.001000,1.268000,-0.540000
15570.001000,1.268000,-0.539000
15571.001000,1.268000,-0.542000
15572.001000,1.268000,-0.542000
15573.001000,1.267000,-0.527000
15574.001000,1.266000,-0.537000
15575.001000,1.265000,-0.530000
15576.001000,1.265000,-0.539000
15577.001000,1.265000,-0.532000
15578.001000,1.264000,-0.535000
15579.001000,1.264000,-0.545000
15580.001000,1.265000,-0.541000
15581.001000,1.265000,-0.538000
15582.001000,1.265000,-0.540000
15583.001000,1.264000,-0.542000
15584.001000,1.265000,-0.538000
15585.001000,1.265000,-0.539000
15586.001000,1.265000,-0.543000
15587.001000,1.265000,-0.545000
15588.001000,1.264000,-0.532000
15589.001000,1.264000,-0.539000
15590.001000,1.264000,-0.539000
15591.001000,1.264000,-0.537000
15592.001000,1.264000,-0.543000
15593.001000,1.263000,-0.552000
15594.001000,1.263000,-0.546000
15595.001000,1.263000,-0.541000
15596.001000,1.263000,-0.538000
15597.001000,1.264000,-0.539000
15598.001000,1.264000,-0.542000
15599.001000,1.264000,-0.540000
15600.001000,1.264000,-0.537000
15601.001000,1.264000,-0.550000
15602.001000,1.264000,-0.545000
15603.001000,1.264000,-0.538000
15604.001000,1.264000,-0.538000
15605.001000,1.265000,-0.545000
15606.001000,1.265000,-0.535000
15607.001000,1.265000,-0.537000
15608.001000,1.265000,-0.535000
15609.001000,1.265000,-0.543000
15610.001000,1.265000,-0.541000
15611.001000,1.265000,-0.551000
15612.001000,1.265000,-0.543000
15613.001000,1.265000,-0.548000
15614.001000,1.266000,-0.538000
15615.001000,1.266000,-0.535000
15616.001000,1.266000,-0.536000
15617.001000,1.266000,-0.535000
15618.001000,1.266000,-0.537000
15619.001000,1.266000,-0.539000
15620.001000,1.266000,-0.548000
15621.001000,1.266000,-0.545000
15622.001000,1.266000,-0.546000
15623.001000,1.267000,-0.544000
15624.001000,1.267000,-0.542000
15625.001000,1.267000,-0.548000
15626.001000,1.267000,-0.551000
15627.001000,1.266000,-0.545000
15628.001000,1.265000,-0.547000
15629.001000,1.265000,-0.546000
15630.001000,1.265000,-0.540000
15631.001000,1.265000,-0.536000
15632.001000,1.265000,-0.536000
15633.001000,1.265000,-0.538000
15634.001000,1.265000,-0.533000
15635.001000,1.265000,-0.531000
15636.001000,1.265000,-0.540000
15637.001000,1.266000,-0.540000
15638.001000,1.266000,-0.543000
15639.001000,1.266000,-0.540000
15640.001000,1.265000,-0.542000
15641.001000,1.265000,-0.538000
15642.001000,1.264000,-0.541000
15643.001000,1.265000,-0.539000
15644.001000,1.265000,-0.540000
15645.001000,1.266000,-0.540000
15646.001000,1.266000,-0.530000
15647.001000,1.266000,-0.531000
15648.001000,1.265000,-0.532000
15649.001000,1.267000,-0.525000
15650.001000,1.269000,-0.524000
15651.001000,1.270000,-0.527000
15652.001000,1.271000,-0.528000
15653.001000,1.271000,-0.526000
15654.001000,1.271000,-0.528000
15655.001000,1.270000,-0.529000
15656.001000,1.270000,-0.531000
15657.001000,1.270000,-0.519000
15658.001000,1.271000,-0.527000
15659.001000,1.271000,-0.525000
15660.001000,1.269000,-0.526000
15661.001000,1.268000,-0.525000
15662.001000,1.268000,-0.530000
15663.001000,1.268000,-0.529000
15664.001000,1.267000,-0.526000
15665.001000,1.266000,-0.527000
15666.001000,1.266000,-0.527000
15667.001000,1.266000,-0.531000
15668.001000,1.268000,-0.530000
15669.001000,1.268000,-0.529000
15670.001000,1.269000,-0.528000
15671.001000,1.269000,-0.529000
15672.001000,1.270000,-0.523000
15673.001000,1.271000,-0.520000
15674.001000,1.272000,-0.519000
15675.001000,1.272000,-0.517000
15676.001000,1.272000,-0.520000
15677.001000,1.271000,-0.521000
15678.001000,1.271000,-0.520000
15679.001000,1.271000,-0.520000
15680.001000,1.271000,-0.522000
15681.001000,1.271000,-0.522000
15682.001000,1.272000,-0.518000
15683.001000,1.272000,-0.520000
15684.001000,1.272000,-0.522000
15685.001000,1.272000,-0.521000
15686.001000,1.272000,-0.518000
15687.001000,1.272000,-0.514000
15688.001000,1.272000,-0.510000
15689.001000,1.272000,-0.508000
15690.001000,1.272000,-0.507000
15691.001000,1.272000,-0.513000
15692.001000,1.272000,-0.509000
15693.001000,1.271000,-0.513000
15694.001000,1.271000,-0.508000
15695.001000,1.271000,-0.516000
15696.001000,1.271000,-0.515000
15697.001000,1.272000,-0.514000
15698.001000,1.272000,-0.512000
15699.001000,1.271000,-0.513000
15700.001000,1.271000,-0.511000
15701.001000,1.271000,-0.515000
15702.001000,1.271000,-0.523000
15703.001000,1.271000,-0.513000
15704.001000,1.271000,-0.511000
15705.001000,1.271000,-0.509000
15706.001000,1.271000,-0.510000
15707.001000,1.272000,-0.510000
15708.001000,1.271000,-0.520000
15709.001000,1.272000,-0.518000
15710.001000,1.273000,-0.514000
15711.001000,1.273000,-0.512000
15712.001000,1.273000,-0.512000
15713.001000,1.273000,-0.514000
15714.001000,1.273000,-0.518000
15715.001000,1.273000,-0.521000
15716.001000,1.273000,-0.516000
15717.001000,1.274000,-0.515000
15718.001000,1.273000,-0.513000
15719.001000,1.273000,-0.519000
15720.001000,1.274000,-0.519000
15721.001000,1.273000,-0.514000
15722.001000,1.273000,-0.520000
15723.001000,1.273000,-0.525000
15724.001000,1.272000,-0.523000
15725.001000,1.271000,-0.529000
15726.001000,1.271000,-0.521000
15727.001000,1.269000,-0.524000
15728.001000,1.268000,-0.532000
15729.001000,1.268000,-0.531000
15730.001000,1.269000,-0.527000
15731.001000,1.269000,-0.521000
15732.001000,1.270000,-0.519000
15733.001000,1.271000,-0.519000
15734.001000,1.271000,-0.524000
15735.001000,1.270000,-0.528000
15736.001000,1.270000,-0.525000
15737.001000,1.270000,-0.520000
15738.001000,1.270000,-0.514000
15739.001000,1.270000,-0.521000
15740.001000,1.270000,-0.527000
15741.001000,1.270000,-0.525000
15742.001000,1.270000,-0.517000
15743.001000,1.270000,-0.523000
15744.001000,1.270000,-0.522000
15745.001000,1.270000,-0.523000
15746.001000,1.270000,-0.524000
15747.001000,1.271000,-0.521000
15748.001000,1.272000,-0.522000
15749.001000,1.273000,-0.526000
15750.001000,1.273000,-0.526000
15751.001000,1.274000,-0.522000
15752.001000,1.275000,-0.523000
15753.001000,1.275000,-0.527000
15754.001000,1.275000,-0.524000
15755.001000,1.275000,-0.520000
15756.001000,1.275000,-0.521000
15757.001000,1.275000,-0.524000
15758.001000,1.274000,-0.517000
15759.001000,1.274000,-0.521000
15760.001000,1.274000,-0.517000
15761.001000,1.273000,-0.517000
15762.001000,1.274000,-0.520000
15763.001000,1.274000,-0.510000
15764.001000,1.274000,-0.512000
15765.001000,1.274000,-0.518000
15766.001000,1.274000,-0.518000
15767.001000,1.274000,-0.521000
15768.001000,1.274000,-0.516000
15769.001000,1.274000,-0.518000
15770.001000,1.274000,-0.514000
15771.001000,1.274000,-0.520000
15772.001000,1.274000,-0.514000
15773.001000,1.274000,-0.517000
15774.001000,1.273000,-0.513000
15775.001000,1.274000,-0.511000
15776.001000,1.274000,-0.519000
15777.001000,1.274000,-0.514000
15778.001000,1.274000,-0.514000
15779.001000,1.274000,-0.515000
15780.001000,1.274000,-0.512000
15781.001000,1.274000,-0.511000
15782.001000,1.274000,-0.511000
15783.001000,1.274000,-0.508000
15784.001000,1.273000,-0.510000
15785.001000,1.274000,-0.509000
15786.001000,1.274000,-0.511000
15787.001000,1.274000,-0.514000
15788.001000,1.274000,-0.523000
15789.001000,1.273000,-0.524000
15790.001000,1.272000,-0.554000
15791.001000,1.270000,-0.543000
15792.001000,1.270000,-0.551000
15793.001000,1.270000,-0.534000
15794.001000,1.269000,-0.523000
15795.001000,1.270000,-0.518000
15796.001000,1.271000,-0.509000
15797.001000,1.271000,-0.513000
15798.001000,1.272000,-0.509000
15799.001000,1.273000,-0.511000
15800.001000,1.273000,-0.526000
15801.001000,1.273000,-0.526000
15802.001000,1.273000,-0.535000
15803.001000,1.273000,-0.538000
15804.001000,1.273000,-0.529000
15805.001000,1.272000,-0.522000
15806.001000,1.272000,-0.530000
15807.001000,1.272000,-0.534000
15808.001000,1.272000,-0.546000
15809.001000,1.271000,-0.550000
15810.001000,1.270000,-0.549000
15811.001000,1.269000,-0.550000
15812.001000,1.268000,-0.547000
15813.001000,1.268000,-0.546000
15814.001000,1.268000,-0.545000
15815.001000,1.268000,-0.549000
15816.001000,1.268000,-0.539000
15817.001000,1.268000,-0.545000
15818.001000,1.267000,-0.542000
15819.001000,1.266000,-0.540000
15820.001000,1.266000,-0.541000
15821.001000,1.266000,-0.541000
15822.001000,1.267000,-0.538000
15823.001000,1.267000,-0.537000
15824.001000,1.267000,-0.541000
15825.001000,1.267000,-0.539000
15826.001000,1.266000,-0.530000
15827.001000,1.266000,-0.540000
15828.001000,1.266000,-0.536000
15829.001000,1.266000,-0.530000
15830.001000,1.267000,-0.536000
15831.001000,1.267000,-0.533000
15832.001000,1.266000,-0.539000
15833.001000,1.267000,-0.536000
15834.001000,1.268000,-0.535000
15835.001000,1.268000,-0.544000
15836.001000,1.269000,-0.531000
15837.001000,1.269000,-0.534000
15838.001000,1.271000,-0.530000
15839.001000,1.271000,-0.534000
15840.001000,1.272000,-0.531000
15841.001000,1.272000,-0.525000
15842.001000,1.272000,-0.528000
15843.001000,1.272000,-0.534000
15844.001000,1.273000,-0.526000
15845.001000,1.273000,-0.529000
15846.001000,1.272000,-0.537000
15847.001000,1.271000,-0.530000
15848.001000,1.271000,-0.530000
15849.001000,1.272000,-0.527000
15850.001000,1.273000,-0.521000
15851.001000,1.273000,-0.525000
15852.001000,1.272000,-0.532000
15853.001000,1.272000,-0.528000
15854.001000,1.272000,-0.526000
15855.001000,1.271000,-0.529000
15856.001000,1.271000,-0.523000
15857.001000,1.271000,-0.531000
15858.001000,1.271000,-0.534000
15859.001000,1.271000,-0.525000
15860.001000,1.272000,-0.536000
15861.001000,1.273000,-0.538000
15862.001000,1.274000,-0.535000
15863.001000,1.274000,-0.534000
15864.001000,1.274000,-0.531000
15865.001000,1.275000,-0.527000
15866.001000,1.275000,-0.528000
15867.001000,1.275000,-0.519000
15868.001000,1.276000,-0.518000
15869.001000,1.276000,-0.518000
15870.001000,1.275000,-0.522000
15871.001000,1.275000,-0.517000
15872.001000,1.275000,-0.520000
15873.001000,1.275000,-0.518000
15874.001000,1.275000,-0.517000
15875.001000,1.275000,-0.517000
15876.001000,1.274000,-0.514000
15877.001000,1.272000,-0.508000
15878.001000,1.271000,-0.517000
15879.001000,1.269000,-0.518000
15880.001000,1.269000,-0.514000
15881.001000,1.269000,-0.527000
15882.001000,1.268000,-0.519000
15883.001000,1.268000,-0.524000
15884.001000,1.267000,-0.520000
15885.001000,1.267000,-0.527000
15886.001000,1.267000,-0.530000
15887.001000,1.266000,-0.527000
15888.001000,1.266000,-0.523000
15889.001000,1.266000,-0.526000
15890.001000,1.266000,-0.525000
15891.001000,1.266000,-0.521000
15892.001000,1.266000,-0.519000
15893.001000,1.266000,-0.518000
15894.001000,1.266000,-0.519000
15895.001000,1.266000,-0.519000
15896.001000,1.266000,-0.519000
15897.001000,1.266000,-0.517000
15898.001000,1.266000,-0.515000
15899.001000,1.267000,-0.513000
15900.001000,1.268000,-0.515000
15901.001000,1.268000,-0.520000
15902.001000,1.268000,-0.522000
15903.001000,1.269000,-0.515000
15904.001000,1.268000,-0.520000
15905.001000,1.269000,-0.520000
15906.001000,1.268000,-0.516000
15907.001000,1.268000,-0.520000
15908.001000,1.268000,-0.521000
15909.001000,1.268000,-0.522000
15910.001000,1.268000,-0.518000
15911.001000,1.267000,-0.523000
15912.001000,1.267000,-0.527000
15913.001000,1.267000,-0.519000
15914.001000,1.267000,-0.519000
15915.001000,1.267000,-0.523000
15916.001000,1.267000,-0.528000
15917.001000,1.267000,-0.529000
15918.001000,1.267000,-0.529000
15919.001000,1.267000,-0.533000
15920.001000,1.267000,-0.528000
15921.001000,1.266000,-0.532000
15922.001000,1.265000,-0.529000
15923.001000,1.266000,-0.540000
15924.001000,1.267000,-0.530000
15925.001000,1.267000,-0.530000
15926.001000,1.267000,-0.527000
15927.001000,1.267000,-0.522000
15928.001000,1.266000,-0.527000
15929.001000,1.266000,-0.528000
15930.001000,1.267000,-0.530000
15931.001000,1.267000,-0.528000
15932.001000,1.267000,-0.523000
15933.001000,1.266000,-0.524000
15934.001000,1.266000,-0.524000
15935.001000,1.267000,-0.523000
15936.001000,1.267000,-0.527000
15937.001000,1.267000,-0.520000
15938.001000,1.267000,-0.529000
15939.001000,1.268000,-0.520000
15940.001000,1.270000,-0.535000
15941.001000,1.273000,-0.526000
15942.001000,1.273000,-0.526000
15943.001000,1.274000,-0.528000
15944.001000,1.275000,-0.528000
15945.001000,1.275000,-0.529000
15946.001000,1.275000,-0.523000
15947.001000,1.275000,-0.528000
15948.001000,1.276000,-0.538000
15949.001000,1.276000,-0.523000
15950.001000,1.275000,-0.521000
15951.001000,1.274000,-0.517000
15952.001000,1.274000,-0.515000
15953.001000,1.274000,-0.511000
15954.001000,1.275000,-0.512000
15955.001000,1.276000,-0.510000
15956.001000,1.275000,-0.514000
15957.001000,1.274000,-0.519000
15958.001000,1.275000,-0.522000
15959.001000,1.275000,-0.519000
15960.001000,1.273000,-0.521000
15961.001000,1.274000,-0.521000
15962.001000,1.275000,-0.520000
15963.001000,1.275000,-0.519000
15964.001000,1.275000,-0.521000
15965.001000,1.276000,-0.522000
15966.001000,1.277000,-0.524000
15967.001000,1.276000,-0.519000
15968.001000,1.277000,-0.511000
15969.001000,1.277000,-0.514000
15970.001000,1.278000,-0.507000
15971.001000,1.278000,-0.516000
15972.001000,1.278000,-0.513000
15973.001000,1.278000,-0.515000
15974.001000,1.278000,-0.519000
15975.001000,1.278000,-0.514000
15976.001000,1.279000,-0.514000
15977.001000,1.279000,-0.520000
15978.001000,1.278000,-0.516000
15979.001000,1.278000,-0.525000
15980.001000,1.279000,-0.522000
15981.001000,1.279000,-0.527000
15982.001000,1.278000,-0.535000
15983.001000,1.276000,-0.531000
15984.001000,1.276000,-0.531000
15985.001000,1.275000,-0.530000
15986.001000,1.275000,-0.526000
15987.001000,1.275000,-0.524000
15988.001000,1.274000,-0.528000
15989.001000,1.274000,-0.531000
15990.001000,1.274000,-0.539000
15991.001000,1.274000,-0.535000
15992.001000,1.274000,-0.539000
15993.001000,1.273000,-0.530000
15994.001000,1.273000,-0.531000
15995.001000,1.273000,-0.535000
15996.001000,1.273000,-0.537000
15997.001000,1.273000,-0.532000
15998.001000,1.273000,-0.536000
15999.001000,1.272000,-0.534000
16000.001000,1.275000,-0.528000
16001.001000,1.275000,-0.530000
16002.001000,1.275000,-0.535000
16003.001000,1.275000,-0.537000
16004.001000,1.275000,-0.528000
16005.001000,1.276000,-0.527000
16006.001000,1.277000,-0.528000
16007.001000,1.277000,-0.521000
16008.001000,1.276000,-0.523000
16009.001000,1.276000,-0.525000
16010.001000,1.276000,-0.530000
16011.001000,1.275000,-0.526000
16012.001000,1.274000,-0.524000
16013.001000,1.274000,-0.525000
16014.001000,1.274000,-0.524000
16015.001000,1.275000,-0.527000
16016.001000,1.275000,-0.528000
16017.001000,1.274000,-0.530000
16018.001000,1.274000,-0.532000
16019.001000,1.274000,-0.531000
16020.001000,1.273000,-0.532000
16021.001000,1.273000,-0.525000
16022.001000,1.274000,-0.524000
16023.001000,1.274000,-0.527000
16024.001000,1.274000,-0.525000
16025.001000,1.275000,-0.532000
16026.001000,1.274000,-0.537000
16027.001000,1.274000,-0.529000
16028.001000,1.275000,-0.536000
16029.001000,1.274000,-0.535000
16030.001000,1.274000,-0.537000
16031.001000,1.274000,-0.538000
16032.001000,1.275000,-0.533000
16033.001000,1.275000,-0.533000
16034.001000,1.275000,-0.533000
16035.001000,1.275000,-0.529000
16036.001000,1.275000,-0.541000
16037.001000,1.274000,-0.535000
16038.001000,1.275000,-0.538000
16039.001000,1.275000,-0.536000
16040.001000,1.275000,-0.534000
16041.001000,1.275000,-0.528000
16042.001000,1.275000,-0.538000
16043.001000,1.275000,-0.536000
16044.001000,1.275000,-0.530000
16045.001000,1.275000,-0.530000
16046.001000,1.275000,-0.536000
16047.001000,1.276000,-0.530000
16048.001000,1.275000,-0.522000
16049.001000,1.275000,-0.526000
16050.001000,1.275000,-0.535000
16051.001000,1.275000,-0.533000
16052.001000,1.275000,-0.535000
16053.001000,1.275000,-0.530000
16054.001000,1.276000,-0.530000
16055.001000,1.275000,-0.523000
16056.001000,1.276000,-0.519000
16057.001000,1.276000,-0.530000
16058.001000,1.277000,-0.523000
16059.001000,1.277000,-0.524000
16060.001000,1.276000,-0.527000
16061.001000,1.276000,-0.518000
16062.001000,1.276000,-0.520000
16063.001000,1.276000,-0.523000
16064.001000,1.277000,-0.525000
16065.001000,1.276000,-0.522000
16066.001000,1.276000,-0.530000
16067.001000,1.278000,-0.524000
16068.001000,1.277000,-0.527000
16069.001000,1.278000,-0.523000
16070.001000,1.278000,-0.507000
16071.001000,1.278000,-0.517000
16072.001000,1.278000,-0.515000
16073.001000,1.277000,-0.533000
16074.001000,1.277000,-0.523000
16075.001000,1.277000,-0.523000
16076.001000,1.278000,-0.529000
16077.001000,1.279000,-0.522000
16078.001000,1.279000,-0.517000
16079.001000,1.278000,-0.521000
16080.001000,1.278000,-0.515000
16081.001000,1.278000,-0.524000
16082.001000,1.278000,-0.520000
16083.001000,1.278000,-0.516000
16084.001000,1.278000,-0.520000
16085.001000,1.277000,-0.516000
16086.001000,1.277000,-0.527000
16087.001000,1.277000,-0.524000
16088.001000,1.277000,-0.529000
16089.001000,1.277000,-0.536000
16090.001000,1.278000,-0.522000
16091.001000,1.277000,-0.529000
16092.001000,1.278000,-0.532000
16093.001000,1.280000,-0.529000
16094.001000,1.281000,-0.536000
16095.001000,1.282000,-0.539000
16096.001000,1.281000,-0.530000
16097.001000,1.281000,-0.529000
16098.001000,1.281000,-0.529000
16099.001000,1.283000,-0.526000
16100.001000,1.284000,-0.527000
16101.001000,1.285000,-0.528000
16102.001000,1.285000,-0.526000
16103.001000,1.284000,-0.525000
16104.001000,1.284000,-0.528000
16105.001000,1.284000,-0.543000
16106.001000,1.283000,-0.539000
16107.001000,1.283000,-0.536000
16108.001000,1.284000,-0.536000
16109.001000,1.285000,-0.541000
16110.001000,1.285000,-0.542000
16111.001000,1.285000,-0.517000
16112.001000,1.285000,-0.522000
16113.001000,1.286000,-0.520000
16114.001000,1.286000,-0.508000
16115.001000,1.286000,-0.533000
16116.001000,1.286000,-0.535000
16117.001000,1.286000,-0.535000
16118.001000,1.286000,-0.527000
16119.001000,1.286000,-0.534000
16120.001000,1.286000,-0.536000
16121.001000,1.286000,-0.532000
16122.001000,1.286000,-0.536000
16123.001000,1.286000,-0.550000
16124.001000,1.286000,-0.546000
16125.001000,1.286000,-0.510000
16126.001000,1.286000,-0.526000
16127.001000,1.286000,-0.534000
16128.001000,1.286000,-0.526000
16129.001000,1.286000,-0.528000
16130.001000,1.287000,-0.512000
16131.001000,1.287000,-0.542000
16132.001000,1.287000,-0.550000
16133.001000,1.287000,-0.547000
16134.001000,1.286000,-0.545000
16135.001000,1.286000,-0.548000
16136.001000,1.286000,-0.529000
16137.001000,1.286000,-0.537000
16138.001000,1.288000,-0.552000
16139.001000,1.289000,-0.542000
16140.001000,1.290000,-0.537000
16141.001000,1.291000,-0.537000
16142.001000,1.292000,-0.524000
16143.001000,1.293000,-0.523000
16144.001000,1.293000,-0.526000
16145.001000,1.294000,-0.548000
16146.001000,1.293000,-0.544000
16147.001000,1.292000,-0.543000
16148.001000,1.291000,-0.543000
16149.001000,1.291000,-0.547000
16150.001000,1.292000,-0.528000
16151.001000,1.293000,-0.532000
16152.001000,1.294000,-0.520000
16153.001000,1.293000,-0.541000
16154.001000,1.293000,-0.543000
16155.001000,1.293000,-0.542000
16156.001000,1.293000,-0.541000
16157.001000,1.293000,-0.542000
16158.001000,1.293000,-0.547000
16159.001000,1.292000,-0.548000
16160.001000,1.293000,-0.544000
16161.001000,1.293000,-0.546000
16162.001000,1.293000,-0.539000
16163.001000,1.293000,-0.532000
16164.001000,1.293000,-0.541000
16165.001000,1.292000,-0.532000
16166.001000,1.292000,-0.533000
16167.001000,1.292000,-0.534000
16168.001000,1.292000,-0.532000
16169.001000,1.292000,-0.535000
16170.001000,1.292000,-0.537000
16171.001000,1.291000,-0.532000
16172.001000,1.292000,-0.534000
16173.001000,1.292000,-0.536000
16174.001000,1.292000,-0.535000
16175.001000,1.292000,-0.533000
16176.001000,1.293000,-0.509000
16177.001000,1.294000,-0.503000
16178.001000,1.294000,-0.511000
16179.001000,1.293000,-0.528000
16180.001000,1.293000,-0.517000
16181.001000,1.293000,-0.526000
16182.001000,1.292000,-0.520000
16183.001000,1.293000,-0.526000
16184.001000,1.293000,-0.524000
16185.001000,1.293000,-0.524000
16186.001000,1.293000,-0.520000
16187.001000,1.294000,-0.524000
16188.001000,1.293000,-0.527000
16189.001000,1.293000,-0.528000
16190.001000,1.293000,-0.524000
16191.001000,1.293000,-0.528000
16192.001000,1.292000,-0.533000
16193.001000,1.292000,-0.531000
16194.001000,1.292000,-0.527000
16195.001000,1.292000,-0.527000
16196.001000,1.291000,-0.540000
16197.001000,1.291000,-0.537000
16198.001000,1.292000,-0.532000
16199.001000,1.292000,-0.534000
16200.001000,1.292000,-0.528000
16201.001000,1.291000,-0.527000
16202.001000,1.292000,-0.535000
16203.001000,1.292000,-0.535000
16204.001000,1.291000,-0.539000
16205.001000,1.291000,-0.535000
16206.001000,1.292000,-0.534000
16207.001000,1.292000,-0.534000
16208.001000,1.291000,-0.523000
16209.001000,1.292000,-0.517000
16210.001000,1.293000,-0.512000
16211.001000,1.293000,-0.512000
16212.001000,1.292000,-0.517000
16213.001000,1.293000,-0.520000
16214.001000,1.295000,-0.508000
16215.001000,1.296000,-0.510000
16216.001000,1.297000,-0.508000
16217.001000,1.297000,-0.511000
16218.001000,1.297000,-0.519000
16219.001000,1.297000,-0.515000
16220.001000,1.295000,-0.529000
16221.001000,1.295000,-0.530000
16222.001000,1.295000,-0.529000
16223.001000,1.295000,-0.514000
16224.001000,1.295000,-0.511000
16225.001000,1.295000,-0.523000
16226.001000,1.295000,-0.521000
16227.001000,1.295000,-0.535000
16228.001000,1.295000,-0.528000
16229.001000,1.293000,-0.519000
16230.001000,1.293000,-0.519000
16231.001000,1.293000,-0.523000
16232.001000,1.293000,-0.503000
16233.001000,1.293000,-0.532000
16234.001000,1.293000,-0.522000
16235.001000,1.292000,-0.542000
16236.001000,1.292000,-0.539000
16237.001000,1.292000,-0.526000
16238.001000,1.293000,-0.528000
16239.001000,1.293000,-0.535000
16240.001000,1.293000,-0.540000
16241.001000,1.293000,-0.529000
16242.001000,1.293000,-0.528000
16243.001000,1.293000,-0.530000
16244.001000,1.293000,-0.530000
16245.001000,1.293000,-0.527000
16246.001000,1.293000,-0.528000
16247.001000,1.293000,-0.509000
16248.001000,1.295000,-0.525000
16249.001000,1.295000,-0.520000
16250.001000,1.296000,-0.515000
16251.001000,1.296000,-0.507000
16252.001000,1.297000,-0.522000
16253.001000,1.297000,-0.515000
16254.001000,1.296000,-0.521000
16255.001000,1.295000,-0.528000
16256.001000,1.295000,-0.521000
16257.001000,1.295000,-0.524000
16258.001000,1.294000,-0.522000
16259.001000,1.294000,-0.543000
16260.001000,1.293000,-0.529000
16261.001000,1.293000,-0.535000
16262.001000,1.292000,-0.537000
16263.001000,1.292000,-0.538000
16264.001000,1.292000,-0.537000
16265.001000,1.292000,-0.534000
16266.001000,1.292000,-0.535000
16267.001000,1.292000,-0.548000
16268.001000,1.292000,-0.545000
16269.001000,1.293000,-0.546000
16270.001000,1.292000,-0.545000
16271.001000,1.292000,-0.540000
16272.001000,1.292000,-0.547000
16273.001000,1.292000,-0.545000
16274.001000,1.292000,-0.544000
16275.001000,1.293000,-0.535000
16276.001000,1.293000,-0.524000
16277.001000,1.293000,-0.537000
16278.001000,1.293000,-0.530000
16279.001000,1.293000,-0.535000
16280.001000,1.293000,-0.520000
16281.001000,1.294000,-0.509000
16282.001000,1.293000,-0.502000
16283.001000,1.293000,-0.499000
16284.001000,1.295000,-0.504000
16285.001000,1.294000,-0.512000
16286.001000,1.295000,-0.514000
16287.001000,1.294000,-0.502000
16288.001000,1.295000,-0.500000
16289.001000,1.294000,-0.503000
16290.001000,1.295000,-0.495000
16291.001000,1.296000,-0.501000
16292.001000,1.296000,-0.496000
16293.001000,1.298000,-0.498000
16294.001000,1.298000,-0.502000
16295.001000,1.298000,-0.500000
16296.001000,1.299000,-0.508000
16297.001000,1.298000,-0.506000
16298.001000,1.298000,-0.499000
16299.001000,1.298000,-0.497000
16300.001000,1.299000,-0.495000
16301.001000,1.299000,-0.495000
16302.001000,1.300000,-0.499000
16303.001000,1.300000,-0.495000
16304.001000,1.300000,-0.497000
16305.001000,1.300000,-0.513000
16306.001000,1.299000,-0.512000
16307.001000,1.300000,-0.517000
16308.001000,1.300000,-0.505000
16309.001000,1.301000,-0.498000
16310.001000,1.300000,-0.503000
16311.001000,1.300000,-0.502000
16312.001000,1.300000,-0.504000
16313.001000,1.301000,-0.501000
16314.001000,1.301000,-0.509000
16315.001000,1.301000,-0.506000
16316.001000,1.301000,-0.499000
16317.001000,1.301000,-0.507000
16318.001000,1.301000,-0.506000
16319.001000,1.302000,-0.505000
16320.001000,1.302000,-0.501000
16321.001000,1.302000,-0.503000
16322.001000,1.302000,-0.505000
16323.001000,1.303000,-0.505000
16324.001000,1.303000,-0.503000
16325.001000,1.303000,-0.501000
16326.001000,1.304000,-0.500000
16327.001000,1.303000,-0.503000
16328.001000,1.303000,-0.498000
16329.001000,1.303000,-0.500000
16330.001000,1.303000,-0.498000
16331.001000,1.303000,-0.495000
16332.001000,1.303000,-0.499000
16333.001000,1.303000,-0.497000
16334.001000,1.303000,-0.497000
16335.001000,1.304000,-0.503000
16336.001000,1.303000,-0.495000
16337.001000,1.303000,-0.494000
16338.001000,1.303000,-0.495000
16339.001000,1.303000,-0.493000
16340.001000,1.303000,-0.494000
16341.001000,1.303000,-0.496000
16342.001000,1.303000,-0.490000
16343.001000,1.303000,-0.492000
16344.001000,1.303000,-0.497000
16345.001000,1.304000,-0.497000
16346.001000,1.304000,-0.494000
16347.001000,1.303000,-0.495000
16348.001000,1.303000,-0.494000
16349.001000,1.304000,-0.494000
16350.001000,1.303000,-0.497000
16351.001000,1.302000,-0.493000
16352.001000,1.302000,-0.494000
16353.001000,1.303000,-0.500000
16354.001000,1.303000,-0.498000
16355.001000,1.303000,-0.501000
16356.001000,1.303000,-0.501000
16357.001000,1.303000,-0.493000
16358.001000,1.303000,-0.498000
16359.001000,1.303000,-0.498000
16360.001000,1.303000,-0.497000
16361.001000,1.304000,-0.500000
16362.001000,1.304000,-0.496000
16363.001000,1.304000,-0.501000
16364.001000,1.304000,-0.500000
16365.001000,1.303000,-0.500000
16366.001000,1.303000,-0.493000
16367.001000,1.303000,-0.492000
16368.001000,1.303000,-0.494000
16369.001000,1.303000,-0.483000
16370.001000,1.302000,-0.484000
16371.001000,1.303000,-0.492000
16372.001000,1.303000,-0.489000
16373.001000,1.303000,-0.498000
16374.001000,1.302000,-0.507000
16375.001000,1.302000,-0.498000
16376.001000,1.302000,-0.497000
16377.001000,1.302000,-0.492000
16378.001000,1.302000,-0.496000
16379.001000,1.304000,-0.494000
16380.001000,1.304000,-0.489000
16381.001000,1.304000,-0.506000
16382.001000,1.304000,-0.500000
16383.001000,1.304000,-0.497000
16384.001000,1.304000,-0.498000
16385.001000,1.304000,-0.497000
16386.001000,1.304000,-0.490000
16387.001000,1.304000,-0.499000
16388.001000,1.304000,-0.499000
16389.001000,1.304000,-0.501000
16390.001000,1.304000,-0.500000
16391.001000,1.305000,-0.503000
16392.001000,1.304000,-0.519000
16393.001000,1.303000,-0.528000
16394.001000,1.304000,-0.522000
16395.001000,1.304000,-0.530000
16396.001000,1.303000,-0.529000
16397.001000,1.303000,-0.523000
16398.001000,1.303000,-0.511000
16399.001000,1.302000,-0.510000
16400.001000,1.302000,-0.518000
16401.001000,1.302000,-0.508000
16402.001000,1.301000,-0.512000
16403.001000,1.301000,-0.526000
16404.001000,1.302000,-0.500000
16405.001000,1.303000,-0.499000
16406.001000,1.304000,-0.500000
16407.001000,1.304000,-0.510000
16408.001000,1.303000,-0.518000
16409.001000,1.303000,-0.536000
16410.001000,1.301000,-0.518000
16411.001000,1.301000,-0.513000
16412.001000,1.300000,-0.520000
16413.001000,1.300000,-0.513000
16414.001000,1.300000,-0.507000
16415.001000,1.300000,-0.512000
16416.001000,1.303000,-0.495000
16417.001000,1.304000,-0.498000
16418.001000,1.304000,-0.516000
16419.001000,1.304000,-0.506000
16420.001000,1.304000,-0.511000
16421.001000,1.304000,-0.508000
16422.001000,1.305000,-0.497000
16423.001000,1.305000,-0.495000
16424.001000,1.305000,-0.502000
16425.001000,1.305000,-0.513000
16426.001000,1.305000,-0.497000
16427.001000,1.305000,-0.491000
16428.001000,1.305000,-0.491000
16429.001000,1.305000,-0.511000
16430.001000,1.305000,-0.509000
16431.001000,1.305000,-0.515000
16432.001000,1.305000,-0.510000
16433.001000,1.305000,-0.502000
16434.001000,1.305000,-0.513000
16435.001000,1.304000,-0.502000
16436.001000,1.305000,-0.490000
16437.001000,1.305000,-0.493000
16438.001000,1.305000,-0.496000
16439.001000,1.306000,-0.497000
16440.001000,1.306000,-0.493000
16441.001000,1.306000,-0.500000
16442.001000,1.306000,-0.499000
16443.001000,1.306000,-0.513000
16444.001000,1.305000,-0.506000
16445.001000,1.305000,-0.499000
16446.001000,1.305000,-0.499000
16447.001000,1.306000,-0.496000
16448.001000,1.306000,-0.495000
16449.001000,1.306000,-0.489000
16450.001000,1.306000,-0.487000
16451.001000,1.305000,-0.497000
16452.001000,1.305000,-0.513000
16453.001000,1.305000,-0.520000
16454.001000,1.304000,-0.522000
16455.001000,1.303000,-0.534000
16456.001000,1.303000,-0.531000
16457.001000,1.303000,-0.533000
16458.001000,1.302000,-0.533000
16459.001000,1.301000,-0.540000
16460.001000,1.301000,-0.534000
16461.001000,1.300000,-0.539000
16462.001000,1.300000,-0.539000
16463.001000,1.300000,-0.535000
16464.001000,1.301000,-0.534000
16465.001000,1.300000,-0.540000
16466.001000,1.301000,-0.536000
16467.001000,1.300000,-0.529000
16468.001000,1.300000,-0.529000
16469.001000,1.300000,-0.533000
16470.001000,1.300000,-0.527000
16471.001000,1.300000,-0.535000
16472.001000,1.300000,-0.531000
16473.001000,1.300000,-0.529000
16474.001000,1.300000,-0.532000
16475.001000,1.300000,-0.532000
16476.001000,1.300000,-0.524000
16477.001000,1.300000,-0.529000
16478.001000,1.300000,-0.518000
16479.001000,1.299000,-0.517000
16480.001000,1.299000,-0.515000
16481.001000,1.299000,-0.524000
16482.001000,1.299000,-0.516000
16483.001000,1.300000,-0.524000
16484.001000,1.299000,-0.529000
16485.001000,1.299000,-0.522000
16486.001000,1.299000,-0.527000
16487.001000,1.299000,-0.532000
16488.001000,1.299000,-0.538000
16489.001000,1.299000,-0.536000
16490.001000,1.299000,-0.537000
16491.001000,1.299000,-0.535000
16492.001000,1.298000,-0.535000
16493.001000,1.299000,-0.530000
16494.001000,1.299000,-0.526000
16495.001000,1.299000,-0.529000
16496.001000,1.300000,-0.523000
16497.001000,1.299000,-0.524000
16498.001000,1.299000,-0.529000
16499.001000,1.301000,-0.533000
16500.001000,1.300000,-0.517000
16501.001000,1.301000,-0.521000
16502.001000,1.301000,-0.517000
16503.001000,1.301000,-0.521000
16504.001000,1.301000,-0.522000
16505.001000,1.301000,-0.529000
16506.001000,1.301000,-0.518000
16507.001000,1.301000,-0.528000
16508.001000,1.301000,-0.519000
16509.001000,1.301000,-0.518000
16510.001000,1.301000,-0.519000
16511.001000,1.301000,-0.527000
16512.001000,1.302000,-0.524000
16513.001000,1.302000,-0.523000
16514.001000,1.302000,-0.526000
16515.001000,1.302000,-0.520000
16516.001000,1.302000,-0.522000
16517.001000,1.302000,-0.518000
16518.001000,1.301000,-0.529000
16519.001000,1.302000,-0.525000
16520.001000,1.301000,-0.521000
16521.001000,1.301000,-0.508000
16522.001000,1.301000,-0.510000
16523.001000,1.301000,-0.487000
16524.001000,1.301000,-0.503000
16525.001000,1.300000,-0.513000
16526.001000,1.301000,-0.508000
16527.001000,1.301000,-0.508000
16528.001000,1.301000,-0.522000
16529.001000,1.301000,-0.527000
16530.001000,1.301000,-0.523000
16531.001000,1.301000,-0.522000
16532.001000,1.300000,-0.523000
16533.001000,1.300000,-0.524000
16534.001000,1.301000,-0.527000
16535.001000,1.301000,-0.525000
16536.001000,1.301000,-0.517000
16537.001000,1.302000,-0.533000
16538.001000,1.302000,-0.529000
16539.001000,1.302000,-0.532000
16540.001000,1.301000,-0.529000
16541.001000,1.301000,-0.529000
16542.001000,1.303000,-0.532000
16543.001000,1.303000,-0.531000
16544.001000,1.303000,-0.530000
16545.001000,1.303000,-0.512000
16546.001000,1.304000,-0.523000
16547.001000,1.303000,-0.527000
16548.001000,1.304000,-0.508000
16549.001000,1.303000,-0.518000
16550.001000,1.303000,-0.526000
16551.001000,1.303000,-0.527000
16552.001000,1.303000,-0.521000
16553.001000,1.303000,-0.521000
16554.001000,1.303000,-0.536000
16555.001000,1.303000,-0.527000
16556.001000,1.303000,-0.529000
16557.001000,1.303000,-0.532000
16558.001000,1.303000,-0.536000
16559.001000,1.302000,-0.541000
16560.001000,1.302000,-0.529000
16561.001000,1.304000,-0.531000
16562.001000,1.306000,-0.509000
16563.001000,1.306000,-0.515000
16564.001000,1.306000,-0.521000
16565.001000,1.307000,-0.530000
16566.001000,1.306000,-0.521000
16567.001000,1.306000,-0.519000
16568.001000,1.306000,-0.515000
16569.001000,1.308000,-0.508000
16570.001000,1.309000,-0.487000
16571.001000,1.310000,-0.504000
16572.001000,1.309000,-0.516000
16573.001000,1.308000,-0.536000
16574.001000,1.309000,-0.499000
16575.001000,1.308000,-0.528000
16576.001000,1.308000,-0.525000
16577.001000,1.309000,-0.521000
16578.001000,1.309000,-0.508000
16579.001000,1.310000,-0.519000
16580.001000,1.310000,-0.530000
16581.001000,1.310000,-0.526000
16582.001000,1.310000,-0.529000
16583.001000,1.310000,-0.527000
16584.001000,1.307000,-0.531000
16585.001000,1.306000,-0.527000
16586.001000,1.305000,-0.539000
16587.001000,1.305000,-0.524000
16588.001000,1.304000,-0.525000
16589.001000,1.305000,-0.534000
16590.001000,1.305000,-0.526000
16591.001000,1.305000,-0.524000
16592.001000,1.304000,-0.520000
16593.001000,1.304000,-0.518000
16594.001000,1.304000,-0.526000
16595.001000,1.304000,-0.521000
16596.001000,1.305000,-0.494000
16597.001000,1.305000,-0.492000
16598.001000,1.303000,-0.500000
16599.001000,1.303000,-0.512000
16600.001000,1.303000,-0.518000
16601.001000,1.304000,-0.526000
16602.001000,1.304000,-0.520000
16603.001000,1.304000,-0.519000
16604.001000,1.304000,-0.512000
16605.001000,1.304000,-0.505000
16606.001000,1.304000,-0.504000
16607.001000,1.305000,-0.500000
16608.001000,1.307000,-0.497000
16609.001000,1.308000,-0.492000
16610.001000,1.308000,-0.500000
16611.001000,1.308000,-0.499000
16612.001000,1.308000,-0.505000
16613.001000,1.307000,-0.494000
16614.001000,1.307000,-0.515000
16615.001000,1.308000,-0.510000
16616.001000,1.308000,-0.492000
16617.001000,1.308000,-0.514000
16618.001000,1.308000,-0.512000
16619.001000,1.307000,-0.495000
16620.001000,1.307000,-0.502000
16621.001000,1.306000,-0.494000
16622.001000,1.307000,-0.507000
16623.001000,1.305000,-0.507000
16624.001000,1.307000,-0.502000
16625.001000,1.309000,-0.492000
16626.001000,1.310000,-0.495000
16627.001000,1.310000,-0.497000
16628.001000,1.310000,-0.493000
16629.001000,1.307000,-0.493000
16630.001000,1.307000,-0.500000
16631.001000,1.307000,-0.489000
16632.001000,1.308000,-0.481000
16633.001000,1.309000,-0.478000
16634.001000,1.309000,-0.485000
16635.001000,1.310000,-0.481000
16636.001000,1.310000,-0.487000
16637.001000,1.310000,-0.477000
16638.001000,1.310000,-0.475000
16639.001000,1.311000,-0.476000
16640.001000,1.310000,-0.479000
16641.001000,1.310000,-0.485000
16642.001000,1.311000,-0.487000
16643.001000,1.310000,-0.488000
16644.001000,1.310000,-0.486000
16645.001000,1.311000,-0.480000
16646.001000,1.310000,-0.482000
16647.001000,1.310000,-0.479000
16648.001000,1.311000,-0.486000
16649.001000,1.311000,-0.481000
16650.001000,1.311000,-0.480000
16651.001000,1.312000,-0.478000
16652.001000,1.312000,-0.483000
16653.001000,1.312000,-0.483000
16654.001000,1.312000,-0.486000
16655.001000,1.312000,-0.491000
16656.001000,1.312000,-0.493000
16657.001000,1.312000,-0.487000
16658.001000,1.312000,-0.492000
16659.001000,1.312000,-0.488000
16660.001000,1.312000,-0.491000
16661.001000,1.312000,-0.491000
16662.001000,1.312000,-0.481000
16663.001000,1.311000,-0.482000
16664.001000,1.311000,-0.488000
16665.001000,1.311000,-0.486000
16666.001000,1.311000,-0.483000
16667.001000,1.311000,-0.479000
16668.001000,1.311000,-0.486000
16669.001000,1.311000,-0.488000
16670.001000,1.311000,-0.487000
16671.001000,1.312000,-0.485000
16672.001000,1.311000,-0.483000
16673.001000,1.311000,-0.493000
16674.001000,1.311000,-0.485000
16675.001000,1.311000,-0.490000
16676.001000,1.311000,-0.492000
16677.001000,1.312000,-0.486000
16678.001000,1.311000,-0.487000
16679.001000,1.312000,-0.484000
16680.001000,1.312000,-0.480000
16681.001000,1.312000,-0.481000
16682.001000,1.312000,-0.480000
16683.001000,1.311000,-0.486000
16684.001000,1.311000,-0.483000
16685.001000,1.311000,-0.481000
16686.001000,1.311000,-0.477000
16687.001000,1.311000,-0.480000
16688.001000,1.312000,-0.489000
16689.001000,1.312000,-0.487000
16690.001000,1.312000,-0.486000
16691.001000,1.312000,-0.487000
16692.001000,1.312000,-0.487000
16693.001000,1.311000,-0.480000
16694.001000,1.312000,-0.484000
16695.001000,1.312000,-0.485000
16696.001000,1.312000,-0.488000
16697.001000,1.312000,-0.480000
16698.001000,1.312000,-0.483000
16699.001000,1.312000,-0.487000
16700.001000,1.312000,-0.489000
16701.001000,1.312000,-0.487000
16702.001000,1.312000,-0.492000
16703.001000,1.312000,-0.488000
16704.001000,1.312000,-0.491000
16705.001000,1.311000,-0.490000
16706.001000,1.312000,-0.488000
16707.001000,1.312000,-0.495000
16708.001000,1.312000,-0.488000
16709.001000,1.312000,-0.494000
16710.001000,1.312000,-0.496000
16711.001000,1.312000,-0.496000
16712.001000,1.313000,-0.499000
16713.001000,1.313000,-0.493000
16714.001000,1.313000,-0.494000
16715.001000,1.313000,-0.499000
16716.001000,1.313000,-0.494000
16717.001000,1.313000,-0.496000
16718.001000,1.313000,-0.491000
16719.001000,1.313000,-0.497000
16720.001000,1.313000,-0.501000
16721.001000,1.313000,-0.496000
16722.001000,1.313000,-0.498000
16723.001000,1.314000,-0.501000
16724.001000,1.314000,-0.498000
16725.001000,1.314000,-0.492000
16726.001000,1.314000,-0.489000
16727.001000,1.314000,-0.490000
16728.001000,1.314000,-0.492000
16729.001000,1.315000,-0.490000
16730.001000,1.315000,-0.487000
16731.001000,1.313000,-0.485000
16732.001000,1.315000,-0.486000
16733.001000,1.315000,-0.486000
16734.001000,1.315000,-0.492000
16735.001000,1.316000,-0.483000
16736.001000,1.315000,-0.486000
16737.001000,1.316000,-0.486000
16738.001000,1.317000,-0.488000
16739.001000,1.316000,-0.481000
16740.001000,1.316000,-0.482000
16741.001000,1.316000,-0.487000
16742.001000,1.316000,-0.486000
16743.001000,1.316000,-0.484000
16744.001000,1.316000,-0.488000
16745.001000,1.316000,-0.489000
16746.001000,1.317000,-0.488000
16747.001000,1.317000,-0.488000
16748.001000,1.316000,-0.488000
16749.001000,1.316000,-0.496000
16750.001000,1.316000,-0.486000
16751.001000,1.316000,-0.490000
16752.001000,1.316000,-0.490000
16753.001000,1.316000,-0.490000
16754.001000,1.316000,-0.490000
16755.001000,1.316000,-0.490000
16756.001000,1.315000,-0.493000
16757.001000,1.316000,-0.491000
16758.001000,1.316000,-0.490000
16759.001000,1.316000,-0.486000
16760.001000,1.315000,-0.494000
16761.001000,1.316000,-0.491000
16762.001000,1.316000,-0.489000
16763.001000,1.316000,-0.489000
16764.001000,1.317000,-0.490000
16765.001000,1.317000,-0.487000
16766.001000,1.316000,-0.480000
16767.001000,1.316000,-0.487000
16768.001000,1.316000,-0.484000
16769.001000,1.316000,-0.478000
16770.001000,1.316000,-0.476000
16771.001000,1.317000,-0.483000
16772.001000,1.316000,-0.480000
16773.001000,1.316000,-0.488000
16774.001000,1.315000,-0.481000
16775.001000,1.315000,-0.485000
16776.001000,1.316000,-0.486000
16777.001000,1.316000,-0.484000
16778.001000,1.315000,-0.491000
16779.001000,1.315000,-0.489000
16780.001000,1.315000,-0.489000
16781.001000,1.316000,-0.490000
16782.001000,1.316000,-0.485000
16783.001000,1.316000,-0.484000
16784.001000,1.316000,-0.486000
16785.001000,1.316000,-0.482000
16786.001000,1.316000,-0.483000
16787.001000,1.317000,-0.485000
16788.001000,1.317000,-0.482000
16789.001000,1.317000,-0.481000
16790.001000,1.316000,-0.483000
16791.001000,1.316000,-0.484000
16792.001000,1.317000,-0.486000
16793.001000,1.317000,-0.481000
16794.001000,1.317000,-0.482000
16795.001000,1.317000,-0.480000
16796.001000,1.317000,-0.485000
16797.001000,1.317000,-0.484000
16798.001000,1.317000,-0.487000
16799.001000,1.317000,-0.488000
16800.001000,1.317000,-0.492000
16801.001000,1.318000,-0.485000
16802.001000,1.318000,-0.486000
16803.001000,1.319000,-0.490000
16804.001000,1.319000,-0.479000
16805.001000,1.319000,-0.484000
16806.001000,1.320000,-0.486000
16807.001000,1.320000,-0.484000
16808.001000,1.320000,-0.484000
16809.001000,1.320000,-0.481000
16810.001000,1.320000,-0.483000
16811.001000,1.319000,-0.475000
16812.001000,1.319000,-0.485000
16813.001000,1.319000,-0.482000
16814.001000,1.320000,-0.484000
16815.001000,1.319000,-0.484000
16816.001000,1.319000,-0.486000
16817.001000,1.320000,-0.483000
16818.001000,1.319000,-0.484000
16819.001000,1.319000,-0.483000
16820.001000,1.319000,-0.480000
16821.001000,1.319000,-0.483000
16822.001000,1.319000,-0.481000
16823.001000,1.319000,-0.484000
16824.001000,1.319000,-0.485000
16825.001000,1.319000,-0.482000
16826.001000,1.319000,-0.484000
16827.001000,1.320000,-0.479000
16828.001000,1.320000,-0.477000
16829.001000,1.320000,-0.479000
16830.001000,1.321000,-0.480000
16831.001000,1.320000,-0.478000
16832.001000,1.321000,-0.480000
16833.001000,1.321000,-0.482000
16834.001000,1.321000,-0.480000
16835.001000,1.321000,-0.487000
16836.001000,1.321000,-0.484000
16837.001000,1.322000,-0.478000
16838.001000,1.321000,-0.480000
16839.001000,1.321000,-0.474000
16840.001000,1.321000,-0.475000
16841.001000,1.322000,-0.478000
16842.001000,1.322000,-0.478000
16843.001000,1.322000,-0.472000
16844.001000,1.322000,-0.478000
16845.001000,1.323000,-0.482000
16846.001000,1.322000,-0.481000
16847.001000,1.322000,-0.476000
16848.001000,1.323000,-0.481000
16849.001000,1.322000,-0.479000
16850.001000,1.322000,-0.476000
16851.001000,1.322000,-0.475000
16852.001000,1.322000,-0.469000
16853.001000,1.322000,-0.473000
16854.001000,1.321000,-0.471000
16855.001000,1.322000,-0.478000
16856.001000,1.321000,-0.477000
16857.001000,1.321000,-0.484000
16858.001000,1.321000,-0.482000
16859.001000,1.321000,-0.479000
16860.001000,1.321000,-0.485000
16861.001000,1.321000,-0.489000
16862.001000,1.321000,-0.487000
16863.001000,1.321000,-0.484000
16864.001000,1.322000,-0.483000
16865.001000,1.322000,-0.485000
16866.001000,1.321000,-0.483000
16867.001000,1.321000,-0.491000
16868.001000,1.321000,-0.496000
16869.001000,1.322000,-0.486000
16870.001000,1.323000,-0.492000
16871.001000,1.324000,-0.484000
16872.001000,1.324000,-0.488000
16873.001000,1.324000,-0.485000
16874.001000,1.324000,-0.487000
16875.001000,1.324000,-0.484000
16876.001000,1.325000,-0.483000
16877.001000,1.324000,-0.484000
16878.001000,1.324000,-0.481000
16879.001000,1.325000,-0.476000
16880.001000,1.324000,-0.475000
16881.001000,1.324000,-0.479000
16882.001000,1.325000,-0.479000
16883.001000,1.325000,-0.480000
16884.001000,1.326000,-0.476000
16885.001000,1.326000,-0.477000
16886.001000,1.326000,-0.474000
16887.001000,1.326000,-0.479000
16888.001000,1.326000,-0.472000
16889.001000,1.326000,-0.473000
16890.001000,1.326000,-0.476000
16891.001000,1.326000,-0.474000
16892.001000,1.326000,-0.474000
16893.001000,1.326000,-0.474000
16894.001000,1.326000,-0.480000
16895.001000,1.326000,-0.476000
16896.001000,1.327000,-0.484000
16897.001000,1.327000,-0.478000
16898.001000,1.327000,-0.477000
16899.001000,1.327000,-0.478000
16900.001000,1.327000,-0.482000
16901.001000,1.327000,-0.483000
16902.001000,1.327000,-0.481000
16903.001000,1.326000,-0.482000
16904.001000,1.327000,-0.486000
16905.001000,1.327000,-0.489000
16906.001000,1.327000,-0.487000
16907.001000,1.327000,-0.490000
16908.001000,1.327000,-0.482000
16909.001000,1.327000,-0.478000
16910.001000,1.327000,-0.478000
16911.001000,1.327000,-0.482000
16912.001000,1.328000,-0.479000
16913.001000,1.327000,-0.475000
16914.001000,1.327000,-0.473000
16915.001000,1.327000,-0.478000
16916.001000,1.327000,-0.475000
16917.001000,1.327000,-0.473000
16918.001000,1.327000,-0.473000
16919.001000,1.327000,-0.474000
16920.001000,1.327000,-0.473000
16921.001000,1.327000,-0.476000
16922.001000,1.327000,-0.471000
16923.001000,1.327000,-0.473000
16924.001000,1.328000,-0.472000
16925.001000,1.328000,-0.477000
16926.001000,1.328000,-0.472000
16927.001000,1.328000,-0.480000
16928.001000,1.328000,-0.472000
16929.001000,1.327000,-0.477000
16930.001000,1.327000,-0.480000
16931.001000,1.328000,-0.482000
16932.001000,1.328000,-0.481000
16933.001000,1.328000,-0.479000
16934.001000,1.328000,-0.478000
16935.001000,1.328000,-0.480000
16936.001000,1.328000,-0.480000
16937.001000,1.328000,-0.482000
16938.001000,1.328000,-0.480000
16939.001000,1.328000,-0.479000
16940.001000,1.328000,-0.474000
16941.001000,1.328000,-0.475000
16942.001000,1.328000,-0.472000
16943.001000,1.329000,-0.475000
16944.001000,1.329000,-0.469000
16945.001000,1.330000,-0.469000
16946.001000,1.330000,-0.471000
16947.001000,1.330000,-0.469000
16948.001000,1.330000,-0.476000
16949.001000,1.330000,-0.477000
16950.001000,1.330000,-0.476000
16951.001000,1.330000,-0.483000
16952.001000,1.330000,-0.482000
16953.001000,1.330000,-0.481000
16954.001000,1.330000,-0.479000
16955.001000,1.330000,-0.480000
16956.001000,1.329000,-0.483000
16957.001000,1.329000,-0.482000
16958.001000,1.330000,-0.481000
16959.001000,1.330000,-0.473000
16960.001000,1.330000,-0.482000
16961.001000,1.330000,-0.478000
16962.001000,1.329000,-0.478000
16963.001000,1.329000,-0.474000
16964.001000,1.329000,-0.471000
16965.001000,1.329000,-0.475000
16966.001000,1.329000,-0.475000
16967.001000,1.329000,-0.473000
16968.001000,1.329000,-0.478000
16969.001000,1.329000,-0.474000
16970.001000,1.329000,-0.478000
16971.001000,1.330000,-0.475000
16972.001000,1.330000,-0.480000
16973.001000,1.331000,-0.476000
16974.001000,1.330000,-0.479000
16975.001000,1.330000,-0.479000
16976.001000,1.330000,-0.479000
16977.001000,1.330000,-0.476000
16978.001000,1.330000,-0.479000
16979.001000,1.330000,-0.475000
16980.001000,1.330000,-0.479000
16981.001000,1.330000,-0.475000
16982.001000,1.330000,-0.480000
16983.001000,1.330000,-0.481000
16984.001000,1.330000,-0.476000
16985.001000,1.330000,-0.480000
16986.001000,1.330000,-0.481000
16987.001000,1.329000,-0.479000
16988.001000,1.329000,-0.486000
16989.001000,1.330000,-0.481000
16990.001000,1.330000,-0.486000
16991.001000,1.331000,-0.477000
16992.001000,1.331000,-0.480000
16993.001000,1.331000,-0.479000
16994.001000,1.331000,-0.481000
16995.001000,1.331000,-0.480000
16996.001000,1.331000,-0.482000
16997.001000,1.331000,-0.479000
16998.001000,1.331000,-0.483000
16999.001000,1.331000,-0.476000
17000.001000,1.331000,-0.480000
17001.001000,1.331000,-0.475000
17002.001000,1.330000,-0.483000
17003.001000,1.330000,-0.472000
17004.001000,1.331000,-0.475000
17005.001000,1.331000,-0.472000
17006.001000,1.330000,-0.472000
17007.001000,1.331000,-0.472000
17008.001000,1.331000,-0.468000
17009.001000,1.331000,-0.469000
17010.001000,1.330000,-0.471000
17011.001000,1.331000,-0.473000
17012.001000,1.331000,-0.469000
17013.001000,1.331000,-0.461000
17014.001000,1.331000,-0.472000
17015.001000,1.331000,-0.476000
17016.001000,1.331000,-0.471000
17017.001000,1.332000,-0.469000
17018.001000,1.331000,-0.477000
17019.001000,1.331000,-0.466000
17020.001000,1.331000,-0.466000
17021.001000,1.331000,-0.469000
17022.001000,1.330000,-0.464000
17023.001000,1.331000,-0.467000
17024.001000,1.331000,-0.470000
17025.001000,1.331000,-0.462000
17026.001000,1.331000,-0.462000
17027.001000,1.332000,-0.470000
17028.001000,1.332000,-0.462000
17029.001000,1.332000,-0.466000
17030.001000,1.331000,-0.467000
17031.001000,1.331000,-0.467000
17032.001000,1.332000,-0.463000
17033.001000,1.332000,-0.471000
17034.001000,1.331000,-0.470000
17035.001000,1.331000,-0.466000
17036.001000,1.331000,-0.473000
17037.001000,1.330000,-0.471000
17038.001000,1.330000,-0.466000
17039.001000,1.331000,-0.470000
17040.001000,1.331000,-0.467000
17041.001000,1.330000,-0.468000
17042.001000,1.330000,-0.468000
17043.001000,1.331000,-0.466000
17044.001000,1.332000,-0.470000
17045.001000,1.332000,-0.472000
17046.001000,1.333000,-0.468000
17047.001000,1.333000,-0.472000
17048.001000,1.333000,-0.477000
17049.001000,1.332000,-0.469000
17050.001000,1.333000,-0.475000
17051.001000,1.332000,-0.469000
17052.001000,1.332000,-0.464000
17053.001000,1.332000,-0.466000
17054.001000,1.332000,-0.469000
17055.001000,1.332000,-0.470000
17056.001000,1.332000,-0.468000
17057.001000,1.331000,-0.471000
17058.001000,1.331000,-0.473000
17059.001000,1.332000,-0.470000
17060.001000,1.332000,-0.472000
17061.001000,1.332000,-0.475000
17062.001000,1.332000,-0.473000
17063.001000,1.332000,-0.477000
17064.001000,1.332000,-0.476000
17065.001000,1.331000,-0.478000
17066.001000,1.331000,-0.478000
17067.001000,1.332000,-0.469000
17068.001000,1.331000,-0.474000
17069.001000,1.332000,-0.477000
17070.001000,1.332000,-0.476000
17071.001000,1.332000,-0.479000
17072.001000,1.333000,-0.479000
17073.001000,1.333000,-0.476000
17074.001000,1.333000,-0.481000
17075.001000,1.333000,-0.483000
17076.001000,1.333000,-0.480000
17077.001000,1.333000,-0.479000
17078.001000,1.333000,-0.479000
17079.001000,1.333000,-0.474000
17080.001000,1.333000,-0.473000
17081.001000,1.333000,-0.477000
17082.001000,1.333000,-0.480000
17083.001000,1.333000,-0.473000
17084.001000,1.333000,-0.476000
17085.001000,1.333000,-0.478000
17086.001000,1.334000,-0.483000
17087.001000,1.334000,-0.475000
17088.001000,1.333000,-0.479000
17089.001000,1.333000,-0.474000
17090.001000,1.333000,-0.468000
17091.001000,1.334000,-0.468000
17092.001000,1.334000,-0.471000
17093.001000,1.334000,-0.464000
17094.001000,1.334000,-0.467000
17095.001000,1.334000,-0.470000
17096.001000,1.334000,-0.467000
17097.001000,1.334000,-0.466000
17098.001000,1.334000,-0.463000
17099.001000,1.334000,-0.471000
17100.001000,1.334000,-0.464000
17101.001000,1.334000,-0.470000
17102.001000,1.334000,-0.465000
17103.001000,1.334000,-0.474000
17104.001000,1.334000,-0.473000
17105.001000,1.334000,-0.471000
17106.001000,1.334000,-0.468000
17107.001000,1.334000,-0.475000
17108.001000,1.334000,-0.471000
17109.001000,1.334000,-0.467000
17110.001000,1.334000,-0.467000
17111.001000,1.333000,-0.469000
17112.001000,1.333000,-0.464000
17113.001000,1.332000,-0.465000
17114.001000,1.333000,-0.467000
17115.001000,1.333000,-0.467000
17116.001000,1.334000,-0.466000
17117.001000,1.333000,-0.471000
17118.001000,1.334000,-0.468000
17119.001000,1.334000,-0.467000
17120.001000,1.333000,-0.465000
17121.001000,1.334000,-0.462000
17122.001000,1.334000,-0.462000
17123.001000,1.333000,-0.459000
17124.001000,1.333000,-0.460000
17125.001000,1.333000,-0.462000
17126.001000,1.333000,-0.462000
17127.001000,1.333000,-0.465000
17128.001000,1.331000,-0.468000
17129.001000,1.331000,-0.464000
17130.001000,1.331000,-0.464000
17131.001000,1.330000,-0.483000
17132.001000,1.330000,-0.473000
17133.001000,1.331000,-0.475000
17134.001000,1.332000,-0.465000
17135.001000,1.332000,-0.464000
17136.001000,1.332000,-0.456000
17137.001000,1.332000,-0.469000
17138.001000,1.332000,-0.462000
17139.001000,1.332000,-0.467000
17140.001000,1.331000,-0.471000
17141.001000,1.332000,-0.474000
17142.001000,1.332000,-0.475000
17143.001000,1.333000,-0.456000
17144.001000,1.334000,-0.453000
17145.001000,1.334000,-0.451000
17146.001000,1.335000,-0.463000
17147.001000,1.335000,-0.462000
17148.001000,1.335000,-0.457000
17149.001000,1.335000,-0.465000
17150.001000,1.335000,-0.462000
17151.001000,1.335000,-0.462000
17152.001000,1.335000,-0.482000
17153.001000,1.334000,-0.472000
17154.001000,1.334000,-0.481000
17155.001000,1.334000,-0.470000
17156.001000,1.334000,-0.462000
17157.001000,1.335000,-0.479000
17158.001000,1.335000,-0.470000
17159.001000,1.335000,-0.499000
17160.001000,1.335000,-0.494000
17161.001000,1.334000,-0.489000
17162.001000,1.331000,-0.493000
17163.001000,1.330000,-0.492000
17164.001000,1.330000,-0.494000
17165.001000,1.329000,-0.492000
17166.001000,1.329000,-0.489000
17167.001000,1.329000,-0.491000
17168.001000,1.329000,-0.487000
17169.001000,1.329000,-0.495000
17170.001000,1.328000,-0.493000
17171.001000,1.327000,-0.487000
17172.001000,1.328000,-0.491000
17173.001000,1.327000,-0.484000
17174.001000,1.327000,-0.489000
17175.001000,1.328000,-0.489000
17176.001000,1.327000,-0.492000
17177.001000,1.327000,-0.495000
17178.001000,1.326000,-0.486000
17179.001000,1.327000,-0.488000
17180.001000,1.328000,-0.491000
17181.001000,1.329000,-0.493000
17182.001000,1.331000,-0.487000
17183.001000,1.331000,-0.491000
17184.001000,1.330000,-0.485000
17185.001000,1.330000,-0.485000
17186.001000,1.330000,-0.486000
17187.001000,1.330000,-0.480000
17188.001000,1.329000,-0.476000
17189.001000,1.329000,-0.475000
17190.001000,1.329000,-0.471000
17191.001000,1.329000,-0.473000
17192.001000,1.330000,-0.476000
17193.001000,1.331000,-0.474000
17194.001000,1.331000,-0.474000
17195.001000,1.331000,-0.473000
17196.001000,1.331000,-0.469000
17197.001000,1.331000,-0.474000
17198.001000,1.332000,-0.467000
17199.001000,1.332000,-0.475000
17200.001000,1.332000,-0.468000
17201.001000,1.332000,-0.468000
17202.001000,1.331000,-0.471000
17203.001000,1.331000,-0.477000
17204.001000,1.331000,-0.472000
17205.001000,1.330000,-0.472000
17206.001000,1.330000,-0.467000
17207.001000,1.330000,-0.469000
17208.001000,1.330000,-0.466000
17209.001000,1.330000,-0.462000
17210.001000,1.330000,-0.468000
17211.001000,1.331000,-0.466000
17212.001000,1.331000,-0.472000
17213.001000,1.331000,-0.476000
17214.001000,1.330000,-0.475000
17215.001000,1.330000,-0.467000
17216.001000,1.330000,-0.482000
17217.001000,1.329000,-0.473000
17218.001000,1.329000,-0.473000
17219.001000,1.329000,-0.476000
17220.001000,1.329000,-0.477000
17221.001000,1.329000,-0.475000
17222.001000,1.328000,-0.470000
17223.001000,1.328000,-0.471000
17224.001000,1.327000,-0.468000
17225.001000,1.326000,-0.466000
17226.001000,1.327000,-0.473000
17227.001000,1.326000,-0.472000
17228.001000,1.326000,-0.473000
17229.001000,1.325000,-0.478000
17230.001000,1.326000,-0.478000
17231.001000,1.326000,-0.473000
17232.001000,1.326000,-0.476000
17233.001000,1.326000,-0.471000
17234.001000,1.327000,-0.465000
17235.001000,1.326000,-0.474000
17236.001000,1.328000,-0.466000
17237.001000,1.331000,-0.461000
17238.001000,1.332000,-0.470000
17239.001000,1.333000,-0.464000
17240.001000,1.332000,-0.465000
17241.001000,1.333000,-0.468000
17242.001000,1.335000,-0.465000
17243.001000,1.334000,-0.472000
17244.001000,1.334000,-0.472000
17245.001000,1.334000,-0.470000
17246.001000,1.334000,-0.474000
17247.001000,1.334000,-0.464000
17248.001000,1.333000,-0.461000
17249.001000,1.334000,-0.465000
17250.001000,1.335000,-0.469000
17251.001000,1.335000,-0.468000
17252.001000,1.335000,-0.473000
17253.001000,1.335000,-0.468000
17254.001000,1.335000,-0.462000
17255.001000,1.335000,-0.459000
17256.001000,1.335000,-0.458000
17257.001000,1.335000,-0.462000
17258.001000,1.335000,-0.464000
17259.001000,1.334000,-0.461000
17260.001000,1.334000,-0.470000
17261.001000,1.334000,-0.467000
17262.001000,1.334000,-0.458000
17263.001000,1.333000,-0.461000
17264.001000,1.330000,-0.455000
17265.001000,1.330000,-0.459000
17266.001000,1.329000,-0.465000
17267.001000,1.329000,-0.459000
17268.001000,1.329000,-0.461000
17269.001000,1.328000,-0.459000
17270.001000,1.328000,-0.459000
17271.001000,1.328000,-0.461000
17272.001000,1.327000,-0.462000
17273.001000,1.327000,-0.459000
17274.001000,1.327000,-0.469000
17275.001000,1.327000,-0.482000
17276.001000,1.327000,-0.484000
17277.001000,1.327000,-0.490000
17278.001000,1.326000,-0.500000
17279.001000,1.327000,-0.486000
17280.001000,1.329000,-0.489000
17281.001000,1.330000,-0.494000
17282.001000,1.331000,-0.494000
17283.001000,1.332000,-0.493000
17284.001000,1.332000,-0.493000
17285.001000,1.332000,-0.489000
17286.001000,1.332000,-0.488000
17287.001000,1.332000,-0.488000
17288.001000,1.332000,-0.483000
17289.001000,1.333000,-0.480000
17290.001000,1.333000,-0.490000
17291.001000,1.333000,-0.489000
17292.001000,1.332000,-0.481000
17293.001000,1.332000,-0.474000
17294.001000,1.332000,-0.483000
17295.001000,1.332000,-0.476000
17296.001000,1.333000,-0.478000
17297.001000,1.332000,-0.477000
17298.001000,1.333000,-0.476000
17299.001000,1.333000,-0.477000
17300.001000,1.333000,-0.478000
17301.001000,1.333000,-0.472000
17302.001000,1.333000,-0.470000
17303.001000,1.334000,-0.472000
17304.001000,1.334000,-0.483000
17305.001000,1.333000,-0.492000
17306.001000,1.332000,-0.478000
17307.001000,1.331000,-0.475000
17308.001000,1.331000,-0.473000
17309.001000,1.331000,-0.470000
17310.001000,1.331000,-0.497000
17311.001000,1.331000,-0.498000
17312.001000,1.330000,-0.497000
17313.001000,1.328000,-0.491000
17314.001000,1.325000,-0.497000
17315.001000,1.325000,-0.490000
17316.001000,1.324000,-0.489000
17317.001000,1.323000,-0.488000
17318.001000,1.323000,-0.479000
17319.001000,1.323000,-0.470000
17320.001000,1.326000,-0.473000
17321.001000,1.326000,-0.470000
17322.001000,1.327000,-0.474000
17323.001000,1.326000,-0.514000
17324.001000,1.326000,-0.513000
17325.001000,1.326000,-0.506000
17326.001000,1.326000,-0.501000
17327.001000,1.326000,-0.494000
17328.001000,1.326000,-0.494000
17329.001000,1.327000,-0.490000
17330.001000,1.327000,-0.489000
17331.001000,1.327000,-0.490000
17332.001000,1.327000,-0.494000
17333.001000,1.326000,-0.496000
17334.001000,1.326000,-0.504000
17335.001000,1.326000,-0.507000
17336.001000,1.327000,-0.508000
17337.001000,1.326000,-0.506000
17338.001000,1.327000,-0.508000
17339.001000,1.327000,-0.502000
17340.001000,1.327000,-0.505000
17341.001000,1.327000,-0.505000
17342.001000,1.326000,-0.504000
17343.001000,1.326000,-0.504000
17344.001000,1.326000,-0.505000
17345.001000,1.324000,-0.499000
17346.001000,1.323000,-0.503000
17347.001000,1.323000,-0.497000
17348.001000,1.323000,-0.470000
17349.001000,1.322000,-0.476000
17350.001000,1.322000,-0.479000
17351.001000,1.322000,-0.481000
17352.001000,1.321000,-0.477000
17353.001000,1.323000,-0.478000
17354.001000,1.324000,-0.475000
17355.001000,1.324000,-0.476000
17356.001000,1.324000,-0.481000
17357.001000,1.325000,-0.481000
17358.001000,1.326000,-0.479000
17359.001000,1.326000,-0.488000
17360.001000,1.327000,-0.481000
17361.001000,1.328000,-0.484000
17362.001000,1.328000,-0.485000
17363.001000,1.329000,-0.484000
17364.001000,1.329000,-0.480000
17365.001000,1.329000,-0.481000
17366.001000,1.329000,-0.479000
17367.001000,1.328000,-0.481000
17368.001000,1.329000,-0.484000
17369.001000,1.327000,-0.491000
17370.001000,1.328000,-0.488000
17371.001000,1.329000,-0.492000
17372.001000,1.329000,-0.488000
17373.001000,1.329000,-0.489000
17374.001000,1.329000,-0.491000
17375.001000,1.330000,-0.485000
17376.001000,1.330000,-0.484000
17377.001000,1.330000,-0.492000
17378.001000,1.329000,-0.485000
17379.001000,1.329000,-0.487000
17380.001000,1.329000,-0.480000
17381.001000,1.329000,-0.488000
17382.001000,1.330000,-0.485000
17383.001000,1.330000,-0.485000
17384.001000,1.330000,-0.478000
17385.001000,1.329000,-0.479000
17386.001000,1.329000,-0.480000
17387.001000,1.329000,-0.486000
17388.001000,1.330000,-0.485000
17389.001000,1.330000,-0.478000
17390.001000,1.330000,-0.484000
17391.001000,1.329000,-0.485000
17392.001000,1.330000,-0.492000
17393.001000,1.329000,-0.491000
17394.001000,1.329000,-0.487000
17395.001000,1.329000,-0.486000
17396.001000,1.329000,-0.480000
17397.001000,1.329000,-0.474000
17398.001000,1.329000,-0.470000
17399.001000,1.327000,-0.466000
17400.001000,1.326000,-0.464000
17401.001000,1.326000,-0.462000
17402.001000,1.326000,-0.459000
17403.001000,1.326000,-0.464000
17404.001000,1.326000,-0.461000
17405.001000,1.326000,-0.460000
17406.001000,1.326000,-0.466000
17407.001000,1.327000,-0.504000
17408.001000,1.328000,-0.502000
17409.001000,1.327000,-0.499000
17410.001000,1.327000,-0.495000
17411.001000,1.327000,-0.491000
17412.001000,1.327000,-0.455000
17413.001000,1.327000,-0.463000
17414.001000,1.326000,-0.460000
17415.001000,1.326000,-0.459000
17416.001000,1.326000,-0.461000
17417.001000,1.326000,-0.465000
17418.001000,1.326000,-0.464000
17419.001000,1.325000,-0.468000
17420.001000,1.325000,-0.469000
17421.001000,1.325000,-0.464000
17422.001000,1.324000,-0.462000
17423.001000,1.325000,-0.457000
17424.001000,1.324000,-0.458000
17425.001000,1.322000,-0.460000
17426.001000,1.322000,-0.460000
17427.001000,1.322000,-0.458000
17428.001000,1.321000,-0.459000
17429.001000,1.321000,-0.468000
17430.001000,1.320000,-0.469000
17431.001000,1.321000,-0.471000
17432.001000,1.321000,-0.465000
17433.001000,1.320000,-0.466000
17434.001000,1.320000,-0.480000
17435.001000,1.320000,-0.482000
17436.001000,1.321000,-0.482000
17437.001000,1.321000,-0.482000
17438.001000,1.320000,-0.477000
17439.001000,1.320000,-0.483000
17440.001000,1.321000,-0.490000
17441.001000,1.323000,-0.487000
17442.001000,1.325000,-0.493000
17443.001000,1.326000,-0.495000
17444.001000,1.326000,-0.495000
17445.001000,1.327000,-0.494000
17446.001000,1.327000,-0.493000
17447.001000,1.327000,-0.496000
17448.001000,1.327000,-0.491000
17449.001000,1.328000,-0.493000
17450.001000,1.328000,-0.498000
17451.001000,1.328000,-0.494000
17452.001000,1.328000,-0.494000
17453.001000,1.329000,-0.488000
17454.001000,1.329000,-0.490000
17455.001000,1.329000,-0.492000
17456.001000,1.329000,-0.491000
17457.001000,1.330000,-0.492000
17458.001000,1.329000,-0.498000
17459.001000,1.329000,-0.494000
17460.001000,1.330000,-0.491000
17461.001000,1.330000,-0.491000
17462.001000,1.330000,-0.493000
17463.001000,1.329000,-0.496000
17464.001000,1.330000,-0.499000
17465.001000,1.330000,-0.495000
17466.001000,1.330000,-0.499000
17467.001000,1.330000,-0.494000
17468.001000,1.330000,-0.505000
17469.001000,1.331000,-0.499000
17470.001000,1.331000,-0.504000
17471.001000,1.332000,-0.509000
17472.001000,1.332000,-0.508000
17473.001000,1.332000,-0.507000
17474.001000,1.333000,-0.502000
17475.001000,1.333000,-0.502000
17476.001000,1.334000,-0.503000
17477.001000,1.334000,-0.506000
17478.001000,1.335000,-0.500000
17479.001000,1.334000,-0.507000
17480.001000,1.335000,-0.482000
17481.001000,1.335000,-0.506000
17482.001000,1.335000,-0.508000
17483.001000,1.335000,-0.508000
17484.001000,1.335000,-0.505000
17485.001000,1.335000,-0.503000
17486.001000,1.335000,-0.508000
17487.001000,1.336000,-0.505000
17488.001000,1.336000,-0.504000
17489.001000,1.337000,-0.513000
17490.001000,1.337000,-0.506000
17491.001000,1.338000,-0.508000
17492.001000,1.338000,-0.503000
17493.001000,1.338000,-0.505000
17494.001000,1.339000,-0.501000
17495.001000,1.340000,-0.504000
17496.001000,1.340000,-0.499000
17497.001000,1.341000,-0.502000
17498.001000,1.341000,-0.500000
17499.001000,1.341000,-0.497000
17500.001000,1.342000,-0.504000
17501.001000,1.342000,-0.504000
17502.001000,1.342000,-0.501000
17503.001000,1.343000,-0.503000
17504.001000,1.343000,-0.503000
17505.001000,1.344000,-0.504000
17506.001000,1.345000,-0.501000
17507.001000,1.345000,-0.500000
17508.001000,1.346000,-0.506000
17509.001000,1.346000,-0.504000
17510.001000,1.347000,-0.502000
17511.001000,1.347000,-0.500000
17512.001000,1.348000,-0.499000
17513.001000,1.348000,-0.502000
17514.001000,1.349000,-0.505000
17515.001000,1.349000,-0.508000
17516.001000,1.350000,-0.502000
17517.001000,1.350000,-0.510000
17518.001000,1.351000,-0.507000
17519.001000,1.351000,-0.504000
17520.001000,1.352000,-0.508000
17521.001000,1.352000,-0.506000
17522.001000,1.353000,-0.503000
17523.001000,1.353000,-0.503000
17524.001000,1.354000,-0.501000
17525.001000,1.355000,-0.498000
17526.001000,1.355000,-0.494000
17527.001000,1.356000,-0.487000
17528.001000,1.356000,-0.481000
17529.001000,1.357000,-0.489000
17530.001000,1.357000,-0.491000
17531.001000,1.358000,-0.496000
17532.001000,1.358000,-0.508000
17533.001000,1.359000,-0.499000
17534.001000,1.359000,-0.495000
17535.001000,1.360000,-0.490000
17536.001000,1.360000,-0.475000
17537.001000,1.361000,-0.479000
17538.001000,1.361000,-0.476000
17539.001000,1.362000,-0.478000
17540.001000,1.362000,-0.475000
17541.001000,1.362000,-0.474000
17542.001000,1.363000,-0.471000
17543.001000,1.363000,-0.473000
17544.001000,1.364000,-0.472000
17545.001000,1.364000,-0.473000
17546.001000,1.365000,-0.476000
17547.001000,1.365000,-0.477000
17548.001000,1.366000,-0.477000
17549.001000,1.366000,-0.477000
17550.001000,1.366000,-0.477000
17551.001000,1.367000,-0.478000
17552.001000,1.367000,-0.478000
17553.001000,1.366000,-0.482000
17554.001000,1.366000,-0.473000
17555.001000,1.366000,-0.487000
17556.001000,1.366000,-0.481000
17557.001000,1.366000,-0.486000
17558.001000,1.366000,-0.491000
17559.001000,1.367000,-0.486000
17560.001000,1.367000,-0.484000
17561.001000,1.367000,-0.482000
17562.001000,1.367000,-0.489000
17563.001000,1.367000,-0.485000
17564.001000,1.368000,-0.485000
17565.001000,1.368000,-0.490000
17566.001000,1.368000,-0.490000
17567.001000,1.368000,-0.490000
17568.001000,1.369000,-0.491000
17569.001000,1.369000,-0.487000
17570.001000,1.368000,-0.492000
17571.001000,1.368000,-0.484000
17572.001000,1.369000,-0.491000
17573.001000,1.369000,-0.485000
17574.001000,1.369000,-0.480000
17575.001000,1.369000,-0.482000
17576.001000,1.369000,-0.483000
17577.001000,1.369000,-0.479000
17578.001000,1.369000,-0.479000
17579.001000,1.369000,-0.480000
17580.001000,1.370000,-0.495000
17581.001000,1.370000,-0.485000
17582.001000,1.370000,-0.482000
17583.001000,1.370000,-0.485000
17584.001000,1.369000,-0.482000
17585.001000,1.370000,-0.481000
17586.001000,1.369000,-0.477000
17587.001000,1.370000,-0.474000
17588.001000,1.369000,-0.472000
17589.001000,1.369000,-0.475000
17590.001000,1.370000,-0.470000
17591.001000,1.370000,-0.478000
17592.001000,1.370000,-0.466000
17593.001000,1.370000,-0.465000
17594.001000,1.371000,-0.468000
17595.001000,1.370000,-0.476000
17596.001000,1.370000,-0.480000
17597.001000,1.370000,-0.476000
17598.001000,1.370000,-0.473000
17599.001000,1.370000,-0.474000
17600.001000,1.370000,-0.474000
17601.001000,1.370000,-0.472000
17602.001000,1.370000,-0.474000
17603.001000,1.370000,-0.471000
17604.001000,1.370000,-0.473000
17605.001000,1.370000,-0.474000
17606.001000,1.369000,-0.468000
17607.001000,1.369000,-0.470000
17608.001000,1.370000,-0.470000
17609.001000,1.370000,-0.471000
17610.001000,1.370000,-0.475000
17611.001000,1.370000,-0.473000
17612.001000,1.370000,-0.473000
17613.001000,1.370000,-0.471000
17614.001000,1.370000,-0.471000
17615.001000,1.370000,-0.470000
17616.001000,1.370000,-0.474000
17617.001000,1.370000,-0.470000
17618.001000,1.370000,-0.470000
17619.001000,1.370000,-0.476000
17620.001000,1.370000,-0.470000
17621.001000,1.370000,-0.473000
17622.001000,1.369000,-0.471000
17623.001000,1.368000,-0.471000
17624.001000,1.368000,-0.470000
17625.001000,1.367000,-0.477000
17626.001000,1.366000,-0.472000
17627.001000,1.365000,-0.474000
17628.001000,1.364000,-0.472000
17629.001000,1.364000,-0.482000
17630.001000,1.364000,-0.471000
17631.001000,1.364000,-0.479000
17632.001000,1.364000,-0.471000
17633.001000,1.365000,-0.469000
17634.001000,1.365000,-0.470000
17635.001000,1.364000,-0.472000
17636.001000,1.364000,-0.474000
17637.001000,1.364000,-0.481000
17638.001000,1.363000,-0.473000
17639.001000,1.363000,-0.476000
17640.001000,1.364000,-0.478000
17641.001000,1.365000,-0.476000
17642.001000,1.365000,-0.473000
17643.001000,1.366000,-0.471000
17644.001000,1.367000,-0.472000
17645.001000,1.367000,-0.476000
17646.001000,1.368000,-0.475000
17647.001000,1.369000,-0.473000
17648.001000,1.369000,-0.473000
17649.001000,1.369000,-0.471000
17650.001000,1.369000,-0.475000
17651.001000,1.369000,-0.476000
17652.001000,1.369000,-0.480000
17653.001000,1.369000,-0.481000
17654.001000,1.369000,-0.470000
17655.001000,1.369000,-0.470000
17656.001000,1.369000,-0.457000
17657.001000,1.369000,-0.459000
17658.001000,1.369000,-0.460000
17659.001000,1.368000,-0.456000
17660.001000,1.369000,-0.442000
17661.001000,1.369000,-0.453000
17662.001000,1.369000,-0.452000
17663.001000,1.370000,-0.485000
17664.001000,1.370000,-0.473000
17665.001000,1.370000,-0.479000
17666.001000,1.370000,-0.480000
17667.001000,1.370000,-0.449000
17668.001000,1.370000,-0.441000
17669.001000,1.369000,-0.448000
17670.001000,1.369000,-0.446000
17671.001000,1.369000,-0.446000
17672.001000,1.369000,-0.449000
17673.001000,1.369000,-0.443000
17674.001000,1.369000,-0.450000
17675.001000,1.369000,-0.450000
17676.001000,1.369000,-0.443000
17677.001000,1.369000,-0.450000
17678.001000,1.370000,-0.460000
17679.001000,1.369000,-0.458000
17680.001000,1.369000,-0.456000
17681.001000,1.369000,-0.457000
17682.001000,1.368000,-0.458000
17683.001000,1.368000,-0.459000
17684.001000,1.369000,-0.460000
17685.001000,1.369000,-0.453000
17686.001000,1.369000,-0.449000
17687.001000,1.369000,-0.449000
17688.001000,1.369000,-0.449000
17689.001000,1.369000,-0.445000
17690.001000,1.369000,-0.443000
17691.001000,1.369000,-0.445000
17692.001000,1.369000,-0.447000
17693.001000,1.369000,-0.445000
17694.001000,1.369000,-0.453000
17695.001000,1.370000,-0.445000
17696.001000,1.371000,-0.442000
17697.001000,1.370000,-0.442000
17698.001000,1.370000,-0.446000
17699.001000,1.370000,-0.451000
17700.001000,1.371000,-0.445000
17701.001000,1.370000,-0.449000
17702.001000,1.370000,-0.446000
17703.001000,1.370000,-0.450000
17704.001000,1.370000,-0.454000
17705.001000,1.370000,-0.452000
17706.001000,1.370000,-0.457000
17707.001000,1.370000,-0.456000
17708.001000,1.370000,-0.459000
17709.001000,1.370000,-0.457000
17710.001000,1.370000,-0.459000
17711.001000,1.371000,-0.459000
17712.001000,1.370000,-0.451000
17713.001000,1.370000,-0.450000
17714.001000,1.369000,-0.452000
17715.001000,1.369000,-0.457000
17716.001000,1.370000,-0.454000
17717.001000,1.370000,-0.448000
17718.001000,1.370000,-0.453000
17719.001000,1.369000,-0.449000
17720.001000,1.370000,-0.448000
17721.001000,1.369000,-0.449000
17722.001000,1.369000,-0.452000
17723.001000,1.369000,-0.449000
17724.001000,1.369000,-0.439000
17725.001000,1.369000,-0.447000
17726.001000,1.370000,-0.450000
17727.001000,1.370000,-0.455000
17728.001000,1.370000,-0.453000
17729.001000,1.370000,-0.452000
17730.001000,1.370000,-0.450000
17731.001000,1.370000,-0.449000
17732.001000,1.369000,-0.451000
17733.001000,1.369000,-0.447000
17734.001000,1.370000,-0.451000
17735.001000,1.370000,-0.446000
17736.001000,1.370000,-0.448000
17737.001000,1.370000,-0.449000
17738.001000,1.370000,-0.458000
17739.001000,1.370000,-0.458000
17740.001000,1.370000,-0.453000
17741.001000,1.370000,-0.453000
17742.001000,1.371000,-0.450000
17743.001000,1.370000,-0.453000
17744.001000,1.370000,-0.457000
17745.001000,1.370000,-0.455000
17746.001000,1.370000,-0.458000
17747.001000,1.370000,-0.453000
17748.001000,1.369000,-0.454000
17749.001000,1.369000,-0.453000
17750.001000,1.370000,-0.458000
17751.001000,1.370000,-0.457000
17752.001000,1.369000,-0.457000
17753.001000,1.369000,-0.456000
17754.001000,1.369000,-0.454000
17755.001000,1.369000,-0.460000
17756.001000,1.369000,-0.456000
17757.001000,1.369000,-0.463000
17758.001000,1.369000,-0.464000
17759.001000,1.370000,-0.463000
17760.001000,1.370000,-0.461000
17761.001000,1.370000,-0.460000
17762.001000,1.370000,-0.462000
17763.001000,1.370000,-0.460000
17764.001000,1.370000,-0.464000
17765.001000,1.369000,-0.462000
17766.001000,1.369000,-0.460000
17767.001000,1.369000,-0.459000
17768.001000,1.368000,-0.465000
17769.001000,1.369000,-0.459000
17770.001000,1.368000,-0.459000
17771.001000,1.368000,-0.459000
17772.001000,1.368000,-0.461000
17773.001000,1.368000,-0.458000
17774.001000,1.369000,-0.459000
17775.001000,1.369000,-0.459000
17776.001000,1.369000,-0.460000
17777.001000,1.369000,-0.466000
17778.001000,1.369000,-0.464000
17779.001000,1.369000,-0.465000
17780.001000,1.369000,-0.470000
17781.001000,1.369000,-0.466000
17782.001000,1.369000,-0.467000
17783.001000,1.369000,-0.468000
17784.001000,1.368000,-0.468000
17785.001000,1.368000,-0.469000
17786.001000,1.368000,-0.466000
17787.001000,1.368000,-0.469000
17788.001000,1.368000,-0.470000
17789.001000,1.368000,-0.470000
17790.001000,1.367000,-0.468000
17791.001000,1.367000,-0.471000
17792.001000,1.367000,-0.472000
17793.001000,1.368000,-0.465000
17794.001000,1.368000,-0.465000
17795.001000,1.367000,-0.469000
17796.001000,1.367000,-0.463000
17797.001000,1.367000,-0.464000
17798.001000,1.367000,-0.463000
17799.001000,1.368000,-0.462000
17800.001000,1.367000,-0.459000
17801.001000,1.367000,-0.469000
17802.001000,1.367000,-0.462000
17803.001000,1.367000,-0.471000
17804.001000,1.367000,-0.467000
17805.001000,1.367000,-0.468000
17806.001000,1.367000,-0.463000
17807.001000,1.367000,-0.467000
17808.001000,1.367000,-0.466000
17809.001000,1.367000,-0.466000
17810.001000,1.367000,-0.467000
17811.001000,1.367000,-0.465000
17812.001000,1.367000,-0.463000
17813.001000,1.367000,-0.463000
17814.001000,1.367000,-0.465000
17815.001000,1.367000,-0.465000
17816.001000,1.368000,-0.468000
17817.001000,1.367000,-0.465000
17818.001000,1.366000,-0.468000
17819.001000,1.367000,-0.466000
17820.001000,1.367000,-0.463000
17821.001000,1.367000,-0.470000
17822.001000,1.367000,-0.471000
17823.001000,1.368000,-0.468000
17824.001000,1.368000,-0.474000
17825.001000,1.368000,-0.475000
17826.001000,1.368000,-0.478000
17827.001000,1.368000,-0.474000
17828.001000,1.368000,-0.485000
17829.001000,1.368000,-0.480000
17830.001000,1.367000,-0.479000
17831.001000,1.367000,-0.469000
17832.001000,1.367000,-0.479000
17833.001000,1.367000,-0.474000
17834.001000,1.367000,-0.470000
17835.001000,1.367000,-0.466000
17836.001000,1.367000,-0.470000
17837.001000,1.368000,-0.471000
17838.001000,1.367000,-0.467000
17839.001000,1.367000,-0.468000
17840.001000,1.368000,-0.472000
17841.001000,1.368000,-0.471000
17842.001000,1.369000,-0.471000
17843.001000,1.369000,-0.467000
17844.001000,1.370000,-0.472000
17845.001000,1.370000,-0.481000
17846.001000,1.371000,-0.472000
17847.001000,1.371000,-0.474000
17848.001000,1.371000,-0.476000
17849.001000,1.372000,-0.476000
17850.001000,1.372000,-0.478000
17851.001000,1.372000,-0.475000
17852.001000,1.371000,-0.474000
17853.001000,1.370000,-0.471000
17854.001000,1.370000,-0.471000
17855.001000,1.370000,-0.473000
17856.001000,1.371000,-0.474000
17857.001000,1.370000,-0.477000
17858.001000,1.371000,-0.479000
17859.001000,1.371000,-0.479000
17860.001000,1.371000,-0.478000
17861.001000,1.371000,-0.476000
17862.001000,1.372000,-0.476000
17863.001000,1.372000,-0.472000
17864.001000,1.372000,-0.475000
17865.001000,1.372000,-0.475000
17866.001000,1.373000,-0.473000
17867.001000,1.372000,-0.472000
17868.001000,1.372000,-0.475000
17869.001000,1.371000,-0.472000
17870.001000,1.372000,-0.474000
17871.001000,1.372000,-0.476000
17872.001000,1.371000,-0.476000
17873.001000,1.371000,-0.474000
17874.001000,1.371000,-0.475000
17875.001000,1.372000,-0.470000
17876.001000,1.371000,-0.469000
17877.001000,1.372000,-0.473000
17878.001000,1.371000,-0.468000
17879.001000,1.370000,-0.472000
17880.001000,1.370000,-0.474000
17881.001000,1.370000,-0.466000
17882.001000,1.370000,-0.468000
17883.001000,1.370000,-0.460000
17884.001000,1.370000,-0.462000
17885.001000,1.371000,-0.471000
17886.001000,1.371000,-0.469000
17887.001000,1.371000,-0.471000
17888.001000,1.371000,-0.462000
17889.001000,1.370000,-0.467000
17890.001000,1.370000,-0.469000
17891.001000,1.371000,-0.472000
17892.001000,1.371000,-0.473000
17893.001000,1.371000,-0.470000
17894.001000,1.371000,-0.471000
17895.001000,1.371000,-0.470000
17896.001000,1.371000,-0.470000
17897.001000,1.372000,-0.468000
17898.001000,1.372000,-0.475000
17899.001000,1.372000,-0.470000
17900.001000,1.372000,-0.469000
17901.001000,1.373000,-0.468000
17902.001000,1.372000,-0.474000
17903.001000,1.372000,-0.471000
17904.001000,1.372000,-0.465000
17905.001000,1.372000,-0.471000
17906.001000,1.372000,-0.465000
17907.001000,1.373000,-0.464000
17908.001000,1.373000,-0.470000
17909.001000,1.374000,-0.468000
17910.001000,1.374000,-0.464000
17911.001000,1.374000,-0.465000
17912.001000,1.374000,-0.463000
17913.001000,1.374000,-0.464000
17914.001000,1.374000,-0.466000
17915.001000,1.374000,-0.471000
17916.001000,1.374000,-0.467000
17917.001000,1.374000,-0.467000
17918.001000,1.374000,-0.464000
17919.001000,1.374000,-0.467000
17920.001000,1.374000,-0.467000
17921.001000,1.373000,-0.464000
17922.001000,1.374000,-0.468000
17923.001000,1.374000,-0.467000
17924.001000,1.374000,-0.473000
17925.001000,1.375000,-0.469000
17926.001000,1.375000,-0.470000
17927.001000,1.375000,-0.467000
17928.001000,1.375000,-0.460000
17929.001000,1.374000,-0.463000
17930.001000,1.374000,-0.464000
17931.001000,1.374000,-0.463000
17932.001000,1.374000,-0.459000
17933.001000,1.374000,-0.462000
17934.001000,1.375000,-0.463000
17935.001000,1.374000,-0.463000
17936.001000,1.374000,-0.461000
17937.001000,1.373000,-0.457000
17938.001000,1.374000,-0.464000
17939.001000,1.375000,-0.463000
17940.001000,1.375000,-0.465000
17941.001000,1.375000,-0.466000
17942.001000,1.374000,-0.462000
17943.001000,1.375000,-0.463000
17944.001000,1.375000,-0.465000
17945.001000,1.375000,-0.448000
17946.001000,1.375000,-0.460000
17947.001000,1.375000,-0.445000
17948.001000,1.376000,-0.468000
17949.001000,1.375000,-0.462000
17950.001000,1.375000,-0.470000
17951.001000,1.375000,-0.472000
17952.001000,1.376000,-0.479000
17953.001000,1.375000,-0.471000
17954.001000,1.375000,-0.473000
17955.001000,1.375000,-0.461000
17956.001000,1.375000,-0.456000
17957.001000,1.376000,-0.463000
17958.001000,1.376000,-0.448000
17959.001000,1.376000,-0.445000
17960.001000,1.377000,-0.448000
17961.001000,1.377000,-0.450000
17962.001000,1.377000,-0.469000
17963.001000,1.377000,-0.448000
17964.001000,1.378000,-0.454000
17965.001000,1.378000,-0.454000
17966.001000,1.377000,-0.465000
17967.001000,1.377000,-0.454000
17968.001000,1.376000,-0.464000
17969.001000,1.376000,-0.464000
17970.001000,1.376000,-0.448000
17971.001000,1.376000,-0.459000
17972.001000,1.376000,-0.457000
17973.001000,1.376000,-0.444000
17974.001000,1.376000,-0.444000
17975.001000,1.376000,-0.447000
17976.001000,1.376000,-0.435000
17977.001000,1.376000,-0.442000
17978.001000,1.375000,-0.441000
17979.001000,1.376000,-0.452000
17980.001000,1.376000,-0.450000
17981.001000,1.377000,-0.444000
17982.001000,1.377000,-0.437000
17983.001000,1.378000,-0.437000
17984.001000,1.378000,-0.435000
17985.001000,1.379000,-0.436000
17986.001000,1.379000,-0.430000
17987.001000,1.380000,-0.433000
17988.001000,1.380000,-0.432000
17989.001000,1.380000,-0.423000
17990.001000,1.381000,-0.428000
17991.001000,1.380000,-0.432000
17992.001000,1.380000,-0.429000
17993.001000,1.381000,-0.430000
17994.001000,1.381000,-0.433000
17995.001000,1.381000,-0.436000
17996.001000,1.381000,-0.430000
17997.001000,1.380000,-0.430000
17998.001000,1.380000,-0.436000
17999.001000,1.380000,-0.431000
18000.001000,1.380000,-0.434000
18001.001000,1.380000,-0.428000
18002.001000,1.380000,-0.428000
18003.001000,1.379000,-0.424000
18004.001000,1.380000,-0.424000
18005.001000,1.380000,-0.434000
18006.001000,1.380000,-0.444000
18007.001000,1.380000,-0.455000
18008.001000,1.380000,-0.445000
18009.001000,1.380000,-0.437000
18010.001000,1.380000,-0.441000
18011.001000,1.378000,-0.443000
18012.001000,1.377000,-0.444000
18013.001000,1.378000,-0.439000
18014.001000,1.378000,-0.429000
18015.001000,1.379000,-0.430000
18016.001000,1.377000,-0.427000
18017.001000,1.377000,-0.432000
18018.001000,1.377000,-0.429000
18019.001000,1.377000,-0.432000
18020.001000,1.377000,-0.427000
18021.001000,1.377000,-0.428000
18022.001000,1.377000,-0.429000
18023.001000,1.377000,-0.427000
18024.001000,1.377000,-0.432000
18025.001000,1.377000,-0.425000
18026.001000,1.377000,-0.435000
18027.001000,1.377000,-0.430000
18028.001000,1.377000,-0.423000
18029.001000,1.377000,-0.424000
18030.001000,1.378000,-0.427000
18031.001000,1.378000,-0.424000
18032.001000,1.378000,-0.424000
18033.001000,1.378000,-0.424000
18034.001000,1.378000,-0.429000
18035.001000,1.378000,-0.429000
18036.001000,1.378000,-0.432000
18037.001000,1.378000,-0.422000
18038.001000,1.379000,-0.429000
18039.001000,1.378000,-0.425000
18040.001000,1.378000,-0.427000
18041.001000,1.378000,-0.426000
18042.001000,1.378000,-0.434000
18043.001000,1.378000,-0.432000
18044.001000,1.377000,-0.430000
18045.001000,1.377000,-0.428000
18046.001000,1.377000,-0.435000
18047.001000,1.377000,-0.428000
18048.001000,1.377000,-0.428000
18049.001000,1.377000,-0.431000
18050.001000,1.377000,-0.435000
18051.001000,1.376000,-0.431000
18052.001000,1.376000,-0.429000
18053.001000,1.376000,-0.432000
18054.001000,1.377000,-0.433000
18055.001000,1.377000,-0.430000
18056.001000,1.378000,-0.433000
18057.001000,1.377000,-0.430000
18058.001000,1.377000,-0.426000
18059.001000,1.378000,-0.437000
18060.001000,1.377000,-0.434000
18061.001000,1.377000,-0.428000
18062.001000,1.377000,-0.442000
18063.001000,1.378000,-0.448000
18064.001000,1.378000,-0.453000
18065.001000,1.377000,-0.443000
18066.001000,1.377000,-0.438000
18067.001000,1.378000,-0.437000
18068.001000,1.378000,-0.439000
18069.001000,1.378000,-0.448000
18070.001000,1.378000,-0.431000
18071.001000,1.378000,-0.432000
18072.001000,1.378000,-0.440000
18073.001000,1.378000,-0.435000
18074.001000,1.379000,-0.444000
18075.001000,1.379000,-0.448000
18076.001000,1.379000,-0.441000
18077.001000,1.379000,-0.436000
18078.001000,1.379000,-0.447000
18079.001000,1.379000,-0.445000
18080.001000,1.379000,-0.443000
18081.001000,1.379000,-0.441000
18082.001000,1.379000,-0.448000
18083.001000,1.380000,-0.444000
18084.001000,1.380000,-0.454000
18085.001000,1.380000,-0.461000
18086.001000,1.380000,-0.459000
18087.001000,1.380000,-0.463000
18088.001000,1.380000,-0.467000
18089.001000,1.380000,-0.467000
18090.001000,1.380000,-0.468000
18091.001000,1.380000,-0.464000
18092.001000,1.380000,-0.464000
18093.001000,1.379000,-0.458000
18094.001000,1.380000,-0.470000
18095.001000,1.379000,-0.463000
18096.001000,1.379000,-0.462000
18097.001000,1.379000,-0.458000
18098.001000,1.379000,-0.464000
18099.001000,1.379000,-0.459000
18100.001000,1.379000,-0.464000
18101.001000,1.379000,-0.467000
18102.001000,1.379000,-0.466000
18103.001000,1.379000,-0.465000
18104.001000,1.379000,-0.471000
18105.001000,1.378000,-0.467000
18106.001000,1.378000,-0.465000
18107.001000,1.378000,-0.466000
18108.001000,1.379000,-0.463000
18109.001000,1.379000,-0.462000
18110.001000,1.378000,-0.463000
18111.001000,1.379000,-0.468000
18112.001000,1.378000,-0.464000
18113.001000,1.378000,-0.461000
18114.001000,1.378000,-0.459000
18115.001000,1.379000,-0.458000
18116.001000,1.379000,-0.465000
18117.001000,1.379000,-0.462000
18118.001000,1.378000,-0.460000
18119.001000,1.378000,-0.459000
18120.001000,1.378000,-0.467000
18121.001000,1.378000,-0.467000
18122.001000,1.378000,-0.462000
18123.001000,1.377000,-0.462000
18124.001000,1.378000,-0.460000
18125.001000,1.378000,-0.464000
18126.001000,1.378000,-0.456000
18127.001000,1.378000,-0.449000
18128.001000,1.378000,-0.456000
18129.001000,1.377000,-0.443000
18130.001000,1.378000,-0.435000
18131.001000,1.377000,-0.431000
18132.001000,1.377000,-0.426000
18133.001000,1.378000,-0.445000
18134.001000,1.378000,-0.435000
18135.001000,1.378000,-0.434000
18136.001000,1.377000,-0.439000
18137.001000,1.377000,-0.434000
18138.001000,1.377000,-0.434000
18139.001000,1.377000,-0.432000
18140.001000,1.378000,-0.450000
18141.001000,1.378000,-0.452000
18142.001000,1.378000,-0.459000
18143.001000,1.378000,-0.455000
18144.001000,1.378000,-0.455000
18145.001000,1.379000,-0.450000
18146.001000,1.379000,-0.450000
18147.001000,1.379000,-0.460000
18148.001000,1.379000,-0.450000
18149.001000,1.379000,-0.431000
18150.001000,1.379000,-0.433000
18151.001000,1.378000,-0.430000
18152.001000,1.379000,-0.456000
18153.001000,1.377000,-0.453000
18154.001000,1.378000,-0.472000
18155.001000,1.378000,-0.450000
18156.001000,1.378000,-0.455000
18157.001000,1.378000,-0.458000
18158.001000,1.378000,-0.455000
18159.001000,1.378000,-0.460000
18160.001000,1.379000,-0.460000
18161.001000,1.379000,-0.468000
18162.001000,1.379000,-0.460000
18163.001000,1.379000,-0.453000
18164.001000,1.379000,-0.453000
18165.001000,1.379000,-0.440000
18166.001000,1.380000,-0.448000
18167.001000,1.380000,-0.450000
18168.001000,1.380000,-0.450000
18169.001000,1.380000,-0.436000
18170.001000,1.379000,-0.430000
18171.001000,1.380000,-0.429000
18172.001000,1.379000,-0.430000
18173.001000,1.380000,-0.423000
18174.001000,1.380000,-0.422000
18175.001000,1.379000,-0.423000
18176.001000,1.380000,-0.424000
18177.001000,1.380000,-0.428000
18178.001000,1.380000,-0.426000
18179.001000,1.380000,-0.426000
18180.001000,1.380000,-0.429000
18181.001000,1.380000,-0.426000
18182.001000,1.381000,-0.422000
18183.001000,1.380000,-0.423000
18184.001000,1.380000,-0.421000
18185.001000,1.380000,-0.427000
18186.001000,1.380000,-0.426000
18187.001000,1.381000,-0.424000
18188.001000,1.381000,-0.435000
18189.001000,1.380000,-0.432000
18190.001000,1.381000,-0.433000
18191.001000,1.380000,-0.429000
18192.001000,1.380000,-0.431000
18193.001000,1.381000,-0.437000
18194.001000,1.381000,-0.442000
18195.001000,1.381000,-0.451000
18196.001000,1.381000,-0.434000
18197.001000,1.381000,-0.441000
18198.001000,1.381000,-0.437000
18199.001000,1.381000,-0.426000
18200.001000,1.381000,-0.423000
18201.001000,1.381000,-0.424000
18202.001000,1.381000,-0.425000
18203.001000,1.381000,-0.420000
18204.001000,1.382000,-0.425000
18205.001000,1.382000,-0.434000
18206.001000,1.382000,-0.426000
18207.001000,1.382000,-0.444000
18208.001000,1.382000,-0.433000
18209.001000,1.382000,-0.437000
18210.001000,1.382000,-0.439000
18211.001000,1.382000,-0.431000
18212.001000,1.382000,-0.435000
18213.001000,1.382000,-0.426000
18214.001000,1.382000,-0.431000
18215.001000,1.382000,-0.414000
18216.001000,1.382000,-0.427000
18217.001000,1.381000,-0.424000
18218.001000,1.381000,-0.422000
18219.001000,1.381000,-0.421000
18220.001000,1.381000,-0.421000
18221.001000,1.381000,-0.419000
18222.001000,1.381000,-0.420000
18223.001000,1.381000,-0.419000
18224.001000,1.381000,-0.420000
18225.001000,1.381000,-0.420000
18226.001000,1.381000,-0.422000
18227.001000,1.381000,-0.424000
18228.001000,1.381000,-0.419000
18229.001000,1.382000,-0.424000
18230.001000,1.381000,-0.422000
18231.001000,1.381000,-0.421000
18232.001000,1.381000,-0.422000
18233.001000,1.381000,-0.426000
18234.001000,1.381000,-0.419000
18235.001000,1.381000,-0.428000
18236.001000,1.381000,-0.421000
18237.001000,1.382000,-0.421000
18238.001000,1.382000,-0.425000
18239.001000,1.381000,-0.425000
18240.001000,1.381000,-0.423000
18241.001000,1.380000,-0.422000
18242.001000,1.381000,-0.422000
18243.001000,1.381000,-0.422000
18244.001000,1.382000,-0.422000
18245.001000,1.381000,-0.419000
18246.001000,1.381000,-0.421000
18247.001000,1.381000,-0.417000
18248.001000,1.381000,-0.413000
18249.001000,1.381000,-0.417000
18250.001000,1.381000,-0.421000
18251.001000,1.381000,-0.423000
18252.001000,1.381000,-0.425000
18253.001000,1.381000,-0.420000
18254.001000,1.381000,-0.417000
18255.001000,1.381000,-0.419000
18256.001000,1.381000,-0.415000
18257.001000,1.381000,-0.419000
18258.001000,1.382000,-0.416000
18259.001000,1.381000,-0.415000
18260.001000,1.381000,-0.412000
18261.001000,1.381000,-0.408000
18262.001000,1.382000,-0.411000
18263.001000,1.381000,-0.410000
18264.001000,1.381000,-0.414000
18265.001000,1.381000,-0.416000
18266.001000,1.381000,-0.415000
18267.001000,1.382000,-0.410000
18268.001000,1.382000,-0.409000
18269.001000,1.382000,-0.414000
18270.001000,1.383000,-0.417000
18271.001000,1.384000,-0.424000
18272.001000,1.384000,-0.414000
18273.001000,1.384000,-0.413000
18274.001000,1.384000,-0.415000
18275.001000,1.384000,-0.416000
18276.001000,1.383000,-0.417000
18277.001000,1.384000,-0.413000
18278.001000,1.384000,-0.417000
18279.001000,1.384000,-0.417000
18280.001000,1.384000,-0.415000
18281.001000,1.384000,-0.417000
18282.001000,1.384000,-0.415000
18283.001000,1.384000,-0.423000
18284.001000,1.384000,-0.424000
18285.001000,1.383000,-0.416000
18286.001000,1.383000,-0.413000
18287.001000,1.383000,-0.422000
18288.001000,1.383000,-0.415000
18289.001000,1.383000,-0.414000
18290.001000,1.383000,-0.422000
18291.001000,1.384000,-0.415000
18292.001000,1.383000,-0.424000
18293.001000,1.383000,-0.424000
18294.001000,1.383000,-0.423000
18295.001000,1.383000,-0.424000
18296.001000,1.383000,-0.423000
18297.001000,1.383000,-0.422000
18298.001000,1.382000,-0.423000
18299.001000,1.382000,-0.422000
18300.001000,1.382000,-0.421000
18301.001000,1.383000,-0.423000
18302.001000,1.383000,-0.422000
18303.001000,1.383000,-0.431000
18304.001000,1.384000,-0.428000
18305.001000,1.383000,-0.428000
18306.001000,1.383000,-0.430000
18307.001000,1.384000,-0.423000
18308.001000,1.384000,-0.418000
18309.001000,1.384000,-0.422000
18310.001000,1.384000,-0.420000
18311.001000,1.384000,-0.418000
18312.001000,1.384000,-0.412000
18313.001000,1.384000,-0.421000
18314.001000,1.385000,-0.420000
18315.001000,1.385000,-0.419000
18316.001000,1.385000,-0.422000
18317.001000,1.385000,-0.422000
18318.001000,1.386000,-0.419000
18319.001000,1.386000,-0.417000
18320.001000,1.386000,-0.418000
18321.001000,1.386000,-0.415000
18322.001000,1.386000,-0.417000
18323.001000,1.386000,-0.423000
18324.001000,1.386000,-0.420000
18325.001000,1.387000,-0.418000
18326.001000,1.387000,-0.415000
18327.001000,1.386000,-0.417000
18328.001000,1.387000,-0.426000
18329.001000,1.386000,-0.421000
18330.001000,1.386000,-0.420000
18331.001000,1.387000,-0.417000
18332.001000,1.387000,-0.414000
18333.001000,1.387000,-0.405000
18334.001000,1.386000,-0.412000
18335.001000,1.387000,-0.413000
18336.001000,1.387000,-0.416000
18337.001000,1.387000,-0.415000
18338.001000,1.386000,-0.415000
18339.001000,1.386000,-0.415000
18340.001000,1.386000,-0.418000
18341.001000,1.386000,-0.413000
18342.001000,1.387000,-0.414000
18343.001000,1.387000,-0.417000
18344.001000,1.387000,-0.416000
18345.001000,1.387000,-0.418000
18346.001000,1.388000,-0.413000
18347.001000,1.387000,-0.417000
18348.001000,1.387000,-0.415000
18349.001000,1.387000,-0.417000
18350.001000,1.388000,-0.416000
18351.001000,1.388000,-0.414000
18352.001000,1.388000,-0.418000
18353.001000,1.388000,-0.416000
18354.001000,1.388000,-0.419000
18355.001000,1.388000,-0.417000
18356.001000,1.389000,-0.417000
18357.001000,1.389000,-0.421000
18358.001000,1.389000,-0.420000
18359.001000,1.388000,-0.416000
18360.001000,1.388000,-0.416000
18361.001000,1.389000,-0.414000
18362.001000,1.389000,-0.417000
18363.001000,1.389000,-0.414000
18364.001000,1.389000,-0.419000
18365.001000,1.388000,-0.418000
18366.001000,1.388000,-0.414000
18367.001000,1.388000,-0.418000
18368.001000,1.388000,-0.421000
18369.001000,1.388000,-0.419000
18370.001000,1.389000,-0.420000
18371.001000,1.389000,-0.416000
18372.001000,1.388000,-0.415000
18373.001000,1.388000,-0.414000
18374.001000,1.387000,-0.413000
18375.001000,1.388000,-0.415000
18376.001000,1.388000,-0.415000
18377.001000,1.388000,-0.414000
18378.001000,1.388000,-0.414000
18379.001000,1.388000,-0.417000
18380.001000,1.388000,-0.413000
18381.001000,1.389000,-0.416000
18382.001000,1.388000,-0.422000
18383.001000,1.388000,-0.412000
18384.001000,1.388000,-0.413000
18385.001000,1.389000,-0.416000
18386.001000,1.389000,-0.410000
18387.001000,1.389000,-0.416000
18388.001000,1.389000,-0.412000
18389.001000,1.388000,-0.415000
18390.001000,1.389000,-0.410000
18391.001000,1.390000,-0.407000
18392.001000,1.390000,-0.415000
18393.001000,1.390000,-0.409000
18394.001000,1.389000,-0.407000
18395.001000,1.389000,-0.413000
18396.001000,1.389000,-0.416000
18397.001000,1.389000,-0.408000
18398.001000,1.390000,-0.413000
18399.001000,1.390000,-0.409000
18400.001000,1.391000,-0.414000
18401.001000,1.390000,-0.415000
18402.001000,1.390000,-0.417000
18403.001000,1.391000,-0.422000
18404.001000,1.391000,-0.422000
18405.001000,1.391000,-0.421000
18406.001000,1.390000,-0.420000
18407.001000,1.390000,-0.418000
18408.001000,1.391000,-0.415000
18409.001000,1.391000,-0.415000
18410.001000,1.391000,-0.418000
18411.001000,1.391000,-0.419000
18412.001000,1.391000,-0.414000
18413.001000,1.391000,-0.417000
18414.001000,1.391000,-0.415000
18415.001000,1.391000,-0.413000
18416.001000,1.391000,-0.417000
18417.001000,1.392000,-0.409000
18418.001000,1.391000,-0.418000
18419.001000,1.391000,-0.419000
18420.001000,1.391000,-0.419000
18421.001000,1.391000,-0.418000
18422.001000,1.391000,-0.417000
18423.001000,1.391000,-0.415000
18424.001000,1.391000,-0.418000
18425.001000,1.390000,-0.421000
18426.001000,1.390000,-0.422000
18427.001000,1.390000,-0.419000
18428.001000,1.390000,-0.414000
18429.001000,1.391000,-0.415000
18430.001000,1.391000,-0.420000
18431.001000,1.391000,-0.417000
18432.001000,1.391000,-0.415000
18433.001000,1.391000,-0.414000
18434.001000,1.391000,-0.418000
18435.001000,1.391000,-0.417000
18436.001000,1.391000,-0.417000
18437.001000,1.391000,-0.424000
18438.001000,1.391000,-0.421000
18439.001000,1.391000,-0.428000
18440.001000,1.391000,-0.421000
18441.001000,1.391000,-0.425000
18442.001000,1.392000,-0.424000
18443.001000,1.392000,-0.423000
18444.001000,1.392000,-0.427000
18445.001000,1.391000,-0.417000
18446.001000,1.391000,-0.422000
18447.001000,1.391000,-0.419000
18448.001000,1.391000,-0.421000
18449.001000,1.391000,-0.421000
18450.001000,1.392000,-0.424000
18451.001000,1.391000,-0.427000
18452.001000,1.391000,-0.418000
18453.001000,1.391000,-0.426000
18454.001000,1.392000,-0.425000
18455.001000,1.391000,-0.424000
18456.001000,1.392000,-0.422000
18457.001000,1.391000,-0.423000
18458.001000,1.391000,-0.423000
18459.001000,1.392000,-0.421000
18460.001000,1.391000,-0.422000
18461.001000,1.391000,-0.423000
18462.001000,1.391000,-0.426000
18463.001000,1.392000,-0.424000
18464.001000,1.391000,-0.424000
18465.001000,1.391000,-0.427000
18466.001000,1.392000,-0.418000
18467.001000,1.392000,-0.419000
18468.001000,1.392000,-0.416000
18469.001000,1.392000,-0.413000
18470.001000,1.392000,-0.412000
18471.001000,1.392000,-0.411000
18472.001000,1.391000,-0.414000
18473.001000,1.391000,-0.419000
18474.001000,1.392000,-0.422000
18475.001000,1.392000,-0.414000
18476.001000,1.392000,-0.419000
18477.001000,1.392000,-0.413000
18478.001000,1.393000,-0.414000
18479.001000,1.393000,-0.416000
18480.001000,1.393000,-0.417000
18481.001000,1.394000,-0.413000
18482.001000,1.394000,-0.413000
18483.001000,1.394000,-0.414000
18484.001000,1.394000,-0.414000
18485.001000,1.394000,-0.417000
18486.001000,1.395000,-0.414000
18487.001000,1.395000,-0.414000
18488.001000,1.396000,-0.417000
18489.001000,1.397000,-0.416000
18490.001000,1.397000,-0.411000
18491.001000,1.397000,-0.413000
18492.001000,1.398000,-0.423000
18493.001000,1.398000,-0.418000
18494.001000,1.399000,-0.410000
18495.001000,1.400000,-0.414000
18496.001000,1.400000,-0.413000
18497.001000,1.401000,-0.411000
18498.001000,1.401000,-0.410000
18499.001000,1.402000,-0.411000
18500.001000,1.403000,-0.412000
18501.001000,1.403000,-0.415000
18502.001000,1.404000,-0.412000
18503.001000,1.405000,-0.412000
18504.001000,1.405000,-0.414000
18505.001000,1.406000,-0.416000
18506.001000,1.406000,-0.415000
18507.001000,1.406000,-0.414000
18508.001000,1.407000,-0.414000
18509.001000,1.407000,-0.416000
18510.001000,1.407000,-0.420000
18511.001000,1.407000,-0.418000
18512.001000,1.407000,-0.415000
18513.001000,1.408000,-0.412000
18514.001000,1.408000,-0.412000
18515.001000,1.408000,-0.407000
18516.001000,1.408000,-0.409000
18517.001000,1.408000,-0.405000
18518.001000,1.409000,-0.409000
18519.001000,1.409000,-0.407000
18520.001000,1.409000,-0.409000
18521.001000,1.409000,-0.406000
18522.001000,1.409000,-0.414000
18523.001000,1.409000,-0.413000
18524.001000,1.410000,-0.412000
18525.001000,1.410000,-0.409000
18526.001000,1.409000,-0.410000
18527.001000,1.409000,-0.411000
18528.001000,1.409000,-0.409000
18529.001000,1.410000,-0.405000
18530.001000,1.410000,-0.411000
18531.001000,1.410000,-0.411000
18532.001000,1.410000,-0.408000
18533.001000,1.410000,-0.414000
18534.001000,1.410000,-0.412000
18535.001000,1.410000,-0.422000
18536.001000,1.409000,-0.418000
18537.001000,1.409000,-0.416000
18538.001000,1.409000,-0.424000
18539.001000,1.409000,-0.417000
18540.001000,1.410000,-0.413000
18541.001000,1.410000,-0.413000
18542.001000,1.410000,-0.416000
18543.001000,1.410000,-0.415000
18544.001000,1.410000,-0.408000
18545.001000,1.410000,-0.412000
18546.001000,1.410000,-0.417000
18547.001000,1.410000,-0.416000
18548.001000,1.410000,-0.413000
18549.001000,1.410000,-0.411000
18550.001000,1.410000,-0.408000
18551.001000,1.410000,-0.412000
18552.001000,1.409000,-0.409000
18553.001000,1.410000,-0.412000
18554.001000,1.410000,-0.409000
18555.001000,1.411000,-0.418000
18556.001000,1.410000,-0.412000
18557.001000,1.410000,-0.412000
18558.001000,1.410000,-0.416000
18559.001000,1.410000,-0.417000
18560.001000,1.410000,-0.416000
18561.001000,1.411000,-0.413000
18562.001000,1.411000,-0.412000
18563.001000,1.350000,-0.413000
18564.001000,1.349000,-0.407000
18565.001000,1.349000,-0.416000
18566.001000,1.349000,-0.410000
18567.001000,1.349000,-0.414000
18568.001000,1.349000,-0.409000
18569.001000,1.348000,-0.406000
18570.001000,1.348000,-0.409000
18571.001000,1.348000,-0.406000
18572.001000,1.348000,-0.412000
18573.001000,1.348000,-0.409000
18574.001000,1.348000,-0.408000
18575.001000,1.348000,-0.406000
18576.001000,1.348000,-0.407000
18577.001000,1.348000,-0.408000
18578.001000,1.348000,-0.411000
18579.001000,1.349000,-0.408000
18580.001000,1.349000,-0.409000
18581.001000,1.348000,-0.407000
18582.001000,1.348000,-0.412000
18583.001000,1.348000,-0.414000
18584.001000,1.348000,-0.415000
18585.001000,1.348000,-0.411000
18586.001000,1.348000,-0.415000
18587.001000,1.348000,-0.413000
18588.001000,1.348000,-0.406000
18589.001000,1.348000,-0.407000
18590.001000,1.348000,-0.405000
18591.001000,1.347000,-0.406000
18592.001000,1.348000,-0.404000
18593.001000,1.348000,-0.399000
18594.001000,1.347000,-0.405000
18595.001000,1.347000,-0.402000
18596.001000,1.347000,-0.405000
18597.001000,1.347000,-0.405000
18598.001000,1.348000,-0.405000
18599.001000,1.348000,-0.409000
18600.001000,1.348000,-0.413000
18601.001000,1.348000,-0.411000
18602.001000,1.347000,-0.410000
18603.001000,1.348000,-0.423000
18604.001000,1.348000,-0.404000
18605.001000,1.347000,-0.414000
18606.001000,1.347000,-0.411000
18607.001000,1.348000,-0.412000
18608.001000,1.348000,-0.410000
18609.001000,1.348000,-0.407000
18610.001000,1.347000,-0.408000
18611.001000,1.347000,-0.408000
18612.001000,1.347000,-0.406000
18613.001000,1.347000,-0.407000
18614.001000,1.346000,-0.407000
18615.001000,1.347000,-0.410000
18616.001000,1.347000,-0.417000
18617.001000,1.348000,-0.407000
18618.001000,1.348000,-0.412000
18619.001000,1.349000,-0.415000
18620.001000,1.349000,-0.422000
18621.001000,1.350000,-0.407000
18622.001000,1.350000,-0.415000
18623.001000,1.350000,-0.412000
18624.001000,1.351000,-0.416000
18625.001000,1.350000,-0.410000
18626.001000,1.349000,-0.407000
18627.001000,1.349000,-0.402000
18628.001000,1.348000,-0.408000
18629.001000,1.348000,-0.407000
18630.001000,1.348000,-0.415000
18631.001000,1.347000,-0.408000
18632.001000,1.347000,-0.412000
18633.001000,1.346000,-0.408000
18634.001000,1.347000,-0.402000
18635.001000,1.347000,-0.409000
18636.001000,1.347000,-0.406000
18637.001000,1.348000,-0.405000
18638.001000,1.348000,-0.404000
18639.001000,1.348000,-0.403000
18640.001000,1.347000,-0.402000
18641.001000,1.347000,-0.406000
18642.001000,1.347000,-0.405000
18643.001000,1.347000,-0.408000
18644.001000,1.347000,-0.403000
18645.001000,1.347000,-0.409000
18646.001000,1.347000,-0.419000
18647.001000,1.347000,-0.426000
18648.001000,1.347000,-0.421000
18649.001000,1.348000,-0.438000
18650.001000,1.348000,-0.430000
18651.001000,1.348000,-0.417000
18652.001000,1.348000,-0.441000
18653.001000,1.348000,-0.433000
18654.001000,1.348000,-0.414000
18655.001000,1.349000,-0.440000
18656.001000,1.348000,-0.426000
18657.001000,1.349000,-0.427000
18658.001000,1.348000,-0.424000
18659.001000,1.348000,-0.408000
18660.001000,1.347000,-0.401000
18661.001000,1.347000,-0.401000
18662.001000,1.348000,-0.407000
18663.001000,1.348000,-0.400000
18664.001000,1.348000,-0.404000
18665.001000,1.348000,-0.403000
18666.001000,1.347000,-0.406000
18667.001000,1.347000,-0.403000
18668.001000,1.348000,-0.409000
18669.001000,1.348000,-0.411000
18670.001000,1.348000,-0.408000
18671.001000,1.348000,-0.406000
18672.001000,1.348000,-0.399000
18673.001000,1.348000,-0.402000
18674.001000,1.348000,-0.413000
18675.001000,1.348000,-0.404000
18676.001000,1.348000,-0.408000
18677.001000,1.349000,-0.410000
18678.001000,1.348000,-0.407000
18679.001000,1.347000,-0.412000
18680.001000,1.347000,-0.416000
18681.001000,1.347000,-0.419000
18682.001000,1.347000,-0.411000
18683.001000,1.346000,-0.417000
18684.001000,1.346000,-0.409000
18685.001000,1.346000,-0.412000
18686.001000,1.346000,-0.404000
18687.001000,1.346000,-0.404000
18688.001000,1.347000,-0.401000
18689.001000,1.348000,-0.403000
18690.001000,1.348000,-0.413000
18691.001000,1.347000,-0.409000
18692.001000,1.347000,-0.420000
18693.001000,1.346000,-0.410000
18694.001000,1.346000,-0.406000
18695.001000,1.346000,-0.419000
18696.001000,1.346000,-0.451000
18697.001000,1.346000,-0.444000
18698.001000,1.347000,-0.449000
18699.001000,1.346000,-0.435000
18700.001000,1.346000,-0.435000
18701.001000,1.346000,-0.436000
18702.001000,1.346000,-0.432000
18703.001000,1.346000,-0.433000
18704.001000,1.346000,-0.438000
18705.001000,1.346000,-0.436000
18706.001000,1.346000,-0.439000
18707.001000,1.346000,-0.443000
18708.001000,1.346000,-0.439000
18709.001000,1.346000,-0.439000
18710.001000,1.346000,-0.434000
18711.001000,1.346000,-0.442000
18712.001000,1.347000,-0.438000
18713.001000,1.347000,-0.436000
18714.001000,1.347000,-0.434000
18715.001000,1.347000,-0.442000
18716.001000,1.348000,-0.440000
18717.001000,1.348000,-0.431000
18718.001000,1.348000,-0.433000
18719.001000,1.348000,-0.432000
18720.001000,1.347000,-0.437000
18721.001000,1.348000,-0.440000
18722.001000,1.347000,-0.430000
18723.001000,1.348000,-0.429000
18724.001000,1.348000,-0.428000
18725.001000,1.348000,-0.430000
18726.001000,1.348000,-0.424000
18727.001000,1.348000,-0.425000
18728.001000,1.349000,-0.419000
18729.001000,1.349000,-0.425000
18730.001000,1.349000,-0.423000
18731.001000,1.349000,-0.416000
18732.001000,1.349000,-0.417000
18733.001000,1.349000,-0.416000
18734.001000,1.349000,-0.418000
18735.001000,1.349000,-0.418000
18736.001000,1.349000,-0.417000
18737.001000,1.349000,-0.417000
18738.001000,1.350000,-0.418000
18739.001000,1.350000,-0.417000
18740.001000,1.351000,-0.416000
18741.001000,1.350000,-0.413000
18742.001000,1.348000,-0.412000
18743.001000,1.349000,-0.409000
18744.001000,1.350000,-0.419000
18745.001000,1.350000,-0.415000
18746.001000,1.351000,-0.415000
18747.001000,1.351000,-0.409000
18748.001000,1.352000,-0.412000
18749.001000,1.352000,-0.436000
18750.001000,1.352000,-0.429000
18751.001000,1.351000,-0.433000
18752.001000,1.351000,-0.449000
18753.001000,1.351000,-0.444000
18754.001000,1.352000,-0.440000
18755.001000,1.352000,-0.434000
18756.001000,1.352000,-0.431000
18757.001000,1.345000,-0.427000
18758.001000,1.345000,-0.429000
18759.001000,1.345000,-0.426000
18760.001000,1.346000,-0.431000
18761.001000,1.346000,-0.432000
18762.001000,1.347000,-0.433000
18763.001000,1.347000,-0.436000
18764.001000,1.347000,-0.438000
18765.001000,1.347000,-0.449000
18766.001000,1.347000,-0.447000
18767.001000,1.347000,-0.448000
18768.001000,1.348000,-0.449000
18769.001000,1.348000,-0.447000
18770.001000,1.349000,-0.448000
18771.001000,1.349000,-0.430000
18772.001000,1.350000,-0.418000
18773.001000,1.350000,-0.420000
18774.001000,1.351000,-0.424000
18775.001000,1.351000,-0.428000
18776.001000,1.352000,-0.423000
18777.001000,1.352000,-0.427000
18778.001000,1.352000,-0.432000
18779.001000,1.353000,-0.436000
18780.001000,1.353000,-0.442000
18781.001000,1.354000,-0.442000
18782.001000,1.354000,-0.443000
18783.001000,1.355000,-0.432000
18784.001000,1.355000,-0.434000
18785.001000,1.356000,-0.464000
18786.001000,1.355000,-0.470000
18787.001000,1.354000,-0.471000
18788.001000,1.352000,-0.469000
18789.001000,1.351000,-0.461000
18790.001000,1.351000,-0.456000
18791.001000,1.350000,-0.452000
18792.001000,1.350000,-0.456000
18793.001000,1.350000,-0.451000
18794.001000,1.350000,-0.454000
18795.001000,1.350000,-0.444000
18796.001000,1.349000,-0.452000
18797.001000,1.349000,-0.460000
18798.001000,1.349000,-0.461000
18799.001000,1.348000,-0.457000
18800.001000,1.348000,-0.433000
18801.001000,1.348000,-0.438000
18802.001000,1.349000,-0.435000
18803.001000,1.348000,-0.421000
18804.001000,1.348000,-0.421000
18805.001000,1.348000,-0.449000
18806.001000,1.349000,-0.466000
18807.001000,1.349000,-0.469000
18808.001000,1.349000,-0.463000
18809.001000,1.349000,-0.458000
18810.001000,1.349000,-0.428000
18811.001000,1.349000,-0.430000
18812.001000,1.349000,-0.434000
18813.001000,1.349000,-0.426000
18814.001000,1.349000,-0.425000
18815.001000,1.350000,-0.423000
18816.001000,1.350000,-0.424000
18817.001000,1.350000,-0.425000
18818.001000,1.350000,-0.421000
18819.001000,1.350000,-0.424000
18820.001000,1.350000,-0.425000
18821.001000,1.350000,-0.426000
18822.001000,1.350000,-0.425000
18823.001000,1.351000,-0.424000
18824.001000,1.351000,-0.420000
18825.001000,1.351000,-0.419000
18826.001000,1.351000,-0.420000
18827.001000,1.349000,-0.417000
18828.001000,1.348000,-0.417000
18829.001000,1.348000,-0.420000
18830.001000,1.348000,-0.420000
18831.001000,1.349000,-0.424000
18832.001000,1.349000,-0.428000
18833.001000,1.349000,-0.444000
18834.001000,1.350000,-0.464000
18835.001000,1.349000,-0.460000
18836.001000,1.348000,-0.463000
18837.001000,1.348000,-0.458000
18838.001000,1.349000,-0.456000
18839.001000,1.349000,-0.448000
18840.001000,1.348000,-0.449000
18841.001000,1.346000,-0.447000
18842.001000,1.346000,-0.454000
18843.001000,1.346000,-0.449000
18844.001000,1.347000,-0.440000
18845.001000,1.347000,-0.439000
18846.001000,1.348000,-0.429000
18847.001000,1.348000,-0.423000
18848.001000,1.349000,-0.425000
18849.001000,1.349000,-0.439000
18850.001000,1.349000,-0.430000
18851.001000,1.349000,-0.420000
18852.001000,1.350000,-0.415000
18853.001000,1.350000,-0.424000
18854.001000,1.349000,-0.420000
18855.001000,1.349000,-0.422000
18856.001000,1.349000,-0.422000
18857.001000,1.349000,-0.430000
18858.001000,1.349000,-0.435000
18859.001000,1.349000,-0.440000
18860.001000,1.349000,-0.432000
18861.001000,1.349000,-0.434000
18862.001000,1.349000,-0.430000
18863.001000,1.349000,-0.431000
18864.001000,1.349000,-0.437000
18865.001000,1.349000,-0.451000
18866.001000,1.349000,-0.450000
18867.001000,1.350000,-0.446000
18868.001000,1.350000,-0.444000
18869.001000,1.350000,-0.439000
18870.001000,1.349000,-0.443000
18871.001000,1.349000,-0.442000
18872.001000,1.350000,-0.444000
18873.001000,1.350000,-0.438000
18874.001000,1.350000,-0.437000
18875.001000,1.350000,-0.437000
18876.001000,1.350000,-0.437000
18877.001000,1.350000,-0.440000
18878.001000,1.349000,-0.442000
18879.001000,1.349000,-0.445000
18880.001000,1.350000,-0.444000
18881.001000,1.350000,-0.444000
18882.001000,1.349000,-0.440000
18883.001000,1.349000,-0.446000
18884.001000,1.349000,-0.444000
18885.001000,1.349000,-0.450000
18886.001000,1.349000,-0.440000
18887.001000,1.349000,-0.441000
18888.001000,1.349000,-0.441000
18889.001000,1.348000,-0.443000
18890.001000,1.348000,-0.444000
18891.001000,1.349000,-0.443000
18892.001000,1.349000,-0.445000
18893.001000,1.349000,-0.443000
18894.001000,1.349000,-0.436000
18895.001000,1.349000,-0.445000
18896.001000,1.350000,-0.442000
18897.001000,1.350000,-0.447000
18898.001000,1.350000,-0.445000
18899.001000,1.351000,-0.450000
18900.001000,1.351000,-0.447000
18901.001000,1.352000,-0.450000
18902.001000,1.352000,-0.448000
18903.001000,1.352000,-0.453000
18904.001000,1.353000,-0.457000
18905.001000,1.353000,-0.452000
18906.001000,1.354000,-0.453000
18907.001000,1.354000,-0.453000
18908.001000,1.353000,-0.450000
18909.001000,1.352000,-0.447000
18910.001000,1.352000,-0.448000
18911.001000,1.352000,-0.457000
18912.001000,1.350000,-0.457000
18913.001000,1.350000,-0.460000
18914.001000,1.350000,-0.450000
18915.001000,1.350000,-0.463000
18916.001000,1.349000,-0.456000
18917.001000,1.349000,-0.448000
18918.001000,1.349000,-0.410000
18919.001000,1.349000,-0.419000
18920.001000,1.349000,-0.433000
18921.001000,1.349000,-0.447000
18922.001000,1.349000,-0.458000
18923.001000,1.349000,-0.450000
18924.001000,1.349000,-0.430000
18925.001000,1.349000,-0.415000
18926.001000,1.349000,-0.423000
18927.001000,1.349000,-0.421000
18928.001000,1.349000,-0.419000
18929.001000,1.349000,-0.413000
18930.001000,1.349000,-0.431000
18931.001000,1.349000,-0.431000
18932.001000,1.349000,-0.430000
18933.001000,1.349000,-0.429000
18934.001000,1.349000,-0.420000
18935.001000,1.349000,-0.412000
18936.001000,1.349000,-0.422000
18937.001000,1.350000,-0.428000
18938.001000,1.349000,-0.424000
18939.001000,1.349000,-0.421000
18940.001000,1.349000,-0.428000
18941.001000,1.350000,-0.420000
18942.001000,1.349000,-0.421000
18943.001000,1.349000,-0.417000
18944.001000,1.348000,-0.428000
18945.001000,1.348000,-0.427000
18946.001000,1.349000,-0.426000
18947.001000,1.349000,-0.422000
18948.001000,1.350000,-0.422000
18949.001000,1.350000,-0.432000
18950.001000,1.350000,-0.429000
18951.001000,1.351000,-0.428000
18952.001000,1.352000,-0.431000
18953.001000,1.352000,-0.430000
18954.001000,1.352000,-0.426000
18955.001000,1.353000,-0.425000
18956.001000,1.353000,-0.426000
18957.001000,1.353000,-0.426000
18958.001000,1.353000,-0.423000
18959.001000,1.353000,-0.422000
18960.001000,1.354000,-0.424000
18961.001000,1.354000,-0.421000
18962.001000,1.354000,-0.425000
18963.001000,1.354000,-0.425000
18964.001000,1.354000,-0.425000
18965.001000,1.355000,-0.426000
18966.001000,1.355000,-0.434000
18967.001000,1.354000,-0.432000
18968.001000,1.355000,-0.433000
18969.001000,1.355000,-0.433000
18970.001000,1.355000,-0.432000
18971.001000,1.355000,-0.431000
18972.001000,1.355000,-0.430000
18973.001000,1.355000,-0.433000
18974.001000,1.356000,-0.438000
18975.001000,1.356000,-0.434000
18976.001000,1.356000,-0.432000
18977.001000,1.355000,-0.443000
18978.001000,1.355000,-0.442000
18979.001000,1.355000,-0.443000
18980.001000,1.355000,-0.444000
18981.001000,1.355000,-0.441000
18982.001000,1.356000,-0.449000
18983.001000,1.355000,-0.445000
18984.001000,1.355000,-0.443000
18985.001000,1.355000,-0.447000
18986.001000,1.356000,-0.445000
18987.001000,1.356000,-0.444000
18988.001000,1.356000,-0.451000
18989.001000,1.357000,-0.448000
18990.001000,1.357000,-0.449000
18991.001000,1.357000,-0.442000
18992.001000,1.357000,-0.447000
18993.001000,1.356000,-0.444000
18994.001000,1.356000,-0.443000
18995.001000,1.357000,-0.444000
18996.001000,1.357000,-0.454000
18997.001000,1.356000,-0.447000
18998.001000,1.356000,-0.448000
18999.001000,1.356000,-0.448000
19000.001000,1.356000,-0.453000
19001.001000,1.356000,-0.449000
19002.001000,1.356000,-0.448000
19003.001000,1.357000,-0.446000
19004.001000,1.356000,-0.448000
19005.001000,1.356000,-0.447000
19006.001000,1.356000,-0.449000
19007.001000,1.357000,-0.446000
19008.001000,1.357000,-0.447000
19009.001000,1.358000,-0.446000
19010.001000,1.358000,-0.450000
19011.001000,1.357000,-0.445000
19012.001000,1.357000,-0.440000
19013.001000,1.358000,-0.438000
19014.001000,1.358000,-0.430000
19015.001000,1.358000,-0.438000
19016.001000,1.359000,-0.438000
19017.001000,1.358000,-0.442000
19018.001000,1.359000,-0.433000
19019.001000,1.359000,-0.415000
19020.001000,1.359000,-0.419000
19021.001000,1.360000,-0.422000
19022.001000,1.360000,-0.419000
19023.001000,1.361000,-0.418000
19024.001000,1.361000,-0.420000
19025.001000,1.361000,-0.418000
19026.001000,1.361000,-0.417000
19027.001000,1.360000,-0.414000
19028.001000,1.359000,-0.420000
19029.001000,1.359000,-0.412000
19030.001000,1.360000,-0.412000
19031.001000,1.360000,-0.411000
19032.001000,1.361000,-0.410000
19033.001000,1.361000,-0.408000
19034.001000,1.361000,-0.411000
19035.001000,1.362000,-0.410000
19036.001000,1.362000,-0.410000
19037.001000,1.362000,-0.413000
19038.001000,1.363000,-0.421000
19039.001000,1.363000,-0.415000
19040.001000,1.363000,-0.407000
19041.001000,1.361000,-0.417000
19042.001000,1.361000,-0.420000
19043.001000,1.360000,-0.415000
19044.001000,1.360000,-0.414000
19045.001000,1.359000,-0.414000
19046.001000,1.360000,-0.412000
19047.001000,1.360000,-0.421000
19048.001000,1.360000,-0.418000
19049.001000,1.360000,-0.425000
19050.001000,1.361000,-0.424000
19051.001000,1.361000,-0.422000
19052.001000,1.360000,-0.417000
19053.001000,1.359000,-0.423000
19054.001000,1.359000,-0.424000
19055.001000,1.360000,-0.417000
19056.001000,1.360000,-0.432000
19057.001000,1.360000,-0.424000
19058.001000,1.361000,-0.422000
19059.001000,1.361000,-0.421000
19060.001000,1.362000,-0.428000
19061.001000,1.361000,-0.421000
19062.001000,1.361000,-0.428000
19063.001000,1.362000,-0.424000
19064.001000,1.362000,-0.424000
19065.001000,1.362000,-0.425000
19066.001000,1.362000,-0.423000
19067.001000,1.361000,-0.432000
19068.001000,1.362000,-0.436000
19069.001000,1.362000,-0.423000
19070.001000,1.362000,-0.422000
19071.001000,1.362000,-0.424000
19072.001000,1.363000,-0.426000
19073.001000,1.363000,-0.432000
19074.001000,1.363000,-0.428000
19075.001000,1.364000,-0.428000
19076.001000,1.364000,-0.437000
19077.001000,1.365000,-0.422000
19078.001000,1.365000,-0.428000
19079.001000,1.366000,-0.427000
19080.001000,1.366000,-0.428000
19081.001000,1.367000,-0.431000
19082.001000,1.367000,-0.426000
19083.001000,1.368000,-0.408000
19084.001000,1.368000,-0.403000
19085.001000,1.369000,-0.410000
19086.001000,1.369000,-0.411000
19087.001000,1.370000,-0.411000
19088.001000,1.370000,-0.410000
19089.001000,1.371000,-0.409000
19090.001000,1.371000,-0.412000
19091.001000,1.372000,-0.411000
19092.001000,1.372000,-0.411000
19093.001000,1.372000,-0.413000
19094.001000,1.373000,-0.410000
19095.001000,1.374000,-0.423000
19096.001000,1.373000,-0.409000
19097.001000,1.374000,-0.414000
19098.001000,1.374000,-0.414000
19099.001000,1.374000,-0.410000
19100.001000,1.373000,-0.419000
19101.001000,1.374000,-0.414000
19102.001000,1.373000,-0.415000
19103.001000,1.374000,-0.412000
19104.001000,1.373000,-0.411000
19105.001000,1.374000,-0.412000
19106.001000,1.373000,-0.414000
19107.001000,1.374000,-0.410000
19108.001000,1.374000,-0.411000
19109.001000,1.374000,-0.406000
19110.001000,1.374000,-0.406000
19111.001000,1.374000,-0.412000
19112.001000,1.375000,-0.409000
19113.001000,1.374000,-0.406000
19114.001000,1.373000,-0.408000
19115.001000,1.374000,-0.412000
19116.001000,1.374000,-0.409000
19117.001000,1.374000,-0.407000
19118.001000,1.375000,-0.408000
19119.001000,1.375000,-0.408000
19120.001000,1.376000,-0.413000
19121.001000,1.375000,-0.405000
19122.001000,1.375000,-0.407000
19123.001000,1.375000,-0.416000
19124.001000,1.375000,-0.413000
19125.001000,1.375000,-0.419000
19126.001000,1.375000,-0.420000
19127.001000,1.375000,-0.414000
19128.001000,1.375000,-0.409000
19129.001000,1.375000,-0.409000
19130.001000,1.375000,-0.417000
19131.001000,1.375000,-0.412000
19132.001000,1.375000,-0.420000
19133.001000,1.374000,-0.421000
19134.001000,1.373000,-0.422000
19135.001000,1.373000,-0.419000
19136.001000,1.371000,-0.425000
19137.001000,1.369000,-0.423000
19138.001000,1.368000,-0.421000
19139.001000,1.368000,-0.425000
19140.001000,1.368000,-0.425000
19141.001000,1.369000,-0.422000
19142.001000,1.369000,-0.421000
19143.001000,1.369000,-0.426000
19144.001000,1.370000,-0.425000
19145.001000,1.370000,-0.419000
19146.001000,1.371000,-0.419000
19147.001000,1.371000,-0.421000
19148.001000,1.372000,-0.424000
19149.001000,1.372000,-0.425000
19150.001000,1.373000,-0.422000
19151.001000,1.373000,-0.419000
19152.001000,1.374000,-0.420000
19153.001000,1.374000,-0.422000
19154.001000,1.375000,-0.422000
19155.001000,1.373000,-0.423000
19156.001000,1.372000,-0.429000
19157.001000,1.371000,-0.423000
19158.001000,1.371000,-0.419000
19159.001000,1.372000,-0.419000
19160.001000,1.372000,-0.421000
19161.001000,1.372000,-0.424000
19162.001000,1.372000,-0.430000
19163.001000,1.372000,-0.421000
19164.001000,1.373000,-0.425000
19165.001000,1.373000,-0.420000
19166.001000,1.373000,-0.425000
19167.001000,1.372000,-0.415000
19168.001000,1.371000,-0.423000
19169.001000,1.371000,-0.419000
19170.001000,1.371000,-0.425000
19171.001000,1.370000,-0.421000
19172.001000,1.370000,-0.406000
19173.001000,1.370000,-0.408000
19174.001000,1.370000,-0.383000
19175.001000,1.371000,-0.394000
19176.001000,1.371000,-0.391000
19177.001000,1.371000,-0.385000
19178.001000,1.371000,-0.384000
19179.001000,1.372000,-0.386000
19180.001000,1.372000,-0.389000
19181.001000,1.373000,-0.383000
19182.001000,1.373000,-0.381000
19183.001000,1.374000,-0.385000
19184.001000,1.375000,-0.384000
19185.001000,1.375000,-0.382000
19186.001000,1.375000,-0.383000
19187.001000,1.375000,-0.387000
19188.001000,1.375000,-0.394000
19189.001000,1.375000,-0.392000
19190.001000,1.375000,-0.393000
19191.001000,1.375000,-0.392000
19192.001000,1.376000,-0.394000
19193.001000,1.376000,-0.396000
19194.001000,1.375000,-0.396000
19195.001000,1.375000,-0.387000
19196.001000,1.375000,-0.389000
19197.001000,1.374000,-0.392000
19198.001000,1.374000,-0.390000
19199.001000,1.375000,-0.394000
19200.001000,1.375000,-0.392000
19201.001000,1.375000,-0.393000
19202.001000,1.374000,-0.389000
19203.001000,1.375000,-0.397000
19204.001000,1.374000,-0.388000
19205.001000,1.375000,-0.400000
19206.001000,1.375000,-0.393000
19207.001000,1.376000,-0.393000
19208.001000,1.376000,-0.394000
19209.001000,1.377000,-0.391000
19210.001000,1.377000,-0.395000
19211.001000,1.375000,-0.393000
19212.001000,1.376000,-0.395000
19213.001000,1.376000,-0.394000
19214.001000,1.376000,-0.391000
19215.001000,1.376000,-0.399000
19216.001000,1.376000,-0.399000
19217.001000,1.377000,-0.403000
19218.001000,1.377000,-0.400000
19219.001000,1.377000,-0.385000
19220.001000,1.377000,-0.391000
19221.001000,1.377000,-0.384000
19222.001000,1.377000,-0.390000
19223.001000,1.377000,-0.381000
19224.001000,1.378000,-0.384000
19225.001000,1.378000,-0.387000
19226.001000,1.378000,-0.381000
19227.001000,1.377000,-0.381000
19228.001000,1.377000,-0.387000
19229.001000,1.376000,-0.393000
19230.001000,1.376000,-0.391000
19231.001000,1.376000,-0.398000
19232.001000,1.376000,-0.393000
19233.001000,1.376000,-0.394000
19234.001000,1.376000,-0.389000
19235.001000,1.377000,-0.389000
19236.001000,1.376000,-0.387000
19237.001000,1.376000,-0.393000
19238.001000,1.375000,-0.387000
19239.001000,1.376000,-0.396000
19240.001000,1.376000,-0.391000
19241.001000,1.375000,-0.394000
19242.001000,1.376000,-0.396000
19243.001000,1.376000,-0.394000
19244.001000,1.376000,-0.395000
19245.001000,1.376000,-0.390000
19246.001000,1.376000,-0.390000
19247.001000,1.376000,-0.396000
19248.001000,1.376000,-0.406000
19249.001000,1.376000,-0.399000
19250.001000,1.376000,-0.402000
19251.001000,1.376000,-0.402000
19252.001000,1.376000,-0.413000
19253.001000,1.376000,-0.399000
19254.001000,1.376000,-0.400000
19255.001000,1.376000,-0.403000
19256.001000,1.376000,-0.409000
19257.001000,1.376000,-0.404000
19258.001000,1.375000,-0.406000
19259.001000,1.376000,-0.400000
19260.001000,1.376000,-0.405000
19261.001000,1.376000,-0.409000
19262.001000,1.376000,-0.404000
19263.001000,1.375000,-0.407000
19264.001000,1.375000,-0.405000
19265.001000,1.375000,-0.404000
19266.001000,1.375000,-0.411000
19267.001000,1.374000,-0.402000
19268.001000,1.375000,-0.405000
19269.001000,1.374000,-0.410000
19270.001000,1.374000,-0.411000
19271.001000,1.375000,-0.410000
19272.001000,1.376000,-0.412000
19273.001000,1.376000,-0.403000
19274.001000,1.376000,-0.404000
19275.001000,1.376000,-0.410000
19276.001000,1.376000,-0.411000
19277.001000,1.376000,-0.416000
19278.001000,1.376000,-0.413000
19279.001000,1.376000,-0.418000
19280.001000,1.376000,-0.416000
19281.001000,1.377000,-0.420000
19282.001000,1.377000,-0.418000
19283.001000,1.376000,-0.420000
19284.001000,1.377000,-0.415000
19285.001000,1.377000,-0.417000
19286.001000,1.377000,-0.419000
19287.001000,1.377000,-0.418000
19288.001000,1.377000,-0.415000
19289.001000,1.376000,-0.421000
19290.001000,1.376000,-0.420000
19291.001000,1.376000,-0.415000
19292.001000,1.376000,-0.417000
19293.001000,1.377000,-0.412000
19294.001000,1.377000,-0.417000
19295.001000,1.377000,-0.413000
19296.001000,1.377000,-0.416000
19297.001000,1.378000,-0.415000
19298.001000,1.378000,-0.413000
19299.001000,1.377000,-0.410000
19300.001000,1.377000,-0.411000
19301.001000,1.377000,-0.414000
19302.001000,1.378000,-0.417000
19303.001000,1.377000,-0.415000
19304.001000,1.377000,-0.414000
19305.001000,1.378000,-0.416000
19306.001000,1.377000,-0.412000
19307.001000,1.376000,-0.414000
19308.001000,1.376000,-0.413000
19309.001000,1.377000,-0.423000
19310.001000,1.377000,-0.422000
19311.001000,1.376000,-0.418000
19312.001000,1.376000,-0.416000
19313.001000,1.377000,-0.415000
19314.001000,1.376000,-0.416000
19315.001000,1.377000,-0.412000
19316.001000,1.377000,-0.419000
19317.001000,1.377000,-0.418000
19318.001000,1.377000,-0.416000
19319.001000,1.377000,-0.421000
19320.001000,1.377000,-0.409000
19321.001000,1.377000,-0.410000
19322.001000,1.377000,-0.411000
19323.001000,1.377000,-0.417000
19324.001000,1.377000,-0.416000
19325.001000,1.377000,-0.422000
19326.001000,1.377000,-0.416000
19327.001000,1.377000,-0.413000
19328.001000,1.378000,-0.415000
19329.001000,1.378000,-0.415000
19330.001000,1.378000,-0.409000
19331.001000,1.378000,-0.407000
19332.001000,1.378000,-0.396000
19333.001000,1.378000,-0.402000
19334.001000,1.378000,-0.409000
19335.001000,1.378000,-0.398000
19336.001000,1.378000,-0.395000
19337.001000,1.377000,-0.390000
19338.001000,1.377000,-0.409000
19339.001000,1.377000,-0.378000
19340.001000,1.377000,-0.389000
19341.001000,1.378000,-0.397000
19342.001000,1.377000,-0.397000
19343.001000,1.378000,-0.402000
19344.001000,1.377000,-0.402000
19345.001000,1.378000,-0.408000
19346.001000,1.378000,-0.409000
19347.001000,1.377000,-0.410000
19348.001000,1.378000,-0.409000
19349.001000,1.378000,-0.393000
19350.001000,1.378000,-0.417000
19351.001000,1.379000,-0.414000
19352.001000,1.379000,-0.414000
19353.001000,1.378000,-0.410000
19354.001000,1.378000,-0.416000
19355.001000,1.378000,-0.417000
19356.001000,1.378000,-0.417000
19357.001000,1.378000,-0.414000
19358.001000,1.379000,-0.414000
19359.001000,1.379000,-0.416000
19360.001000,1.379000,-0.404000
19361.001000,1.378000,-0.405000
19362.001000,1.378000,-0.416000
19363.001000,1.378000,-0.420000
19364.001000,1.378000,-0.408000
19365.001000,1.377000,-0.409000
19366.001000,1.377000,-0.408000
19367.001000,1.377000,-0.393000
19368.001000,1.378000,-0.404000
19369.001000,1.377000,-0.406000
19370.001000,1.378000,-0.398000
19371.001000,1.378000,-0.414000
19372.001000,1.378000,-0.412000
19373.001000,1.377000,-0.388000
19374.001000,1.377000,-0.393000
19375.001000,1.378000,-0.398000
19376.001000,1.378000,-0.404000
19377.001000,1.378000,-0.397000
19378.001000,1.377000,-0.405000
19379.001000,1.377000,-0.410000
19380.001000,1.377000,-0.404000
19381.001000,1.377000,-0.387000
19382.001000,1.377000,-0.389000
19383.001000,1.377000,-0.408000
19384.001000,1.377000,-0.389000
19385.001000,1.377000,-0.407000
19386.001000,1.378000,-0.397000
19387.001000,1.378000,-0.419000
19388.001000,1.377000,-0.414000
19389.001000,1.377000,-0.414000
19390.001000,1.378000,-0.417000
19391.001000,1.378000,-0.416000
19392.001000,1.378000,-0.406000
19393.001000,1.377000,-0.413000
19394.001000,1.377000,-0.414000
19395.001000,1.377000,-0.407000
19396.001000,1.378000,-0.412000
19397.001000,1.378000,-0.418000
19398.001000,1.378000,-0.411000
19399.001000,1.378000,-0.414000
19400.001000,1.378000,-0.404000
19401.001000,1.378000,-0.415000
19402.001000,1.378000,-0.407000
19403.001000,1.378000,-0.412000
19404.001000,1.378000,-0.411000
19405.001000,1.377000,-0.412000
19406.001000,1.378000,-0.418000
19407.001000,1.378000,-0.416000
19408.001000,1.378000,-0.407000
19409.001000,1.378000,-0.412000
19410.001000,1.378000,-0.419000
19411.001000,1.379000,-0.413000
19412.001000,1.378000,-0.411000
19413.001000,1.378000,-0.400000
19414.001000,1.378000,-0.394000
19415.001000,1.378000,-0.394000
19416.001000,1.378000,-0.411000
19417.001000,1.378000,-0.389000
19418.001000,1.378000,-0.395000
19419.001000,1.378000,-0.390000
19420.001000,1.378000,-0.381000
19421.001000,1.378000,-0.378000
19422.001000,1.379000,-0.386000
19423.001000,1.379000,-0.415000
19424.001000,1.379000,-0.409000
19425.001000,1.379000,-0.396000
19426.001000,1.379000,-0.395000
19427.001000,1.379000,-0.402000
19428.001000,1.379000,-0.388000
19429.001000,1.379000,-0.398000
19430.001000,1.379000,-0.393000
19431.001000,1.379000,-0.397000
19432.001000,1.379000,-0.397000
19433.001000,1.378000,-0.392000
19434.001000,1.379000,-0.386000
19435.001000,1.379000,-0.406000
19436.001000,1.379000,-0.406000
19437.001000,1.379000,-0.404000
19438.001000,1.379000,-0.419000
19439.001000,1.379000,-0.412000
19440.001000,1.379000,-0.412000
19441.001000,1.379000,-0.410000
19442.001000,1.380000,-0.422000
19443.001000,1.380000,-0.428000
19444.001000,1.380000,-0.414000
19445.001000,1.381000,-0.411000
19446.001000,1.381000,-0.410000
19447.001000,1.381000,-0.401000
19448.001000,1.381000,-0.409000
19449.001000,1.381000,-0.411000
19450.001000,1.380000,-0.413000
19451.001000,1.381000,-0.404000
19452.001000,1.381000,-0.403000
19453.001000,1.380000,-0.399000
19454.001000,1.380000,-0.402000
19455.001000,1.380000,-0.390000
19456.001000,1.380000,-0.394000
19457.001000,1.380000,-0.405000
19458.001000,1.380000,-0.408000
19459.001000,1.380000,-0.418000
19460.001000,1.381000,-0.416000
19461.001000,1.381000,-0.415000
19462.001000,1.380000,-0.416000
19463.001000,1.380000,-0.410000
19464.001000,1.381000,-0.399000
19465.001000,1.381000,-0.401000
19466.001000,1.381000,-0.406000
19467.001000,1.380000,-0.404000
19468.001000,1.380000,-0.396000
19469.001000,1.380000,-0.402000
19470.001000,1.380000,-0.412000
19471.001000,1.380000,-0.403000
19472.001000,1.380000,-0.414000
19473.001000,1.379000,-0.419000
19474.001000,1.379000,-0.419000
19475.001000,1.380000,-0.413000
19476.001000,1.380000,-0.402000
19477.001000,1.379000,-0.418000
19478.001000,1.379000,-0.419000
19479.001000,1.380000,-0.417000
19480.001000,1.379000,-0.411000
19481.001000,1.379000,-0.421000
19482.001000,1.379000,-0.425000
19483.001000,1.379000,-0.418000
19484.001000,1.379000,-0.414000
19485.001000,1.379000,-0.405000
19486.001000,1.378000,-0.406000
19487.001000,1.378000,-0.387000
19488.001000,1.378000,-0.417000
19489.001000,1.378000,-0.393000
19490.001000,1.378000,-0.396000
19491.001000,1.378000,-0.387000
19492.001000,1.378000,-0.396000
19493.001000,1.378000,-0.418000
19494.001000,1.379000,-0.407000
19495.001000,1.379000,-0.403000
19496.001000,1.379000,-0.400000
19497.001000,1.379000,-0.412000
19498.001000,1.379000,-0.411000
19499.001000,1.379000,-0.411000
19500.001000,1.379000,-0.412000
19501.001000,1.379000,-0.419000
19502.001000,1.379000,-0.419000
19503.001000,1.379000,-0.416000
19504.001000,1.378000,-0.415000
19505.001000,1.378000,-0.399000
19506.001000,1.378000,-0.396000
19507.001000,1.379000,-0.405000
19508.001000,1.379000,-0.394000
19509.001000,1.379000,-0.400000
19510.001000,1.379000,-0.395000
19511.001000,1.379000,-0.398000
19512.001000,1.379000,-0.387000
19513.001000,1.378000,-0.379000
19514.001000,1.379000,-0.381000
19515.001000,1.378000,-0.377000
19516.001000,1.378000,-0.375000
19517.001000,1.378000,-0.386000
19518.001000,1.379000,-0.401000
19519.001000,1.378000,-0.395000
19520.001000,1.378000,-0.389000
19521.001000,1.378000,-0.388000
19522.001000,1.378000,-0.391000
19523.001000,1.378000,-0.401000
19524.001000,1.378000,-0.404000
19525.001000,1.378000,-0.389000
19526.001000,1.378000,-0.405000
19527.001000,1.378000,-0.392000
19528.001000,1.378000,-0.398000
19529.001000,1.378000,-0.395000
19530.001000,1.378000,-0.407000
19531.001000,1.378000,-0.378000
19532.001000,1.378000,-0.399000
19533.001000,1.378000,-0.388000
19534.001000,1.378000,-0.399000
19535.001000,1.378000,-0.408000
19536.001000,1.378000,-0.404000
19537.001000,1.378000,-0.411000
19538.001000,1.378000,-0.415000
19539.001000,1.378000,-0.418000
19540.001000,1.377000,-0.416000
19541.001000,1.378000,-0.411000
19542.001000,1.378000,-0.420000
19543.001000,1.378000,-0.409000
19544.001000,1.378000,-0.399000
19545.001000,1.378000,-0.395000
19546.001000,1.378000,-0.392000
19547.001000,1.378000,-0.416000
19548.001000,1.377000,-0.410000
19549.001000,1.378000,-0.425000
19550.001000,1.378000,-0.415000
19551.001000,1.379000,-0.419000
19552.001000,1.379000,-0.417000
19553.001000,1.378000,-0.423000
19554.001000,1.378000,-0.403000
19555.001000,1.378000,-0.415000
19556.001000,1.378000,-0.415000
19557.001000,1.378000,-0.415000
19558.001000,1.378000,-0.420000
19559.001000,1.378000,-0.409000
19560.001000,1.378000,-0.414000
19561.001000,1.378000,-0.411000
19562.001000,1.378000,-0.419000
19563.001000,1.378000,-0.403000
19564.001000,1.377000,-0.419000
19565.001000,1.377000,-0.405000
19566.001000,1.378000,-0.403000
19567.001000,1.377000,-0.400000
19568.001000,1.378000,-0.395000
19569.001000,1.378000,-0.418000
19570.001000,1.378000,-0.421000
19571.001000,1.378000,-0.413000
19572.001000,1.377000,-0.419000
19573.001000,1.377000,-0.408000
19574.001000,1.377000,-0.408000
19575.001000,1.377000,-0.405000
19576.001000,1.378000,-0.395000
19577.001000,1.377000,-0.400000
19578.001000,1.378000,-0.405000
19579.001000,1.377000,-0.417000
19580.001000,1.377000,-0.395000
19581.001000,1.377000,-0.401000
19582.001000,1.377000,-0.403000
19583.001000,1.377000,-0.401000
19584.001000,1.377000,-0.397000
19585.001000,1.377000,-0.407000
19586.001000,1.377000,-0.407000
19587.001000,1.377000,-0.410000
19588.001000,1.377000,-0.389000
19589.001000,1.377000,-0.400000
19590.001000,1.377000,-0.412000
19591.001000,1.377000,-0.399000
19592.001000,1.378000,-0.390000
19593.001000,1.377000,-0.387000
19594.001000,1.377000,-0.387000
19595.001000,1.377000,-0.382000
19596.001000,1.377000,-0.378000
19597.001000,1.378000,-0.379000
19598.001000,1.378000,-0.377000
19599.001000,1.377000,-0.380000
19600.001000,1.377000,-0.380000
19601.001000,1.378000,-0.397000
19602.001000,1.377000,-0.387000
19603.001000,1.378000,-0.380000
19604.001000,1.377000,-0.386000
19605.001000,1.377000,-0.374000
19606.001000,1.377000,-0.376000
19607.001000,1.377000,-0.377000
19608.001000,1.377000,-0.381000
19609.001000,1.378000,-0.375000
19610.001000,1.378000,-0.375000
19611.001000,1.378000,-0.381000
19612.001000,1.379000,-0.379000
19613.001000,1.379000,-0.376000
19614.001000,1.379000,-0.372000
19615.001000,1.379000,-0.383000
19616.001000,1.380000,-0.384000
19617.001000,1.379000,-0.384000
19618.001000,1.380000,-0.383000
19619.001000,1.380000,-0.384000
19620.001000,1.380000,-0.377000
19621.001000,1.380000,-0.376000
19622.001000,1.379000,-0.382000
19623.001000,1.379000,-0.374000
19624.001000,1.380000,-0.375000
19625.001000,1.380000,-0.375000
19626.001000,1.379000,-0.376000
19627.001000,1.379000,-0.377000
19628.001000,1.379000,-0.384000
19629.001000,1.379000,-0.375000
19630.001000,1.380000,-0.387000
19631.001000,1.380000,-0.383000
19632.001000,1.380000,-0.379000
19633.001000,1.379000,-0.384000
19634.001000,1.380000,-0.376000
19635.001000,1.380000,-0.385000
19636.001000,1.380000,-0.384000
19637.001000,1.380000,-0.383000
19638.001000,1.380000,-0.378000
19639.001000,1.380000,-0.375000
19640.001000,1.380000,-0.376000
19641.001000,1.380000,-0.384000
19642.001000,1.380000,-0.382000
19643.001000,1.380000,-0.389000
19644.001000,1.380000,-0.383000
19645.001000,1.379000,-0.393000
19646.001000,1.380000,-0.387000
19647.001000,1.380000,-0.385000
19648.001000,1.380000,-0.391000
19649.001000,1.380000,-0.386000
19650.001000,1.380000,-0.385000
19651.001000,1.380000,-0.391000
19652.001000,1.380000,-0.383000
19653.001000,1.380000,-0.384000
19654.001000,1.380000,-0.389000
19655.001000,1.380000,-0.382000
19656.001000,1.381000,-0.382000
19657.001000,1.380000,-0.383000
19658.001000,1.380000,-0.381000
19659.001000,1.380000,-0.377000
19660.001000,1.381000,-0.378000
19661.001000,1.381000,-0.379000
19662.001000,1.381000,-0.379000
19663.001000,1.380000,-0.384000
19664.001000,1.380000,-0.381000
19665.001000,1.380000,-0.383000
19666.001000,1.380000,-0.384000
19667.001000,1.380000,-0.388000
19668.001000,1.380000,-0.389000
19669.001000,1.380000,-0.388000
19670.001000,1.381000,-0.386000
19671.001000,1.381000,-0.390000
19672.001000,1.381000,-0.386000
19673.001000,1.381000,-0.387000
19674.001000,1.381000,-0.388000
19675.001000,1.381000,-0.384000
19676.001000,1.381000,-0.380000
19677.001000,1.382000,-0.381000
19678.001000,1.382000,-0.381000
19679.001000,1.382000,-0.386000
19680.001000,1.381000,-0.396000
19681.001000,1.381000,-0.380000
19682.001000,1.381000,-0.385000
19683.001000,1.382000,-0.378000
19684.001000,1.382000,-0.378000
19685.001000,1.383000,-0.377000
19686.001000,1.383000,-0.378000
19687.001000,1.383000,-0.380000
19688.001000,1.382000,-0.380000
19689.001000,1.383000,-0.382000
19690.001000,1.383000,-0.376000
19691.001000,1.383000,-0.380000
19692.001000,1.383000,-0.377000
19693.001000,1.382000,-0.376000
19694.001000,1.383000,-0.371000
19695.001000,1.383000,-0.376000
19696.001000,1.382000,-0.378000
19697.001000,1.382000,-0.373000
19698.001000,1.382000,-0.374000
19699.001000,1.382000,-0.382000
19700.001000,1.383000,-0.375000
19701.001000,1.382000,-0.378000
19702.001000,1.382000,-0.379000
19703.001000,1.383000,-0.377000
19704.001000,1.383000,-0.381000
19705.001000,1.383000,-0.377000
19706.001000,1.383000,-0.378000
19707.001000,1.382000,-0.382000
19708.001000,1.383000,-0.381000
19709.001000,1.384000,-0.381000
19710.001000,1.384000,-0.378000
19711.001000,1.384000,-0.373000
19712.001000,1.384000,-0.377000
19713.001000,1.384000,-0.376000
19714.001000,1.384000,-0.376000
19715.001000,1.384000,-0.373000
19716.001000,1.384000,-0.373000
19717.001000,1.384000,-0.374000
19718.001000,1.385000,-0.381000
19719.001000,1.385000,-0.376000
19720.001000,1.385000,-0.379000
19721.001000,1.386000,-0.380000
19722.001000,1.386000,-0.381000
19723.001000,1.386000,-0.377000
19724.001000,1.386000,-0.382000
19725.001000,1.386000,-0.379000
19726.001000,1.386000,-0.381000
19727.001000,1.386000,-0.375000
19728.001000,1.386000,-0.376000
19729.001000,1.386000,-0.386000
19730.001000,1.386000,-0.374000
19731.001000,1.386000,-0.379000
19732.001000,1.387000,-0.378000
19733.001000,1.387000,-0.377000
19734.001000,1.387000,-0.384000
19735.001000,1.387000,-0.385000
19736.001000,1.387000,-0.385000
19737.001000,1.387000,-0.387000
19738.001000,1.387000,-0.382000
19739.001000,1.387000,-0.377000
19740.001000,1.387000,-0.377000
19741.001000,1.388000,-0.380000
19742.001000,1.388000,-0.378000
19743.001000,1.387000,-0.377000
19744.001000,1.388000,-0.379000
19745.001000,1.388000,-0.380000
19746.001000,1.389000,-0.376000
19747.001000,1.389000,-0.373000
19748.001000,1.388000,-0.381000
19749.001000,1.388000,-0.382000
19750.001000,1.389000,-0.379000
19751.001000,1.390000,-0.378000
19752.001000,1.389000,-0.381000
19753.001000,1.389000,-0.380000
19754.001000,1.390000,-0.374000
19755.001000,1.390000,-0.377000
19756.001000,1.389000,-0.375000
19757.001000,1.389000,-0.376000
19758.001000,1.390000,-0.376000
19759.001000,1.390000,-0.381000
19760.001000,1.390000,-0.375000
19761.001000,1.391000,-0.381000
19762.001000,1.391000,-0.377000
19763.001000,1.391000,-0.376000
19764.001000,1.391000,-0.384000
19765.001000,1.391000,-0.377000
19766.001000,1.392000,-0.383000
19767.001000,1.392000,-0.381000
19768.001000,1.391000,-0.378000
19769.001000,1.392000,-0.380000
19770.001000,1.393000,-0.382000
19771.001000,1.392000,-0.382000
19772.001000,1.392000,-0.375000
19773.001000,1.392000,-0.375000
19774.001000,1.392000,-0.377000
19775.001000,1.392000,-0.378000
19776.001000,1.392000,-0.376000
19777.001000,1.392000,-0.375000
19778.001000,1.392000,-0.377000
19779.001000,1.393000,-0.379000
19780.001000,1.393000,-0.384000
19781.001000,1.393000,-0.385000
19782.001000,1.391000,-0.385000
19783.001000,1.392000,-0.380000
19784.001000,1.392000,-0.376000
19785.001000,1.392000,-0.372000
19786.001000,1.392000,-0.371000
19787.001000,1.392000,-0.369000
19788.001000,1.392000,-0.378000
19789.001000,1.392000,-0.385000
19790.001000,1.391000,-0.382000
19791.001000,1.392000,-0.379000
19792.001000,1.391000,-0.381000
19793.001000,1.392000,-0.373000
19794.001000,1.392000,-0.374000
19795.001000,1.391000,-0.373000
19796.001000,1.391000,-0.368000
19797.001000,1.391000,-0.372000
19798.001000,1.392000,-0.375000
19799.001000,1.392000,-0.373000
19800.001000,1.391000,-0.372000
19801.001000,1.392000,-0.372000
19802.001000,1.392000,-0.373000
19803.001000,1.392000,-0.373000
19804.001000,1.392000,-0.368000
19805.001000,1.392000,-0.368000
19806.001000,1.392000,-0.372000
19807.001000,1.392000,-0.374000
19808.001000,1.393000,-0.372000
19809.001000,1.393000,-0.377000
19810.001000,1.392000,-0.377000
19811.001000,1.392000,-0.377000
19812.001000,1.392000,-0.374000
19813.001000,1.393000,-0.375000
19814.001000,1.392000,-0.372000
19815.001000,1.392000,-0.370000
19816.001000,1.393000,-0.370000
19817.001000,1.393000,-0.369000
19818.001000,1.393000,-0.369000
19819.001000,1.393000,-0.371000
19820.001000,1.392000,-0.376000
19821.001000,1.392000,-0.373000
19822.001000,1.392000,-0.375000
19823.001000,1.393000,-0.376000
19824.001000,1.393000,-0.368000
19825.001000,1.393000,-0.369000
19826.001000,1.393000,-0.374000
19827.001000,1.392000,-0.374000
19828.001000,1.392000,-0.374000
19829.001000,1.393000,-0.380000
19830.001000,1.393000,-0.378000
19831.001000,1.391000,-0.381000
19832.001000,1.392000,-0.379000
19833.001000,1.392000,-0.381000
19834.001000,1.392000,-0.381000
19835.001000,1.393000,-0.380000
19836.001000,1.392000,-0.380000
19837.001000,1.392000,-0.382000
19838.001000,1.391000,-0.385000
19839.001000,1.391000,-0.379000
19840.001000,1.392000,-0.379000
19841.001000,1.392000,-0.373000
19842.001000,1.392000,-0.374000
19843.001000,1.391000,-0.376000
19844.001000,1.390000,-0.379000
19845.001000,1.390000,-0.377000
19846.001000,1.390000,-0.375000
19847.001000,1.390000,-0.376000
19848.001000,1.390000,-0.371000
19849.001000,1.390000,-0.376000
19850.001000,1.391000,-0.370000
19851.001000,1.390000,-0.372000
19852.001000,1.391000,-0.378000
19853.001000,1.390000,-0.389000
19854.001000,1.390000,-0.389000
19855.001000,1.390000,-0.383000
19856.001000,1.391000,-0.381000
19857.001000,1.390000,-0.383000
19858.001000,1.390000,-0.399000
19859.001000,1.390000,-0.403000
19860.001000,1.390000,-0.402000
19861.001000,1.390000,-0.403000
19862.001000,1.391000,-0.401000
19863.001000,1.391000,-0.400000
19864.001000,1.391000,-0.404000
19865.001000,1.391000,-0.402000
19866.001000,1.391000,-0.402000
19867.001000,1.390000,-0.407000
19868.001000,1.391000,-0.405000
19869.001000,1.391000,-0.404000
19870.001000,1.391000,-0.404000
19871.001000,1.392000,-0.406000
19872.001000,1.392000,-0.405000
19873.001000,1.392000,-0.399000
19874.001000,1.391000,-0.401000
19875.001000,1.392000,-0.405000
19876.001000,1.392000,-0.402000
19877.001000,1.392000,-0.401000
19878.001000,1.391000,-0.399000
19879.001000,1.392000,-0.399000
19880.001000,1.392000,-0.400000
19881.001000,1.392000,-0.400000
19882.001000,1.392000,-0.406000
19883.001000,1.391000,-0.402000
19884.001000,1.392000,-0.400000
19885.001000,1.392000,-0.396000
19886.001000,1.392000,-0.399000
19887.001000,1.392000,-0.397000
19888.001000,1.392000,-0.399000
19889.001000,1.392000,-0.410000
19890.001000,1.391000,-0.412000
19891.001000,1.391000,-0.407000
19892.001000,1.392000,-0.406000
19893.001000,1.392000,-0.402000
19894.001000,1.392000,-0.396000
19895.001000,1.392000,-0.395000
19896.001000,1.392000,-0.397000
19897.001000,1.393000,-0.399000
19898.001000,1.392000,-0.399000
19899.001000,1.393000,-0.401000
19900.001000,1.392000,-0.404000
19901.001000,1.392000,-0.405000
19902.001000,1.392000,-0.403000
19903.001000,1.392000,-0.401000
19904.001000,1.392000,-0.400000
19905.001000,1.393000,-0.404000
19906.001000,1.393000,-0.404000
19907.001000,1.393000,-0.405000
19908.001000,1.393000,-0.401000
19909.001000,1.393000,-0.405000
19910.001000,1.393000,-0.403000
19911.001000,1.394000,-0.401000
19912.001000,1.393000,-0.396000
19913.001000,1.393000,-0.396000
19914.001000,1.393000,-0.404000
19915.001000,1.394000,-0.401000
19916.001000,1.394000,-0.401000
19917.001000,1.394000,-0.400000
19918.001000,1.394000,-0.403000
19919.001000,1.394000,-0.399000
19920.001000,1.394000,-0.402000
19921.001000,1.395000,-0.400000
19922.001000,1.394000,-0.402000
19923.001000,1.394000,-0.401000
19924.001000,1.395000,-0.406000
19925.001000,1.395000,-0.403000
19926.001000,1.395000,-0.401000
19927.001000,1.395000,-0.401000
19928.001000,1.395000,-0.393000
19929.001000,1.395000,-0.402000
19930.001000,1.395000,-0.399000
19931.001000,1.395000,-0.396000
19932.001000,1.395000,-0.397000
19933.001000,1.395000,-0.400000
19934.001000,1.395000,-0.398000
19935.001000,1.395000,-0.400000
19936.001000,1.395000,-0.399000
19937.001000,1.395000,-0.399000
19938.001000,1.395000,-0.403000
19939.001000,1.395000,-0.404000
19940.001000,1.395000,-0.397000
19941.001000,1.396000,-0.401000
19942.001000,1.395000,-0.403000
19943.001000,1.395000,-0.402000
19944.001000,1.395000,-0.399000
19945.001000,1.396000,-0.398000
19946.001000,1.396000,-0.403000
19947.001000,1.396000,-0.405000
19948.001000,1.396000,-0.404000
19949.001000,1.396000,-0.405000
19950.001000,1.397000,-0.409000
19951.001000,1.397000,-0.412000
19952.001000,1.396000,-0.402000
19953.001000,1.396000,-0.406000
19954.001000,1.396000,-0.404000
19955.001000,1.397000,-0.405000
19956.001000,1.397000,-0.400000
19957.001000,1.398000,-0.398000
19958.001000,1.398000,-0.408000
19959.001000,1.398000,-0.400000
19960.001000,1.399000,-0.404000
19961.001000,1.399000,-0.394000
19962.001000,1.399000,-0.385000
19963.001000,1.399000,-0.394000
19964.001000,1.399000,-0.389000
19965.001000,1.399000,-0.367000
19966.001000,1.399000,-0.376000
19967.001000,1.399000,-0.373000
19968.001000,1.399000,-0.376000
19969.001000,1.399000,-0.373000
19970.001000,1.399000,-0.377000
19971.001000,1.400000,-0.367000
19972.001000,1.400000,-0.368000
19973.001000,1.400000,-0.362000
19974.001000,1.400000,-0.364000
19975.001000,1.400000,-0.362000
19976.001000,1.400000,-0.362000
19977.001000,1.400000,-0.361000
19978.001000,1.400000,-0.358000
19979.001000,1.400000,-0.363000
19980.001000,1.399000,-0.358000
19981.001000,1.399000,-0.360000
19982.001000,1.399000,-0.372000
19983.001000,1.399000,-0.373000
19984.001000,1.399000,-0.390000
19985.001000,1.399000,-0.377000
19986.001000,1.399000,-0.388000
19987.001000,1.399000,-0.399000
19988.001000,1.399000,-0.399000
19989.001000,1.398000,-0.404000
19990.001000,1.399000,-0.401000
19991.001000,1.398000,-0.396000
19992.001000,1.399000,-0.383000
19993.001000,1.399000,-0.377000
19994.001000,1.398000,-0.392000
19995.001000,1.398000,-0.377000
19996.001000,1.398000,-0.390000
19997.001000,1.398000,-0.402000
19998.001000,1.398000,-0.391000
19999.001000,1.399000,-0.395000
20000.001000,1.399000,-0.399000
20001.001000,1.399000,-0.397000
20002.001000,1.400000,-0.396000
20003.001000,1.400000,-0.397000
20004.001000,1.401000,-0.395000
20005.001000,1.401000,-0.391000
20006.001000,1.402000,-0.389000
20007.001000,1.402000,-0.391000
20008.001000,1.402000,-0.395000
20009.001000,1.402000,-0.389000
20010.001000,1.401000,-0.389000
20011.001000,1.401000,-0.385000
20012.001000,1.402000,-0.373000
20013.001000,1.402000,-0.389000
20014.001000,1.402000,-0.389000
20015.001000,1.402000,-0.381000
20016.001000,1.403000,-0.393000
20017.001000,1.403000,-0.386000
20018.001000,1.403000,-0.385000
20019.001000,1.404000,-0.383000
20020.001000,1.403000,-0.385000
20021.001000,1.403000,-0.384000
20022.001000,1.403000,-0.386000
20023.001000,1.403000,-0.382000
20024.001000,1.403000,-0.384000
20025.001000,1.403000,-0.375000
20026.001000,1.403000,-0.370000
20027.001000,1.403000,-0.377000
20028.001000,1.403000,-0.371000
20029.001000,1.403000,-0.381000
20030.001000,1.403000,-0.373000
20031.001000,1.403000,-0.372000
20032.001000,1.403000,-0.370000
20033.001000,1.403000,-0.374000
20034.001000,1.403000,-0.375000
20035.001000,1.403000,-0.376000
20036.001000,1.403000,-0.375000
20037.001000,1.402000,-0.378000
20038.001000,1.402000,-0.377000
20039.001000,1.402000,-0.374000
20040.001000,1.401000,-0.375000
20041.001000,1.401000,-0.370000
20042.001000,1.400000,-0.373000
20043.001000,1.400000,-0.374000
20044.001000,1.401000,-0.377000
20045.001000,1.402000,-0.372000
20046.001000,1.402000,-0.373000
20047.001000,1.402000,-0.370000
20048.001000,1.402000,-0.374000
20049.001000,1.401000,-0.369000
20050.001000,1.399000,-0.368000
20051.001000,1.399000,-0.372000
20052.001000,1.399000,-0.369000
20053.001000,1.400000,-0.369000
20054.001000,1.400000,-0.369000
20055.001000,1.401000,-0.370000
20056.001000,1.400000,-0.367000
20057.001000,1.399000,-0.366000
20058.001000,1.397000,-0.362000
20059.001000,1.397000,-0.366000
20060.001000,1.397000,-0.364000
20061.001000,1.397000,-0.370000
20062.001000,1.396000,-0.369000
20063.001000,1.396000,-0.367000
20064.001000,1.396000,-0.368000
20065.001000,1.396000,-0.365000
20066.001000,1.396000,-0.369000
20067.001000,1.396000,-0.363000
20068.001000,1.396000,-0.368000
20069.001000,1.397000,-0.370000
20070.001000,1.397000,-0.371000
20071.001000,1.398000,-0.373000
20072.001000,1.398000,-0.372000
20073.001000,1.399000,-0.368000
20074.001000,1.399000,-0.370000
20075.001000,1.399000,-0.373000
20076.001000,1.398000,-0.374000
20077.001000,1.397000,-0.372000
20078.001000,1.397000,-0.365000
20079.001000,1.397000,-0.365000
20080.001000,1.396000,-0.366000
20081.001000,1.396000,-0.367000
20082.001000,1.396000,-0.359000
20083.001000,1.397000,-0.362000
20084.001000,1.397000,-0.367000
20085.001000,1.398000,-0.364000
20086.001000,1.399000,-0.364000
20087.001000,1.399000,-0.354000
20088.001000,1.400000,-0.358000
20089.001000,1.400000,-0.375000
20090.001000,1.401000,-0.385000
20091.001000,1.401000,-0.387000
20092.001000,1.402000,-0.391000
20093.001000,1.402000,-0.392000
20094.001000,1.402000,-0.390000
20095.001000,1.402000,-0.397000
20096.001000,1.402000,-0.389000
20097.001000,1.402000,-0.390000
20098.001000,1.402000,-0.393000
20099.001000,1.402000,-0.396000
20100.001000,1.402000,-0.395000
20101.001000,1.402000,-0.389000
20102.001000,1.402000,-0.391000
20103.001000,1.401000,-0.391000
20104.001000,1.402000,-0.392000
20105.001000,1.402000,-0.393000
20106.001000,1.402000,-0.394000
20107.001000,1.402000,-0.387000
20108.001000,1.401000,-0.391000
20109.001000,1.401000,-0.387000
20110.001000,1.402000,-0.385000
20111.001000,1.401000,-0.388000
20112.001000,1.401000,-0.396000
20113.001000,1.401000,-0.397000
20114.001000,1.401000,-0.394000
20115.001000,1.401000,-0.398000
20116.001000,1.400000,-0.394000
20117.001000,1.400000,-0.400000
20118.001000,1.400000,-0.393000
20119.001000,1.401000,-0.397000
20120.001000,1.401000,-0.400000
20121.001000,1.401000,-0.393000
20122.001000,1.401000,-0.401000
20123.001000,1.402000,-0.397000
20124.001000,1.401000,-0.394000
20125.001000,1.401000,-0.396000
20126.001000,1.401000,-0.391000
20127.001000,1.402000,-0.401000
20128.001000,1.402000,-0.391000
20129.001000,1.402000,-0.394000
20130.001000,1.402000,-0.393000
20131.001000,1.402000,-0.397000
20132.001000,1.403000,-0.393000
20133.001000,1.403000,-0.394000
20134.001000,1.403000,-0.388000
20135.001000,1.403000,-0.396000
20136.001000,1.403000,-0.393000
20137.001000,1.403000,-0.390000
20138.001000,1.403000,-0.390000
20139.001000,1.403000,-0.389000
20140.001000,1.404000,-0.387000
20141.001000,1.404000,-0.385000
20142.001000,1.405000,-0.386000
20143.001000,1.405000,-0.391000
20144.001000,1.405000,-0.381000
20145.001000,1.405000,-0.382000
20146.001000,1.405000,-0.381000
20147.001000,1.405000,-0.383000
20148.001000,1.405000,-0.376000
20149.001000,1.405000,-0.380000
20150.001000,1.406000,-0.380000
20151.001000,1.406000,-0.380000
20152.001000,1.406000,-0.388000
20153.001000,1.406000,-0.381000
20154.001000,1.406000,-0.382000
20155.001000,1.406000,-0.386000
20156.001000,1.406000,-0.377000
20157.001000,1.406000,-0.375000
20158.001000,1.407000,-0.382000
20159.001000,1.407000,-0.376000
20160.001000,1.407000,-0.379000
20161.001000,1.407000,-0.380000
20162.001000,1.407000,-0.381000
20163.001000,1.407000,-0.391000
20164.001000,1.407000,-0.395000
20165.001000,1.408000,-0.392000
20166.001000,1.409000,-0.424000
20167.001000,1.409000,-0.396000
20168.001000,1.410000,-0.407000
20169.001000,1.410000,-0.405000
20170.001000,1.411000,-0.402000
20171.001000,1.411000,-0.401000
20172.001000,1.412000,-0.403000
20173.001000,1.412000,-0.395000
20174.001000,1.413000,-0.391000
20175.001000,1.414000,-0.387000
20176.001000,1.414000,-0.394000
20177.001000,1.414000,-0.398000
20178.001000,1.415000,-0.393000
20179.001000,1.416000,-0.394000
20180.001000,1.416000,-0.393000
20181.001000,1.417000,-0.387000
20182.001000,1.418000,-0.389000
20183.001000,1.418000,-0.395000
20184.001000,1.418000,-0.387000
20185.001000,1.418000,-0.386000
20186.001000,1.418000,-0.389000
20187.001000,1.418000,-0.388000
20188.001000,1.419000,-0.396000
20189.001000,1.419000,-0.398000
20190.001000,1.420000,-0.386000
20191.001000,1.420000,-0.389000
20192.001000,1.421000,-0.385000
20193.001000,1.421000,-0.386000
20194.001000,1.422000,-0.386000
20195.001000,1.422000,-0.383000
20196.001000,1.421000,-0.382000
20197.001000,1.418000,-0.395000
20198.001000,1.418000,-0.415000
20199.001000,1.418000,-0.421000
20200.001000,1.419000,-0.417000
20201.001000,1.419000,-0.418000
20202.001000,1.418000,-0.415000
20203.001000,1.418000,-0.415000
20204.001000,1.419000,-0.412000
20205.001000,1.418000,-0.415000
20206.001000,1.419000,-0.407000
20207.001000,1.419000,-0.403000
20208.001000,1.420000,-0.404000
20209.001000,1.420000,-0.405000
20210.001000,1.420000,-0.399000
20211.001000,1.420000,-0.401000
20212.001000,1.420000,-0.401000
20213.001000,1.420000,-0.403000
20214.001000,1.421000,-0.397000
20215.001000,1.421000,-0.404000
20216.001000,1.421000,-0.397000
20217.001000,1.421000,-0.394000
20218.001000,1.422000,-0.402000
20219.001000,1.422000,-0.400000
20220.001000,1.422000,-0.396000
20221.001000,1.422000,-0.393000
20222.001000,1.420000,-0.393000
20223.001000,1.417000,-0.381000
20224.001000,1.416000,-0.384000
20225.001000,1.416000,-0.380000
20226.001000,1.416000,-0.378000
20227.001000,1.415000,-0.378000
20228.001000,1.415000,-0.373000
20229.001000,1.415000,-0.374000
20230.001000,1.415000,-0.377000
20231.001000,1.415000,-0.375000
20232.001000,1.414000,-0.377000
20233.001000,1.414000,-0.376000
20234.001000,1.414000,-0.372000
20235.001000,1.414000,-0.374000
20236.001000,1.415000,-0.379000
20237.001000,1.414000,-0.382000
20238.001000,1.414000,-0.382000
20239.001000,1.414000,-0.383000
20240.001000,1.414000,-0.377000
20241.001000,1.415000,-0.384000
20242.001000,1.415000,-0.386000
20243.001000,1.414000,-0.379000
20244.001000,1.414000,-0.370000
20245.001000,1.414000,-0.374000
20246.001000,1.413000,-0.374000
20247.001000,1.413000,-0.371000
20248.001000,1.413000,-0.377000
20249.001000,1.413000,-0.377000
20250.001000,1.412000,-0.378000
20251.001000,1.412000,-0.380000
20252.001000,1.411000,-0.376000
20253.001000,1.411000,-0.378000
20254.001000,1.411000,-0.372000
20255.001000,1.411000,-0.371000
20256.001000,1.412000,-0.369000
20257.001000,1.412000,-0.375000
20258.001000,1.412000,-0.374000
20259.001000,1.412000,-0.375000
20260.001000,1.413000,-0.376000
20261.001000,1.412000,-0.380000
20262.001000,1.413000,-0.374000
20263.001000,1.413000,-0.375000
20264.001000,1.413000,-0.379000
20265.001000,1.413000,-0.379000
20266.001000,1.414000,-0.381000
20267.001000,1.414000,-0.378000
20268.001000,1.414000,-0.378000
20269.001000,1.414000,-0.370000
20270.001000,1.414000,-0.373000
20271.001000,1.413000,-0.375000
20272.001000,1.414000,-0.377000
20273.001000,1.414000,-0.376000
20274.001000,1.414000,-0.376000
20275.001000,1.414000,-0.369000
20276.001000,1.414000,-0.364000
20277.001000,1.414000,-0.367000
20278.001000,1.414000,-0.379000
20279.001000,1.414000,-0.381000
20280.001000,1.414000,-0.397000
20281.001000,1.414000,-0.401000
20282.001000,1.413000,-0.409000
20283.001000,1.414000,-0.408000
20284.001000,1.414000,-0.408000
20285.001000,1.414000,-0.413000
20286.001000,1.413000,-0.407000
20287.001000,1.414000,-0.412000
20288.001000,1.413000,-0.410000
20289.001000,1.414000,-0.403000
20290.001000,1.414000,-0.405000
20291.001000,1.414000,-0.398000
20292.001000,1.415000,-0.398000
20293.001000,1.415000,-0.398000
20294.001000,1.415000,-0.405000
20295.001000,1.415000,-0.400000
20296.001000,1.415000,-0.400000
20297.001000,1.416000,-0.396000
20298.001000,1.416000,-0.403000
20299.001000,1.417000,-0.398000
20300.001000,1.417000,-0.405000
20301.001000,1.417000,-0.402000
20302.001000,1.418000,-0.404000
20303.001000,1.418000,-0.397000
20304.001000,1.419000,-0.400000
20305.001000,1.419000,-0.408000
20306.001000,1.419000,-0.397000
20307.001000,1.417000,-0.410000
20308.001000,1.417000,-0.408000
20309.001000,1.417000,-0.405000
20310.001000,1.416000,-0.404000
20311.001000,1.415000,-0.405000
20312.001000,1.415000,-0.404000
20313.001000,1.415000,-0.410000
20314.001000,1.416000,-0.390000
20315.001000,1.414000,-0.367000
20316.001000,1.414000,-0.370000
20317.001000,1.414000,-0.370000
20318.001000,1.415000,-0.364000
20319.001000,1.415000,-0.370000
20320.001000,1.416000,-0.366000
20321.001000,1.416000,-0.364000
20322.001000,1.415000,-0.366000
20323.001000,1.415000,-0.378000
20324.001000,1.415000,-0.380000
20325.001000,1.415000,-0.376000
20326.001000,1.414000,-0.378000
20327.001000,1.414000,-0.380000
20328.001000,1.414000,-0.372000
20329.001000,1.414000,-0.371000
20330.001000,1.414000,-0.374000
20331.001000,1.414000,-0.372000
20332.001000,1.414000,-0.370000
20333.001000,1.414000,-0.371000
20334.001000,1.414000,-0.375000
20335.001000,1.414000,-0.373000
20336.001000,1.414000,-0.369000
20337.001000,1.413000,-0.368000
20338.001000,1.413000,-0.369000
20339.001000,1.414000,-0.368000
20340.001000,1.414000,-0.368000
20341.001000,1.414000,-0.371000
20342.001000,1.414000,-0.371000
20343.001000,1.414000,-0.373000
20344.001000,1.414000,-0.373000
20345.001000,1.414000,-0.369000
20346.001000,1.414000,-0.368000
20347.001000,1.414000,-0.372000
20348.001000,1.414000,-0.371000
20349.001000,1.413000,-0.367000
20350.001000,1.413000,-0.371000
20351.001000,1.413000,-0.371000
20352.001000,1.413000,-0.369000
20353.001000,1.413000,-0.373000
20354.001000,1.413000,-0.369000
20355.001000,1.412000,-0.369000
20356.001000,1.412000,-0.367000
20357.001000,1.412000,-0.372000
20358.001000,1.413000,-0.375000
20359.001000,1.413000,-0.375000
20360.001000,1.413000,-0.376000
20361.001000,1.414000,-0.379000
20362.001000,1.414000,-0.375000
20363.001000,1.414000,-0.383000
20364.001000,1.414000,-0.379000
20365.001000,1.415000,-0.381000
20366.001000,1.415000,-0.384000
20367.001000,1.416000,-0.380000
20368.001000,1.416000,-0.377000
20369.001000,1.416000,-0.381000
20370.001000,1.417000,-0.380000
20371.001000,1.417000,-0.377000
20372.001000,1.417000,-0.382000
20373.001000,1.418000,-0.384000
20374.001000,1.418000,-0.378000
20375.001000,1.419000,-0.383000
20376.001000,1.418000,-0.376000
20377.001000,1.418000,-0.374000
20378.001000,1.419000,-0.373000
20379.001000,1.419000,-0.385000
20380.001000,1.420000,-0.382000
20381.001000,1.420000,-0.378000
20382.001000,1.419000,-0.384000
20383.001000,1.418000,-0.380000
20384.001000,1.417000,-0.382000
20385.001000,1.417000,-0.382000
20386.001000,1.417000,-0.388000
20387.001000,1.417000,-0.386000
20388.001000,1.417000,-0.380000
20389.001000,1.417000,-0.381000
20390.001000,1.417000,-0.384000
20391.001000,1.417000,-0.378000
20392.001000,1.416000,-0.385000
20393.001000,1.416000,-0.388000
20394.001000,1.416000,-0.394000
20395.001000,1.417000,-0.393000
20396.001000,1.417000,-0.381000
20397.001000,1.416000,-0.401000
20398.001000,1.416000,-0.392000
20399.001000,1.416000,-0.398000
20400.001000,1.416000,-0.398000
20401.001000,1.417000,-0.394000
20402.001000,1.417000,-0.391000
20403.001000,1.417000,-0.390000
20404.001000,1.417000,-0.391000
20405.001000,1.418000,-0.396000
20406.001000,1.419000,-0.392000
20407.001000,1.419000,-0.393000
20408.001000,1.419000,-0.394000
20409.001000,1.420000,-0.401000
20410.001000,1.420000,-0.399000
20411.001000,1.421000,-0.389000
20412.001000,1.421000,-0.404000
20413.001000,1.421000,-0.404000
20414.001000,1.422000,-0.399000
20415.001000,1.422000,-0.400000
20416.001000,1.422000,-0.396000
20417.001000,1.423000,-0.399000
20418.001000,1.423000,-0.403000
20419.001000,1.422000,-0.407000
20420.001000,1.422000,-0.404000
20421.001000,1.420000,-0.404000
20422.001000,1.419000,-0.406000
20423.001000,1.419000,-0.411000
20424.001000,1.420000,-0.411000
20425.001000,1.420000,-0.411000
20426.001000,1.420000,-0.408000
20427.001000,1.420000,-0.415000
20428.001000,1.420000,-0.411000
20429.001000,1.420000,-0.409000
20430.001000,1.420000,-0.412000
20431.001000,1.421000,-0.415000
20432.001000,1.421000,-0.413000
20433.001000,1.421000,-0.411000
20434.001000,1.422000,-0.414000
20435.001000,1.422000,-0.409000
20436.001000,1.423000,-0.411000
20437.001000,1.424000,-0.421000
20438.001000,1.424000,-0.419000
20439.001000,1.424000,-0.415000
20440.001000,1.425000,-0.418000
20441.001000,1.425000,-0.414000
20442.001000,1.425000,-0.416000
20443.001000,1.425000,-0.418000
20444.001000,1.425000,-0.407000
20445.001000,1.425000,-0.397000
20446.001000,1.425000,-0.414000
20447.001000,1.425000,-0.414000
20448.001000,1.424000,-0.401000
20449.001000,1.424000,-0.404000
20450.001000,1.424000,-0.401000
20451.001000,1.425000,-0.392000
20452.001000,1.424000,-0.396000
20453.001000,1.424000,-0.385000
20454.001000,1.424000,-0.382000
20455.001000,1.423000,-0.384000
20456.001000,1.423000,-0.378000
20457.001000,1.423000,-0.384000
20458.001000,1.423000,-0.383000
20459.001000,1.423000,-0.384000
20460.001000,1.423000,-0.380000
20461.001000,1.424000,-0.388000
20462.001000,1.423000,-0.389000
20463.001000,1.424000,-0.382000
20464.001000,1.424000,-0.386000
20465.001000,1.424000,-0.384000
20466.001000,1.424000,-0.385000
20467.001000,1.424000,-0.386000
20468.001000,1.424000,-0.382000
20469.001000,1.425000,-0.385000
20470.001000,1.425000,-0.385000
20471.001000,1.425000,-0.381000
20472.001000,1.425000,-0.386000
20473.001000,1.425000,-0.386000
20474.001000,1.425000,-0.387000
20475.001000,1.425000,-0.385000
20476.001000,1.425000,-0.386000
20477.001000,1.426000,-0.382000
20478.001000,1.426000,-0.380000
20479.001000,1.426000,-0.381000
20480.001000,1.425000,-0.384000
20481.001000,1.426000,-0.385000
20482.001000,1.426000,-0.383000
20483.001000,1.426000,-0.382000
20484.001000,1.427000,-0.378000
20485.001000,1.427000,-0.382000
20486.001000,1.428000,-0.388000
20487.001000,1.428000,-0.387000
20488.001000,1.428000,-0.387000
20489.001000,1.428000,-0.387000
20490.001000,1.429000,-0.385000
20491.001000,1.429000,-0.383000
20492.001000,1.429000,-0.382000
20493.001000,1.430000,-0.382000
20494.001000,1.431000,-0.384000
20495.001000,1.431000,-0.380000
20496.001000,1.432000,-0.389000
20497.001000,1.432000,-0.387000
20498.001000,1.433000,-0.396000
20499.001000,1.433000,-0.396000
20500.001000,1.433000,-0.393000
20501.001000,1.433000,-0.393000
20502.001000,1.433000,-0.388000
20503.001000,1.433000,-0.387000
20504.001000,1.433000,-0.391000
20505.001000,1.434000,-0.389000
20506.001000,1.434000,-0.399000
20507.001000,1.434000,-0.400000
20508.001000,1.433000,-0.393000
20509.001000,1.433000,-0.384000
20510.001000,1.434000,-0.385000
20511.001000,1.434000,-0.405000
20512.001000,1.433000,-0.393000
20513.001000,1.434000,-0.398000
20514.001000,1.434000,-0.401000
20515.001000,1.434000,-0.386000
20516.001000,1.435000,-0.388000
20517.001000,1.435000,-0.383000
20518.001000,1.435000,-0.394000
20519.001000,1.435000,-0.389000
20520.001000,1.435000,-0.383000
20521.001000,1.436000,-0.368000
20522.001000,1.436000,-0.366000
20523.001000,1.436000,-0.364000
20524.001000,1.436000,-0.366000
20525.001000,1.437000,-0.365000
20526.001000,1.436000,-0.371000
20527.001000,1.435000,-0.368000
20528.001000,1.435000,-0.375000
20529.001000,1.436000,-0.369000
20530.001000,1.436000,-0.372000
20531.001000,1.436000,-0.373000
20532.001000,1.436000,-0.371000
20533.001000,1.435000,-0.379000
20534.001000,1.435000,-0.376000
20535.001000,1.435000,-0.377000
20536.001000,1.435000,-0.371000
20537.001000,1.435000,-0.371000
20538.001000,1.435000,-0.376000
20539.001000,1.436000,-0.379000
20540.001000,1.435000,-0.377000
20541.001000,1.435000,-0.378000
20542.001000,1.435000,-0.379000
20543.001000,1.435000,-0.374000
20544.001000,1.435000,-0.372000
20545.001000,1.435000,-0.373000
20546.001000,1.435000,-0.373000
20547.001000,1.435000,-0.371000
20548.001000,1.435000,-0.380000
20549.001000,1.436000,-0.380000
20550.001000,1.435000,-0.381000
20551.001000,1.435000,-0.383000
20552.001000,1.435000,-0.383000
20553.001000,1.435000,-0.383000
20554.001000,1.436000,-0.380000
20555.001000,1.436000,-0.379000
20556.001000,1.436000,-0.380000
20557.001000,1.436000,-0.384000
20558.001000,1.436000,-0.380000
20559.001000,1.436000,-0.374000
20560.001000,1.436000,-0.371000
20561.001000,1.437000,-0.374000
20562.001000,1.437000,-0.375000
20563.001000,1.437000,-0.376000
20564.001000,1.437000,-0.379000
20565.001000,1.437000,-0.378000
20566.001000,1.437000,-0.378000
20567.001000,1.438000,-0.377000
20568.001000,1.437000,-0.375000
20569.001000,1.438000,-0.377000
20570.001000,1.438000,-0.378000
20571.001000,1.438000,-0.382000
20572.001000,1.438000,-0.381000
20573.001000,1.438000,-0.379000
20574.001000,1.438000,-0.381000
20575.001000,1.438000,-0.377000
20576.001000,1.438000,-0.373000
20577.001000,1.437000,-0.375000
20578.001000,1.436000,-0.370000
20579.001000,1.436000,-0.369000
20580.001000,1.437000,-0.379000
20581.001000,1.437000,-0.376000
20582.001000,1.437000,-0.377000
20583.001000,1.437000,-0.371000
20584.001000,1.435000,-0.358000
20585.001000,1.433000,-0.366000
20586.001000,1.433000,-0.372000
20587.001000,1.432000,-0.343000
20588.001000,1.432000,-0.337000
20589.001000,1.432000,-0.338000
20590.001000,1.431000,-0.336000
20591.001000,1.431000,-0.347000
20592.001000,1.430000,-0.346000
20593.001000,1.431000,-0.342000
20594.001000,1.431000,-0.343000
20595.001000,1.431000,-0.345000
20596.001000,1.431000,-0.350000
20597.001000,1.431000,-0.347000
20598.001000,1.429000,-0.349000
20599.001000,1.429000,-0.348000
20600.001000,1.429000,-0.350000
20601.001000,1.429000,-0.347000
20602.001000,1.429000,-0.345000
20603.001000,1.430000,-0.349000
20604.001000,1.430000,-0.343000
20605.001000,1.430000,-0.349000
20606.001000,1.430000,-0.349000
20607.001000,1.430000,-0.343000
20608.001000,1.430000,-0.343000
20609.001000,1.430000,-0.346000
20610.001000,1.430000,-0.345000
20611.001000,1.430000,-0.340000
20612.001000,1.430000,-0.342000
20613.001000,1.431000,-0.343000
20614.001000,1.431000,-0.344000
20615.001000,1.431000,-0.345000
20616.001000,1.431000,-0.340000
20617.001000,1.431000,-0.342000
20618.001000,1.432000,-0.347000
20619.001000,1.433000,-0.350000
20620.001000,1.433000,-0.354000
20621.001000,1.434000,-0.353000
20622.001000,1.434000,-0.355000
20623.001000,1.435000,-0.349000
20624.001000,1.435000,-0.349000
20625.001000,1.436000,-0.354000
20626.001000,1.435000,-0.353000
20627.001000,1.435000,-0.354000
20628.001000,1.434000,-0.355000
20629.001000,1.434000,-0.355000
20630.001000,1.435000,-0.352000
20631.001000,1.435000,-0.356000
20632.001000,1.435000,-0.357000
20633.001000,1.435000,-0.355000
20634.001000,1.435000,-0.352000
20635.001000,1.436000,-0.352000
20636.001000,1.436000,-0.360000
20637.001000,1.436000,-0.356000
20638.001000,1.437000,-0.353000
20639.001000,1.437000,-0.354000
20640.001000,1.437000,-0.353000
20641.001000,1.436000,-0.354000
20642.001000,1.436000,-0.354000
20643.001000,1.435000,-0.349000
20644.001000,1.434000,-0.344000
20645.001000,1.435000,-0.348000
20646.001000,1.435000,-0.351000
20647.001000,1.436000,-0.350000
20648.001000,1.436000,-0.353000
20649.001000,1.437000,-0.348000
20650.001000,1.437000,-0.364000
20651.001000,1.436000,-0.351000
20652.001000,1.437000,-0.349000
20653.001000,1.437000,-0.353000
20654.001000,1.437000,-0.362000
20655.001000,1.437000,-0.352000
20656.001000,1.437000,-0.350000
20657.001000,1.437000,-0.344000
20658.001000,1.436000,-0.345000
20659.001000,1.436000,-0.346000
20660.001000,1.436000,-0.346000
20661.001000,1.437000,-0.340000
20662.001000,1.437000,-0.343000
20663.001000,1.437000,-0.344000
20664.001000,1.436000,-0.344000
20665.001000,1.436000,-0.348000
20666.001000,1.436000,-0.347000
20667.001000,1.436000,-0.348000
20668.001000,1.437000,-0.347000
20669.001000,1.436000,-0.345000
20670.001000,1.435000,-0.346000
20671.001000,1.435000,-0.343000
20672.001000,1.435000,-0.345000
20673.001000,1.435000,-0.348000
20674.001000,1.436000,-0.346000
20675.001000,1.435000,-0.353000
20676.001000,1.435000,-0.352000
20677.001000,1.435000,-0.349000
20678.001000,1.435000,-0.351000
20679.001000,1.435000,-0.350000
20680.001000,1.435000,-0.345000
20681.001000,1.434000,-0.349000
20682.001000,1.434000,-0.348000
20683.001000,1.434000,-0.346000
20684.001000,1.434000,-0.344000
20685.001000,1.435000,-0.355000
20686.001000,1.435000,-0.348000
20687.001000,1.435000,-0.344000
20688.001000,1.435000,-0.345000
20689.001000,1.435000,-0.346000
20690.001000,1.436000,-0.349000
20691.001000,1.436000,-0.349000
20692.001000,1.435000,-0.343000
20693.001000,1.435000,-0.352000
20694.001000,1.436000,-0.346000
20695.001000,1.436000,-0.345000
20696.001000,1.435000,-0.350000
20697.001000,1.435000,-0.349000
20698.001000,1.436000,-0.353000
20699.001000,1.436000,-0.352000
20700.001000,1.436000,-0.354000
20701.001000,1.436000,-0.350000
20702.001000,1.436000,-0.360000
20703.001000,1.436000,-0.363000
20704.001000,1.436000,-0.361000
20705.001000,1.436000,-0.362000
20706.001000,1.436000,-0.349000
20707.001000,1.436000,-0.351000
20708.001000,1.436000,-0.350000
20709.001000,1.436000,-0.352000
20710.001000,1.436000,-0.351000
20711.001000,1.436000,-0.345000
20712.001000,1.436000,-0.348000
20713.001000,1.437000,-0.346000
20714.001000,1.437000,-0.344000
20715.001000,1.437000,-0.347000
20716.001000,1.435000,-0.359000
20717.001000,1.435000,-0.362000
20718.001000,1.435000,-0.356000
20719.001000,1.436000,-0.359000
20720.001000,1.435000,-0.349000
20721.001000,1.435000,-0.350000
20722.001000,1.434000,-0.353000
20723.001000,1.434000,-0.349000
20724.001000,1.435000,-0.353000
20725.001000,1.434000,-0.357000
20726.001000,1.434000,-0.366000
20727.001000,1.434000,-0.356000
20728.001000,1.434000,-0.353000
20729.001000,1.434000,-0.353000
20730.001000,1.435000,-0.349000
20731.001000,1.435000,-0.350000
20732.001000,1.435000,-0.349000
20733.001000,1.435000,-0.346000
20734.001000,1.434000,-0.345000
20735.001000,1.435000,-0.347000
20736.001000,1.435000,-0.353000
20737.001000,1.436000,-0.351000
20738.001000,1.436000,-0.351000
20739.001000,1.435000,-0.347000
20740.001000,1.436000,-0.352000
20741.001000,1.436000,-0.353000
20742.001000,1.436000,-0.349000
20743.001000,1.437000,-0.355000
20744.001000,1.437000,-0.355000
20745.001000,1.437000,-0.350000
20746.001000,1.437000,-0.339000
20747.001000,1.437000,-0.340000
20748.001000,1.437000,-0.345000
20749.001000,1.437000,-0.345000
20750.001000,1.437000,-0.344000
20751.001000,1.438000,-0.348000
20752.001000,1.437000,-0.347000
20753.001000,1.437000,-0.354000
20754.001000,1.436000,-0.351000
20755.001000,1.436000,-0.347000
20756.001000,1.436000,-0.351000
20757.001000,1.436000,-0.354000
20758.001000,1.436000,-0.356000
20759.001000,1.436000,-0.354000
20760.001000,1.436000,-0.358000
20761.001000,1.437000,-0.351000
20762.001000,1.437000,-0.353000
20763.001000,1.437000,-0.360000
20764.001000,1.437000,-0.359000
20765.001000,1.437000,-0.353000
20766.001000,1.437000,-0.357000
20767.001000,1.437000,-0.351000
20768.001000,1.437000,-0.352000
20769.001000,1.436000,-0.356000
20770.001000,1.435000,-0.349000
20771.001000,1.435000,-0.353000
20772.001000,1.435000,-0.355000
20773.001000,1.435000,-0.357000
20774.001000,1.435000,-0.361000
20775.001000,1.436000,-0.365000
20776.001000,1.435000,-0.365000
20777.001000,1.435000,-0.366000
20778.001000,1.435000,-0.367000
20779.001000,1.435000,-0.364000
20780.001000,1.435000,-0.364000
20781.001000,1.436000,-0.366000
20782.001000,1.435000,-0.360000
20783.001000,1.436000,-0.364000
20784.001000,1.437000,-0.361000
20785.001000,1.437000,-0.363000
20786.001000,1.436000,-0.360000
20787.001000,1.436000,-0.361000
20788.001000,1.437000,-0.362000
20789.001000,1.437000,-0.357000
20790.001000,1.438000,-0.354000
20791.001000,1.438000,-0.357000
20792.001000,1.438000,-0.352000
20793.001000,1.438000,-0.351000
20794.001000,1.437000,-0.353000
20795.001000,1.437000,-0.360000
20796.001000,1.438000,-0.358000
20797.001000,1.438000,-0.362000
20798.001000,1.438000,-0.362000
20799.001000,1.439000,-0.357000
20800.001000,1.438000,-0.356000
20801.001000,1.438000,-0.353000
20802.001000,1.438000,-0.355000
20803.001000,1.438000,-0.354000
20804.001000,1.439000,-0.354000
20805.001000,1.438000,-0.357000
20806.001000,1.438000,-0.354000
20807.001000,1.438000,-0.350000
20808.001000,1.439000,-0.347000
20809.001000,1.438000,-0.349000
20810.001000,1.438000,-0.353000
20811.001000,1.438000,-0.350000
20812.001000,1.438000,-0.351000
20813.001000,1.438000,-0.356000
20814.001000,1.438000,-0.353000
20815.001000,1.438000,-0.349000
20816.001000,1.437000,-0.354000
20817.001000,1.438000,-0.354000
20818.001000,1.437000,-0.354000
20819.001000,1.437000,-0.356000
20820.001000,1.437000,-0.355000
20821.001000,1.437000,-0.357000
20822.001000,1.438000,-0.358000
20823.001000,1.438000,-0.360000
20824.001000,1.438000,-0.361000
20825.001000,1.438000,-0.365000
20826.001000,1.439000,-0.364000
20827.001000,1.439000,-0.362000
20828.001000,1.440000,-0.366000
20829.001000,1.440000,-0.366000
20830.001000,1.440000,-0.360000
20831.001000,1.441000,-0.362000
20832.001000,1.440000,-0.361000
20833.001000,1.439000,-0.368000
20834.001000,1.439000,-0.364000
20835.001000,1.439000,-0.365000
20836.001000,1.440000,-0.363000
20837.001000,1.440000,-0.367000
20838.001000,1.440000,-0.367000
20839.001000,1.440000,-0.359000
20840.001000,1.440000,-0.361000
20841.001000,1.440000,-0.368000
20842.001000,1.441000,-0.364000
20843.001000,1.441000,-0.362000
20844.001000,1.441000,-0.366000
20845.001000,1.442000,-0.368000
20846.001000,1.443000,-0.365000
20847.001000,1.443000,-0.367000
20848.001000,1.444000,-0.368000
20849.001000,1.444000,-0.366000
20850.001000,1.444000,-0.364000
20851.001000,1.445000,-0.370000
20852.001000,1.445000,-0.368000
20853.001000,1.446000,-0.371000
20854.001000,1.445000,-0.369000
20855.001000,1.446000,-0.368000
20856.001000,1.446000,-0.368000
20857.001000,1.444000,-0.367000
20858.001000,1.443000,-0.363000
20859.001000,1.443000,-0.366000
20860.001000,1.443000,-0.370000
20861.001000,1.443000,-0.363000
20862.001000,1.443000,-0.365000
20863.001000,1.444000,-0.365000
20864.001000,1.444000,-0.364000
20865.001000,1.445000,-0.368000
20866.001000,1.445000,-0.372000
20867.001000,1.445000,-0.369000
20868.001000,1.445000,-0.368000
20869.001000,1.444000,-0.371000
20870.001000,1.442000,-0.370000
20871.001000,1.441000,-0.372000
20872.001000,1.441000,-0.368000
20873.001000,1.441000,-0.374000
20874.001000,1.442000,-0.373000
20875.001000,1.443000,-0.375000
20876.001000,1.443000,-0.378000
20877.001000,1.444000,-0.375000
20878.001000,1.444000,-0.376000
20879.001000,1.445000,-0.374000
20880.001000,1.445000,-0.374000
20881.001000,1.445000,-0.378000
20882.001000,1.446000,-0.378000
20883.001000,1.446000,-0.376000
20884.001000,1.446000,-0.378000
20885.001000,1.447000,-0.378000
20886.001000,1.447000,-0.375000
20887.001000,1.447000,-0.369000
20888.001000,1.448000,-0.370000
20889.001000,1.448000,-0.378000
20890.001000,1.448000,-0.372000
20891.001000,1.446000,-0.366000
20892.001000,1.445000,-0.370000
20893.001000,1.444000,-0.369000
20894.001000,1.445000,-0.374000
20895.001000,1.445000,-0.367000
20896.001000,1.446000,-0.373000
20897.001000,1.447000,-0.359000
20898.001000,1.447000,-0.363000
20899.001000,1.448000,-0.346000
20900.001000,1.448000,-0.359000
20901.001000,1.448000,-0.345000
20902.001000,1.448000,-0.345000
20903.001000,1.448000,-0.346000
20904.001000,1.448000,-0.336000
20905.001000,1.447000,-0.341000
20906.001000,1.448000,-0.339000
20907.001000,1.448000,-0.340000
20908.001000,1.448000,-0.342000
20909.001000,1.448000,-0.339000
20910.001000,1.448000,-0.341000
20911.001000,1.449000,-0.341000
20912.001000,1.449000,-0.340000
20913.001000,1.449000,-0.341000
20914.001000,1.448000,-0.341000
20915.001000,1.445000,-0.347000
20916.001000,1.444000,-0.336000
20917.001000,1.444000,-0.339000
20918.001000,1.444000,-0.336000
20919.001000,1.443000,-0.336000
20920.001000,1.442000,-0.335000
20921.001000,1.442000,-0.328000
20922.001000,1.442000,-0.334000
20923.001000,1.442000,-0.339000
20924.001000,1.442000,-0.340000
20925.001000,1.441000,-0.340000
20926.001000,1.441000,-0.332000
20927.001000,1.441000,-0.336000
20928.001000,1.441000,-0.338000
20929.001000,1.442000,-0.342000
20930.001000,1.442000,-0.338000
20931.001000,1.441000,-0.335000
20932.001000,1.441000,-0.339000
20933.001000,1.441000,-0.344000
20934.001000,1.441000,-0.341000
20935.001000,1.440000,-0.335000
20936.001000,1.441000,-0.341000
20937.001000,1.441000,-0.342000
20938.001000,1.441000,-0.348000
20939.001000,1.440000,-0.342000
20940.001000,1.440000,-0.337000
20941.001000,1.440000,-0.344000
20942.001000,1.440000,-0.338000
20943.001000,1.440000,-0.336000
20944.001000,1.441000,-0.336000
20945.001000,1.441000,-0.337000
20946.001000,1.441000,-0.338000
20947.001000,1.442000,-0.342000
20948.001000,1.442000,-0.337000
20949.001000,1.442000,-0.341000
20950.001000,1.442000,-0.339000
20951.001000,1.442000,-0.337000
20952.001000,1.441000,-0.335000
20953.001000,1.441000,-0.336000
20954.001000,1.441000,-0.336000
20955.001000,1.442000,-0.340000
20956.001000,1.442000,-0.333000
20957.001000,1.442000,-0.341000
20958.001000,1.442000,-0.337000
20959.001000,1.442000,-0.333000
20960.001000,1.443000,-0.335000
20961.001000,1.443000,-0.335000
20962.001000,1.443000,-0.337000
20963.001000,1.443000,-0.336000
20964.001000,1.442000,-0.333000
20965.001000,1.442000,-0.341000
20966.001000,1.442000,-0.338000
20967.001000,1.441000,-0.340000
20968.001000,1.442000,-0.339000
20969.001000,1.442000,-0.339000
20970.001000,1.442000,-0.344000
20971.001000,1.442000,-0.342000
20972.001000,1.442000,-0.344000
20973.001000,1.443000,-0.341000
20974.001000,1.442000,-0.342000
20975.001000,1.442000,-0.338000
20976.001000,1.442000,-0.336000
20977.001000,1.441000,-0.355000
20978.001000,1.441000,-0.378000
20979.001000,1.441000,-0.372000
20980.001000,1.442000,-0.377000
20981.001000,1.442000,-0.369000
20982.001000,1.442000,-0.370000
20983.001000,1.442000,-0.369000
20984.001000,1.442000,-0.371000
20985.001000,1.442000,-0.369000
20986.001000,1.442000,-0.372000
20987.001000,1.442000,-0.376000
20988.001000,1.442000,-0.374000
20989.001000,1.441000,-0.377000
20990.001000,1.442000,-0.375000
20991.001000,1.442000,-0.377000
20992.001000,1.442000,-0.375000
20993.001000,1.442000,-0.373000
20994.001000,1.442000,-0.371000
20995.001000,1.442000,-0.369000
20996.001000,1.442000,-0.368000
20997.001000,1.442000,-0.368000
20998.001000,1.442000,-0.368000
20999.001000,1.442000,-0.367000
21000.001000,1.442000,-0.365000
21001.001000,1.442000,-0.372000
21002.001000,1.442000,-0.368000
21003.001000,1.442000,-0.372000
21004.001000,1.442000,-0.371000
21005.001000,1.443000,-0.369000
21006.001000,1.443000,-0.364000
21007.001000,1.443000,-0.368000
21008.001000,1.443000,-0.367000
21009.001000,1.442000,-0.365000
21010.001000,1.443000,-0.363000
21011.001000,1.443000,-0.362000
21012.001000,1.443000,-0.364000
21013.001000,1.443000,-0.359000
21014.001000,1.443000,-0.357000
21015.001000,1.444000,-0.363000
21016.001000,1.443000,-0.366000
21017.001000,1.444000,-0.364000
21018.001000,1.444000,-0.358000
21019.001000,1.444000,-0.361000
21020.001000,1.444000,-0.359000
21021.001000,1.444000,-0.366000
21022.001000,1.444000,-0.367000
21023.001000,1.444000,-0.361000
21024.001000,1.443000,-0.357000
21025.001000,1.443000,-0.368000
21026.001000,1.442000,-0.356000
21027.001000,1.441000,-0.364000
21028.001000,1.440000,-0.369000
21029.001000,1.440000,-0.358000
21030.001000,1.440000,-0.360000
21031.001000,1.440000,-0.361000
21032.001000,1.440000,-0.363000
21033.001000,1.439000,-0.360000
21034.001000,1.439000,-0.352000
21035.001000,1.440000,-0.366000
21036.001000,1.441000,-0.357000
21037.001000,1.441000,-0.351000
21038.001000,1.441000,-0.358000
21039.001000,1.440000,-0.363000
21040.001000,1.440000,-0.359000
21041.001000,1.440000,-0.359000
21042.001000,1.439000,-0.354000
21043.001000,1.439000,-0.355000
21044.001000,1.438000,-0.357000
21045.001000,1.439000,-0.365000
21046.001000,1.439000,-0.359000
21047.001000,1.439000,-0.360000
21048.001000,1.439000,-0.360000
21049.001000,1.440000,-0.360000
21050.001000,1.439000,-0.357000
21051.001000,1.439000,-0.362000
21052.001000,1.439000,-0.366000
21053.001000,1.440000,-0.360000
21054.001000,1.439000,-0.360000
21055.001000,1.439000,-0.361000
21056.001000,1.439000,-0.362000
21057.001000,1.439000,-0.361000
21058.001000,1.440000,-0.362000
21059.001000,1.439000,-0.362000
21060.001000,1.439000,-0.360000
21061.001000,1.439000,-0.358000
21062.001000,1.439000,-0.359000
21063.001000,1.439000,-0.362000
21064.001000,1.438000,-0.364000
21065.001000,1.438000,-0.366000
21066.001000,1.438000,-0.354000
21067.001000,1.439000,-0.356000
21068.001000,1.439000,-0.357000
21069.001000,1.439000,-0.358000
21070.001000,1.438000,-0.354000
21071.001000,1.438000,-0.366000
21072.001000,1.438000,-0.355000
21073.001000,1.437000,-0.360000
21074.001000,1.437000,-0.357000
21075.001000,1.437000,-0.359000
21076.001000,1.437000,-0.361000
21077.001000,1.437000,-0.360000
21078.001000,1.437000,-0.357000
21079.001000,1.437000,-0.362000
21080.001000,1.437000,-0.353000
21081.001000,1.437000,-0.354000
21082.001000,1.437000,-0.357000
21083.001000,1.437000,-0.357000
21084.001000,1.437000,-0.355000
21085.001000,1.437000,-0.354000
21086.001000,1.437000,-0.356000
21087.001000,1.437000,-0.360000
21088.001000,1.437000,-0.352000
21089.001000,1.438000,-0.350000
21090.001000,1.438000,-0.350000
21091.001000,1.438000,-0.357000
21092.001000,1.438000,-0.354000
21093.001000,1.438000,-0.350000
21094.001000,1.438000,-0.353000
21095.001000,1.438000,-0.354000
21096.001000,1.438000,-0.357000
21097.001000,1.439000,-0.357000
21098.001000,1.439000,-0.355000
21099.001000,1.439000,-0.345000
21100.001000,1.439000,-0.346000
21101.001000,1.439000,-0.351000
21102.001000,1.439000,-0.353000
21103.001000,1.440000,-0.348000
21104.001000,1.439000,-0.348000
21105.001000,1.439000,-0.348000
21106.001000,1.439000,-0.350000
21107.001000,1.439000,-0.346000
21108.001000,1.440000,-0.350000
21109.001000,1.440000,-0.349000
21110.001000,1.440000,-0.351000
21111.001000,1.440000,-0.346000
21112.001000,1.440000,-0.344000
21113.001000,1.440000,-0.347000
21114.001000,1.440000,-0.347000
21115.001000,1.440000,-0.346000
21116.001000,1.440000,-0.345000
21117.001000,1.440000,-0.344000
21118.001000,1.440000,-0.347000
21119.001000,1.440000,-0.349000
21120.001000,1.440000,-0.343000
21121.001000,1.440000,-0.346000
21122.001000,1.440000,-0.341000
21123.001000,1.440000,-0.349000
21124.001000,1.441000,-0.342000
21125.001000,1.441000,-0.349000
21126.001000,1.441000,-0.346000
21127.001000,1.441000,-0.344000
21128.001000,1.441000,-0.350000
21129.001000,1.441000,-0.353000
21130.001000,1.440000,-0.353000
21131.001000,1.441000,-0.347000
21132.001000,1.441000,-0.353000
21133.001000,1.441000,-0.349000
21134.001000,1.441000,-0.352000
21135.001000,1.441000,-0.351000
21136.001000,1.441000,-0.352000
21137.001000,1.441000,-0.345000
21138.001000,1.441000,-0.348000
21139.001000,1.441000,-0.349000
21140.001000,1.442000,-0.351000
21141.001000,1.441000,-0.348000
21142.001000,1.441000,-0.347000
21143.001000,1.441000,-0.346000
21144.001000,1.441000,-0.346000
21145.001000,1.441000,-0.348000
21146.001000,1.441000,-0.350000
21147.001000,1.441000,-0.350000
21148.001000,1.441000,-0.347000
21149.001000,1.442000,-0.349000
21150.001000,1.442000,-0.349000
21151.001000,1.442000,-0.350000
21152.001000,1.442000,-0.348000
21153.001000,1.443000,-0.348000
21154.001000,1.443000,-0.348000
21155.001000,1.443000,-0.349000
21156.001000,1.443000,-0.347000
21157.001000,1.443000,-0.351000
21158.001000,1.444000,-0.352000
21159.001000,1.444000,-0.344000
21160.001000,1.444000,-0.355000
21161.001000,1.444000,-0.349000
21162.001000,1.444000,-0.355000
21163.001000,1.444000,-0.360000
21164.001000,1.444000,-0.355000
21165.001000,1.444000,-0.351000
21166.001000,1.444000,-0.354000
21167.001000,1.443000,-0.354000
21168.001000,1.444000,-0.351000
21169.001000,1.444000,-0.352000
21170.001000,1.444000,-0.349000
21171.001000,1.445000,-0.354000
21172.001000,1.445000,-0.351000
21173.001000,1.445000,-0.352000
21174.001000,1.444000,-0.351000
21175.001000,1.444000,-0.349000
21176.001000,1.444000,-0.345000
21177.001000,1.444000,-0.341000
21178.001000,1.445000,-0.340000
21179.001000,1.445000,-0.346000
21180.001000,1.445000,-0.342000
21181.001000,1.445000,-0.346000
21182.001000,1.445000,-0.337000
21183.001000,1.445000,-0.343000
21184.001000,1.446000,-0.337000
21185.001000,1.446000,-0.341000
21186.001000,1.446000,-0.345000
21187.001000,1.447000,-0.339000
21188.001000,1.447000,-0.340000
21189.001000,1.448000,-0.340000
21190.001000,1.448000,-0.344000
21191.001000,1.449000,-0.340000
21192.001000,1.449000,-0.353000
21193.001000,1.450000,-0.345000
21194.001000,1.449000,-0.345000
21195.001000,1.449000,-0.343000
21196.001000,1.450000,-0.345000
21197.001000,1.449000,-0.339000
21198.001000,1.448000,-0.348000
21199.001000,1.448000,-0.338000
21200.001000,1.448000,-0.339000
21201.001000,1.447000,-0.340000
21202.001000,1.447000,-0.338000
21203.001000,1.447000,-0.348000
21204.001000,1.446000,-0.347000
21205.001000,1.446000,-0.353000
21206.001000,1.446000,-0.347000
21207.001000,1.446000,-0.350000
21208.001000,1.446000,-0.352000
21209.001000,1.445000,-0.350000
21210.001000,1.446000,-0.345000
21211.001000,1.445000,-0.353000
21212.001000,1.445000,-0.353000
21213.001000,1.446000,-0.348000
21214.001000,1.446000,-0.351000
21215.001000,1.445000,-0.357000
21216.001000,1.445000,-0.351000
21217.001000,1.445000,-0.354000
21218.001000,1.445000,-0.350000
21219.001000,1.445000,-0.342000
21220.001000,1.446000,-0.341000
21221.001000,1.446000,-0.342000
21222.001000,1.447000,-0.341000
21223.001000,1.447000,-0.344000
21224.001000,1.447000,-0.341000
21225.001000,1.448000,-0.335000
21226.001000,1.448000,-0.343000
21227.001000,1.448000,-0.339000
21228.001000,1.448000,-0.344000
21229.001000,1.449000,-0.341000
21230.001000,1.448000,-0.343000
21231.001000,1.448000,-0.343000
21232.001000,1.448000,-0.338000
21233.001000,1.448000,-0.348000
21234.001000,1.448000,-0.343000
21235.001000,1.448000,-0.343000
21236.001000,1.449000,-0.342000
21237.001000,1.449000,-0.340000
21238.001000,1.449000,-0.341000
21239.001000,1.449000,-0.341000
21240.001000,1.450000,-0.339000
21241.001000,1.450000,-0.345000
21242.001000,1.450000,-0.345000
21243.001000,1.451000,-0.338000
21244.001000,1.451000,-0.338000
21245.001000,1.450000,-0.339000
21246.001000,1.451000,-0.339000
21247.001000,1.451000,-0.338000
21248.001000,1.452000,-0.336000
21249.001000,1.452000,-0.332000
21250.001000,1.453000,-0.342000
21251.001000,1.453000,-0.339000
21252.001000,1.453000,-0.336000
21253.001000,1.453000,-0.343000
21254.001000,1.453000,-0.335000
21255.001000,1.453000,-0.345000
21256.001000,1.453000,-0.337000
21257.001000,1.454000,-0.343000
21258.001000,1.454000,-0.340000
21259.001000,1.454000,-0.345000
21260.001000,1.454000,-0.344000
21261.001000,1.454000,-0.344000
21262.001000,1.454000,-0.343000
21263.001000,1.455000,-0.342000
21264.001000,1.454000,-0.342000
21265.001000,1.454000,-0.340000
21266.001000,1.454000,-0.341000
21267.001000,1.454000,-0.343000
21268.001000,1.454000,-0.342000
21269.001000,1.455000,-0.345000
21270.001000,1.454000,-0.349000
21271.001000,1.455000,-0.339000
21272.001000,1.454000,-0.349000
21273.001000,1.454000,-0.346000
21274.001000,1.454000,-0.337000
21275.001000,1.454000,-0.342000
21276.001000,1.454000,-0.342000
21277.001000,1.455000,-0.344000
21278.001000,1.455000,-0.346000
21279.001000,1.455000,-0.342000
21280.001000,1.455000,-0.344000
21281.001000,1.455000,-0.348000
21282.001000,1.455000,-0.342000
21283.001000,1.455000,-0.344000
21284.001000,1.456000,-0.343000
21285.001000,1.456000,-0.341000
21286.001000,1.456000,-0.344000
21287.001000,1.455000,-0.339000
21288.001000,1.456000,-0.340000
21289.001000,1.456000,-0.343000
21290.001000,1.455000,-0.338000
21291.001000,1.456000,-0.345000
21292.001000,1.456000,-0.340000
21293.001000,1.456000,-0.347000
21294.001000,1.456000,-0.349000
21295.001000,1.457000,-0.353000
21296.001000,1.457000,-0.349000
21297.001000,1.457000,-0.350000
21298.001000,1.457000,-0.350000
21299.001000,1.457000,-0.348000
21300.001000,1.457000,-0.350000
21301.001000,1.457000,-0.340000
21302.001000,1.457000,-0.326000
21303.001000,1.457000,-0.331000
21304.001000,1.458000,-0.327000
21305.001000,1.458000,-0.324000
21306.001000,1.457000,-0.345000
21307.001000,1.457000,-0.336000
21308.001000,1.457000,-0.339000
21309.001000,1.457000,-0.341000
21310.001000,1.457000,-0.335000
21311.001000,1.457000,-0.349000
21312.001000,1.457000,-0.345000
21313.001000,1.457000,-0.352000
21314.001000,1.457000,-0.343000
21315.001000,1.457000,-0.335000
21316.001000,1.457000,-0.340000
21317.001000,1.457000,-0.336000
21318.001000,1.456000,-0.342000
21319.001000,1.456000,-0.344000
21320.001000,1.457000,-0.332000
21321.001000,1.457000,-0.340000
21322.001000,1.457000,-0.335000
21323.001000,1.457000,-0.320000
21324.001000,1.457000,-0.323000
21325.001000,1.457000,-0.334000
21326.001000,1.458000,-0.336000
21327.001000,1.459000,-0.330000
21328.001000,1.459000,-0.323000
21329.001000,1.459000,-0.327000
21330.001000,1.459000,-0.331000
21331.001000,1.459000,-0.343000
21332.001000,1.459000,-0.325000
21333.001000,1.459000,-0.317000
21334.001000,1.459000,-0.317000
21335.001000,1.459000,-0.320000
21336.001000,1.459000,-0.318000
21337.001000,1.459000,-0.325000
21338.001000,1.459000,-0.318000
21339.001000,1.458000,-0.318000
21340.001000,1.459000,-0.314000
21341.001000,1.459000,-0.318000
21342.001000,1.458000,-0.320000
21343.001000,1.459000,-0.317000
21344.001000,1.459000,-0.317000
21345.001000,1.459000,-0.320000
21346.001000,1.460000,-0.318000
21347.001000,1.460000,-0.315000
21348.001000,1.460000,-0.319000
21349.001000,1.460000,-0.314000
21350.001000,1.460000,-0.314000
21351.001000,1.460000,-0.322000
21352.001000,1.461000,-0.325000
21353.001000,1.460000,-0.322000
21354.001000,1.461000,-0.332000
21355.001000,1.461000,-0.316000
21356.001000,1.461000,-0.315000
21357.001000,1.462000,-0.314000
21358.001000,1.462000,-0.315000
21359.001000,1.462000,-0.319000
21360.001000,1.462000,-0.315000
21361.001000,1.461000,-0.315000
21362.001000,1.462000,-0.303000
21363.001000,1.461000,-0.321000
21364.001000,1.462000,-0.314000
21365.001000,1.462000,-0.312000
21366.001000,1.462000,-0.322000
21367.001000,1.462000,-0.319000
21368.001000,1.462000,-0.319000
21369.001000,1.463000,-0.321000
21370.001000,1.463000,-0.318000
21371.001000,1.463000,-0.315000
21372.001000,1.464000,-0.308000
21373.001000,1.464000,-0.311000
21374.001000,1.464000,-0.313000
21375.001000,1.465000,-0.308000
21376.001000,1.464000,-0.320000
21377.001000,1.464000,-0.316000
21378.001000,1.465000,-0.318000
21379.001000,1.465000,-0.320000
21380.001000,1.465000,-0.327000
21381.001000,1.465000,-0.322000
21382.001000,1.465000,-0.323000
21383.001000,1.465000,-0.326000
21384.001000,1.465000,-0.345000
21385.001000,1.465000,-0.355000
21386.001000,1.464000,-0.346000
21387.001000,1.464000,-0.340000
21388.001000,1.465000,-0.329000
21389.001000,1.464000,-0.336000
21390.001000,1.465000,-0.339000
21391.001000,1.465000,-0.343000
21392.001000,1.465000,-0.347000
21393.001000,1.465000,-0.347000
21394.001000,1.466000,-0.347000
21395.001000,1.465000,-0.346000
21396.001000,1.466000,-0.345000
21397.001000,1.466000,-0.333000
21398.001000,1.466000,-0.339000
21399.001000,1.467000,-0.329000
21400.001000,1.467000,-0.327000
21401.001000,1.467000,-0.331000
21402.001000,1.467000,-0.340000
21403.001000,1.467000,-0.342000
21404.001000,1.467000,-0.338000
21405.001000,1.466000,-0.341000
21406.001000,1.466000,-0.342000
21407.001000,1.466000,-0.343000
21408.001000,1.466000,-0.342000
21409.001000,1.466000,-0.341000
21410.001000,1.466000,-0.342000
21411.001000,1.467000,-0.342000
21412.001000,1.467000,-0.332000
21413.001000,1.467000,-0.335000
21414.001000,1.467000,-0.340000
21415.001000,1.467000,-0.344000
21416.001000,1.466000,-0.337000
21417.001000,1.467000,-0.339000
21418.001000,1.467000,-0.327000
21419.001000,1.467000,-0.332000
21420.001000,1.467000,-0.333000
21421.001000,1.468000,-0.337000
21422.001000,1.468000,-0.331000
21423.001000,1.468000,-0.329000
21424.001000,1.468000,-0.332000
21425.001000,1.468000,-0.334000
21426.001000,1.468000,-0.329000
21427.001000,1.468000,-0.332000
21428.001000,1.468000,-0.335000
21429.001000,1.468000,-0.325000
21430.001000,1.469000,-0.318000
21431.001000,1.468000,-0.318000
21432.001000,1.468000,-0.319000
21433.001000,1.469000,-0.342000
21434.001000,1.469000,-0.333000
21435.001000,1.470000,-0.335000
21436.001000,1.469000,-0.324000
21437.001000,1.470000,-0.333000
21438.001000,1.470000,-0.327000
21439.001000,1.470000,-0.337000
21440.001000,1.470000,-0.326000
21441.001000,1.470000,-0.336000
21442.001000,1.469000,-0.325000
21443.001000,1.469000,-0.328000
21444.001000,1.470000,-0.337000
21445.001000,1.470000,-0.335000
21446.001000,1.470000,-0.337000
21447.001000,1.470000,-0.330000
21448.001000,1.470000,-0.333000
21449.001000,1.470000,-0.336000
21450.001000,1.470000,-0.340000
21451.001000,1.469000,-0.340000
21452.001000,1.470000,-0.342000
21453.001000,1.470000,-0.337000
21454.001000,1.470000,-0.339000
21455.001000,1.470000,-0.338000
21456.001000,1.469000,-0.336000
21457.001000,1.469000,-0.339000
21458.001000,1.469000,-0.337000
21459.001000,1.469000,-0.338000
21460.001000,1.469000,-0.334000
21461.001000,1.469000,-0.336000
21462.001000,1.467000,-0.336000
21463.001000,1.466000,-0.336000
21464.001000,1.465000,-0.333000
21465.001000,1.465000,-0.334000
21466.001000,1.466000,-0.332000
21467.001000,1.466000,-0.333000
21468.001000,1.467000,-0.339000
21469.001000,1.467000,-0.332000
21470.001000,1.467000,-0.333000
21471.001000,1.467000,-0.325000
21472.001000,1.467000,-0.327000
21473.001000,1.466000,-0.325000
21474.001000,1.466000,-0.322000
21475.001000,1.466000,-0.322000
21476.001000,1.466000,-0.325000
21477.001000,1.466000,-0.322000
21478.001000,1.466000,-0.325000
21479.001000,1.465000,-0.325000
21480.001000,1.465000,-0.323000
21481.001000,1.465000,-0.323000
21482.001000,1.465000,-0.318000
21483.001000,1.465000,-0.321000
21484.001000,1.466000,-0.323000
21485.001000,1.466000,-0.316000
21486.001000,1.466000,-0.315000
21487.001000,1.467000,-0.314000
21488.001000,1.467000,-0.313000
21489.001000,1.468000,-0.313000
21490.001000,1.468000,-0.317000
21491.001000,1.468000,-0.316000
21492.001000,1.468000,-0.319000
21493.001000,1.469000,-0.327000
21494.001000,1.469000,-0.318000
21495.001000,1.469000,-0.316000
21496.001000,1.469000,-0.317000
21497.001000,1.468000,-0.313000
21498.001000,1.468000,-0.318000
21499.001000,1.468000,-0.317000
21500.001000,1.468000,-0.319000
21501.001000,1.469000,-0.321000
21502.001000,1.469000,-0.315000
21503.001000,1.469000,-0.312000
21504.001000,1.470000,-0.317000
21505.001000,1.470000,-0.323000
21506.001000,1.470000,-0.323000
21507.001000,1.470000,-0.325000
21508.001000,1.470000,-0.326000
21509.001000,1.471000,-0.328000
21510.001000,1.471000,-0.326000
21511.001000,1.471000,-0.325000
21512.001000,1.472000,-0.321000
21513.001000,1.472000,-0.314000
21514.001000,1.472000,-0.309000
21515.001000,1.472000,-0.313000
21516.001000,1.472000,-0.312000
21517.001000,1.472000,-0.311000
21518.001000,1.473000,-0.310000
21519.001000,1.473000,-0.320000
21520.001000,1.473000,-0.330000
21521.001000,1.473000,-0.328000
21522.001000,1.473000,-0.335000
21523.001000,1.473000,-0.337000
21524.001000,1.473000,-0.324000
21525.001000,1.473000,-0.336000
21526.001000,1.473000,-0.343000
21527.001000,1.473000,-0.346000
21528.001000,1.472000,-0.338000
21529.001000,1.472000,-0.340000
21530.001000,1.472000,-0.340000
21531.001000,1.473000,-0.339000
21532.001000,1.472000,-0.336000
21533.001000,1.472000,-0.347000
21534.001000,1.472000,-0.335000
21535.001000,1.472000,-0.344000
21536.001000,1.471000,-0.340000
21537.001000,1.472000,-0.340000
21538.001000,1.472000,-0.334000
21539.001000,1.472000,-0.330000
21540.001000,1.473000,-0.330000
21541.001000,1.473000,-0.335000
21542.001000,1.473000,-0.330000
21543.001000,1.473000,-0.332000
21544.001000,1.473000,-0.335000
21545.001000,1.473000,-0.340000
21546.001000,1.473000,-0.342000
21547.001000,1.474000,-0.338000
21548.001000,1.474000,-0.345000
21549.001000,1.474000,-0.346000
21550.001000,1.475000,-0.350000
21551.001000,1.475000,-0.356000
21552.001000,1.475000,-0.353000
21553.001000,1.475000,-0.351000
21554.001000,1.476000,-0.350000
21555.001000,1.476000,-0.350000
21556.001000,1.477000,-0.349000
21557.001000,1.477000,-0.345000
21558.001000,1.478000,-0.346000
21559.001000,1.478000,-0.351000
21560.001000,1.478000,-0.352000
21561.001000,1.479000,-0.353000
21562.001000,1.479000,-0.352000
21563.001000,1.479000,-0.348000
21564.001000,1.480000,-0.344000
21565.001000,1.480000,-0.347000
21566.001000,1.480000,-0.350000
21567.001000,1.479000,-0.347000
21568.001000,1.479000,-0.344000
21569.001000,1.478000,-0.344000
21570.001000,1.478000,-0.344000
21571.001000,1.478000,-0.342000
21572.001000,1.478000,-0.343000
21573.001000,1.478000,-0.346000
21574.001000,1.478000,-0.342000
21575.001000,1.478000,-0.341000
21576.001000,1.479000,-0.344000
21577.001000,1.479000,-0.339000
21578.001000,1.479000,-0.345000
21579.001000,1.479000,-0.345000
21580.001000,1.479000,-0.342000
21581.001000,1.480000,-0.345000
21582.001000,1.480000,-0.347000
21583.001000,1.480000,-0.345000
21584.001000,1.480000,-0.347000
21585.001000,1.480000,-0.347000
21586.001000,1.480000,-0.350000
21587.001000,1.481000,-0.348000
21588.001000,1.481000,-0.347000
21589.001000,1.481000,-0.348000
21590.001000,1.481000,-0.356000
21591.001000,1.481000,-0.349000
21592.001000,1.481000,-0.350000
21593.001000,1.480000,-0.351000
21594.001000,1.480000,-0.351000
21595.001000,1.481000,-0.350000
21596.001000,1.481000,-0.349000
21597.001000,1.481000,-0.346000
21598.001000,1.481000,-0.349000
21599.001000,1.481000,-0.349000
21600.001000,1.481000,-0.341000
21601.001000,1.482000,-0.350000
21602.001000,1.481000,-0.347000
21603.001000,1.481000,-0.346000
21604.001000,1.481000,-0.345000
21605.001000,1.482000,-0.345000
21606.001000,1.482000,-0.347000
21607.001000,1.483000,-0.346000
21608.001000,1.483000,-0.345000
21609.001000,1.483000,-0.343000
21610.001000,1.483000,-0.340000
21611.001000,1.483000,-0.340000
21612.001000,1.483000,-0.340000
21613.001000,1.483000,-0.338000
21614.001000,1.482000,-0.332000
21615.001000,1.481000,-0.332000
21616.001000,1.481000,-0.332000
21617.001000,1.480000,-0.332000
21618.001000,1.479000,-0.332000
21619.001000,1.479000,-0.328000
21620.001000,1.479000,-0.333000
21621.001000,1.479000,-0.328000
21622.001000,1.480000,-0.320000
21623.001000,1.480000,-0.333000
21624.001000,1.480000,-0.365000
21625.001000,1.480000,-0.351000
21626.001000,1.479000,-0.353000
21627.001000,1.477000,-0.344000
21628.001000,1.476000,-0.345000
21629.001000,1.476000,-0.333000
21630.001000,1.476000,-0.323000
21631.001000,1.476000,-0.319000
21632.001000,1.476000,-0.313000
21633.001000,1.477000,-0.324000
21634.001000,1.477000,-0.360000
21635.001000,1.477000,-0.351000
21636.001000,1.478000,-0.345000
21637.001000,1.478000,-0.341000
21638.001000,1.478000,-0.335000
21639.001000,1.478000,-0.332000
21640.001000,1.478000,-0.336000
21641.001000,1.478000,-0.338000
21642.001000,1.478000,-0.334000
21643.001000,1.478000,-0.331000
21644.001000,1.478000,-0.323000
21645.001000,1.478000,-0.326000
21646.001000,1.478000,-0.323000
21647.001000,1.476000,-0.338000
21648.001000,1.475000,-0.355000
21649.001000,1.475000,-0.354000
21650.001000,1.474000,-0.349000
21651.001000,1.474000,-0.343000
21652.001000,1.474000,-0.353000
21653.001000,1.474000,-0.350000
21654.001000,1.474000,-0.353000
21655.001000,1.474000,-0.353000
21656.001000,1.474000,-0.347000
21657.001000,1.474000,-0.352000
21658.001000,1.474000,-0.350000
21659.001000,1.474000,-0.341000
21660.001000,1.474000,-0.342000
21661.001000,1.474000,-0.342000
21662.001000,1.475000,-0.344000
21663.001000,1.475000,-0.338000
21664.001000,1.473000,-0.336000
21665.001000,1.473000,-0.335000
21666.001000,1.472000,-0.335000
21667.001000,1.472000,-0.334000
21668.001000,1.472000,-0.334000
21669.001000,1.472000,-0.337000
21670.001000,1.471000,-0.337000
21671.001000,1.470000,-0.349000
21672.001000,1.470000,-0.333000
21673.001000,1.470000,-0.337000
21674.001000,1.471000,-0.339000
21675.001000,1.471000,-0.335000
21676.001000,1.471000,-0.347000
21677.001000,1.471000,-0.346000
21678.001000,1.471000,-0.354000
21679.001000,1.471000,-0.358000
21680.001000,1.471000,-0.341000
21681.001000,1.471000,-0.335000
21682.001000,1.470000,-0.343000
21683.001000,1.470000,-0.349000
21684.001000,1.469000,-0.340000
21685.001000,1.469000,-0.329000
21686.001000,1.469000,-0.334000
21687.001000,1.469000,-0.337000
21688.001000,1.470000,-0.334000
21689.001000,1.470000,-0.339000
21690.001000,1.471000,-0.334000
21691.001000,1.471000,-0.336000
21692.001000,1.472000,-0.346000
21693.001000,1.472000,-0.359000
21694.001000,1.473000,-0.353000
21695.001000,1.473000,-0.346000
21696.001000,1.473000,-0.347000
21697.001000,1.473000,-0.351000
21698.001000,1.473000,-0.350000
21699.001000,1.474000,-0.358000
21700.001000,1.474000,-0.355000
21701.001000,1.474000,-0.357000
21702.001000,1.474000,-0.350000
21703.001000,1.473000,-0.356000
21704.001000,1.474000,-0.355000
21705.001000,1.474000,-0.357000
21706.001000,1.473000,-0.356000
21707.001000,1.473000,-0.354000
21708.001000,1.472000,-0.358000
21709.001000,1.472000,-0.359000
21710.001000,1.473000,-0.361000
21711.001000,1.473000,-0.352000
21712.001000,1.469000,-0.360000
21713.001000,1.469000,-0.352000
21714.001000,1.469000,-0.349000
21715.001000,1.469000,-0.340000
21716.001000,1.470000,-0.338000
21717.001000,1.470000,-0.332000
21718.001000,1.469000,-0.373000
21719.001000,1.468000,-0.365000
21720.001000,1.468000,-0.352000
21721.001000,1.468000,-0.349000
21722.001000,1.468000,-0.342000
21723.001000,1.468000,-0.337000
21724.001000,1.468000,-0.331000
21725.001000,1.469000,-0.337000
21726.001000,1.469000,-0.340000
21727.001000,1.469000,-0.333000
21728.001000,1.469000,-0.335000
21729.001000,1.469000,-0.370000
21730.001000,1.467000,-0.369000
21731.001000,1.466000,-0.369000
21732.001000,1.465000,-0.366000
21733.001000,1.464000,-0.362000
21734.001000,1.464000,-0.359000
21735.001000,1.464000,-0.365000
21736.001000,1.464000,-0.357000
21737.001000,1.464000,-0.353000
21738.001000,1.464000,-0.356000
21739.001000,1.463000,-0.365000
21740.001000,1.463000,-0.365000
21741.001000,1.462000,-0.365000
21742.001000,1.463000,-0.365000
21743.001000,1.463000,-0.359000
21744.001000,1.464000,-0.329000
21745.001000,1.464000,-0.332000
21746.001000,1.464000,-0.330000
21747.001000,1.465000,-0.340000
21748.001000,1.465000,-0.334000
21749.001000,1.465000,-0.329000
21750.001000,1.466000,-0.327000
21751.001000,1.466000,-0.330000
21752.001000,1.466000,-0.345000
21753.001000,1.466000,-0.337000
21754.001000,1.466000,-0.338000
21755.001000,1.466000,-0.339000
21756.001000,1.467000,-0.342000
21757.001000,1.467000,-0.338000
21758.001000,1.468000,-0.349000
21759.001000,1.468000,-0.342000
21760.001000,1.468000,-0.351000
21761.001000,1.468000,-0.351000
21762.001000,1.466000,-0.352000
21763.001000,1.465000,-0.356000
21764.001000,1.465000,-0.355000
21765.001000,1.466000,-0.361000
21766.001000,1.466000,-0.363000
21767.001000,1.466000,-0.360000
21768.001000,1.467000,-0.362000
21769.001000,1.467000,-0.365000
21770.001000,1.467000,-0.362000
21771.001000,1.467000,-0.367000
21772.001000,1.467000,-0.362000
21773.001000,1.467000,-0.366000
21774.001000,1.468000,-0.366000
21775.001000,1.467000,-0.359000
21776.001000,1.467000,-0.331000
21777.001000,1.467000,-0.336000
21778.001000,1.467000,-0.337000
21779.001000,1.467000,-0.335000
21780.001000,1.467000,-0.344000
21781.001000,1.467000,-0.330000
21782.001000,1.467000,-0.339000
21783.001000,1.467000,-0.339000
21784.001000,1.467000,-0.340000
21785.001000,1.467000,-0.337000
21786.001000,1.467000,-0.339000
21787.001000,1.468000,-0.338000
21788.001000,1.468000,-0.345000
21789.001000,1.469000,-0.344000
21790.001000,1.470000,-0.345000
21791.001000,1.470000,-0.350000
21792.001000,1.470000,-0.351000
21793.001000,1.471000,-0.347000
21794.001000,1.471000,-0.348000
21795.001000,1.471000,-0.346000
21796.001000,1.471000,-0.354000
21797.001000,1.472000,-0.325000
21798.001000,1.473000,-0.322000
21799.001000,1.473000,-0.325000
21800.001000,1.473000,-0.327000
21801.001000,1.473000,-0.338000
21802.001000,1.474000,-0.329000
21803.001000,1.474000,-0.328000
21804.001000,1.474000,-0.330000
21805.001000,1.474000,-0.328000
21806.001000,1.475000,-0.335000
21807.001000,1.475000,-0.337000
21808.001000,1.476000,-0.331000
21809.001000,1.476000,-0.336000
21810.001000,1.477000,-0.334000
21811.001000,1.474000,-0.339000
21812.001000,1.474000,-0.340000
21813.001000,1.474000,-0.336000
21814.001000,1.473000,-0.340000
21815.001000,1.473000,-0.329000
21816.001000,1.472000,-0.335000
21817.001000,1.472000,-0.337000
21818.001000,1.472000,-0.334000
21819.001000,1.472000,-0.344000
21820.001000,1.472000,-0.335000
21821.001000,1.471000,-0.341000
21822.001000,1.471000,-0.341000
21823.001000,1.471000,-0.346000
21824.001000,1.471000,-0.344000
21825.001000,1.472000,-0.338000
21826.001000,1.472000,-0.343000
21827.001000,1.471000,-0.346000
21828.001000,1.471000,-0.347000
21829.001000,1.470000,-0.349000
21830.001000,1.471000,-0.332000
21831.001000,1.472000,-0.349000
21832.001000,1.472000,-0.350000
21833.001000,1.472000,-0.356000
21834.001000,1.472000,-0.351000
21835.001000,1.473000,-0.340000
21836.001000,1.473000,-0.313000
21837.001000,1.474000,-0.312000
21838.001000,1.474000,-0.309000
21839.001000,1.475000,-0.309000
21840.001000,1.475000,-0.310000
21841.001000,1.475000,-0.310000
21842.001000,1.476000,-0.313000
21843.001000,1.477000,-0.315000
21844.001000,1.477000,-0.317000
21845.001000,1.477000,-0.314000
21846.001000,1.478000,-0.305000
21847.001000,1.478000,-0.309000
21848.001000,1.478000,-0.308000
21849.001000,1.478000,-0.315000
21850.001000,1.479000,-0.316000
21851.001000,1.479000,-0.315000
21852.001000,1.479000,-0.318000
21853.001000,1.479000,-0.312000
21854.001000,1.480000,-0.312000
21855.001000,1.480000,-0.312000
21856.001000,1.480000,-0.308000
21857.001000,1.480000,-0.309000
21858.001000,1.480000,-0.311000
21859.001000,1.480000,-0.309000
21860.001000,1.480000,-0.313000
21861.001000,1.480000,-0.309000
21862.001000,1.480000,-0.310000
21863.001000,1.480000,-0.313000
21864.001000,1.480000,-0.313000
21865.001000,1.480000,-0.310000
21866.001000,1.480000,-0.309000
21867.001000,1.480000,-0.312000
21868.001000,1.480000,-0.310000
21869.001000,1.480000,-0.311000
21870.001000,1.480000,-0.310000
21871.001000,1.480000,-0.307000
21872.001000,1.480000,-0.302000
21873.001000,1.480000,-0.307000
21874.001000,1.481000,-0.308000
21875.001000,1.481000,-0.308000
21876.001000,1.481000,-0.309000
21877.001000,1.480000,-0.306000
21878.001000,1.480000,-0.306000
21879.001000,1.481000,-0.309000
21880.001000,1.481000,-0.302000
21881.001000,1.481000,-0.306000
21882.001000,1.480000,-0.307000
21883.001000,1.479000,-0.300000
21884.001000,1.478000,-0.303000
21885.001000,1.479000,-0.309000
21886.001000,1.479000,-0.311000
21887.001000,1.480000,-0.311000
21888.001000,1.480000,-0.314000
21889.001000,1.480000,-0.322000
21890.001000,1.480000,-0.319000
21891.001000,1.481000,-0.322000
21892.001000,1.481000,-0.322000
21893.001000,1.481000,-0.329000
21894.001000,1.481000,-0.337000
21895.001000,1.481000,-0.342000
21896.001000,1.481000,-0.347000
21897.001000,1.481000,-0.349000
21898.001000,1.481000,-0.347000
21899.001000,1.481000,-0.344000
21900.001000,1.481000,-0.336000
21901.001000,1.482000,-0.324000
21902.001000,1.482000,-0.340000
21903.001000,1.482000,-0.344000
21904.001000,1.482000,-0.344000
21905.001000,1.482000,-0.341000
21906.001000,1.482000,-0.336000
21907.001000,1.482000,-0.340000
21908.001000,1.482000,-0.336000
21909.001000,1.482000,-0.340000
21910.001000,1.482000,-0.338000
21911.001000,1.482000,-0.335000
21912.001000,1.483000,-0.333000
21913.001000,1.483000,-0.333000
21914.001000,1.484000,-0.328000
21915.001000,1.483000,-0.330000
21916.001000,1.483000,-0.329000
21917.001000,1.482000,-0.332000
21918.001000,1.482000,-0.336000
21919.001000,1.482000,-0.331000
21920.001000,1.482000,-0.332000
21921.001000,1.482000,-0.334000
21922.001000,1.483000,-0.332000
21923.001000,1.483000,-0.336000
21924.001000,1.484000,-0.335000
21925.001000,1.484000,-0.340000
21926.001000,1.484000,-0.337000
21927.001000,1.485000,-0.338000
21928.001000,1.485000,-0.344000
21929.001000,1.486000,-0.323000
21930.001000,1.487000,-0.325000
21931.001000,1.487000,-0.312000
21932.001000,1.487000,-0.312000
21933.001000,1.487000,-0.308000
21934.001000,1.488000,-0.310000
21935.001000,1.489000,-0.312000
21936.001000,1.489000,-0.322000
21937.001000,1.489000,-0.336000
21938.001000,1.489000,-0.318000
21939.001000,1.489000,-0.317000
21940.001000,1.489000,-0.306000
21941.001000,1.490000,-0.310000
21942.001000,1.490000,-0.314000
21943.001000,1.490000,-0.311000
21944.001000,1.490000,-0.304000
21945.001000,1.491000,-0.318000
21946.001000,1.491000,-0.337000
21947.001000,1.491000,-0.339000
21948.001000,1.491000,-0.337000
21949.001000,1.492000,-0.340000
21950.001000,1.492000,-0.340000
21951.001000,1.492000,-0.336000
21952.001000,1.492000,-0.341000
21953.001000,1.492000,-0.334000
21954.001000,1.493000,-0.334000
21955.001000,1.493000,-0.338000
21956.001000,1.492000,-0.338000
21957.001000,1.492000,-0.331000
21958.001000,1.492000,-0.344000
21959.001000,1.492000,-0.338000
21960.001000,1.492000,-0.341000
21961.001000,1.493000,-0.337000
21962.001000,1.492000,-0.339000
21963.001000,1.492000,-0.334000
21964.001000,1.492000,-0.344000
21965.001000,1.491000,-0.343000
21966.001000,1.491000,-0.337000
21967.001000,1.491000,-0.337000
21968.001000,1.491000,-0.327000
21969.001000,1.491000,-0.318000
21970.001000,1.491000,-0.323000
21971.001000,1.491000,-0.318000
21972.001000,1.492000,-0.320000
21973.001000,1.492000,-0.324000
21974.001000,1.493000,-0.320000
21975.001000,1.493000,-0.330000
21976.001000,1.492000,-0.312000
21977.001000,1.492000,-0.312000
21978.001000,1.492000,-0.313000
21979.001000,1.492000,-0.315000
21980.001000,1.492000,-0.315000
21981.001000,1.493000,-0.316000
21982.001000,1.493000,-0.316000
21983.001000,1.493000,-0.313000
21984.001000,1.493000,-0.310000
21985.001000,1.493000,-0.308000
21986.001000,1.493000,-0.307000
21987.001000,1.493000,-0.313000
21988.001000,1.493000,-0.309000
21989.001000,1.494000,-0.308000
21990.001000,1.494000,-0.306000
21991.001000,1.493000,-0.316000
21992.001000,1.494000,-0.310000
21993.001000,1.494000,-0.315000
21994.001000,1.494000,-0.315000
21995.001000,1.493000,-0.315000
21996.001000,1.493000,-0.315000
21997.001000,1.492000,-0.320000
21998.001000,1.492000,-0.321000
21999.001000,1.492000,-0.323000
22000.001000,1.492000,-0.320000
22001.001000,1.492000,-0.323000
22002.001000,1.493000,-0.324000
22003.001000,1.491000,-0.316000
22004.001000,1.488000,-0.298000
22005.001000,1.487000,-0.296000
22006.001000,1.488000,-0.318000
22007.001000,1.487000,-0.308000
22008.001000,1.486000,-0.301000
22009.001000,1.486000,-0.307000
22010.001000,1.486000,-0.305000
22011.001000,1.487000,-0.305000
22012.001000,1.487000,-0.304000
22013.001000,1.486000,-0.306000
22014.001000,1.487000,-0.303000
22015.001000,1.487000,-0.305000
22016.001000,1.487000,-0.310000
22017.001000,1.488000,-0.316000
22018.001000,1.488000,-0.318000
22019.001000,1.488000,-0.311000
22020.001000,1.488000,-0.304000
22021.001000,1.488000,-0.305000
22022.001000,1.488000,-0.305000
22023.001000,1.488000,-0.301000
22024.001000,1.488000,-0.305000
22025.001000,1.488000,-0.304000
22026.001000,1.487000,-0.303000
22027.001000,1.488000,-0.294000
22028.001000,1.488000,-0.298000
22029.001000,1.487000,-0.299000
22030.001000,1.487000,-0.301000
22031.001000,1.487000,-0.304000
22032.001000,1.488000,-0.302000
22033.001000,1.487000,-0.306000
22034.001000,1.487000,-0.304000
22035.001000,1.486000,-0.311000
22036.001000,1.487000,-0.311000
22037.001000,1.487000,-0.313000
22038.001000,1.488000,-0.322000
22039.001000,1.488000,-0.324000
22040.001000,1.489000,-0.324000
22041.001000,1.489000,-0.324000
22042.001000,1.489000,-0.288000
22043.001000,1.490000,-0.279000
22044.001000,1.490000,-0.286000
22045.001000,1.490000,-0.283000
22046.001000,1.489000,-0.285000
22047.001000,1.489000,-0.288000
22048.001000,1.489000,-0.290000
22049.001000,1.490000,-0.296000
22050.001000,1.490000,-0.291000
22051.001000,1.490000,-0.287000
22052.001000,1.490000,-0.289000
22053.001000,1.491000,-0.285000
22054.001000,1.491000,-0.285000
22055.001000,1.491000,-0.292000
22056.001000,1.491000,-0.289000
22057.001000,1.491000,-0.287000
22058.001000,1.491000,-0.286000
22059.001000,1.492000,-0.285000
22060.001000,1.492000,-0.286000
22061.001000,1.492000,-0.281000
22062.001000,1.492000,-0.279000
22063.001000,1.492000,-0.288000
22064.001000,1.492000,-0.289000
22065.001000,1.493000,-0.287000
22066.001000,1.493000,-0.287000
22067.001000,1.493000,-0.291000
22068.001000,1.493000,-0.286000
22069.001000,1.493000,-0.285000
22070.001000,1.492000,-0.284000
22071.001000,1.492000,-0.290000
22072.001000,1.492000,-0.297000
22073.001000,1.491000,-0.291000
22074.001000,1.491000,-0.291000
22075.001000,1.491000,-0.293000
22076.001000,1.492000,-0.293000
22077.001000,1.492000,-0.300000
22078.001000,1.493000,-0.300000
22079.001000,1.493000,-0.310000
22080.001000,1.494000,-0.315000
22081.001000,1.494000,-0.311000
22082.001000,1.494000,-0.314000
22083.001000,1.495000,-0.300000
22084.001000,1.494000,-0.285000
22085.001000,1.495000,-0.284000
22086.001000,1.495000,-0.283000
22087.001000,1.495000,-0.282000
22088.001000,1.495000,-0.285000
22089.001000,1.495000,-0.290000
22090.001000,1.495000,-0.287000
22091.001000,1.495000,-0.280000
22092.001000,1.494000,-0.294000
22093.001000,1.494000,-0.291000
22094.001000,1.495000,-0.291000
22095.001000,1.495000,-0.293000
22096.001000,1.495000,-0.294000
22097.001000,1.495000,-0.292000
22098.001000,1.495000,-0.292000
22099.001000,1.494000,-0.294000
22100.001000,1.494000,-0.293000
22101.001000,1.494000,-0.292000
22102.001000,1.494000,-0.289000
22103.001000,1.494000,-0.286000
22104.001000,1.495000,-0.289000
22105.001000,1.495000,-0.301000
22106.001000,1.495000,-0.291000
22107.001000,1.495000,-0.300000
22108.001000,1.495000,-0.297000
22109.001000,1.495000,-0.297000
22110.001000,1.496000,-0.300000
22111.001000,1.496000,-0.298000
22112.001000,1.496000,-0.301000
22113.001000,1.497000,-0.302000
22114.001000,1.497000,-0.304000
22115.001000,1.498000,-0.300000
22116.001000,1.498000,-0.300000
22117.001000,1.499000,-0.304000
22118.001000,1.499000,-0.304000
22119.001000,1.500000,-0.301000
22120.001000,1.500000,-0.296000
22121.001000,1.501000,-0.305000
22122.001000,1.501000,-0.308000
22123.001000,1.501000,-0.308000
22124.001000,1.501000,-0.305000
22125.001000,1.501000,-0.301000
22126.001000,1.500000,-0.299000
22127.001000,1.498000,-0.293000
22128.001000,1.497000,-0.292000
22129.001000,1.497000,-0.292000
22130.001000,1.497000,-0.288000
22131.001000,1.497000,-0.287000
22132.001000,1.497000,-0.287000
22133.001000,1.498000,-0.287000
22134.001000,1.498000,-0.299000
22135.001000,1.498000,-0.317000
22136.001000,1.498000,-0.319000
22137.001000,1.498000,-0.316000
22138.001000,1.499000,-0.317000
22139.001000,1.499000,-0.305000
22140.001000,1.499000,-0.306000
22141.001000,1.499000,-0.309000
22142.001000,1.500000,-0.302000
22143.001000,1.500000,-0.310000
22144.001000,1.500000,-0.308000
22145.001000,1.500000,-0.304000
22146.001000,1.500000,-0.301000
22147.001000,1.499000,-0.297000
22148.001000,1.497000,-0.298000
22149.001000,1.496000,-0.299000
22150.001000,1.495000,-0.297000
22151.001000,1.495000,-0.301000
22152.001000,1.495000,-0.304000
22153.001000,1.495000,-0.303000
22154.001000,1.495000,-0.300000
22155.001000,1.496000,-0.307000
22156.001000,1.496000,-0.302000
22157.001000,1.496000,-0.297000
22158.001000,1.495000,-0.308000
22159.001000,1.496000,-0.305000
22160.001000,1.496000,-0.306000
22161.001000,1.496000,-0.302000
22162.001000,1.496000,-0.295000
22163.001000,1.496000,-0.303000
22164.001000,1.496000,-0.300000
22165.001000,1.496000,-0.305000
22166.001000,1.496000,-0.301000
22167.001000,1.496000,-0.303000
22168.001000,1.495000,-0.310000
22169.001000,1.496000,-0.305000
22170.001000,1.496000,-0.298000
22171.001000,1.496000,-0.297000
22172.001000,1.496000,-0.296000
22173.001000,1.496000,-0.294000
22174.001000,1.497000,-0.296000
22175.001000,1.495000,-0.288000
22176.001000,1.495000,-0.296000
22177.001000,1.496000,-0.296000
22178.001000,1.495000,-0.300000
22179.001000,1.495000,-0.300000
22180.001000,1.495000,-0.299000
22181.001000,1.495000,-0.296000
22182.001000,1.496000,-0.295000
22183.001000,1.496000,-0.301000
22184.001000,1.496000,-0.295000
22185.001000,1.496000,-0.297000
22186.001000,1.496000,-0.298000
22187.001000,1.496000,-0.297000
22188.001000,1.496000,-0.290000
22189.001000,1.496000,-0.301000
22190.001000,1.497000,-0.302000
22191.001000,1.497000,-0.298000
22192.001000,1.497000,-0.293000
22193.001000,1.497000,-0.300000
22194.001000,1.496000,-0.298000
22195.001000,1.496000,-0.301000
22196.001000,1.496000,-0.298000
22197.001000,1.496000,-0.299000
22198.001000,1.496000,-0.308000
22199.001000,1.497000,-0.296000
22200.001000,1.496000,-0.303000
22201.001000,1.496000,-0.298000
22202.001000,1.496000,-0.296000
22203.001000,1.496000,-0.298000
22204.001000,1.496000,-0.296000
22205.001000,1.496000,-0.296000
22206.001000,1.496000,-0.295000
22207.001000,1.496000,-0.291000
22208.001000,1.496000,-0.295000
22209.001000,1.497000,-0.294000
22210.001000,1.496000,-0.296000
22211.001000,1.496000,-0.292000
22212.001000,1.496000,-0.298000
22213.001000,1.496000,-0.294000
22214.001000,1.496000,-0.298000
22215.001000,1.495000,-0.292000
22216.001000,1.496000,-0.291000
22217.001000,1.496000,-0.288000
22218.001000,1.496000,-0.291000
22219.001000,1.496000,-0.292000
22220.001000,1.496000,-0.292000
22221.001000,1.497000,-0.297000
22222.001000,1.496000,-0.300000
22223.001000,1.496000,-0.292000
22224.001000,1.496000,-0.288000
22225.001000,1.496000,-0.294000
22226.001000,1.496000,-0.293000
22227.001000,1.497000,-0.295000
22228.001000,1.497000,-0.286000
22229.001000,1.497000,-0.292000
22230.001000,1.496000,-0.292000
22231.001000,1.496000,-0.290000
22232.001000,1.496000,-0.295000
22233.001000,1.496000,-0.291000
22234.001000,1.496000,-0.292000
22235.001000,1.496000,-0.298000
22236.001000,1.496000,-0.297000
22237.001000,1.495000,-0.293000
22238.001000,1.495000,-0.294000
22239.001000,1.495000,-0.292000
22240.001000,1.495000,-0.293000
22241.001000,1.496000,-0.292000
22242.001000,1.496000,-0.299000
22243.001000,1.495000,-0.297000
22244.001000,1.495000,-0.299000
22245.001000,1.495000,-0.292000
22246.001000,1.494000,-0.297000
22247.001000,1.494000,-0.301000
22248.001000,1.494000,-0.297000
22249.001000,1.494000,-0.295000
22250.001000,1.495000,-0.297000
22251.001000,1.495000,-0.296000
22252.001000,1.496000,-0.297000
22253.001000,1.495000,-0.296000
22254.001000,1.494000,-0.299000
22255.001000,1.495000,-0.301000
22256.001000,1.495000,-0.304000
22257.001000,1.495000,-0.304000
22258.001000,1.495000,-0.305000
22259.001000,1.494000,-0.297000
22260.001000,1.494000,-0.299000
22261.001000,1.494000,-0.298000
22262.001000,1.494000,-0.300000
22263.001000,1.494000,-0.305000
22264.001000,1.494000,-0.301000
22265.001000,1.494000,-0.302000
22266.001000,1.494000,-0.298000
22267.001000,1.494000,-0.298000
22268.001000,1.495000,-0.298000
22269.001000,1.495000,-0.298000
22270.001000,1.495000,-0.296000
22271.001000,1.495000,-0.295000
22272.001000,1.495000,-0.296000
22273.001000,1.495000,-0.296000
22274.001000,1.496000,-0.290000
22275.001000,1.496000,-0.292000
22276.001000,1.496000,-0.293000
22277.001000,1.497000,-0.293000
22278.001000,1.497000,-0.294000
22279.001000,1.497000,-0.293000
22280.001000,1.497000,-0.293000
22281.001000,1.496000,-0.292000
22282.001000,1.496000,-0.291000
22283.001000,1.497000,-0.285000
22284.001000,1.497000,-0.288000
22285.001000,1.496000,-0.286000
22286.001000,1.496000,-0.291000
22287.001000,1.496000,-0.287000
22288.001000,1.496000,-0.288000
22289.001000,1.496000,-0.284000
22290.001000,1.497000,-0.286000
22291.001000,1.497000,-0.281000
22292.001000,1.497000,-0.283000
22293.001000,1.497000,-0.285000
22294.001000,1.496000,-0.294000
22295.001000,1.496000,-0.294000
22296.001000,1.497000,-0.299000
22297.001000,1.497000,-0.295000
22298.001000,1.497000,-0.297000
22299.001000,1.497000,-0.296000
22300.001000,1.497000,-0.302000
22301.001000,1.496000,-0.305000
22302.001000,1.496000,-0.300000
22303.001000,1.496000,-0.300000
22304.001000,1.496000,-0.300000
22305.001000,1.497000,-0.304000
22306.001000,1.497000,-0.303000
22307.001000,1.497000,-0.298000
22308.001000,1.498000,-0.304000
22309.001000,1.498000,-0.301000
22310.001000,1.498000,-0.298000
22311.001000,1.498000,-0.305000
22312.001000,1.498000,-0.299000
22313.001000,1.498000,-0.294000
22314.001000,1.499000,-0.301000
22315.001000,1.499000,-0.301000
22316.001000,1.499000,-0.300000
22317.001000,1.499000,-0.304000
22318.001000,1.499000,-0.300000
22319.001000,1.500000,-0.301000
22320.001000,1.500000,-0.298000
22321.001000,1.500000,-0.294000
22322.001000,1.500000,-0.295000
22323.001000,1.501000,-0.302000
22324.001000,1.501000,-0.299000
22325.001000,1.502000,-0.293000
22326.001000,1.503000,-0.294000
22327.001000,1.503000,-0.294000
22328.001000,1.503000,-0.293000
22329.001000,1.502000,-0.291000
22330.001000,1.502000,-0.289000
22331.001000,1.501000,-0.289000
22332.001000,1.501000,-0.297000
22333.001000,1.501000,-0.295000
22334.001000,1.501000,-0.295000
22335.001000,1.501000,-0.298000
22336.001000,1.501000,-0.299000
22337.001000,1.500000,-0.300000
22338.001000,1.501000,-0.302000
22339.001000,1.501000,-0.304000
22340.001000,1.501000,-0.305000
22341.001000,1.501000,-0.294000
22342.001000,1.500000,-0.295000
22343.001000,1.500000,-0.296000
22344.001000,1.500000,-0.294000
22345.001000,1.500000,-0.298000
22346.001000,1.500000,-0.288000
22347.001000,1.500000,-0.294000
22348.001000,1.500000,-0.291000
22349.001000,1.500000,-0.300000
22350.001000,1.500000,-0.298000
22351.001000,1.499000,-0.299000
22352.001000,1.499000,-0.297000
22353.001000,1.499000,-0.293000
22354.001000,1.500000,-0.297000
22355.001000,1.500000,-0.297000
22356.001000,1.500000,-0.296000
22357.001000,1.499000,-0.293000
22358.001000,1.499000,-0.289000
22359.001000,1.499000,-0.289000
22360.001000,1.500000,-0.288000
22361.001000,1.500000,-0.286000
22362.001000,1.500000,-0.285000
22363.001000,1.500000,-0.284000
22364.001000,1.500000,-0.281000
22365.001000,1.500000,-0.286000
22366.001000,1.500000,-0.289000
22367.001000,1.500000,-0.293000
22368.001000,1.500000,-0.289000
22369.001000,1.499000,-0.288000
22370.001000,1.499000,-0.288000
22371.001000,1.499000,-0.292000
22372.001000,1.499000,-0.291000
22373.001000,1.499000,-0.289000
22374.001000,1.499000,-0.301000
22375.001000,1.499000,-0.291000
22376.001000,1.499000,-0.288000
22377.001000,1.500000,-0.284000
22378.001000,1.500000,-0.286000
22379.001000,1.500000,-0.289000
22380.001000,1.499000,-0.286000
22381.001000,1.499000,-0.290000
22382.001000,1.499000,-0.288000
22383.001000,1.499000,-0.287000
22384.001000,1.499000,-0.284000
22385.001000,1.499000,-0.290000
22386.001000,1.499000,-0.289000
22387.001000,1.499000,-0.289000
22388.001000,1.499000,-0.294000
22389.001000,1.499000,-0.291000
22390.001000,1.498000,-0.290000
22391.001000,1.498000,-0.291000
22392.001000,1.498000,-0.292000
22393.001000,1.498000,-0.289000
22394.001000,1.498000,-0.293000
22395.001000,1.498000,-0.295000
22396.001000,1.498000,-0.288000
22397.001000,1.498000,-0.292000
22398.001000,1.498000,-0.289000
22399.001000,1.499000,-0.288000
22400.001000,1.499000,-0.289000
22401.001000,1.499000,-0.291000
22402.001000,1.499000,-0.290000
22403.001000,1.499000,-0.282000
22404.001000,1.498000,-0.283000
22405.001000,1.498000,-0.286000
22406.001000,1.498000,-0.289000
22407.001000,1.499000,-0.293000
22408.001000,1.499000,-0.295000
22409.001000,1.499000,-0.295000
22410.001000,1.500000,-0.299000
22411.001000,1.500000,-0.297000
22412.001000,1.500000,-0.290000
22413.001000,1.500000,-0.290000
22414.001000,1.500000,-0.292000
22415.001000,1.500000,-0.282000
22416.001000,1.499000,-0.293000
22417.001000,1.499000,-0.287000
22418.001000,1.499000,-0.286000
22419.001000,1.499000,-0.288000
22420.001000,1.499000,-0.290000
22421.001000,1.498000,-0.294000
22422.001000,1.499000,-0.281000
22423.001000,1.499000,-0.287000
22424.001000,1.499000,-0.281000
22425.001000,1.499000,-0.281000
22426.001000,1.498000,-0.282000
22427.001000,1.499000,-0.288000
22428.001000,1.498000,-0.286000
22429.001000,1.499000,-0.284000
22430.001000,1.498000,-0.282000
22431.001000,1.498000,-0.285000
22432.001000,1.498000,-0.283000
22433.001000,1.497000,-0.284000
22434.001000,1.498000,-0.283000
22435.001000,1.497000,-0.282000
22436.001000,1.497000,-0.279000
22437.001000,1.497000,-0.283000
22438.001000,1.497000,-0.283000
22439.001000,1.496000,-0.281000
22440.001000,1.497000,-0.285000
22441.001000,1.497000,-0.282000
22442.001000,1.497000,-0.282000
22443.001000,1.497000,-0.280000
22444.001000,1.497000,-0.288000
22445.001000,1.498000,-0.288000
22446.001000,1.498000,-0.289000
22447.001000,1.498000,-0.287000
22448.001000,1.499000,-0.282000
22449.001000,1.498000,-0.287000
22450.001000,1.499000,-0.285000
22451.001000,1.499000,-0.284000
22452.001000,1.499000,-0.287000
22453.001000,1.499000,-0.283000
22454.001000,1.499000,-0.285000
22455.001000,1.499000,-0.283000
22456.001000,1.500000,-0.286000
22457.001000,1.499000,-0.286000
22458.001000,1.499000,-0.288000
22459.001000,1.499000,-0.283000
22460.001000,1.499000,-0.284000
22461.001000,1.499000,-0.286000
22462.001000,1.498000,-0.281000
22463.001000,1.499000,-0.288000
22464.001000,1.498000,-0.292000
22465.001000,1.498000,-0.288000
22466.001000,1.498000,-0.283000
22467.001000,1.498000,-0.283000
22468.001000,1.497000,-0.288000
22469.001000,1.497000,-0.286000
22470.001000,1.498000,-0.287000
22471.001000,1.498000,-0.300000
22472.001000,1.498000,-0.292000
22473.001000,1.497000,-0.290000
22474.001000,1.498000,-0.285000
22475.001000,1.497000,-0.285000
22476.001000,1.497000,-0.286000
22477.001000,1.497000,-0.283000
22478.001000,1.498000,-0.286000
22479.001000,1.498000,-0.286000
22480.001000,1.498000,-0.289000
22481.001000,1.497000,-0.291000
22482.001000,1.498000,-0.291000
22483.001000,1.498000,-0.283000
22484.001000,1.498000,-0.292000
22485.001000,1.498000,-0.288000
22486.001000,1.498000,-0.287000
22487.001000,1.499000,-0.291000
22488.001000,1.499000,-0.294000
22489.001000,1.499000,-0.293000
22490.001000,1.499000,-0.298000
22491.001000,1.499000,-0.292000
22492.001000,1.499000,-0.288000
22493.001000,1.499000,-0.294000
22494.001000,1.500000,-0.289000
22495.001000,1.500000,-0.293000
22496.001000,1.500000,-0.293000
22497.001000,1.501000,-0.295000
22498.001000,1.501000,-0.302000
22499.001000,1.501000,-0.296000
22500.001000,1.501000,-0.300000
22501.001000,1.501000,-0.295000
22502.001000,1.502000,-0.298000
22503.001000,1.502000,-0.292000
22504.001000,1.502000,-0.302000
22505.001000,1.502000,-0.292000
22506.001000,1.502000,-0.300000
22507.001000,1.502000,-0.297000
22508.001000,1.502000,-0.297000
22509.001000,1.501000,-0.295000
22510.001000,1.502000,-0.293000
22511.001000,1.502000,-0.297000
22512.001000,1.502000,-0.297000
22513.001000,1.502000,-0.299000
22514.001000,1.501000,-0.294000
22515.001000,1.501000,-0.296000
22516.001000,1.501000,-0.291000
22517.001000,1.501000,-0.297000
22518.001000,1.501000,-0.295000
22519.001000,1.500000,-0.294000
22520.001000,1.500000,-0.295000
22521.001000,1.500000,-0.295000
22522.001000,1.500000,-0.296000
22523.001000,1.500000,-0.293000
22524.001000,1.500000,-0.293000
22525.001000,1.500000,-0.292000
22526.001000,1.501000,-0.294000
22527.001000,1.501000,-0.296000
22528.001000,1.501000,-0.301000
22529.001000,1.500000,-0.294000
22530.001000,1.500000,-0.298000
22531.001000,1.500000,-0.295000
22532.001000,1.500000,-0.295000
22533.001000,1.500000,-0.292000
22534.001000,1.500000,-0.291000
22535.001000,1.500000,-0.291000
22536.001000,1.501000,-0.292000
22537.001000,1.501000,-0.292000
22538.001000,1.501000,-0.291000
22539.001000,1.501000,-0.292000
22540.001000,1.501000,-0.291000
22541.001000,1.501000,-0.290000
22542.001000,1.501000,-0.291000
22543.001000,1.502000,-0.288000
22544.001000,1.501000,-0.288000
22545.001000,1.502000,-0.290000
22546.001000,1.502000,-0.296000
22547.001000,1.502000,-0.287000
22548.001000,1.503000,-0.292000
22549.001000,1.503000,-0.292000
22550.001000,1.503000,-0.296000
22551.001000,1.503000,-0.290000
22552.001000,1.503000,-0.293000
22553.001000,1.503000,-0.292000
22554.001000,1.503000,-0.292000
22555.001000,1.504000,-0.294000
22556.001000,1.503000,-0.302000
22557.001000,1.504000,-0.302000
22558.001000,1.503000,-0.300000
22559.001000,1.504000,-0.301000
22560.001000,1.504000,-0.302000
22561.001000,1.504000,-0.301000
22562.001000,1.504000,-0.298000
22563.001000,1.504000,-0.307000
22564.001000,1.503000,-0.300000
22565.001000,1.503000,-0.298000
22566.001000,1.503000,-0.299000
22567.001000,1.503000,-0.303000
22568.001000,1.503000,-0.298000
22569.001000,1.503000,-0.298000
22570.001000,1.502000,-0.294000
22571.001000,1.503000,-0.304000
22572.001000,1.503000,-0.302000
22573.001000,1.503000,-0.299000
22574.001000,1.503000,-0.314000
22575.001000,1.502000,-0.309000
22576.001000,1.502000,-0.302000
22577.001000,1.502000,-0.305000
22578.001000,1.502000,-0.300000
22579.001000,1.503000,-0.299000
22580.001000,1.502000,-0.297000
22581.001000,1.503000,-0.299000
22582.001000,1.502000,-0.295000
22583.001000,1.502000,-0.292000
22584.001000,1.502000,-0.293000
22585.001000,1.502000,-0.292000
22586.001000,1.502000,-0.291000
22587.001000,1.503000,-0.297000
22588.001000,1.503000,-0.298000
22589.001000,1.503000,-0.295000
22590.001000,1.504000,-0.295000
22591.001000,1.504000,-0.299000
22592.001000,1.504000,-0.297000
22593.001000,1.504000,-0.297000
22594.001000,1.505000,-0.299000
22595.001000,1.505000,-0.293000
22596.001000,1.505000,-0.290000
22597.001000,1.505000,-0.301000
22598.001000,1.505000,-0.288000
22599.001000,1.505000,-0.300000
22600.001000,1.506000,-0.297000
22601.001000,1.506000,-0.305000
22602.001000,1.506000,-0.300000
22603.001000,1.506000,-0.303000
22604.001000,1.506000,-0.303000
22605.001000,1.506000,-0.304000
22606.001000,1.507000,-0.303000
22607.001000,1.507000,-0.302000
22608.001000,1.507000,-0.304000
22609.001000,1.508000,-0.304000
22610.001000,1.507000,-0.299000
22611.001000,1.508000,-0.296000
22612.001000,1.508000,-0.298000
22613.001000,1.509000,-0.305000
22614.001000,1.509000,-0.299000
22615.001000,1.509000,-0.295000
22616.001000,1.509000,-0.299000
22617.001000,1.509000,-0.297000
22618.001000,1.509000,-0.300000
22619.001000,1.509000,-0.297000
22620.001000,1.510000,-0.298000
22621.001000,1.510000,-0.300000
22622.001000,1.509000,-0.302000
22623.001000,1.509000,-0.300000
22624.001000,1.509000,-0.298000
22625.001000,1.510000,-0.299000
22626.001000,1.510000,-0.290000
22627.001000,1.511000,-0.292000
22628.001000,1.511000,-0.280000
22629.001000,1.512000,-0.301000
22630.001000,1.512000,-0.289000
22631.001000,1.512000,-0.295000
22632.001000,1.512000,-0.303000
22633.001000,1.512000,-0.296000
22634.001000,1.512000,-0.298000
22635.001000,1.512000,-0.309000
22636.001000,1.513000,-0.308000
22637.001000,1.513000,-0.304000
22638.001000,1.514000,-0.304000
22639.001000,1.513000,-0.294000
22640.001000,1.514000,-0.304000
22641.001000,1.514000,-0.289000
22642.001000,1.514000,-0.294000
22643.001000,1.514000,-0.284000
22644.001000,1.515000,-0.289000
22645.001000,1.514000,-0.294000
22646.001000,1.515000,-0.291000
22647.001000,1.515000,-0.296000
22648.001000,1.515000,-0.292000
22649.001000,1.515000,-0.297000
22650.001000,1.515000,-0.289000
22651.001000,1.515000,-0.297000
22652.001000,1.516000,-0.293000
22653.001000,1.516000,-0.289000
22654.001000,1.516000,-0.293000
22655.001000,1.516000,-0.294000
22656.001000,1.516000,-0.297000
22657.001000,1.517000,-0.297000
22658.001000,1.517000,-0.291000
22659.001000,1.517000,-0.288000
22660.001000,1.517000,-0.292000
22661.001000,1.518000,-0.297000
22662.001000,1.518000,-0.290000
22663.001000,1.519000,-0.289000
22664.001000,1.519000,-0.285000
22665.001000,1.520000,-0.280000
22666.001000,1.520000,-0.285000
22667.001000,1.521000,-0.283000
22668.001000,1.521000,-0.269000
22669.001000,1.521000,-0.268000
22670.001000,1.521000,-0.281000
22671.001000,1.522000,-0.277000
22672.001000,1.522000,-0.285000
22673.001000,1.522000,-0.272000
22674.001000,1.523000,-0.278000
22675.001000,1.523000,-0.263000
22676.001000,1.523000,-0.265000
22677.001000,1.523000,-0.263000
22678.001000,1.523000,-0.260000
22679.001000,1.523000,-0.266000
22680.001000,1.524000,-0.271000
22681.001000,1.524000,-0.276000
22682.001000,1.524000,-0.274000
22683.001000,1.524000,-0.268000
22684.001000,1.524000,-0.259000
22685.001000,1.525000,-0.259000
22686.001000,1.525000,-0.270000
22687.001000,1.525000,-0.265000
22688.001000,1.525000,-0.266000
22689.001000,1.525000,-0.273000
22690.001000,1.525000,-0.273000
22691.001000,1.526000,-0.266000
22692.001000,1.526000,-0.274000
22693.001000,1.526000,-0.268000
22694.001000,1.527000,-0.270000
22695.001000,1.527000,-0.277000
22696.001000,1.527000,-0.272000
22697.001000,1.527000,-0.263000
22698.001000,1.527000,-0.264000
22699.001000,1.527000,-0.268000
22700.001000,1.528000,-0.260000
22701.001000,1.528000,-0.260000
22702.001000,1.528000,-0.258000
22703.001000,1.528000,-0.258000
22704.001000,1.528000,-0.257000
22705.001000,1.528000,-0.261000
22706.001000,1.527000,-0.260000
22707.001000,1.528000,-0.256000
22708.001000,1.528000,-0.258000
22709.001000,1.528000,-0.258000
22710.001000,1.527000,-0.261000
22711.001000,1.528000,-0.261000
22712.001000,1.528000,-0.264000
22713.001000,1.528000,-0.263000
22714.001000,1.529000,-0.261000
22715.001000,1.528000,-0.259000
22716.001000,1.528000,-0.256000
22717.001000,1.528000,-0.269000
22718.001000,1.528000,-0.271000
22719.001000,1.528000,-0.262000
22720.001000,1.528000,-0.266000
22721.001000,1.528000,-0.267000
22722.001000,1.528000,-0.267000
22723.001000,1.529000,-0.258000
22724.001000,1.529000,-0.259000
22725.001000,1.528000,-0.256000
22726.001000,1.528000,-0.266000
22727.001000,1.528000,-0.261000
22728.001000,1.528000,-0.259000
22729.001000,1.528000,-0.258000
22730.001000,1.528000,-0.265000
22731.001000,1.529000,-0.250000
22732.001000,1.529000,-0.260000
22733.001000,1.528000,-0.251000
22734.001000,1.528000,-0.251000
22735.001000,1.528000,-0.251000
22736.001000,1.528000,-0.249000
22737.001000,1.528000,-0.245000
22738.001000,1.528000,-0.244000
22739.001000,1.528000,-0.243000
22740.001000,1.528000,-0.248000
22741.001000,1.528000,-0.244000
22742.001000,1.528000,-0.245000
22743.001000,1.528000,-0.245000
22744.001000,1.528000,-0.246000
22745.001000,1.529000,-0.243000
22746.001000,1.529000,-0.247000
22747.001000,1.529000,-0.251000
22748.001000,1.529000,-0.239000
22749.001000,1.530000,-0.247000
22750.001000,1.529000,-0.246000
22751.001000,1.529000,-0.249000
22752.001000,1.530000,-0.247000
22753.001000,1.530000,-0.251000
22754.001000,1.530000,-0.252000
22755.001000,1.530000,-0.253000
22756.001000,1.529000,-0.246000
22757.001000,1.529000,-0.248000
22758.001000,1.529000,-0.251000
22759.001000,1.529000,-0.250000
22760.001000,1.529000,-0.254000
22761.001000,1.529000,-0.248000
22762.001000,1.529000,-0.253000
22763.001000,1.529000,-0.254000
22764.001000,1.529000,-0.254000
22765.001000,1.528000,-0.250000
22766.001000,1.528000,-0.251000
22767.001000,1.528000,-0.251000
22768.001000,1.528000,-0.246000
22769.001000,1.529000,-0.254000
22770.001000,1.529000,-0.258000
22771.001000,1.528000,-0.254000
22772.001000,1.528000,-0.254000
22773.001000,1.528000,-0.246000
22774.001000,1.528000,-0.250000
22775.001000,1.528000,-0.247000
22776.001000,1.528000,-0.256000
22777.001000,1.528000,-0.251000
22778.001000,1.528000,-0.250000
22779.001000,1.529000,-0.251000
22780.001000,1.529000,-0.256000
22781.001000,1.529000,-0.248000
22782.001000,1.529000,-0.251000
22783.001000,1.529000,-0.251000
22784.001000,1.529000,-0.247000
22785.001000,1.530000,-0.246000
22786.001000,1.530000,-0.247000
22787.001000,1.529000,-0.255000
22788.001000,1.529000,-0.259000
22789.001000,1.530000,-0.252000
22790.001000,1.530000,-0.257000
22791.001000,1.530000,-0.247000
22792.001000,1.530000,-0.253000
22793.001000,1.530000,-0.248000
22794.001000,1.530000,-0.247000
22795.001000,1.531000,-0.243000
22796.001000,1.531000,-0.248000
22797.001000,1.530000,-0.250000
22798.001000,1.530000,-0.254000
22799.001000,1.531000,-0.253000
22800.001000,1.531000,-0.251000
22801.001000,1.531000,-0.257000
22802.001000,1.531000,-0.247000
22803.001000,1.531000,-0.251000
22804.001000,1.532000,-0.252000
22805.001000,1.532000,-0.248000
22806.001000,1.531000,-0.253000
22807.001000,1.531000,-0.253000
22808.001000,1.530000,-0.259000
22809.001000,1.530000,-0.254000
22810.001000,1.530000,-0.250000
22811.001000,1.531000,-0.257000
22812.001000,1.531000,-0.259000
22813.001000,1.531000,-0.257000
22814.001000,1.530000,-0.261000
22815.001000,1.530000,-0.259000
22816.001000,1.530000,-0.259000
22817.001000,1.530000,-0.262000
22818.001000,1.530000,-0.270000
22819.001000,1.530000,-0.268000
22820.001000,1.530000,-0.262000
22821.001000,1.530000,-0.260000
22822.001000,1.530000,-0.270000
22823.001000,1.530000,-0.261000
22824.001000,1.529000,-0.252000
22825.001000,1.530000,-0.256000
22826.001000,1.530000,-0.268000
22827.001000,1.530000,-0.267000
22828.001000,1.530000,-0.258000
22829.001000,1.530000,-0.261000
22830.001000,1.530000,-0.259000
22831.001000,1.530000,-0.258000
22832.001000,1.531000,-0.258000
22833.001000,1.531000,-0.261000
22834.001000,1.531000,-0.260000
22835.001000,1.532000,-0.259000
22836.001000,1.531000,-0.256000
22837.001000,1.531000,-0.251000
22838.001000,1.532000,-0.251000
22839.001000,1.532000,-0.259000
22840.001000,1.531000,-0.260000
22841.001000,1.532000,-0.265000
22842.001000,1.532000,-0.266000
22843.001000,1.532000,-0.271000
22844.001000,1.532000,-0.270000
22845.001000,1.532000,-0.270000
22846.001000,1.531000,-0.282000
22847.001000,1.531000,-0.280000
22848.001000,1.531000,-0.283000
22849.001000,1.531000,-0.278000
22850.001000,1.531000,-0.277000
22851.001000,1.531000,-0.277000
22852.001000,1.531000,-0.278000
22853.001000,1.531000,-0.281000
22854.001000,1.531000,-0.279000
22855.001000,1.531000,-0.284000
22856.001000,1.532000,-0.280000
22857.001000,1.532000,-0.290000
22858.001000,1.531000,-0.294000
22859.001000,1.530000,-0.292000
22860.001000,1.530000,-0.290000
22861.001000,1.530000,-0.287000
22862.001000,1.531000,-0.283000
22863.001000,1.531000,-0.283000
22864.001000,1.531000,-0.288000
22865.001000,1.531000,-0.290000
22866.001000,1.532000,-0.288000
22867.001000,1.532000,-0.285000
22868.001000,1.532000,-0.278000
22869.001000,1.532000,-0.289000
22870.001000,1.532000,-0.289000
22871.001000,1.532000,-0.290000
22872.001000,1.533000,-0.286000
22873.001000,1.533000,-0.287000
22874.001000,1.533000,-0.286000
22875.001000,1.534000,-0.286000
22876.001000,1.535000,-0.286000
22877.001000,1.534000,-0.288000
22878.001000,1.535000,-0.289000
22879.001000,1.534000,-0.285000
22880.001000,1.533000,-0.282000
22881.001000,1.533000,-0.278000
22882.001000,1.532000,-0.276000
22883.001000,1.531000,-0.269000
22884.001000,1.530000,-0.272000
22885.001000,1.530000,-0.276000
22886.001000,1.530000,-0.280000
22887.001000,1.529000,-0.281000
22888.001000,1.529000,-0.278000
22889.001000,1.529000,-0.274000
22890.001000,1.529000,-0.274000
22891.001000,1.529000,-0.272000
22892.001000,1.529000,-0.264000
22893.001000,1.529000,-0.264000
22894.001000,1.529000,-0.269000
22895.001000,1.530000,-0.267000
22896.001000,1.530000,-0.275000
22897.001000,1.531000,-0.268000
22898.001000,1.531000,-0.276000
22899.001000,1.532000,-0.275000
22900.001000,1.532000,-0.271000
22901.001000,1.532000,-0.270000
22902.001000,1.532000,-0.268000
22903.001000,1.533000,-0.267000
22904.001000,1.533000,-0.276000
22905.001000,1.533000,-0.269000
22906.001000,1.534000,-0.271000
22907.001000,1.534000,-0.274000
22908.001000,1.535000,-0.269000
22909.001000,1.534000,-0.266000
22910.001000,1.535000,-0.262000
22911.001000,1.535000,-0.260000
22912.001000,1.535000,-0.261000
22913.001000,1.536000,-0.265000
22914.001000,1.536000,-0.262000
22915.001000,1.536000,-0.261000
22916.001000,1.536000,-0.258000
22917.001000,1.536000,-0.256000
22918.001000,1.536000,-0.257000
22919.001000,1.537000,-0.256000
22920.001000,1.537000,-0.257000
22921.001000,1.537000,-0.259000
22922.001000,1.537000,-0.264000
22923.001000,1.537000,-0.262000
22924.001000,1.536000,-0.265000
22925.001000,1.536000,-0.254000
22926.001000,1.536000,-0.260000
22927.001000,1.536000,-0.257000
22928.001000,1.536000,-0.258000
22929.001000,1.536000,-0.258000
22930.001000,1.536000,-0.259000
22931.001000,1.536000,-0.259000
22932.001000,1.536000,-0.260000
22933.001000,1.536000,-0.264000
22934.001000,1.535000,-0.260000
22935.001000,1.536000,-0.259000
22936.001000,1.536000,-0.261000
22937.001000,1.536000,-0.257000
22938.001000,1.537000,-0.253000
22939.001000,1.537000,-0.248000
22940.001000,1.537000,-0.257000
22941.001000,1.537000,-0.251000
22942.001000,1.537000,-0.254000
22943.001000,1.537000,-0.255000
22944.001000,1.538000,-0.258000
22945.001000,1.538000,-0.260000
22946.001000,1.538000,-0.259000
22947.001000,1.538000,-0.258000
22948.001000,1.538000,-0.263000
22949.001000,1.539000,-0.265000
22950.001000,1.538000,-0.258000
22951.001000,1.538000,-0.258000
22952.001000,1.539000,-0.246000
22953.001000,1.539000,-0.253000
22954.001000,1.539000,-0.253000
22955.001000,1.539000,-0.253000
22956.001000,1.540000,-0.255000
22957.001000,1.540000,-0.252000
22958.001000,1.540000,-0.252000
22959.001000,1.541000,-0.254000
22960.001000,1.541000,-0.248000
22961.001000,1.541000,-0.254000
22962.001000,1.541000,-0.250000
22963.001000,1.541000,-0.248000
22964.001000,1.540000,-0.250000
22965.001000,1.540000,-0.246000
22966.001000,1.541000,-0.245000
22967.001000,1.541000,-0.255000
22968.001000,1.541000,-0.261000
22969.001000,1.541000,-0.263000
22970.001000,1.541000,-0.258000
22971.001000,1.542000,-0.258000
22972.001000,1.541000,-0.276000
22973.001000,1.541000,-0.272000
22974.001000,1.541000,-0.272000
22975.001000,1.541000,-0.271000
22976.001000,1.541000,-0.271000
22977.001000,1.541000,-0.273000
22978.001000,1.541000,-0.278000
22979.001000,1.541000,-0.277000
22980.001000,1.541000,-0.276000
22981.001000,1.541000,-0.278000
22982.001000,1.541000,-0.270000
22983.001000,1.540000,-0.268000
22984.001000,1.540000,-0.275000
22985.001000,1.540000,-0.270000
22986.001000,1.539000,-0.273000
22987.001000,1.539000,-0.274000
22988.001000,1.540000,-0.274000
22989.001000,1.540000,-0.276000
22990.001000,1.541000,-0.276000
22991.001000,1.541000,-0.278000
22992.001000,1.540000,-0.273000
22993.001000,1.540000,-0.271000
22994.001000,1.540000,-0.271000
22995.001000,1.539000,-0.268000
22996.001000,1.539000,-0.269000
22997.001000,1.538000,-0.263000
22998.001000,1.538000,-0.274000
22999.001000,1.538000,-0.269000
23000.001000,1.538000,-0.265000
23001.001000,1.538000,-0.263000
23002.001000,1.538000,-0.277000
23003.001000,1.538000,-0.271000
23004.001000,1.537000,-0.274000
23005.001000,1.537000,-0.289000
23006.001000,1.538000,-0.274000
23007.001000,1.538000,-0.275000
23008.001000,1.539000,-0.267000
23009.001000,1.539000,-0.267000
23010.001000,1.540000,-0.266000
23011.001000,1.540000,-0.267000
23012.001000,1.541000,-0.268000
23013.001000,1.541000,-0.270000
23014.001000,1.541000,-0.265000
23015.001000,1.542000,-0.265000
23016.001000,1.542000,-0.267000
23017.001000,1.542000,-0.269000
23018.001000,1.542000,-0.276000
23019.001000,1.542000,-0.274000
23020.001000,1.542000,-0.271000
23021.001000,1.543000,-0.281000
23022.001000,1.543000,-0.276000
23023.001000,1.543000,-0.274000
23024.001000,1.542000,-0.279000
23025.001000,1.542000,-0.280000
23026.001000,1.543000,-0.280000
23027.001000,1.543000,-0.280000
23028.001000,1.543000,-0.278000
23029.001000,1.542000,-0.280000
23030.001000,1.543000,-0.280000
23031.001000,1.542000,-0.279000
23032.001000,1.543000,-0.274000
23033.001000,1.543000,-0.269000
23034.001000,1.542000,-0.275000
23035.001000,1.543000,-0.273000
23036.001000,1.544000,-0.272000
23037.001000,1.544000,-0.270000
23038.001000,1.543000,-0.271000
23039.001000,1.544000,-0.268000
23040.001000,1.544000,-0.275000
23041.001000,1.544000,-0.267000
23042.001000,1.544000,-0.267000
23043.001000,1.544000,-0.266000
23044.001000,1.544000,-0.270000
23045.001000,1.544000,-0.260000
23046.001000,1.545000,-0.265000
23047.001000,1.544000,-0.265000
23048.001000,1.544000,-0.258000
23049.001000,1.544000,-0.258000
23050.001000,1.544000,-0.259000
23051.001000,1.544000,-0.254000
23052.001000,1.543000,-0.246000
23053.001000,1.542000,-0.253000
23054.001000,1.541000,-0.248000
23055.001000,1.541000,-0.250000
23056.001000,1.542000,-0.253000
23057.001000,1.542000,-0.261000
23058.001000,1.543000,-0.278000
23059.001000,1.543000,-0.275000
23060.001000,1.543000,-0.278000
23061.001000,1.544000,-0.278000
23062.001000,1.544000,-0.279000
23063.001000,1.542000,-0.280000
23064.001000,1.542000,-0.280000
23065.001000,1.542000,-0.279000
23066.001000,1.542000,-0.266000
23067.001000,1.542000,-0.267000
23068.001000,1.542000,-0.273000
23069.001000,1.540000,-0.299000
23070.001000,1.538000,-0.286000
23071.001000,1.538000,-0.285000
23072.001000,1.538000,-0.290000
23073.001000,1.538000,-0.285000
23074.001000,1.538000,-0.274000
23075.001000,1.538000,-0.272000
23076.001000,1.538000,-0.268000
23077.001000,1.538000,-0.265000
23078.001000,1.538000,-0.272000
23079.001000,1.539000,-0.290000
23080.001000,1.539000,-0.309000
23081.001000,1.540000,-0.308000
23082.001000,1.540000,-0.304000
23083.001000,1.540000,-0.299000
23084.001000,1.539000,-0.299000
23085.001000,1.538000,-0.291000
23086.001000,1.538000,-0.293000
23087.001000,1.538000,-0.291000
23088.001000,1.538000,-0.291000
23089.001000,1.538000,-0.293000
23090.001000,1.539000,-0.298000
23091.001000,1.539000,-0.293000
23092.001000,1.539000,-0.293000
23093.001000,1.539000,-0.294000
23094.001000,1.539000,-0.295000
23095.001000,1.539000,-0.294000
23096.001000,1.540000,-0.295000
23097.001000,1.540000,-0.288000
23098.001000,1.539000,-0.284000
23099.001000,1.538000,-0.286000
23100.001000,1.538000,-0.291000
23101.001000,1.539000,-0.293000
23102.001000,1.539000,-0.296000
23103.001000,1.539000,-0.295000
23104.001000,1.537000,-0.299000
23105.001000,1.535000,-0.305000
23106.001000,1.534000,-0.300000
23107.001000,1.535000,-0.301000
23108.001000,1.535000,-0.307000
23109.001000,1.535000,-0.308000
23110.001000,1.535000,-0.293000
23111.001000,1.535000,-0.286000
23112.001000,1.535000,-0.286000
23113.001000,1.535000,-0.267000
23114.001000,1.535000,-0.272000
23115.001000,1.535000,-0.268000
23116.001000,1.535000,-0.267000
23117.001000,1.535000,-0.269000
23118.001000,1.535000,-0.266000
23119.001000,1.535000,-0.263000
23120.001000,1.535000,-0.261000
23121.001000,1.535000,-0.263000
23122.001000,1.535000,-0.264000
23123.001000,1.534000,-0.269000
23124.001000,1.533000,-0.267000
23125.001000,1.533000,-0.262000
23126.001000,1.533000,-0.259000
23127.001000,1.533000,-0.268000
23128.001000,1.533000,-0.264000
23129.001000,1.533000,-0.266000
23130.001000,1.534000,-0.273000
23131.001000,1.534000,-0.266000
23132.001000,1.533000,-0.267000
23133.001000,1.533000,-0.263000
23134.001000,1.533000,-0.264000
23135.001000,1.533000,-0.263000
23136.001000,1.532000,-0.268000
23137.001000,1.532000,-0.271000
23138.001000,1.532000,-0.264000
23139.001000,1.533000,-0.265000
23140.001000,1.533000,-0.260000
23141.001000,1.533000,-0.258000
23142.001000,1.533000,-0.262000
23143.001000,1.532000,-0.263000
23144.001000,1.532000,-0.260000
23145.001000,1.532000,-0.264000
23146.001000,1.532000,-0.258000
23147.001000,1.532000,-0.258000
23148.001000,1.532000,-0.262000
23149.001000,1.533000,-0.268000
23150.001000,1.533000,-0.262000
23151.001000,1.534000,-0.283000
23152.001000,1.534000,-0.298000
23153.001000,1.535000,-0.297000
23154.001000,1.535000,-0.292000
23155.001000,1.535000,-0.294000
23156.001000,1.536000,-0.291000
23157.001000,1.536000,-0.290000
23158.001000,1.536000,-0.287000
23159.001000,1.536000,-0.276000
23160.001000,1.536000,-0.276000
23161.001000,1.537000,-0.275000
23162.001000,1.537000,-0.288000
23163.001000,1.537000,-0.279000
23164.001000,1.537000,-0.275000
23165.001000,1.537000,-0.277000
23166.001000,1.536000,-0.276000
23167.001000,1.536000,-0.276000
23168.001000,1.536000,-0.279000
23169.001000,1.536000,-0.281000
23170.001000,1.536000,-0.278000
23171.001000,1.536000,-0.284000
23172.001000,1.536000,-0.287000
23173.001000,1.536000,-0.286000
23174.001000,1.537000,-0.281000
23175.001000,1.537000,-0.279000
23176.001000,1.537000,-0.280000
23177.001000,1.537000,-0.272000
23178.001000,1.537000,-0.273000
23179.001000,1.538000,-0.277000
23180.001000,1.538000,-0.286000
23181.001000,1.538000,-0.291000
23182.001000,1.538000,-0.291000
23183.001000,1.539000,-0.292000
23184.001000,1.539000,-0.286000
23185.001000,1.539000,-0.284000
23186.001000,1.540000,-0.287000
23187.001000,1.540000,-0.296000
23188.001000,1.540000,-0.284000
23189.001000,1.540000,-0.298000
23190.001000,1.540000,-0.293000
23191.001000,1.541000,-0.295000
23192.001000,1.541000,-0.298000
23193.001000,1.542000,-0.284000
23194.001000,1.542000,-0.291000
23195.001000,1.542000,-0.292000
23196.001000,1.543000,-0.302000
23197.001000,1.543000,-0.295000
23198.001000,1.544000,-0.296000
23199.001000,1.544000,-0.296000
23200.001000,1.544000,-0.298000
23201.001000,1.544000,-0.299000
23202.001000,1.544000,-0.287000
23203.001000,1.542000,-0.296000
23204.001000,1.541000,-0.303000
23205.001000,1.541000,-0.286000
23206.001000,1.541000,-0.269000
23207.001000,1.540000,-0.268000
23208.001000,1.540000,-0.274000
23209.001000,1.540000,-0.271000
23210.001000,1.539000,-0.263000
23211.001000,1.539000,-0.266000
23212.001000,1.539000,-0.251000
23213.001000,1.539000,-0.271000
23214.001000,1.539000,-0.265000
23215.001000,1.538000,-0.270000
23216.001000,1.538000,-0.265000
23217.001000,1.538000,-0.259000
23218.001000,1.538000,-0.272000
23219.001000,1.538000,-0.274000
23220.001000,1.538000,-0.260000
23221.001000,1.539000,-0.260000
23222.001000,1.539000,-0.254000
23223.001000,1.538000,-0.251000
23224.001000,1.538000,-0.257000
23225.001000,1.538000,-0.251000
23226.001000,1.538000,-0.257000
23227.001000,1.538000,-0.259000
23228.001000,1.537000,-0.258000
23229.001000,1.537000,-0.255000
23230.001000,1.537000,-0.259000
23231.001000,1.537000,-0.260000
23232.001000,1.537000,-0.259000
23233.001000,1.537000,-0.261000
23234.001000,1.537000,-0.267000
23235.001000,1.537000,-0.264000
23236.001000,1.537000,-0.266000
23237.001000,1.537000,-0.259000
23238.001000,1.538000,-0.265000
23239.001000,1.538000,-0.261000
23240.001000,1.538000,-0.265000
23241.001000,1.537000,-0.253000
23242.001000,1.537000,-0.263000
23243.001000,1.538000,-0.260000
23244.001000,1.538000,-0.263000
23245.001000,1.538000,-0.264000
23246.001000,1.538000,-0.256000
23247.001000,1.539000,-0.256000
23248.001000,1.539000,-0.265000
23249.001000,1.538000,-0.263000
23250.001000,1.539000,-0.260000
23251.001000,1.539000,-0.266000
23252.001000,1.540000,-0.272000
23253.001000,1.540000,-0.274000
23254.001000,1.541000,-0.271000
23255.001000,1.541000,-0.268000
23256.001000,1.542000,-0.269000
23257.001000,1.542000,-0.271000
23258.001000,1.543000,-0.272000
23259.001000,1.543000,-0.285000
23260.001000,1.543000,-0.278000
23261.001000,1.544000,-0.277000
23262.001000,1.544000,-0.279000
23263.001000,1.545000,-0.279000
23264.001000,1.545000,-0.281000
23265.001000,1.545000,-0.280000
23266.001000,1.546000,-0.275000
23267.001000,1.546000,-0.275000
23268.001000,1.545000,-0.275000
23269.001000,1.546000,-0.273000
23270.001000,1.546000,-0.277000
23271.001000,1.546000,-0.282000
23272.001000,1.545000,-0.287000
23273.001000,1.545000,-0.287000
23274.001000,1.545000,-0.291000
23275.001000,1.544000,-0.285000
23276.001000,1.545000,-0.284000
23277.001000,1.545000,-0.292000
23278.001000,1.545000,-0.297000
23279.001000,1.544000,-0.293000
23280.001000,1.545000,-0.288000
23281.001000,1.544000,-0.287000
23282.001000,1.544000,-0.293000
23283.001000,1.543000,-0.286000
23284.001000,1.544000,-0.291000
23285.001000,1.543000,-0.291000
23286.001000,1.543000,-0.290000
23287.001000,1.543000,-0.283000
23288.001000,1.543000,-0.269000
23289.001000,1.543000,-0.255000
23290.001000,1.544000,-0.255000
23291.001000,1.544000,-0.258000
23292.001000,1.544000,-0.260000
23293.001000,1.544000,-0.263000
23294.001000,1.545000,-0.263000
23295.001000,1.545000,-0.265000
23296.001000,1.545000,-0.262000
23297.001000,1.545000,-0.262000
23298.001000,1.546000,-0.257000
23299.001000,1.546000,-0.269000
23300.001000,1.546000,-0.262000
23301.001000,1.547000,-0.265000
23302.001000,1.547000,-0.261000
23303.001000,1.547000,-0.268000
23304.001000,1.547000,-0.265000
23305.001000,1.547000,-0.263000
23306.001000,1.548000,-0.264000
23307.001000,1.548000,-0.263000
23308.001000,1.549000,-0.267000
23309.001000,1.549000,-0.270000
23310.001000,1.550000,-0.269000
23311.001000,1.550000,-0.268000
23312.001000,1.551000,-0.273000
23313.001000,1.551000,-0.266000
23314.001000,1.551000,-0.268000
23315.001000,1.551000,-0.269000
23316.001000,1.551000,-0.268000
23317.001000,1.552000,-0.262000
23318.001000,1.552000,-0.269000
23319.001000,1.552000,-0.264000
23320.001000,1.552000,-0.273000
23321.001000,1.552000,-0.268000
23322.001000,1.551000,-0.274000
23323.001000,1.551000,-0.267000
23324.001000,1.552000,-0.274000
23325.001000,1.552000,-0.275000
23326.001000,1.552000,-0.276000
23327.001000,1.552000,-0.273000
23328.001000,1.552000,-0.271000
23329.001000,1.552000,-0.269000
23330.001000,1.552000,-0.272000
23331.001000,1.552000,-0.273000
23332.001000,1.552000,-0.271000
23333.001000,1.552000,-0.290000
23334.001000,1.552000,-0.284000
23335.001000,1.553000,-0.282000
23336.001000,1.553000,-0.279000
23337.001000,1.553000,-0.271000
23338.001000,1.553000,-0.276000
23339.001000,1.553000,-0.273000
23340.001000,1.553000,-0.257000
23341.001000,1.554000,-0.261000
23342.001000,1.553000,-0.256000
23343.001000,1.554000,-0.259000
23344.001000,1.553000,-0.256000
23345.001000,1.554000,-0.255000
23346.001000,1.552000,-0.256000
23347.001000,1.552000,-0.258000
23348.001000,1.553000,-0.261000
23349.001000,1.553000,-0.265000
23350.001000,1.553000,-0.255000
23351.001000,1.554000,-0.260000
23352.001000,1.554000,-0.261000
23353.001000,1.553000,-0.262000
23354.001000,1.552000,-0.263000
23355.001000,1.552000,-0.262000
23356.001000,1.552000,-0.260000
23357.001000,1.553000,-0.257000
23358.001000,1.553000,-0.263000
23359.001000,1.553000,-0.261000
23360.001000,1.553000,-0.260000
23361.001000,1.553000,-0.256000
23362.001000,1.552000,-0.259000
23363.001000,1.552000,-0.258000
23364.001000,1.552000,-0.263000
23365.001000,1.553000,-0.266000
23366.001000,1.553000,-0.263000
23367.001000,1.552000,-0.284000
23368.001000,1.552000,-0.275000
23369.001000,1.552000,-0.263000
23370.001000,1.552000,-0.258000
23371.001000,1.552000,-0.262000
23372.001000,1.552000,-0.243000
23373.001000,1.552000,-0.236000
23374.001000,1.551000,-0.234000
23375.001000,1.551000,-0.230000
23376.001000,1.551000,-0.231000
23377.001000,1.552000,-0.234000
23378.001000,1.552000,-0.230000
23379.001000,1.552000,-0.231000
23380.001000,1.552000,-0.227000
23381.001000,1.550000,-0.234000
23382.001000,1.548000,-0.240000
23383.001000,1.548000,-0.235000
23384.001000,1.547000,-0.235000
23385.001000,1.547000,-0.238000
23386.001000,1.548000,-0.237000
23387.001000,1.549000,-0.234000
23388.001000,1.549000,-0.242000
23389.001000,1.549000,-0.243000
23390.001000,1.549000,-0.239000
23391.001000,1.550000,-0.244000
23392.001000,1.550000,-0.246000
23393.001000,1.550000,-0.240000
23394.001000,1.550000,-0.235000
23395.001000,1.551000,-0.237000
23396.001000,1.551000,-0.234000
23397.001000,1.551000,-0.237000
23398.001000,1.552000,-0.238000
23399.001000,1.552000,-0.240000
23400.001000,1.551000,-0.235000
23401.001000,1.551000,-0.239000
23402.001000,1.552000,-0.237000
23403.001000,1.552000,-0.238000
23404.001000,1.552000,-0.238000
23405.001000,1.552000,-0.238000
23406.001000,1.552000,-0.237000
23407.001000,1.551000,-0.238000
23408.001000,1.551000,-0.236000
23409.001000,1.551000,-0.237000
23410.001000,1.551000,-0.233000
23411.001000,1.551000,-0.230000
23412.001000,1.552000,-0.234000
23413.001000,1.552000,-0.232000
23414.001000,1.553000,-0.231000
23415.001000,1.553000,-0.232000
23416.001000,1.553000,-0.233000
23417.001000,1.552000,-0.242000
23418.001000,1.552000,-0.237000
23419.001000,1.552000,-0.236000
23420.001000,1.553000,-0.242000
23421.001000,1.552000,-0.238000
23422.001000,1.552000,-0.240000
23423.001000,1.552000,-0.242000
23424.001000,1.552000,-0.242000
23425.001000,1.551000,-0.243000
23426.001000,1.552000,-0.241000
23427.001000,1.551000,-0.245000
23428.001000,1.551000,-0.242000
23429.001000,1.551000,-0.240000
23430.001000,1.551000,-0.242000
23431.001000,1.551000,-0.245000
23432.001000,1.551000,-0.245000
23433.001000,1.551000,-0.245000
23434.001000,1.552000,-0.245000
23435.001000,1.552000,-0.241000
23436.001000,1.552000,-0.245000
23437.001000,1.552000,-0.247000
23438.001000,1.553000,-0.248000
23439.001000,1.553000,-0.248000
23440.001000,1.553000,-0.243000
23441.001000,1.553000,-0.249000
23442.001000,1.553000,-0.248000
23443.001000,1.553000,-0.248000
23444.001000,1.552000,-0.251000
23445.001000,1.553000,-0.254000
23446.001000,1.552000,-0.256000
23447.001000,1.552000,-0.256000
23448.001000,1.552000,-0.261000
23449.001000,1.552000,-0.252000
23450.001000,1.552000,-0.251000
23451.001000,1.552000,-0.252000
23452.001000,1.552000,-0.253000
23453.001000,1.552000,-0.253000
23454.001000,1.552000,-0.245000
23455.001000,1.551000,-0.246000
23456.001000,1.551000,-0.247000
23457.001000,1.551000,-0.248000
23458.001000,1.551000,-0.249000
23459.001000,1.551000,-0.253000
23460.001000,1.551000,-0.251000
23461.001000,1.551000,-0.249000
23462.001000,1.551000,-0.249000
23463.001000,1.552000,-0.257000
23464.001000,1.551000,-0.250000
23465.001000,1.550000,-0.249000
23466.001000,1.550000,-0.253000
23467.001000,1.551000,-0.252000
23468.001000,1.551000,-0.249000
23469.001000,1.552000,-0.249000
23470.001000,1.551000,-0.255000
23471.001000,1.550000,-0.256000
23472.001000,1.550000,-0.253000
23473.001000,1.550000,-0.264000
23474.001000,1.550000,-0.248000
23475.001000,1.550000,-0.265000
23476.001000,1.550000,-0.261000
23477.001000,1.550000,-0.252000
23478.001000,1.550000,-0.253000
23479.001000,1.550000,-0.257000
23480.001000,1.550000,-0.262000
23481.001000,1.550000,-0.258000
23482.001000,1.550000,-0.257000
23483.001000,1.551000,-0.258000
23484.001000,1.551000,-0.253000
23485.001000,1.551000,-0.252000
23486.001000,1.551000,-0.258000
23487.001000,1.551000,-0.261000
23488.001000,1.551000,-0.265000
23489.001000,1.550000,-0.256000
23490.001000,1.550000,-0.258000
23491.001000,1.551000,-0.255000
23492.001000,1.551000,-0.250000
23493.001000,1.552000,-0.246000
23494.001000,1.552000,-0.241000
23495.001000,1.551000,-0.240000
23496.001000,1.551000,-0.244000
23497.001000,1.551000,-0.236000
23498.001000,1.550000,-0.248000
23499.001000,1.549000,-0.254000
23500.001000,1.550000,-0.245000
23501.001000,1.550000,-0.220000
23502.001000,1.550000,-0.220000
23503.001000,1.550000,-0.219000
23504.001000,1.550000,-0.220000
23505.001000,1.550000,-0.220000
23506.001000,1.550000,-0.224000
23507.001000,1.550000,-0.217000
23508.001000,1.550000,-0.225000
23509.001000,1.551000,-0.231000
23510.001000,1.551000,-0.227000
23511.001000,1.551000,-0.237000
23512.001000,1.551000,-0.217000
23513.001000,1.550000,-0.226000
23514.001000,1.550000,-0.232000
23515.001000,1.551000,-0.225000
23516.001000,1.551000,-0.233000
23517.001000,1.551000,-0.227000
23518.001000,1.551000,-0.230000
23519.001000,1.551000,-0.226000
23520.001000,1.551000,-0.222000
23521.001000,1.551000,-0.223000
23522.001000,1.552000,-0.223000
23523.001000,1.552000,-0.223000
23524.001000,1.553000,-0.223000
23525.001000,1.554000,-0.222000
23526.001000,1.554000,-0.226000
23527.001000,1.555000,-0.221000
23528.001000,1.555000,-0.218000
23529.001000,1.556000,-0.218000
23530.001000,1.555000,-0.224000
23531.001000,1.554000,-0.225000
23532.001000,1.554000,-0.224000
23533.001000,1.553000,-0.222000
23534.001000,1.553000,-0.219000
23535.001000,1.553000,-0.222000
23536.001000,1.552000,-0.215000
23537.001000,1.552000,-0.217000
23538.001000,1.552000,-0.216000
23539.001000,1.552000,-0.215000
23540.001000,1.552000,-0.213000
23541.001000,1.552000,-0.216000
23542.001000,1.551000,-0.212000
23543.001000,1.551000,-0.214000
23544.001000,1.552000,-0.216000
23545.001000,1.551000,-0.217000
23546.001000,1.551000,-0.212000
23547.001000,1.552000,-0.217000
23548.001000,1.552000,-0.217000
23549.001000,1.552000,-0.219000
23550.001000,1.551000,-0.223000
23551.001000,1.552000,-0.215000
23552.001000,1.552000,-0.223000
23553.001000,1.551000,-0.222000
23554.001000,1.552000,-0.220000
23555.001000,1.552000,-0.217000
23556.001000,1.553000,-0.223000
23557.001000,1.553000,-0.221000
23558.001000,1.552000,-0.217000
23559.001000,1.552000,-0.222000
23560.001000,1.553000,-0.220000
23561.001000,1.553000,-0.221000
23562.001000,1.553000,-0.223000
23563.001000,1.553000,-0.221000
23564.001000,1.553000,-0.222000
23565.001000,1.553000,-0.224000
23566.001000,1.554000,-0.227000
23567.001000,1.554000,-0.227000
23568.001000,1.555000,-0.229000
23569.001000,1.555000,-0.229000
23570.001000,1.556000,-0.232000
23571.001000,1.556000,-0.232000
23572.001000,1.556000,-0.230000
23573.001000,1.556000,-0.229000
23574.001000,1.557000,-0.230000
23575.001000,1.557000,-0.230000
23576.001000,1.557000,-0.227000
23577.001000,1.556000,-0.229000
23578.001000,1.556000,-0.228000
23579.001000,1.557000,-0.229000
23580.001000,1.557000,-0.226000
23581.001000,1.557000,-0.227000
23582.001000,1.558000,-0.229000
23583.001000,1.558000,-0.239000
23584.001000,1.557000,-0.235000
23585.001000,1.558000,-0.235000
23586.001000,1.557000,-0.240000
23587.001000,1.557000,-0.232000
23588.001000,1.557000,-0.239000
23589.001000,1.557000,-0.238000
23590.001000,1.557000,-0.238000
23591.001000,1.557000,-0.243000
23592.001000,1.558000,-0.239000
23593.001000,1.558000,-0.234000
23594.001000,1.558000,-0.233000
23595.001000,1.558000,-0.232000
23596.001000,1.558000,-0.231000
23597.001000,1.558000,-0.235000
23598.001000,1.558000,-0.230000
23599.001000,1.557000,-0.226000
23600.001000,1.557000,-0.234000
23601.001000,1.557000,-0.234000
23602.001000,1.557000,-0.230000
23603.001000,1.558000,-0.232000
23604.001000,1.558000,-0.228000
23605.001000,1.558000,-0.231000
23606.001000,1.557000,-0.234000
23607.001000,1.558000,-0.238000
23608.001000,1.558000,-0.240000
23609.001000,1.559000,-0.237000
23610.001000,1.559000,-0.236000
23611.001000,1.559000,-0.236000
23612.001000,1.559000,-0.235000
23613.001000,1.559000,-0.239000
23614.001000,1.559000,-0.229000
23615.001000,1.559000,-0.234000
23616.001000,1.559000,-0.233000
23617.001000,1.560000,-0.238000
23618.001000,1.559000,-0.231000
23619.001000,1.559000,-0.232000
23620.001000,1.559000,-0.233000
23621.001000,1.559000,-0.235000
23622.001000,1.559000,-0.227000
23623.001000,1.560000,-0.227000
23624.001000,1.559000,-0.226000
23625.001000,1.559000,-0.231000
23626.001000,1.559000,-0.235000
23627.001000,1.558000,-0.232000
23628.001000,1.559000,-0.236000
23629.001000,1.559000,-0.231000
23630.001000,1.559000,-0.229000
23631.001000,1.560000,-0.231000
23632.001000,1.559000,-0.238000
23633.001000,1.559000,-0.235000
23634.001000,1.559000,-0.240000
23635.001000,1.559000,-0.233000
23636.001000,1.559000,-0.234000
23637.001000,1.560000,-0.236000
23638.001000,1.559000,-0.229000
23639.001000,1.560000,-0.232000
23640.001000,1.560000,-0.230000
23641.001000,1.560000,-0.232000
23642.001000,1.561000,-0.232000
23643.001000,1.561000,-0.233000
23644.001000,1.561000,-0.233000
23645.001000,1.561000,-0.230000
23646.001000,1.560000,-0.226000
23647.001000,1.559000,-0.231000
23648.001000,1.560000,-0.227000
23649.001000,1.561000,-0.229000
23650.001000,1.561000,-0.233000
23651.001000,1.561000,-0.230000
23652.001000,1.562000,-0.223000
23653.001000,1.562000,-0.228000
23654.001000,1.561000,-0.226000
23655.001000,1.562000,-0.225000
23656.001000,1.562000,-0.232000
23657.001000,1.562000,-0.226000
23658.001000,1.562000,-0.229000
23659.001000,1.562000,-0.228000
23660.001000,1.562000,-0.233000
23661.001000,1.563000,-0.229000
23662.001000,1.563000,-0.226000
23663.001000,1.564000,-0.228000
23664.001000,1.565000,-0.230000
23665.001000,1.565000,-0.225000
23666.001000,1.566000,-0.221000
23667.001000,1.566000,-0.231000
23668.001000,1.566000,-0.228000
23669.001000,1.565000,-0.229000
23670.001000,1.565000,-0.233000
23671.001000,1.564000,-0.231000
23672.001000,1.564000,-0.228000
23673.001000,1.563000,-0.226000
23674.001000,1.563000,-0.235000
23675.001000,1.563000,-0.231000
23676.001000,1.564000,-0.238000
23677.001000,1.565000,-0.228000
23678.001000,1.565000,-0.232000
23679.001000,1.565000,-0.240000
23680.001000,1.565000,-0.239000
23681.001000,1.565000,-0.234000
23682.001000,1.565000,-0.233000
23683.001000,1.565000,-0.235000
23684.001000,1.564000,-0.231000
23685.001000,1.563000,-0.237000
23686.001000,1.562000,-0.235000
23687.001000,1.561000,-0.233000
23688.001000,1.561000,-0.238000
23689.001000,1.561000,-0.237000
23690.001000,1.561000,-0.240000
23691.001000,1.561000,-0.234000
23692.001000,1.560000,-0.243000
23693.001000,1.560000,-0.239000
23694.001000,1.561000,-0.238000
23695.001000,1.561000,-0.242000
23696.001000,1.561000,-0.232000
23697.001000,1.561000,-0.238000
23698.001000,1.561000,-0.237000
23699.001000,1.561000,-0.231000
23700.001000,1.562000,-0.232000
23701.001000,1.562000,-0.243000
23702.001000,1.561000,-0.235000
23703.001000,1.562000,-0.238000
23704.001000,1.562000,-0.242000
23705.001000,1.561000,-0.242000
23706.001000,1.561000,-0.232000
23707.001000,1.561000,-0.229000
23708.001000,1.562000,-0.231000
23709.001000,1.562000,-0.233000
23710.001000,1.562000,-0.234000
23711.001000,1.562000,-0.239000
23712.001000,1.562000,-0.241000
23713.001000,1.562000,-0.234000
23714.001000,1.562000,-0.241000
23715.001000,1.561000,-0.233000
23716.001000,1.561000,-0.234000
23717.001000,1.561000,-0.241000
23718.001000,1.561000,-0.238000
23719.001000,1.562000,-0.237000
23720.001000,1.562000,-0.239000
23721.001000,1.562000,-0.242000
23722.001000,1.562000,-0.234000
23723.001000,1.562000,-0.237000
23724.001000,1.562000,-0.235000
23725.001000,1.562000,-0.236000
23726.001000,1.562000,-0.235000
23727.001000,1.562000,-0.237000
23728.001000,1.561000,-0.241000
23729.001000,1.561000,-0.241000
23730.001000,1.562000,-0.239000
23731.001000,1.561000,-0.236000
23732.001000,1.561000,-0.240000
23733.001000,1.562000,-0.241000
23734.001000,1.562000,-0.242000
23735.001000,1.561000,-0.238000
23736.001000,1.561000,-0.234000
23737.001000,1.561000,-0.229000
23738.001000,1.561000,-0.233000
23739.001000,1.561000,-0.238000
23740.001000,1.562000,-0.236000
23741.001000,1.562000,-0.226000
23742.001000,1.562000,-0.230000
23743.001000,1.561000,-0.231000
23744.001000,1.561000,-0.227000
23745.001000,1.561000,-0.229000
23746.001000,1.562000,-0.229000
23747.001000,1.562000,-0.230000
23748.001000,1.561000,-0.230000
23749.001000,1.561000,-0.225000
23750.001000,1.561000,-0.228000
23751.001000,1.562000,-0.232000
23752.001000,1.561000,-0.227000
23753.001000,1.561000,-0.231000
23754.001000,1.562000,-0.227000
23755.001000,1.562000,-0.223000
23756.001000,1.562000,-0.225000
23757.001000,1.562000,-0.223000
23758.001000,1.562000,-0.223000
23759.001000,1.562000,-0.231000
23760.001000,1.561000,-0.227000
23761.001000,1.561000,-0.223000
23762.001000,1.561000,-0.227000
23763.001000,1.561000,-0.233000
23764.001000,1.561000,-0.224000
23765.001000,1.561000,-0.228000
23766.001000,1.561000,-0.222000
23767.001000,1.562000,-0.221000
23768.001000,1.562000,-0.226000
23769.001000,1.561000,-0.226000
23770.001000,1.561000,-0.224000
23771.001000,1.561000,-0.227000
23772.001000,1.560000,-0.225000
23773.001000,1.560000,-0.239000
23774.001000,1.560000,-0.235000
23775.001000,1.561000,-0.228000
23776.001000,1.561000,-0.228000
23777.001000,1.562000,-0.231000
23778.001000,1.562000,-0.236000
23779.001000,1.561000,-0.233000
23780.001000,1.561000,-0.230000
23781.001000,1.562000,-0.232000
23782.001000,1.562000,-0.234000
23783.001000,1.562000,-0.229000
23784.001000,1.563000,-0.233000
23785.001000,1.563000,-0.233000
23786.001000,1.563000,-0.235000
23787.001000,1.562000,-0.227000
23788.001000,1.562000,-0.230000
23789.001000,1.562000,-0.230000
23790.001000,1.563000,-0.233000
23791.001000,1.563000,-0.239000
23792.001000,1.563000,-0.239000
23793.001000,1.562000,-0.237000
23794.001000,1.563000,-0.228000
23795.001000,1.563000,-0.230000
23796.001000,1.562000,-0.231000
23797.001000,1.562000,-0.231000
23798.001000,1.562000,-0.231000
23799.001000,1.562000,-0.227000
23800.001000,1.562000,-0.234000
23801.001000,1.563000,-0.230000
23802.001000,1.563000,-0.227000
23803.001000,1.563000,-0.226000
23804.001000,1.562000,-0.227000
23805.001000,1.562000,-0.226000
23806.001000,1.561000,-0.225000
23807.001000,1.561000,-0.228000
23808.001000,1.562000,-0.233000
23809.001000,1.562000,-0.230000
23810.001000,1.562000,-0.235000
23811.001000,1.562000,-0.234000
23812.001000,1.562000,-0.231000
23813.001000,1.562000,-0.230000
23814.001000,1.563000,-0.229000
23815.001000,1.563000,-0.232000
23816.001000,1.563000,-0.229000
23817.001000,1.563000,-0.223000
23818.001000,1.563000,-0.231000
23819.001000,1.562000,-0.225000
23820.001000,1.562000,-0.223000
23821.001000,1.562000,-0.223000
23822.001000,1.562000,-0.230000
23823.001000,1.561000,-0.224000
23824.001000,1.562000,-0.226000
23825.001000,1.562000,-0.224000
23826.001000,1.563000,-0.231000
23827.001000,1.563000,-0.229000
23828.001000,1.563000,-0.225000
23829.001000,1.563000,-0.229000
23830.001000,1.562000,-0.222000
23831.001000,1.562000,-0.228000
23832.001000,1.562000,-0.237000
23833.001000,1.562000,-0.232000
23834.001000,1.562000,-0.232000
23835.001000,1.563000,-0.235000
23836.001000,1.563000,-0.224000
23837.001000,1.563000,-0.225000
23838.001000,1.564000,-0.228000
23839.001000,1.564000,-0.224000
23840.001000,1.564000,-0.220000
23841.001000,1.564000,-0.229000
23842.001000,1.564000,-0.230000
23843.001000,1.564000,-0.225000
23844.001000,1.563000,-0.222000
23845.001000,1.563000,-0.228000
23846.001000,1.563000,-0.228000
23847.001000,1.563000,-0.229000
23848.001000,1.563000,-0.227000
23849.001000,1.563000,-0.227000
23850.001000,1.563000,-0.229000
23851.001000,1.563000,-0.227000
23852.001000,1.563000,-0.227000
23853.001000,1.563000,-0.221000
23854.001000,1.563000,-0.218000
23855.001000,1.564000,-0.221000
23856.001000,1.563000,-0.228000
23857.001000,1.563000,-0.227000
23858.001000,1.563000,-0.225000
23859.001000,1.563000,-0.227000
23860.001000,1.563000,-0.226000
23861.001000,1.564000,-0.218000
23862.001000,1.564000,-0.222000
23863.001000,1.565000,-0.216000
23864.001000,1.565000,-0.216000
23865.001000,1.565000,-0.220000
23866.001000,1.566000,-0.221000
23867.001000,1.565000,-0.220000
23868.001000,1.565000,-0.222000
23869.001000,1.565000,-0.226000
23870.001000,1.565000,-0.221000
23871.001000,1.564000,-0.226000
23872.001000,1.563000,-0.225000
23873.001000,1.564000,-0.228000
23874.001000,1.564000,-0.229000
23875.001000,1.564000,-0.221000
23876.001000,1.564000,-0.221000
23877.001000,1.564000,-0.227000
23878.001000,1.564000,-0.227000
23879.001000,1.563000,-0.226000
23880.001000,1.563000,-0.230000
23881.001000,1.563000,-0.230000
23882.001000,1.563000,-0.231000
23883.001000,1.563000,-0.231000
23884.001000,1.563000,-0.226000
23885.001000,1.563000,-0.232000
23886.001000,1.563000,-0.228000
23887.001000,1.563000,-0.231000
23888.001000,1.563000,-0.228000
23889.001000,1.563000,-0.237000
23890.001000,1.563000,-0.231000
23891.001000,1.563000,-0.243000
23892.001000,1.563000,-0.237000
23893.001000,1.564000,-0.236000
23894.001000,1.564000,-0.234000
23895.001000,1.564000,-0.233000
23896.001000,1.563000,-0.227000
23897.001000,1.564000,-0.225000
23898.001000,1.564000,-0.236000
23899.001000,1.564000,-0.231000
23900.001000,1.563000,-0.226000
23901.001000,1.563000,-0.228000
23902.001000,1.563000,-0.234000
23903.001000,1.563000,-0.228000
23904.001000,1.563000,-0.225000
23905.001000,1.563000,-0.237000
23906.001000,1.563000,-0.235000
23907.001000,1.564000,-0.234000
23908.001000,1.563000,-0.226000
23909.001000,1.563000,-0.232000
23910.001000,1.563000,-0.233000
23911.001000,1.564000,-0.233000
23912.001000,1.564000,-0.231000
23913.001000,1.564000,-0.232000
23914.001000,1.565000,-0.227000
23915.001000,1.565000,-0.230000
23916.001000,1.566000,-0.231000
23917.001000,1.566000,-0.231000
23918.001000,1.566000,-0.244000
23919.001000,1.566000,-0.233000
23920.001000,1.565000,-0.236000
23921.001000,1.564000,-0.230000
23922.001000,1.564000,-0.231000
23923.001000,1.564000,-0.231000
23924.001000,1.563000,-0.229000
23925.001000,1.564000,-0.235000
23926.001000,1.564000,-0.230000
23927.001000,1.564000,-0.235000
23928.001000,1.564000,-0.228000
23929.001000,1.564000,-0.238000
23930.001000,1.564000,-0.228000
23931.001000,1.564000,-0.236000
23932.001000,1.564000,-0.232000
23933.001000,1.564000,-0.227000
23934.001000,1.564000,-0.222000
23935.001000,1.565000,-0.229000
23936.001000,1.565000,-0.228000
23937.001000,1.566000,-0.226000
23938.001000,1.566000,-0.230000
23939.001000,1.566000,-0.228000
23940.001000,1.567000,-0.226000
23941.001000,1.568000,-0.227000
23942.001000,1.568000,-0.226000
23943.001000,1.569000,-0.230000
23944.001000,1.569000,-0.227000
23945.001000,1.569000,-0.232000
23946.001000,1.569000,-0.221000
23947.001000,1.568000,-0.230000
23948.001000,1.568000,-0.222000
23949.001000,1.567000,-0.224000
23950.001000,1.567000,-0.225000
23951.001000,1.567000,-0.225000
23952.001000,1.567000,-0.227000
23953.001000,1.567000,-0.226000
23954.001000,1.568000,-0.227000
23955.001000,1.568000,-0.229000
23956.001000,1.568000,-0.225000
23957.001000,1.568000,-0.229000
23958.001000,1.569000,-0.225000
23959.001000,1.569000,-0.230000
23960.001000,1.569000,-0.223000
23961.001000,1.568000,-0.217000
23962.001000,1.567000,-0.231000
23963.001000,1.567000,-0.224000
23964.001000,1.566000,-0.224000
23965.001000,1.566000,-0.225000
23966.001000,1.566000,-0.221000
23967.001000,1.566000,-0.227000
23968.001000,1.566000,-0.221000
23969.001000,1.566000,-0.222000
23970.001000,1.566000,-0.219000
23971.001000,1.567000,-0.222000
23972.001000,1.567000,-0.218000
23973.001000,1.568000,-0.223000
23974.001000,1.568000,-0.223000
23975.001000,1.569000,-0.223000
23976.001000,1.569000,-0.216000
23977.001000,1.570000,-0.221000
23978.001000,1.570000,-0.222000
23979.001000,1.570000,-0.220000
23980.001000,1.570000,-0.214000
23981.001000,1.571000,-0.222000
23982.001000,1.571000,-0.219000
23983.001000,1.571000,-0.222000
23984.001000,1.571000,-0.220000
23985.001000,1.571000,-0.226000
23986.001000,1.572000,-0.221000
23987.001000,1.572000,-0.218000
23988.001000,1.572000,-0.217000
23989.001000,1.572000,-0.214000
23990.001000,1.572000,-0.216000
23991.001000,1.571000,-0.216000
23992.001000,1.571000,-0.217000
23993.001000,1.571000,-0.219000
23994.001000,1.569000,-0.222000
23995.001000,1.569000,-0.228000
23996.001000,1.568000,-0.225000
23997.001000,1.567000,-0.216000
23998.001000,1.567000,-0.216000
23999.001000,1.567000,-0.219000
24000.001000,1.567000,-0.225000
24001.001000,1.567000,-0.221000
24002.001000,1.568000,-0.220000
24003.001000,1.568000,-0.214000
24004.001000,1.568000,-0.222000
24005.001000,1.568000,-0.228000
24006.001000,1.568000,-0.221000
24007.001000,1.568000,-0.220000
24008.001000,1.568000,-0.224000
24009.001000,1.568000,-0.229000
24010.001000,1.569000,-0.220000
24011.001000,1.569000,-0.222000
24012.001000,1.569000,-0.223000
24013.001000,1.570000,-0.232000
24014.001000,1.570000,-0.228000
24015.001000,1.570000,-0.226000
24016.001000,1.570000,-0.223000
24017.001000,1.570000,-0.234000
24018.001000,1.570000,-0.231000
24019.001000,1.569000,-0.233000
24020.001000,1.569000,-0.232000
24021.001000,1.568000,-0.222000
24022.001000,1.568000,-0.230000
24023.001000,1.568000,-0.233000
24024.001000,1.569000,-0.234000
24025.001000,1.569000,-0.228000
24026.001000,1.569000,-0.234000
24027.001000,1.570000,-0.221000
24028.001000,1.570000,-0.228000
24029.001000,1.570000,-0.224000
24030.001000,1.570000,-0.221000
24031.001000,1.570000,-0.216000
24032.001000,1.570000,-0.221000
24033.001000,1.570000,-0.220000
24034.001000,1.571000,-0.219000
24035.001000,1.571000,-0.219000
24036.001000,1.572000,-0.220000
24037.001000,1.572000,-0.230000
24038.001000,1.573000,-0.226000
24039.001000,1.573000,-0.228000
24040.001000,1.573000,-0.227000
24041.001000,1.573000,-0.231000
24042.001000,1.573000,-0.229000
24043.001000,1.573000,-0.227000
24044.001000,1.574000,-0.225000
24045.001000,1.574000,-0.239000
24046.001000,1.574000,-0.226000
24047.001000,1.575000,-0.224000
24048.001000,1.575000,-0.235000
24049.001000,1.575000,-0.227000
24050.001000,1.575000,-0.229000
24051.001000,1.575000,-0.227000
24052.001000,1.575000,-0.226000
24053.001000,1.575000,-0.226000
24054.001000,1.575000,-0.229000
24055.001000,1.575000,-0.231000
24056.001000,1.575000,-0.232000
24057.001000,1.574000,-0.226000
24058.001000,1.575000,-0.227000
24059.001000,1.575000,-0.228000
24060.001000,1.575000,-0.231000
24061.001000,1.575000,-0.225000
24062.001000,1.575000,-0.228000
24063.001000,1.575000,-0.227000
24064.001000,1.575000,-0.227000
24065.001000,1.575000,-0.226000
24066.001000,1.576000,-0.226000
24067.001000,1.576000,-0.233000
24068.001000,1.576000,-0.232000
24069.001000,1.576000,-0.229000
24070.001000,1.576000,-0.228000
24071.001000,1.576000,-0.233000
24072.001000,1.576000,-0.232000
24073.001000,1.576000,-0.227000
24074.001000,1.576000,-0.222000
24075.001000,1.576000,-0.221000
24076.001000,1.576000,-0.222000
24077.001000,1.576000,-0.225000
24078.001000,1.576000,-0.229000
24079.001000,1.575000,-0.224000
24080.001000,1.575000,-0.229000
24081.001000,1.575000,-0.223000
24082.001000,1.576000,-0.222000
24083.001000,1.576000,-0.224000
24084.001000,1.576000,-0.219000
24085.001000,1.576000,-0.223000
24086.001000,1.576000,-0.225000
24087.001000,1.576000,-0.218000
24088.001000,1.576000,-0.218000
24089.001000,1.577000,-0.217000
24090.001000,1.577000,-0.221000
24091.001000,1.576000,-0.217000
24092.001000,1.577000,-0.216000
24093.001000,1.577000,-0.214000
24094.001000,1.577000,-0.221000
24095.001000,1.577000,-0.213000
24096.001000,1.577000,-0.217000
24097.001000,1.577000,-0.218000
24098.001000,1.578000,-0.219000
24099.001000,1.578000,-0.213000
24100.001000,1.577000,-0.225000
24101.001000,1.577000,-0.213000
24102.001000,1.578000,-0.213000
24103.001000,1.578000,-0.221000
24104.001000,1.578000,-0.218000
24105.001000,1.577000,-0.225000
24106.001000,1.577000,-0.221000
24107.001000,1.578000,-0.225000
24108.001000,1.578000,-0.222000
24109.001000,1.579000,-0.232000
24110.001000,1.579000,-0.221000
24111.001000,1.580000,-0.228000
24112.001000,1.580000,-0.225000
24113.001000,1.581000,-0.228000
24114.001000,1.581000,-0.221000
24115.001000,1.581000,-0.221000
24116.001000,1.580000,-0.219000
24117.001000,1.580000,-0.220000
24118.001000,1.580000,-0.224000
24119.001000,1.580000,-0.222000
24120.001000,1.580000,-0.226000
24121.001000,1.580000,-0.222000
24122.001000,1.580000,-0.223000
24123.001000,1.580000,-0.223000
24124.001000,1.580000,-0.224000
24125.001000,1.580000,-0.224000
24126.001000,1.581000,-0.221000
24127.001000,1.581000,-0.221000
24128.001000,1.581000,-0.225000
24129.001000,1.582000,-0.220000
24130.001000,1.582000,-0.217000
24131.001000,1.582000,-0.221000
24132.001000,1.583000,-0.215000
24133.001000,1.583000,-0.227000
24134.001000,1.584000,-0.223000
24135.001000,1.584000,-0.225000
24136.001000,1.584000,-0.225000
24137.001000,1.584000,-0.223000
24138.001000,1.584000,-0.228000
24139.001000,1.584000,-0.226000
24140.001000,1.584000,-0.225000
24141.001000,1.584000,-0.225000
24142.001000,1.584000,-0.224000
24143.001000,1.585000,-0.223000
24144.001000,1.584000,-0.227000
24145.001000,1.583000,-0.225000
24146.001000,1.583000,-0.229000
24147.001000,1.582000,-0.230000
24148.001000,1.581000,-0.229000
24149.001000,1.580000,-0.224000
24150.001000,1.580000,-0.224000
24151.001000,1.581000,-0.223000
24152.001000,1.580000,-0.222000
24153.001000,1.579000,-0.224000
24154.001000,1.579000,-0.223000
24155.001000,1.580000,-0.224000
24156.001000,1.580000,-0.223000
24157.001000,1.580000,-0.223000
24158.001000,1.580000,-0.226000
24159.001000,1.580000,-0.226000
24160.001000,1.580000,-0.225000
24161.001000,1.581000,-0.223000
24162.001000,1.581000,-0.219000
24163.001000,1.582000,-0.223000
24164.001000,1.582000,-0.222000
24165.001000,1.582000,-0.216000
24166.001000,1.582000,-0.217000
24167.001000,1.582000,-0.219000
24168.001000,1.582000,-0.222000
24169.001000,1.582000,-0.222000
24170.001000,1.582000,-0.223000
24171.001000,1.582000,-0.215000
24172.001000,1.583000,-0.215000
24173.001000,1.583000,-0.210000
24174.001000,1.584000,-0.223000
24175.001000,1.584000,-0.225000
24176.001000,1.585000,-0.220000
24177.001000,1.585000,-0.218000
24178.001000,1.586000,-0.224000
24179.001000,1.586000,-0.219000
24180.001000,1.587000,-0.228000
24181.001000,1.587000,-0.220000
24182.001000,1.588000,-0.226000
24183.001000,1.588000,-0.217000
24184.001000,1.588000,-0.221000
24185.001000,1.588000,-0.215000
24186.001000,1.587000,-0.217000
24187.001000,1.587000,-0.216000
24188.001000,1.587000,-0.217000
24189.001000,1.587000,-0.220000
24190.001000,1.586000,-0.217000
24191.001000,1.586000,-0.216000
24192.001000,1.585000,-0.216000
24193.001000,1.585000,-0.213000
24194.001000,1.586000,-0.217000
24195.001000,1.586000,-0.220000
24196.001000,1.586000,-0.216000
24197.001000,1.587000,-0.224000
24198.001000,1.587000,-0.219000
24199.001000,1.588000,-0.218000
24200.001000,1.588000,-0.219000
24201.001000,1.588000,-0.220000
24202.001000,1.589000,-0.223000
24203.001000,1.588000,-0.231000
24204.001000,1.588000,-0.233000
24205.001000,1.588000,-0.227000
24206.001000,1.588000,-0.229000
24207.001000,1.588000,-0.228000
24208.001000,1.588000,-0.229000
24209.001000,1.588000,-0.224000
24210.001000,1.588000,-0.219000
24211.001000,1.588000,-0.219000
24212.001000,1.587000,-0.218000
24213.001000,1.587000,-0.220000
24214.001000,1.587000,-0.218000
24215.001000,1.587000,-0.214000
24216.001000,1.588000,-0.217000
24217.001000,1.588000,-0.218000
24218.001000,1.588000,-0.218000
24219.001000,1.588000,-0.219000
24220.001000,1.588000,-0.226000
24221.001000,1.587000,-0.213000
24222.001000,1.588000,-0.215000
24223.001000,1.587000,-0.213000
24224.001000,1.587000,-0.210000
24225.001000,1.588000,-0.211000
24226.001000,1.588000,-0.215000
24227.001000,1.588000,-0.219000
24228.001000,1.588000,-0.223000
24229.001000,1.588000,-0.225000
24230.001000,1.588000,-0.218000
24231.001000,1.588000,-0.217000
24232.001000,1.588000,-0.214000
24233.001000,1.587000,-0.213000
24234.001000,1.587000,-0.218000
24235.001000,1.587000,-0.222000
24236.001000,1.588000,-0.219000
24237.001000,1.588000,-0.219000
24238.001000,1.588000,-0.220000
24239.001000,1.588000,-0.223000
24240.001000,1.587000,-0.222000
24241.001000,1.588000,-0.216000
24242.001000,1.587000,-0.225000
24243.001000,1.587000,-0.221000
24244.001000,1.588000,-0.218000
24245.001000,1.588000,-0.215000
24246.001000,1.588000,-0.214000
24247.001000,1.588000,-0.222000
24248.001000,1.589000,-0.222000
24249.001000,1.589000,-0.223000
24250.001000,1.589000,-0.223000
24251.001000,1.589000,-0.227000
24252.001000,1.590000,-0.223000
24253.001000,1.590000,-0.227000
24254.001000,1.590000,-0.226000
24255.001000,1.589000,-0.224000
24256.001000,1.590000,-0.215000
24257.001000,1.590000,-0.218000
24258.001000,1.590000,-0.222000
24259.001000,1.589000,-0.219000
24260.001000,1.588000,-0.221000
24261.001000,1.588000,-0.219000
24262.001000,1.588000,-0.215000
24263.001000,1.588000,-0.217000
24264.001000,1.588000,-0.214000
24265.001000,1.589000,-0.225000
24266.001000,1.588000,-0.225000
24267.001000,1.588000,-0.218000
24268.001000,1.587000,-0.218000
24269.001000,1.588000,-0.220000
24270.001000,1.588000,-0.219000
24271.001000,1.588000,-0.214000
24272.001000,1.588000,-0.214000
24273.001000,1.588000,-0.212000
24274.001000,1.589000,-0.212000
24275.001000,1.589000,-0.211000
24276.001000,1.589000,-0.209000
24277.001000,1.589000,-0.213000
24278.001000,1.589000,-0.210000
24279.001000,1.589000,-0.208000
24280.001000,1.589000,-0.216000
24281.001000,1.589000,-0.214000
24282.001000,1.590000,-0.215000
24283.001000,1.590000,-0.215000
24284.001000,1.589000,-0.217000
24285.001000,1.589000,-0.217000
24286.001000,1.589000,-0.218000
24287.001000,1.590000,-0.210000
24288.001000,1.589000,-0.214000
24289.001000,1.589000,-0.215000
24290.001000,1.588000,-0.208000
24291.001000,1.588000,-0.209000
24292.001000,1.588000,-0.210000
24293.001000,1.589000,-0.213000
24294.001000,1.589000,-0.211000
24295.001000,1.589000,-0.207000
24296.001000,1.590000,-0.207000
24297.001000,1.590000,-0.208000
24298.001000,1.591000,-0.211000
24299.001000,1.591000,-0.213000
24300.001000,1.592000,-0.211000
24301.001000,1.592000,-0.215000
24302.001000,1.592000,-0.211000
24303.001000,1.592000,-0.209000
24304.001000,1.592000,-0.217000
24305.001000,1.592000,-0.213000
24306.001000,1.592000,-0.214000
24307.001000,1.591000,-0.211000
24308.001000,1.592000,-0.214000
24309.001000,1.592000,-0.214000
24310.001000,1.592000,-0.216000
24311.001000,1.593000,-0.213000
24312.001000,1.593000,-0.220000
24313.001000,1.593000,-0.212000
24314.001000,1.593000,-0.218000
24315.001000,1.593000,-0.213000
24316.001000,1.593000,-0.218000
24317.001000,1.591000,-0.208000
24318.001000,1.591000,-0.210000
24319.001000,1.591000,-0.211000
24320.001000,1.591000,-0.212000
24321.001000,1.590000,-0.207000
24322.001000,1.590000,-0.214000
24323.001000,1.590000,-0.208000
24324.001000,1.590000,-0.205000
24325.001000,1.590000,-0.211000
24326.001000,1.590000,-0.221000
24327.001000,1.590000,-0.207000
24328.001000,1.590000,-0.208000
24329.001000,1.590000,-0.214000
24330.001000,1.590000,-0.212000
24331.001000,1.590000,-0.210000
24332.001000,1.590000,-0.208000
24333.001000,1.590000,-0.207000
24334.001000,1.590000,-0.210000
24335.001000,1.590000,-0.208000
24336.001000,1.590000,-0.207000
24337.001000,1.590000,-0.204000
24338.001000,1.590000,-0.209000
24339.001000,1.590000,-0.204000
24340.001000,1.590000,-0.203000
24341.001000,1.589000,-0.207000
24342.001000,1.588000,-0.205000
24343.001000,1.589000,-0.205000
24344.001000,1.589000,-0.206000
24345.001000,1.590000,-0.207000
24346.001000,1.589000,-0.205000
24347.001000,1.589000,-0.209000
24348.001000,1.590000,-0.213000
24349.001000,1.589000,-0.213000
24350.001000,1.589000,-0.213000
24351.001000,1.589000,-0.214000
24352.001000,1.589000,-0.213000
24353.001000,1.590000,-0.208000
24354.001000,1.590000,-0.212000
24355.001000,1.590000,-0.211000
24356.001000,1.590000,-0.208000
24357.001000,1.590000,-0.210000
24358.001000,1.590000,-0.207000
24359.001000,1.590000,-0.209000
24360.001000,1.589000,-0.206000
24361.001000,1.590000,-0.210000
24362.001000,1.590000,-0.214000
24363.001000,1.590000,-0.211000
24364.001000,1.589000,-0.207000
24365.001000,1.590000,-0.206000
24366.001000,1.590000,-0.207000
24367.001000,1.590000,-0.211000
24368.001000,1.590000,-0.208000
24369.001000,1.590000,-0.207000
24370.001000,1.590000,-0.201000
24371.001000,1.591000,-0.205000
24372.001000,1.591000,-0.206000
24373.001000,1.590000,-0.204000
24374.001000,1.590000,-0.197000
24375.001000,1.590000,-0.203000
24376.001000,1.590000,-0.196000
24377.001000,1.590000,-0.206000
24378.001000,1.590000,-0.205000
24379.001000,1.590000,-0.202000
24380.001000,1.590000,-0.196000
24381.001000,1.591000,-0.198000
24382.001000,1.590000,-0.199000
24383.001000,1.590000,-0.198000
24384.001000,1.590000,-0.200000
24385.001000,1.589000,-0.200000
24386.001000,1.589000,-0.199000
24387.001000,1.588000,-0.197000
24388.001000,1.588000,-0.199000
24389.001000,1.589000,-0.199000
24390.001000,1.589000,-0.201000
24391.001000,1.589000,-0.203000
24392.001000,1.590000,-0.196000
24393.001000,1.590000,-0.196000
24394.001000,1.590000,-0.198000
24395.001000,1.590000,-0.199000
24396.001000,1.590000,-0.191000
24397.001000,1.591000,-0.196000
24398.001000,1.591000,-0.190000
24399.001000,1.591000,-0.190000
24400.001000,1.591000,-0.192000
24401.001000,1.591000,-0.192000
24402.001000,1.591000,-0.190000
24403.001000,1.591000,-0.190000
24404.001000,1.591000,-0.189000
24405.001000,1.591000,-0.190000
24406.001000,1.592000,-0.186000
24407.001000,1.592000,-0.181000
24408.001000,1.593000,-0.187000
24409.001000,1.592000,-0.186000
24410.001000,1.592000,-0.189000
24411.001000,1.591000,-0.189000
24412.001000,1.592000,-0.183000
24413.001000,1.592000,-0.187000
24414.001000,1.592000,-0.201000
24415.001000,1.592000,-0.197000
24416.001000,1.592000,-0.201000
24417.001000,1.592000,-0.215000
24418.001000,1.592000,-0.216000
24419.001000,1.592000,-0.217000
24420.001000,1.592000,-0.223000
24421.001000,1.592000,-0.219000
24422.001000,1.592000,-0.231000
24423.001000,1.592000,-0.226000
24424.001000,1.592000,-0.230000
24425.001000,1.591000,-0.232000
24426.001000,1.591000,-0.232000
24427.001000,1.591000,-0.229000
24428.001000,1.591000,-0.215000
24429.001000,1.591000,-0.208000
24430.001000,1.591000,-0.202000
24431.001000,1.590000,-0.207000
24432.001000,1.590000,-0.191000
24433.001000,1.591000,-0.183000
24434.001000,1.590000,-0.188000
24435.001000,1.591000,-0.200000
24436.001000,1.591000,-0.215000
24437.001000,1.591000,-0.204000
24438.001000,1.591000,-0.205000
24439.001000,1.590000,-0.223000
24440.001000,1.590000,-0.213000
24441.001000,1.591000,-0.215000
24442.001000,1.591000,-0.234000
24443.001000,1.591000,-0.213000
24444.001000,1.591000,-0.224000
24445.001000,1.591000,-0.224000
24446.001000,1.591000,-0.216000
24447.001000,1.591000,-0.215000
24448.001000,1.592000,-0.218000
24449.001000,1.591000,-0.211000
24450.001000,1.592000,-0.211000
24451.001000,1.592000,-0.208000
24452.001000,1.592000,-0.214000
24453.001000,1.592000,-0.212000
24454.001000,1.592000,-0.211000
24455.001000,1.592000,-0.215000
24456.001000,1.593000,-0.211000
24457.001000,1.593000,-0.218000
24458.001000,1.592000,-0.220000
24459.001000,1.592000,-0.218000
24460.001000,1.592000,-0.219000
24461.001000,1.592000,-0.219000
24462.001000,1.593000,-0.219000
24463.001000,1.593000,-0.223000
24464.001000,1.593000,-0.226000
24465.001000,1.594000,-0.220000
24466.001000,1.594000,-0.221000
24467.001000,1.594000,-0.216000
24468.001000,1.594000,-0.226000
24469.001000,1.593000,-0.218000
24470.001000,1.594000,-0.221000
24471.001000,1.594000,-0.217000
24472.001000,1.593000,-0.225000
24473.001000,1.593000,-0.225000
24474.001000,1.593000,-0.222000
24475.001000,1.593000,-0.225000
24476.001000,1.594000,-0.222000
24477.001000,1.593000,-0.223000
24478.001000,1.594000,-0.225000
24479.001000,1.594000,-0.220000
24480.001000,1.594000,-0.217000
24481.001000,1.595000,-0.220000
24482.001000,1.595000,-0.213000
24483.001000,1.594000,-0.211000
24484.001000,1.593000,-0.214000
24485.001000,1.593000,-0.219000
24486.001000,1.592000,-0.217000
24487.001000,1.590000,-0.210000
24488.001000,1.589000,-0.211000
24489.001000,1.589000,-0.210000
24490.001000,1.589000,-0.207000
24491.001000,1.589000,-0.202000
24492.001000,1.589000,-0.198000
24493.001000,1.590000,-0.198000
24494.001000,1.590000,-0.198000
24495.001000,1.591000,-0.201000
24496.001000,1.591000,-0.194000
24497.001000,1.592000,-0.197000
24498.001000,1.592000,-0.206000
24499.001000,1.593000,-0.197000
24500.001000,1.593000,-0.204000
24501.001000,1.593000,-0.201000
24502.001000,1.594000,-0.203000
24503.001000,1.595000,-0.214000
24504.001000,1.595000,-0.199000
24505.001000,1.596000,-0.193000
24506.001000,1.596000,-0.219000
24507.001000,1.596000,-0.227000
24508.001000,1.595000,-0.218000
24509.001000,1.594000,-0.221000
24510.001000,1.594000,-0.225000
24511.001000,1.594000,-0.224000
24512.001000,1.594000,-0.227000
24513.001000,1.594000,-0.218000
24514.001000,1.593000,-0.221000
24515.001000,1.592000,-0.226000
24516.001000,1.592000,-0.221000
24517.001000,1.592000,-0.218000
24518.001000,1.591000,-0.210000
24519.001000,1.591000,-0.209000
24520.001000,1.592000,-0.207000
24521.001000,1.592000,-0.214000
24522.001000,1.592000,-0.227000
24523.001000,1.592000,-0.231000
24524.001000,1.593000,-0.226000
24525.001000,1.593000,-0.227000
24526.001000,1.593000,-0.223000
24527.001000,1.592000,-0.233000
24528.001000,1.592000,-0.220000
24529.001000,1.593000,-0.222000
24530.001000,1.593000,-0.224000
24531.001000,1.592000,-0.223000
24532.001000,1.592000,-0.224000
24533.001000,1.592000,-0.225000
24534.001000,1.591000,-0.226000
24535.001000,1.591000,-0.232000
24536.001000,1.591000,-0.228000
24537.001000,1.591000,-0.236000
24538.001000,1.592000,-0.238000
24539.001000,1.593000,-0.238000
24540.001000,1.593000,-0.237000
24541.001000,1.593000,-0.227000
24542.001000,1.594000,-0.231000
24543.001000,1.594000,-0.220000
24544.001000,1.594000,-0.220000
24545.001000,1.593000,-0.222000
24546.001000,1.592000,-0.229000
24547.001000,1.592000,-0.225000
24548.001000,1.592000,-0.225000
24549.001000,1.593000,-0.223000
24550.001000,1.593000,-0.223000
24551.001000,1.593000,-0.219000
24552.001000,1.593000,-0.233000
24553.001000,1.594000,-0.245000
24554.001000,1.594000,-0.251000
24555.001000,1.594000,-0.252000
24556.001000,1.594000,-0.254000
24557.001000,1.593000,-0.253000
24558.001000,1.593000,-0.254000
24559.001000,1.593000,-0.254000
24560.001000,1.593000,-0.241000
24561.001000,1.593000,-0.241000
24562.001000,1.593000,-0.233000
24563.001000,1.593000,-0.234000
24564.001000,1.592000,-0.233000
24565.001000,1.592000,-0.235000
24566.001000,1.592000,-0.235000
24567.001000,1.592000,-0.238000
24568.001000,1.592000,-0.234000
24569.001000,1.592000,-0.241000
24570.001000,1.592000,-0.247000
24571.001000,1.591000,-0.249000
24572.001000,1.592000,-0.250000
24573.001000,1.592000,-0.247000
24574.001000,1.592000,-0.246000
24575.001000,1.591000,-0.243000
24576.001000,1.591000,-0.247000
24577.001000,1.592000,-0.241000
24578.001000,1.592000,-0.244000
24579.001000,1.591000,-0.242000
24580.001000,1.592000,-0.244000
24581.001000,1.592000,-0.242000
24582.001000,1.592000,-0.241000
24583.001000,1.592000,-0.242000
24584.001000,1.592000,-0.237000
24585.001000,1.592000,-0.238000
24586.001000,1.592000,-0.244000
24587.001000,1.593000,-0.239000
24588.001000,1.593000,-0.236000
24589.001000,1.593000,-0.244000
24590.001000,1.593000,-0.244000
24591.001000,1.594000,-0.250000
24592.001000,1.593000,-0.234000
24593.001000,1.593000,-0.244000
24594.001000,1.593000,-0.242000
24595.001000,1.593000,-0.242000
24596.001000,1.593000,-0.243000
24597.001000,1.592000,-0.250000
24598.001000,1.593000,-0.244000
24599.001000,1.592000,-0.248000
24600.001000,1.593000,-0.237000
24601.001000,1.593000,-0.236000
24602.001000,1.594000,-0.224000
24603.001000,1.594000,-0.232000
24604.001000,1.594000,-0.221000
24605.001000,1.592000,-0.228000
24606.001000,1.591000,-0.213000
24607.001000,1.591000,-0.210000
24608.001000,1.591000,-0.212000
24609.001000,1.591000,-0.218000
24610.001000,1.591000,-0.246000
24611.001000,1.591000,-0.241000
24612.001000,1.592000,-0.238000
24613.001000,1.592000,-0.237000
24614.001000,1.592000,-0.229000
24615.001000,1.593000,-0.229000
24616.001000,1.593000,-0.229000
24617.001000,1.593000,-0.234000
24618.001000,1.594000,-0.234000
24619.001000,1.594000,-0.227000
24620.001000,1.593000,-0.236000
24621.001000,1.592000,-0.234000
24622.001000,1.592000,-0.239000
24623.001000,1.593000,-0.233000
24624.001000,1.593000,-0.236000
24625.001000,1.593000,-0.243000
24626.001000,1.593000,-0.245000
24627.001000,1.594000,-0.242000
24628.001000,1.594000,-0.242000
24629.001000,1.595000,-0.244000
24630.001000,1.595000,-0.247000
24631.001000,1.594000,-0.243000
24632.001000,1.593000,-0.206000
24633.001000,1.592000,-0.210000
24634.001000,1.592000,-0.205000
24635.001000,1.591000,-0.209000
24636.001000,1.592000,-0.209000
24637.001000,1.592000,-0.207000
24638.001000,1.592000,-0.212000
24639.001000,1.592000,-0.210000
24640.001000,1.592000,-0.209000
24641.001000,1.591000,-0.216000
24642.001000,1.591000,-0.211000
24643.001000,1.590000,-0.214000
24644.001000,1.589000,-0.228000
24645.001000,1.589000,-0.226000
24646.001000,1.589000,-0.226000
24647.001000,1.589000,-0.223000
24648.001000,1.589000,-0.222000
24649.001000,1.590000,-0.228000
24650.001000,1.589000,-0.226000
24651.001000,1.588000,-0.228000
24652.001000,1.588000,-0.224000
24653.001000,1.588000,-0.224000
24654.001000,1.589000,-0.224000
24655.001000,1.589000,-0.224000
24656.001000,1.590000,-0.225000
24657.001000,1.590000,-0.221000
24658.001000,1.591000,-0.216000
24659.001000,1.591000,-0.214000
24660.001000,1.591000,-0.211000
24661.001000,1.592000,-0.222000
24662.001000,1.592000,-0.218000
24663.001000,1.592000,-0.225000
24664.001000,1.592000,-0.229000
24665.001000,1.592000,-0.224000
24666.001000,1.592000,-0.219000
24667.001000,1.593000,-0.223000
24668.001000,1.593000,-0.219000
24669.001000,1.593000,-0.221000
24670.001000,1.593000,-0.222000
24671.001000,1.593000,-0.229000
24672.001000,1.592000,-0.221000
24673.001000,1.593000,-0.225000
24674.001000,1.593000,-0.221000
24675.001000,1.594000,-0.225000
24676.001000,1.594000,-0.221000
24677.001000,1.594000,-0.223000
24678.001000,1.594000,-0.228000
24679.001000,1.595000,-0.227000
24680.001000,1.595000,-0.226000
24681.001000,1.595000,-0.239000
24682.001000,1.595000,-0.232000
24683.001000,1.595000,-0.240000
24684.001000,1.595000,-0.231000
24685.001000,1.595000,-0.240000
24686.001000,1.595000,-0.234000
24687.001000,1.595000,-0.239000
24688.001000,1.596000,-0.240000
24689.001000,1.596000,-0.242000
24690.001000,1.596000,-0.243000
24691.001000,1.596000,-0.244000
24692.001000,1.596000,-0.245000
24693.001000,1.595000,-0.247000
24694.001000,1.595000,-0.247000
24695.001000,1.595000,-0.250000
24696.001000,1.596000,-0.251000
24697.001000,1.596000,-0.250000
24698.001000,1.596000,-0.251000
24699.001000,1.596000,-0.250000
24700.001000,1.595000,-0.252000
24701.001000,1.595000,-0.252000
24702.001000,1.595000,-0.253000
24703.001000,1.595000,-0.258000
24704.001000,1.595000,-0.258000
24705.001000,1.594000,-0.240000
24706.001000,1.595000,-0.255000
24707.001000,1.595000,-0.248000
24708.001000,1.594000,-0.254000
24709.001000,1.595000,-0.250000
24710.001000,1.594000,-0.247000
24711.001000,1.595000,-0.224000
24712.001000,1.595000,-0.252000
24713.001000,1.595000,-0.246000
24714.001000,1.595000,-0.245000
24715.001000,1.594000,-0.248000
24716.001000,1.594000,-0.246000
24717.001000,1.594000,-0.241000
24718.001000,1.595000,-0.243000
24719.001000,1.595000,-0.219000
24720.001000,1.596000,-0.226000
24721.001000,1.596000,-0.216000
24722.001000,1.596000,-0.219000
24723.001000,1.596000,-0.219000
24724.001000,1.596000,-0.218000
24725.001000,1.597000,-0.220000
24726.001000,1.597000,-0.222000
24727.001000,1.597000,-0.217000
24728.001000,1.597000,-0.206000
24729.001000,1.598000,-0.220000
24730.001000,1.598000,-0.216000
24731.001000,1.599000,-0.224000
24732.001000,1.599000,-0.227000
24733.001000,1.599000,-0.225000
24734.001000,1.600000,-0.227000
24735.001000,1.601000,-0.225000
24736.001000,1.601000,-0.223000
24737.001000,1.601000,-0.228000
24738.001000,1.602000,-0.227000
24739.001000,1.602000,-0.220000
24740.001000,1.602000,-0.219000
24741.001000,1.603000,-0.223000
24742.001000,1.603000,-0.212000
24743.001000,1.603000,-0.226000
24744.001000,1.603000,-0.223000
24745.001000,1.603000,-0.220000
24746.001000,1.604000,-0.221000
24747.001000,1.604000,-0.221000
24748.001000,1.604000,-0.219000
24749.001000,1.605000,-0.216000
24750.001000,1.605000,-0.213000
24751.001000,1.606000,-0.216000
24752.001000,1.606000,-0.223000
24753.001000,1.607000,-0.223000
24754.001000,1.607000,-0.216000
24755.001000,1.608000,-0.221000
24756.001000,1.608000,-0.223000
24757.001000,1.609000,-0.227000
24758.001000,1.609000,-0.225000
24759.001000,1.609000,-0.228000
24760.001000,1.610000,-0.222000
24761.001000,1.610000,-0.224000
24762.001000,1.611000,-0.223000
24763.001000,1.611000,-0.214000
24764.001000,1.612000,-0.213000
24765.001000,1.612000,-0.227000
24766.001000,1.612000,-0.221000
24767.001000,1.613000,-0.230000
24768.001000,1.613000,-0.223000
24769.001000,1.613000,-0.226000
24770.001000,1.613000,-0.224000
24771.001000,1.614000,-0.222000
24772.001000,1.613000,-0.223000
24773.001000,1.612000,-0.226000
24774.001000,1.612000,-0.235000
24775.001000,1.612000,-0.230000
24776.001000,1.612000,-0.238000
24777.001000,1.612000,-0.226000
24778.001000,1.612000,-0.224000
24779.001000,1.612000,-0.226000
24780.001000,1.611000,-0.221000
24781.001000,1.611000,-0.229000
24782.001000,1.611000,-0.226000
24783.001000,1.612000,-0.231000
24784.001000,1.612000,-0.228000
24785.001000,1.611000,-0.229000
24786.001000,1.611000,-0.230000
24787.001000,1.611000,-0.224000
24788.001000,1.612000,-0.229000
24789.001000,1.612000,-0.223000
24790.001000,1.612000,-0.230000
24791.001000,1.613000,-0.230000
24792.001000,1.612000,-0.224000
24793.001000,1.613000,-0.226000
24794.001000,1.613000,-0.227000
24795.001000,1.613000,-0.219000
24796.001000,1.614000,-0.244000
24797.001000,1.614000,-0.217000
24798.001000,1.614000,-0.212000
24799.001000,1.614000,-0.217000
24800.001000,1.615000,-0.215000
24801.001000,1.615000,-0.217000
24802.001000,1.615000,-0.214000
24803.001000,1.615000,-0.210000
24804.001000,1.615000,-0.217000
24805.001000,1.615000,-0.212000
24806.001000,1.616000,-0.216000
24807.001000,1.616000,-0.212000
24808.001000,1.616000,-0.216000
24809.001000,1.616000,-0.214000
24810.001000,1.616000,-0.217000
24811.001000,1.616000,-0.224000
24812.001000,1.615000,-0.222000
24813.001000,1.615000,-0.229000
24814.001000,1.616000,-0.216000
24815.001000,1.616000,-0.222000
24816.001000,1.617000,-0.222000
24817.001000,1.616000,-0.229000
24818.001000,1.616000,-0.210000
24819.001000,1.615000,-0.211000
24820.001000,1.616000,-0.204000
24821.001000,1.615000,-0.195000
24822.001000,1.614000,-0.196000
24823.001000,1.615000,-0.197000
24824.001000,1.615000,-0.198000
24825.001000,1.615000,-0.191000
24826.001000,1.614000,-0.191000
24827.001000,1.614000,-0.187000
24828.001000,1.614000,-0.190000
24829.001000,1.614000,-0.192000
24830.001000,1.614000,-0.194000
24831.001000,1.613000,-0.189000
24832.001000,1.613000,-0.193000
24833.001000,1.613000,-0.192000
24834.001000,1.613000,-0.198000
24835.001000,1.613000,-0.198000
24836.001000,1.613000,-0.192000
24837.001000,1.614000,-0.197000
24838.001000,1.614000,-0.198000
24839.001000,1.615000,-0.198000
24840.001000,1.615000,-0.196000
24841.001000,1.615000,-0.197000
24842.001000,1.615000,-0.196000
24843.001000,1.615000,-0.197000
24844.001000,1.615000,-0.201000
24845.001000,1.615000,-0.201000
24846.001000,1.614000,-0.194000
24847.001000,1.615000,-0.190000
24848.001000,1.615000,-0.198000
24849.001000,1.615000,-0.212000
24850.001000,1.616000,-0.199000
24851.001000,1.616000,-0.199000
24852.001000,1.616000,-0.197000
24853.001000,1.613000,-0.189000
24854.001000,1.612000,-0.188000
24855.001000,1.611000,-0.196000
24856.001000,1.612000,-0.196000
24857.001000,1.611000,-0.191000
24858.001000,1.610000,-0.191000
24859.001000,1.610000,-0.194000
24860.001000,1.609000,-0.193000
24861.001000,1.610000,-0.192000
24862.001000,1.609000,-0.197000
24863.001000,1.610000,-0.201000
24864.001000,1.610000,-0.203000
24865.001000,1.610000,-0.196000
24866.001000,1.610000,-0.200000
24867.001000,1.610000,-0.194000
24868.001000,1.610000,-0.191000
24869.001000,1.610000,-0.196000
24870.001000,1.610000,-0.200000
24871.001000,1.609000,-0.200000
24872.001000,1.609000,-0.196000
24873.001000,1.610000,-0.205000
24874.001000,1.610000,-0.216000
24875.001000,1.610000,-0.204000
24876.001000,1.609000,-0.199000
24877.001000,1.609000,-0.205000
24878.001000,1.610000,-0.203000
24879.001000,1.610000,-0.206000
24880.001000,1.610000,-0.206000
24881.001000,1.610000,-0.194000
24882.001000,1.609000,-0.192000
24883.001000,1.610000,-0.197000
24884.001000,1.609000,-0.194000
24885.001000,1.609000,-0.199000
24886.001000,1.609000,-0.193000
24887.001000,1.610000,-0.198000
24888.001000,1.610000,-0.200000
24889.001000,1.610000,-0.206000
24890.001000,1.610000,-0.193000
24891.001000,1.610000,-0.198000
24892.001000,1.610000,-0.195000
24893.001000,1.609000,-0.203000
24894.001000,1.609000,-0.210000
24895.001000,1.610000,-0.205000
24896.001000,1.610000,-0.201000
24897.001000,1.610000,-0.198000
24898.001000,1.610000,-0.192000
24899.001000,1.610000,-0.194000
24900.001000,1.610000,-0.200000
24901.001000,1.610000,-0.201000
24902.001000,1.610000,-0.204000
24903.001000,1.610000,-0.200000
24904.001000,1.611000,-0.196000
24905.001000,1.610000,-0.197000
24906.001000,1.611000,-0.191000
24907.001000,1.611000,-0.197000
24908.001000,1.611000,-0.198000
24909.001000,1.611000,-0.201000
24910.001000,1.611000,-0.190000
24911.001000,1.611000,-0.189000
24912.001000,1.612000,-0.201000
24913.001000,1.612000,-0.190000
24914.001000,1.612000,-0.199000
24915.001000,1.612000,-0.199000
24916.001000,1.612000,-0.199000
24917.001000,1.612000,-0.200000
24918.001000,1.612000,-0.201000
24919.001000,1.612000,-0.199000
24920.001000,1.613000,-0.201000
24921.001000,1.612000,-0.200000
24922.001000,1.611000,-0.209000
24923.001000,1.611000,-0.208000
24924.001000,1.611000,-0.203000
24925.001000,1.611000,-0.206000
24926.001000,1.611000,-0.211000
24927.001000,1.611000,-0.206000
24928.001000,1.611000,-0.203000
24929.001000,1.611000,-0.206000
24930.001000,1.611000,-0.208000
24931.001000,1.610000,-0.209000
24932.001000,1.610000,-0.210000
24933.001000,1.610000,-0.217000
24934.001000,1.610000,-0.209000
24935.001000,1.610000,-0.202000
24936.001000,1.610000,-0.213000
24937.001000,1.610000,-0.205000
24938.001000,1.611000,-0.199000
24939.001000,1.611000,-0.201000
24940.001000,1.612000,-0.207000
24941.001000,1.612000,-0.197000
24942.001000,1.613000,-0.201000
24943.001000,1.613000,-0.196000
24944.001000,1.614000,-0.200000
24945.001000,1.614000,-0.198000
24946.001000,1.615000,-0.196000
24947.001000,1.616000,-0.195000
24948.001000,1.616000,-0.195000
24949.001000,1.617000,-0.197000
24950.001000,1.617000,-0.198000
24951.001000,1.618000,-0.199000
24952.001000,1.618000,-0.202000
24953.001000,1.618000,-0.207000
24954.001000,1.618000,-0.205000
24955.001000,1.617000,-0.201000
24956.001000,1.617000,-0.206000
24957.001000,1.617000,-0.203000
24958.001000,1.617000,-0.197000
24959.001000,1.618000,-0.195000
24960.001000,1.617000,-0.191000
24961.001000,1.618000,-0.193000
24962.001000,1.617000,-0.198000
24963.001000,1.617000,-0.199000
24964.001000,1.617000,-0.198000
24965.001000,1.617000,-0.197000
24966.001000,1.617000,-0.194000
24967.001000,1.616000,-0.191000
24968.001000,1.616000,-0.195000
24969.001000,1.617000,-0.193000
24970.001000,1.617000,-0.194000
24971.001000,1.617000,-0.189000
24972.001000,1.617000,-0.191000
24973.001000,1.617000,-0.204000
24974.001000,1.617000,-0.196000
24975.001000,1.617000,-0.198000
24976.001000,1.618000,-0.197000
24977.001000,1.617000,-0.199000
24978.001000,1.617000,-0.196000
24979.001000,1.617000,-0.198000
24980.001000,1.617000,-0.201000
24981.001000,1.617000,-0.205000
24982.001000,1.617000,-0.204000
24983.001000,1.617000,-0.200000
24984.001000,1.618000,-0.205000
24985.001000,1.618000,-0.206000
24986.001000,1.618000,-0.197000
24987.001000,1.618000,-0.194000
24988.001000,1.619000,-0.202000
24989.001000,1.619000,-0.198000
24990.001000,1.619000,-0.197000
24991.001000,1.619000,-0.201000
24992.001000,1.619000,-0.208000
24993.001000,1.619000,-0.203000
24994.001000,1.619000,-0.204000
24995.001000,1.618000,-0.196000
24996.001000,1.618000,-0.195000
24997.001000,1.619000,-0.192000
24998.001000,1.619000,-0.199000
24999.001000,1.619000,-0.194000
25000.001000,1.619000,-0.195000
25001.001000,1.619000,-0.195000
25002.001000,1.619000,-0.198000
25003.001000,1.619000,-0.190000
25004.001000,1.619000,-0.198000
25005.001000,1.619000,-0.194000
25006.001000,1.618000,-0.192000
25007.001000,1.618000,-0.189000
25008.001000,1.618000,-0.201000
25009.001000,1.618000,-0.195000
25010.001000,1.618000,-0.196000
25011.001000,1.618000,-0.191000
25012.001000,1.618000,-0.191000
25013.001000,1.618000,-0.196000
25014.001000,1.618000,-0.198000
25015.001000,1.616000,-0.199000
25016.001000,1.613000,-0.195000
25017.001000,1.613000,-0.190000
25018.001000,1.613000,-0.196000
25019.001000,1.612000,-0.192000
25020.001000,1.612000,-0.198000
25021.001000,1.612000,-0.190000
25022.001000,1.612000,-0.192000
25023.001000,1.613000,-0.189000
25024.001000,1.613000,-0.184000
25025.001000,1.613000,-0.184000
25026.001000,1.613000,-0.186000
25027.001000,1.613000,-0.183000
25028.001000,1.613000,-0.185000
25029.001000,1.613000,-0.191000
25030.001000,1.613000,-0.187000
25031.001000,1.613000,-0.187000
25032.001000,1.613000,-0.183000
25033.001000,1.612000,-0.191000
25034.001000,1.613000,-0.183000
25035.001000,1.613000,-0.187000
25036.001000,1.613000,-0.188000
25037.001000,1.613000,-0.188000
25038.001000,1.614000,-0.181000
25039.001000,1.614000,-0.182000
25040.001000,1.615000,-0.183000
25041.001000,1.615000,-0.180000
25042.001000,1.615000,-0.180000
25043.001000,1.615000,-0.185000
25044.001000,1.616000,-0.187000
25045.001000,1.617000,-0.184000
25046.001000,1.617000,-0.184000
25047.001000,1.617000,-0.190000
25048.001000,1.617000,-0.181000
25049.001000,1.618000,-0.189000
25050.001000,1.617000,-0.189000
25051.001000,1.617000,-0.195000
25052.001000,1.617000,-0.193000
25053.001000,1.618000,-0.195000
25054.001000,1.617000,-0.194000
25055.001000,1.617000,-0.197000
25056.001000,1.618000,-0.197000
25057.001000,1.618000,-0.199000
25058.001000,1.618000,-0.194000
25059.001000,1.619000,-0.192000
25060.001000,1.619000,-0.195000
25061.001000,1.620000,-0.192000
25062.001000,1.620000,-0.187000
25063.001000,1.619000,-0.184000
25064.001000,1.620000,-0.188000
25065.001000,1.620000,-0.192000
25066.001000,1.620000,-0.192000
25067.001000,1.620000,-0.188000
25068.001000,1.620000,-0.188000
25069.001000,1.620000,-0.188000
25070.001000,1.621000,-0.191000
25071.001000,1.621000,-0.194000
25072.001000,1.621000,-0.195000
25073.001000,1.621000,-0.189000
25074.001000,1.621000,-0.190000
25075.001000,1.621000,-0.189000
25076.001000,1.621000,-0.188000
25077.001000,1.620000,-0.190000
25078.001000,1.620000,-0.191000
25079.001000,1.621000,-0.193000
25080.001000,1.620000,-0.197000
25081.001000,1.621000,-0.193000
25082.001000,1.621000,-0.195000
25083.001000,1.621000,-0.195000
25084.001000,1.620000,-0.200000
25085.001000,1.621000,-0.198000
25086.001000,1.621000,-0.202000
25087.001000,1.621000,-0.199000
25088.001000,1.620000,-0.198000
25089.001000,1.620000,-0.200000
25090.001000,1.620000,-0.200000
25091.001000,1.620000,-0.199000
25092.001000,1.621000,-0.202000
25093.001000,1.621000,-0.205000
25094.001000,1.620000,-0.200000
25095.001000,1.621000,-0.200000
25096.001000,1.620000,-0.202000
25097.001000,1.620000,-0.198000
25098.001000,1.620000,-0.191000
25099.001000,1.620000,-0.210000
25100.001000,1.620000,-0.197000
25101.001000,1.620000,-0.198000
25102.001000,1.620000,-0.203000
25103.001000,1.620000,-0.198000
25104.001000,1.620000,-0.196000
25105.001000,1.620000,-0.197000
25106.001000,1.619000,-0.198000
25107.001000,1.619000,-0.203000
25108.001000,1.619000,-0.196000
25109.001000,1.619000,-0.209000
25110.001000,1.620000,-0.194000
25111.001000,1.620000,-0.193000
25112.001000,1.620000,-0.190000
25113.001000,1.620000,-0.198000
25114.001000,1.621000,-0.191000
25115.001000,1.621000,-0.194000
25116.001000,1.620000,-0.194000
25117.001000,1.620000,-0.190000
25118.001000,1.621000,-0.202000
25119.001000,1.621000,-0.201000
25120.001000,1.621000,-0.200000
25121.001000,1.621000,-0.199000
25122.001000,1.621000,-0.202000
25123.001000,1.621000,-0.194000
25124.001000,1.621000,-0.195000
25125.001000,1.621000,-0.191000
25126.001000,1.622000,-0.201000
25127.001000,1.622000,-0.196000
25128.001000,1.622000,-0.194000
25129.001000,1.622000,-0.195000
25130.001000,1.622000,-0.188000
25131.001000,1.622000,-0.193000
25132.001000,1.622000,-0.189000
25133.001000,1.623000,-0.189000
25134.001000,1.623000,-0.192000
25135.001000,1.623000,-0.192000
25136.001000,1.624000,-0.201000
25137.001000,1.624000,-0.197000
25138.001000,1.624000,-0.198000
25139.001000,1.624000,-0.201000
25140.001000,1.625000,-0.195000
25141.001000,1.624000,-0.194000
25142.001000,1.624000,-0.192000
25143.001000,1.624000,-0.196000
25144.001000,1.625000,-0.190000
25145.001000,1.625000,-0.194000
25146.001000,1.624000,-0.194000
25147.001000,1.624000,-0.199000
25148.001000,1.623000,-0.194000
25149.001000,1.623000,-0.197000
25150.001000,1.623000,-0.196000
25151.001000,1.623000,-0.195000
25152.001000,1.623000,-0.197000
25153.001000,1.623000,-0.197000
25154.001000,1.623000,-0.201000
25155.001000,1.623000,-0.197000
25156.001000,1.623000,-0.207000
25157.001000,1.622000,-0.200000
25158.001000,1.622000,-0.197000
25159.001000,1.623000,-0.201000
25160.001000,1.622000,-0.207000
25161.001000,1.622000,-0.206000
25162.001000,1.622000,-0.206000
25163.001000,1.622000,-0.200000
25164.001000,1.622000,-0.205000
25165.001000,1.622000,-0.204000
25166.001000,1.623000,-0.202000
25167.001000,1.622000,-0.207000
25168.001000,1.622000,-0.207000
25169.001000,1.622000,-0.205000
25170.001000,1.622000,-0.207000
25171.001000,1.622000,-0.210000
25172.001000,1.622000,-0.212000
25173.001000,1.621000,-0.208000
25174.001000,1.621000,-0.210000
25175.001000,1.622000,-0.204000
25176.001000,1.622000,-0.192000
25177.001000,1.622000,-0.192000
25178.001000,1.622000,-0.189000
25179.001000,1.622000,-0.178000
25180.001000,1.622000,-0.182000
25181.001000,1.622000,-0.180000
25182.001000,1.622000,-0.177000
25183.001000,1.622000,-0.200000
25184.001000,1.622000,-0.186000
25185.001000,1.622000,-0.194000
25186.001000,1.622000,-0.191000
25187.001000,1.622000,-0.183000
25188.001000,1.622000,-0.176000
25189.001000,1.623000,-0.172000
25190.001000,1.623000,-0.173000
25191.001000,1.623000,-0.173000
25192.001000,1.623000,-0.173000
25193.001000,1.623000,-0.210000
25194.001000,1.623000,-0.183000
25195.001000,1.623000,-0.209000
25196.001000,1.623000,-0.198000
25197.001000,1.623000,-0.204000
25198.001000,1.623000,-0.204000
25199.001000,1.623000,-0.210000
25200.001000,1.623000,-0.190000
25201.001000,1.623000,-0.193000
25202.001000,1.623000,-0.193000
25203.001000,1.623000,-0.186000
25204.001000,1.623000,-0.180000
25205.001000,1.622000,-0.182000
25206.001000,1.623000,-0.187000
25207.001000,1.623000,-0.176000
25208.001000,1.623000,-0.185000
25209.001000,1.623000,-0.178000
25210.001000,1.623000,-0.180000
25211.001000,1.623000,-0.178000
25212.001000,1.622000,-0.171000
25213.001000,1.623000,-0.183000
25214.001000,1.623000,-0.177000
25215.001000,1.623000,-0.173000
25216.001000,1.623000,-0.174000
25217.001000,1.623000,-0.178000
25218.001000,1.622000,-0.179000
25219.001000,1.622000,-0.176000
25220.001000,1.622000,-0.174000
25221.001000,1.622000,-0.175000
25222.001000,1.622000,-0.176000
25223.001000,1.622000,-0.185000
25224.001000,1.622000,-0.178000
25225.001000,1.622000,-0.180000
25226.001000,1.621000,-0.179000
25227.001000,1.621000,-0.180000
25228.001000,1.621000,-0.178000
25229.001000,1.621000,-0.181000
25230.001000,1.621000,-0.176000
25231.001000,1.621000,-0.183000
25232.001000,1.621000,-0.178000
25233.001000,1.621000,-0.182000
25234.001000,1.622000,-0.174000
25235.001000,1.621000,-0.180000
25236.001000,1.622000,-0.182000
25237.001000,1.622000,-0.181000
25238.001000,1.622000,-0.184000
25239.001000,1.623000,-0.183000
25240.001000,1.623000,-0.180000
25241.001000,1.622000,-0.180000
25242.001000,1.622000,-0.180000
25243.001000,1.622000,-0.182000
25244.001000,1.623000,-0.184000
25245.001000,1.623000,-0.174000
25246.001000,1.623000,-0.176000
25247.001000,1.623000,-0.184000
25248.001000,1.623000,-0.178000
25249.001000,1.623000,-0.177000
25250.001000,1.623000,-0.175000
25251.001000,1.623000,-0.176000
25252.001000,1.623000,-0.174000
25253.001000,1.623000,-0.187000
25254.001000,1.623000,-0.179000
25255.001000,1.623000,-0.180000
25256.001000,1.623000,-0.181000
25257.001000,1.623000,-0.179000
25258.001000,1.623000,-0.181000
25259.001000,1.623000,-0.180000
25260.001000,1.623000,-0.180000
25261.001000,1.622000,-0.175000
25262.001000,1.622000,-0.178000
25263.001000,1.623000,-0.177000
25264.001000,1.622000,-0.177000
25265.001000,1.622000,-0.174000
25266.001000,1.622000,-0.178000
25267.001000,1.622000,-0.177000
25268.001000,1.622000,-0.176000
25269.001000,1.622000,-0.180000
25270.001000,1.622000,-0.180000
25271.001000,1.622000,-0.176000
25272.001000,1.622000,-0.174000
25273.001000,1.623000,-0.178000
25274.001000,1.622000,-0.176000
25275.001000,1.622000,-0.176000
25276.001000,1.622000,-0.188000
25277.001000,1.622000,-0.179000
25278.001000,1.622000,-0.182000
25279.001000,1.623000,-0.175000
25280.001000,1.623000,-0.179000
25281.001000,1.622000,-0.179000
25282.001000,1.622000,-0.174000
25283.001000,1.623000,-0.175000
25284.001000,1.623000,-0.178000
25285.001000,1.623000,-0.185000
25286.001000,1.623000,-0.183000
25287.001000,1.622000,-0.182000
25288.001000,1.622000,-0.177000
25289.001000,1.622000,-0.179000
25290.001000,1.622000,-0.174000
25291.001000,1.623000,-0.178000
25292.001000,1.622000,-0.180000
25293.001000,1.622000,-0.182000
25294.001000,1.622000,-0.174000
25295.001000,1.621000,-0.171000
25296.001000,1.621000,-0.173000
25297.001000,1.622000,-0.176000
25298.001000,1.622000,-0.173000
25299.001000,1.622000,-0.171000
25300.001000,1.622000,-0.186000
25301.001000,1.622000,-0.177000
25302.001000,1.622000,-0.179000
25303.001000,1.622000,-0.183000
25304.001000,1.621000,-0.174000
25305.001000,1.621000,-0.175000
25306.001000,1.622000,-0.180000
25307.001000,1.622000,-0.180000
25308.001000,1.622000,-0.179000
25309.001000,1.622000,-0.182000
25310.001000,1.622000,-0.178000
25311.001000,1.622000,-0.183000
25312.001000,1.621000,-0.183000
25313.001000,1.622000,-0.179000
25314.001000,1.621000,-0.180000
25315.001000,1.621000,-0.178000
25316.001000,1.621000,-0.183000
25317.001000,1.622000,-0.182000
25318.001000,1.622000,-0.182000
25319.001000,1.622000,-0.181000
25320.001000,1.622000,-0.185000
25321.001000,1.622000,-0.176000
25322.001000,1.622000,-0.185000
25323.001000,1.622000,-0.187000
25324.001000,1.622000,-0.184000
25325.001000,1.621000,-0.179000
25326.001000,1.621000,-0.182000
25327.001000,1.621000,-0.182000
25328.001000,1.621000,-0.186000
25329.001000,1.621000,-0.183000
25330.001000,1.621000,-0.185000
25331.001000,1.622000,-0.186000
25332.001000,1.622000,-0.192000
25333.001000,1.622000,-0.185000
25334.001000,1.621000,-0.188000
25335.001000,1.621000,-0.184000
25336.001000,1.622000,-0.183000
25337.001000,1.622000,-0.183000
25338.001000,1.622000,-0.183000
25339.001000,1.623000,-0.190000
25340.001000,1.623000,-0.175000
25341.001000,1.623000,-0.186000
25342.001000,1.623000,-0.184000
25343.001000,1.624000,-0.188000
25344.001000,1.624000,-0.188000
25345.001000,1.623000,-0.190000
25346.001000,1.623000,-0.187000
25347.001000,1.623000,-0.184000
25348.001000,1.623000,-0.192000
25349.001000,1.623000,-0.185000
25350.001000,1.623000,-0.185000
25351.001000,1.624000,-0.184000
25352.001000,1.624000,-0.187000
25353.001000,1.624000,-0.189000
25354.001000,1.624000,-0.184000
25355.001000,1.624000,-0.185000
25356.001000,1.624000,-0.181000
25357.001000,1.624000,-0.185000
25358.001000,1.624000,-0.183000
25359.001000,1.625000,-0.178000
25360.001000,1.625000,-0.183000
25361.001000,1.625000,-0.181000
25362.001000,1.626000,-0.187000
25363.001000,1.626000,-0.188000
25364.001000,1.627000,-0.182000
25365.001000,1.627000,-0.181000
25366.001000,1.628000,-0.187000
25367.001000,1.628000,-0.181000
25368.001000,1.629000,-0.182000
25369.001000,1.629000,-0.176000
25370.001000,1.629000,-0.189000
25371.001000,1.629000,-0.191000
25372.001000,1.629000,-0.182000
25373.001000,1.630000,-0.185000
25374.001000,1.630000,-0.184000
25375.001000,1.630000,-0.186000
25376.001000,1.630000,-0.189000
25377.001000,1.630000,-0.190000
25378.001000,1.629000,-0.182000
25379.001000,1.629000,-0.190000
25380.001000,1.629000,-0.186000
25381.001000,1.629000,-0.187000
25382.001000,1.629000,-0.188000
25383.001000,1.629000,-0.187000
25384.001000,1.629000,-0.188000
25385.001000,1.628000,-0.187000
25386.001000,1.628000,-0.186000
25387.001000,1.629000,-0.186000
25388.001000,1.629000,-0.187000
25389.001000,1.629000,-0.185000
25390.001000,1.630000,-0.191000
25391.001000,1.630000,-0.189000
25392.001000,1.630000,-0.191000
25393.001000,1.630000,-0.185000
25394.001000,1.630000,-0.191000
25395.001000,1.631000,-0.195000
25396.001000,1.631000,-0.193000
25397.001000,1.631000,-0.194000
25398.001000,1.632000,-0.192000
25399.001000,1.632000,-0.198000
25400.001000,1.632000,-0.193000
25401.001000,1.631000,-0.189000
25402.001000,1.631000,-0.195000
25403.001000,1.632000,-0.199000
25404.001000,1.632000,-0.204000
25405.001000,1.632000,-0.203000
25406.001000,1.633000,-0.203000
25407.001000,1.633000,-0.203000
25408.001000,1.633000,-0.205000
25409.001000,1.633000,-0.201000
25410.001000,1.632000,-0.203000
25411.001000,1.632000,-0.203000
25412.001000,1.633000,-0.208000
25413.001000,1.633000,-0.201000
25414.001000,1.632000,-0.204000
25415.001000,1.632000,-0.192000
25416.001000,1.633000,-0.194000
25417.001000,1.634000,-0.189000
25418.001000,1.634000,-0.196000
25419.001000,1.635000,-0.199000
25420.001000,1.635000,-0.196000
25421.001000,1.636000,-0.204000
25422.001000,1.637000,-0.203000
25423.001000,1.637000,-0.196000
25424.001000,1.638000,-0.209000
25425.001000,1.638000,-0.205000
25426.001000,1.639000,-0.199000
25427.001000,1.640000,-0.193000
25428.001000,1.640000,-0.190000
25429.001000,1.640000,-0.195000
25430.001000,1.640000,-0.189000
25431.001000,1.640000,-0.192000
25432.001000,1.640000,-0.192000
25433.001000,1.640000,-0.197000
25434.001000,1.640000,-0.194000
25435.001000,1.641000,-0.190000
25436.001000,1.641000,-0.190000
25437.001000,1.640000,-0.193000
25438.001000,1.640000,-0.194000
25439.001000,1.640000,-0.191000
25440.001000,1.640000,-0.190000
25441.001000,1.639000,-0.195000
25442.001000,1.640000,-0.199000
25443.001000,1.640000,-0.198000
25444.001000,1.640000,-0.196000
25445.001000,1.640000,-0.198000
25446.001000,1.639000,-0.204000
25447.001000,1.640000,-0.197000
25448.001000,1.639000,-0.200000
25449.001000,1.639000,-0.199000
25450.001000,1.640000,-0.203000
25451.001000,1.640000,-0.196000
25452.001000,1.639000,-0.197000
25453.001000,1.639000,-0.198000
25454.001000,1.639000,-0.201000
25455.001000,1.639000,-0.199000
25456.001000,1.639000,-0.200000
25457.001000,1.640000,-0.200000
25458.001000,1.639000,-0.202000
25459.001000,1.639000,-0.202000
25460.001000,1.639000,-0.201000
25461.001000,1.639000,-0.196000
25462.001000,1.639000,-0.194000
25463.001000,1.639000,-0.188000
25464.001000,1.639000,-0.186000
25465.001000,1.640000,-0.193000
25466.001000,1.639000,-0.190000
25467.001000,1.640000,-0.204000
25468.001000,1.640000,-0.194000
25469.001000,1.641000,-0.187000
25470.001000,1.641000,-0.195000
25471.001000,1.642000,-0.190000
25472.001000,1.642000,-0.186000
25473.001000,1.642000,-0.193000
25474.001000,1.643000,-0.189000
25475.001000,1.643000,-0.189000
25476.001000,1.643000,-0.193000
25477.001000,1.643000,-0.191000
25478.001000,1.643000,-0.191000
25479.001000,1.643000,-0.195000
25480.001000,1.643000,-0.195000
25481.001000,1.643000,-0.183000
25482.001000,1.643000,-0.187000
25483.001000,1.643000,-0.188000
25484.001000,1.643000,-0.191000
25485.001000,1.643000,-0.191000
25486.001000,1.644000,-0.189000
25487.001000,1.644000,-0.195000
25488.001000,1.644000,-0.190000
25489.001000,1.644000,-0.189000
25490.001000,1.644000,-0.191000
25491.001000,1.644000,-0.186000
25492.001000,1.644000,-0.193000
25493.001000,1.645000,-0.184000
25494.001000,1.644000,-0.185000
25495.001000,1.644000,-0.191000
25496.001000,1.644000,-0.189000
25497.001000,1.644000,-0.187000
25498.001000,1.644000,-0.192000
25499.001000,1.644000,-0.178000
25500.001000,1.643000,-0.173000
25501.001000,1.644000,-0.164000
25502.001000,1.643000,-0.176000
25503.001000,1.643000,-0.178000
25504.001000,1.643000,-0.179000
25505.001000,1.643000,-0.173000
25506.001000,1.644000,-0.178000
25507.001000,1.644000,-0.167000
25508.001000,1.644000,-0.168000
25509.001000,1.644000,-0.178000
25510.001000,1.644000,-0.192000
25511.001000,1.644000,-0.188000
25512.001000,1.644000,-0.185000
25513.001000,1.644000,-0.183000
25514.001000,1.644000,-0.182000
25515.001000,1.644000,-0.181000
25516.001000,1.644000,-0.193000
25517.001000,1.644000,-0.190000
25518.001000,1.645000,-0.184000
25519.001000,1.644000,-0.186000
25520.001000,1.644000,-0.184000
25521.001000,1.644000,-0.192000
25522.001000,1.645000,-0.188000
25523.001000,1.645000,-0.182000
25524.001000,1.645000,-0.186000
25525.001000,1.645000,-0.190000
25526.001000,1.645000,-0.192000
25527.001000,1.645000,-0.189000
25528.001000,1.646000,-0.197000
25529.001000,1.646000,-0.189000
25530.001000,1.646000,-0.188000
25531.001000,1.645000,-0.199000
25532.001000,1.646000,-0.204000
25533.001000,1.646000,-0.195000
25534.001000,1.646000,-0.194000
25535.001000,1.646000,-0.199000
25536.001000,1.646000,-0.196000
25537.001000,1.645000,-0.189000
25538.001000,1.646000,-0.189000
25539.001000,1.646000,-0.190000
25540.001000,1.646000,-0.183000
25541.001000,1.646000,-0.193000
25542.001000,1.646000,-0.192000
25543.001000,1.647000,-0.194000
25544.001000,1.646000,-0.196000
25545.001000,1.646000,-0.192000
25546.001000,1.647000,-0.185000
25547.001000,1.646000,-0.190000
25548.001000,1.646000,-0.194000
25549.001000,1.646000,-0.201000
25550.001000,1.646000,-0.199000
25551.001000,1.647000,-0.199000
25552.001000,1.646000,-0.195000
25553.001000,1.647000,-0.192000
25554.001000,1.648000,-0.188000
25555.001000,1.648000,-0.193000
25556.001000,1.648000,-0.194000
25557.001000,1.648000,-0.193000
25558.001000,1.647000,-0.194000
25559.001000,1.647000,-0.192000
25560.001000,1.648000,-0.188000
25561.001000,1.648000,-0.189000
25562.001000,1.648000,-0.193000
25563.001000,1.648000,-0.188000
25564.001000,1.647000,-0.191000
25565.001000,1.647000,-0.189000
25566.001000,1.648000,-0.188000
25567.001000,1.648000,-0.191000
25568.001000,1.648000,-0.188000
25569.001000,1.648000,-0.183000
25570.001000,1.648000,-0.197000
25571.001000,1.648000,-0.183000
25572.001000,1.648000,-0.187000
25573.001000,1.648000,-0.181000
25574.001000,1.648000,-0.186000
25575.001000,1.648000,-0.185000
25576.001000,1.648000,-0.187000
25577.001000,1.648000,-0.188000
25578.001000,1.648000,-0.184000
25579.001000,1.648000,-0.191000
25580.001000,1.648000,-0.188000
25581.001000,1.648000,-0.188000
25582.001000,1.648000,-0.192000
25583.001000,1.648000,-0.194000
25584.001000,1.648000,-0.189000
25585.001000,1.647000,-0.184000
25586.001000,1.647000,-0.190000
25587.001000,1.647000,-0.181000
25588.001000,1.648000,-0.186000
25589.001000,1.648000,-0.191000
25590.001000,1.648000,-0.187000
25591.001000,1.648000,-0.187000
25592.001000,1.649000,-0.187000
25593.001000,1.649000,-0.187000
25594.001000,1.649000,-0.183000
25595.001000,1.649000,-0.176000
25596.001000,1.649000,-0.178000
25597.001000,1.649000,-0.184000
25598.001000,1.649000,-0.181000
25599.001000,1.648000,-0.180000
25600.001000,1.649000,-0.174000
25601.001000,1.649000,-0.177000
25602.001000,1.649000,-0.182000
25603.001000,1.649000,-0.177000
25604.001000,1.649000,-0.179000
25605.001000,1.649000,-0.182000
25606.001000,1.648000,-0.179000
25607.001000,1.649000,-0.187000
25608.001000,1.649000,-0.183000
25609.001000,1.649000,-0.176000
25610.001000,1.649000,-0.179000
25611.001000,1.649000,-0.173000
25612.001000,1.649000,-0.179000
25613.001000,1.649000,-0.178000
25614.001000,1.649000,-0.182000
25615.001000,1.649000,-0.183000
25616.001000,1.649000,-0.183000
25617.001000,1.649000,-0.182000
25618.001000,1.649000,-0.185000
25619.001000,1.649000,-0.184000
25620.001000,1.649000,-0.184000
25621.001000,1.648000,-0.190000
25622.001000,1.649000,-0.194000
25623.001000,1.649000,-0.185000
25624.001000,1.649000,-0.186000
25625.001000,1.649000,-0.186000
25626.001000,1.648000,-0.192000
25627.001000,1.649000,-0.186000
25628.001000,1.649000,-0.189000
25629.001000,1.648000,-0.188000
25630.001000,1.648000,-0.185000
25631.001000,1.648000,-0.181000
25632.001000,1.649000,-0.186000
25633.001000,1.648000,-0.184000
25634.001000,1.648000,-0.188000
25635.001000,1.648000,-0.188000
25636.001000,1.648000,-0.188000
25637.001000,1.647000,-0.188000
25638.001000,1.647000,-0.190000
25639.001000,1.648000,-0.196000
25640.001000,1.647000,-0.193000
25641.001000,1.648000,-0.189000
25642.001000,1.648000,-0.197000
25643.001000,1.649000,-0.193000
25644.001000,1.649000,-0.192000
25645.001000,1.649000,-0.188000
25646.001000,1.648000,-0.187000
25647.001000,1.649000,-0.187000
25648.001000,1.649000,-0.188000
25649.001000,1.649000,-0.187000
25650.001000,1.649000,-0.195000
25651.001000,1.649000,-0.191000
25652.001000,1.649000,-0.190000
25653.001000,1.649000,-0.190000
25654.001000,1.650000,-0.196000
25655.001000,1.649000,-0.186000
25656.001000,1.649000,-0.187000
25657.001000,1.649000,-0.184000
25658.001000,1.649000,-0.184000
25659.001000,1.649000,-0.192000
25660.001000,1.649000,-0.189000
25661.001000,1.649000,-0.179000
25662.001000,1.650000,-0.187000
25663.001000,1.650000,-0.193000
25664.001000,1.651000,-0.198000
25665.001000,1.649000,-0.191000
25666.001000,1.649000,-0.196000
25667.001000,1.650000,-0.192000
25668.001000,1.650000,-0.191000
25669.001000,1.650000,-0.188000
25670.001000,1.650000,-0.179000
25671.001000,1.650000,-0.175000
25672.001000,1.650000,-0.177000
25673.001000,1.649000,-0.174000
25674.001000,1.649000,-0.174000
25675.001000,1.650000,-0.177000
25676.001000,1.650000,-0.180000
25677.001000,1.650000,-0.169000
25678.001000,1.650000,-0.173000
25679.001000,1.650000,-0.178000
25680.001000,1.649000,-0.194000
25681.001000,1.649000,-0.193000
25682.001000,1.650000,-0.194000
25683.001000,1.650000,-0.191000
25684.001000,1.650000,-0.181000
25685.001000,1.649000,-0.185000
25686.001000,1.650000,-0.184000
25687.001000,1.650000,-0.189000
25688.001000,1.650000,-0.183000
25689.001000,1.650000,-0.180000
25690.001000,1.650000,-0.179000
25691.001000,1.649000,-0.182000
25692.001000,1.649000,-0.181000
25693.001000,1.650000,-0.176000
25694.001000,1.649000,-0.180000
25695.001000,1.649000,-0.182000
25696.001000,1.649000,-0.187000
25697.001000,1.649000,-0.180000
25698.001000,1.649000,-0.184000
25699.001000,1.649000,-0.184000
25700.001000,1.649000,-0.184000
25701.001000,1.649000,-0.178000
25702.001000,1.649000,-0.184000
25703.001000,1.649000,-0.174000
25704.001000,1.649000,-0.179000
25705.001000,1.649000,-0.177000
25706.001000,1.649000,-0.176000
25707.001000,1.650000,-0.170000
25708.001000,1.650000,-0.186000
25709.001000,1.650000,-0.185000
25710.001000,1.651000,-0.178000
25711.001000,1.650000,-0.181000
25712.001000,1.651000,-0.191000
25713.001000,1.650000,-0.190000
25714.001000,1.650000,-0.188000
25715.001000,1.651000,-0.182000
25716.001000,1.651000,-0.189000
25717.001000,1.652000,-0.184000
25718.001000,1.652000,-0.185000
25719.001000,1.652000,-0.188000
25720.001000,1.652000,-0.186000
25721.001000,1.652000,-0.186000
25722.001000,1.652000,-0.184000
25723.001000,1.651000,-0.185000
25724.001000,1.652000,-0.190000
25725.001000,1.652000,-0.187000
25726.001000,1.652000,-0.183000
25727.001000,1.653000,-0.181000
25728.001000,1.653000,-0.181000
25729.001000,1.653000,-0.182000
25730.001000,1.653000,-0.182000
25731.001000,1.652000,-0.182000
25732.001000,1.653000,-0.182000
25733.001000,1.653000,-0.183000
25734.001000,1.653000,-0.186000
25735.001000,1.653000,-0.181000
25736.001000,1.653000,-0.182000
25737.001000,1.652000,-0.181000
25738.001000,1.652000,-0.181000
25739.001000,1.652000,-0.178000
25740.001000,1.652000,-0.185000
25741.001000,1.653000,-0.176000
25742.001000,1.653000,-0.183000
25743.001000,1.653000,-0.193000
25744.001000,1.652000,-0.189000
25745.001000,1.652000,-0.193000
25746.001000,1.653000,-0.183000
25747.001000,1.653000,-0.181000
25748.001000,1.653000,-0.185000
25749.001000,1.653000,-0.186000
25750.001000,1.653000,-0.186000
25751.001000,1.653000,-0.180000
25752.001000,1.653000,-0.184000
25753.001000,1.653000,-0.183000
25754.001000,1.653000,-0.188000
25755.001000,1.654000,-0.183000
25756.001000,1.653000,-0.181000
25757.001000,1.653000,-0.181000
25758.001000,1.654000,-0.178000
25759.001000,1.654000,-0.178000
25760.001000,1.654000,-0.177000
25761.001000,1.654000,-0.176000
25762.001000,1.654000,-0.186000
25763.001000,1.654000,-0.178000
25764.001000,1.654000,-0.183000
25765.001000,1.654000,-0.172000
25766.001000,1.654000,-0.175000
25767.001000,1.654000,-0.174000
25768.001000,1.653000,-0.172000
25769.001000,1.653000,-0.175000
25770.001000,1.653000,-0.175000
25771.001000,1.653000,-0.177000
25772.001000,1.653000,-0.185000
25773.001000,1.652000,-0.183000
25774.001000,1.652000,-0.174000
25775.001000,1.652000,-0.175000
25776.001000,1.652000,-0.178000
25777.001000,1.652000,-0.174000
25778.001000,1.652000,-0.181000
25779.001000,1.652000,-0.179000
25780.001000,1.652000,-0.173000
25781.001000,1.652000,-0.176000
25782.001000,1.651000,-0.172000
25783.001000,1.651000,-0.171000
25784.001000,1.651000,-0.173000
25785.001000,1.651000,-0.171000
25786.001000,1.650000,-0.182000
25787.001000,1.650000,-0.168000
25788.001000,1.650000,-0.176000
25789.001000,1.650000,-0.176000
25790.001000,1.651000,-0.174000
25791.001000,1.651000,-0.184000
25792.001000,1.651000,-0.183000
25793.001000,1.651000,-0.178000
25794.001000,1.651000,-0.177000
25795.001000,1.651000,-0.177000
25796.001000,1.651000,-0.176000
25797.001000,1.651000,-0.181000
25798.001000,1.650000,-0.172000
25799.001000,1.651000,-0.177000
25800.001000,1.651000,-0.166000
25801.001000,1.652000,-0.174000
25802.001000,1.652000,-0.173000
25803.001000,1.652000,-0.171000
25804.001000,1.652000,-0.166000
25805.001000,1.652000,-0.171000
25806.001000,1.652000,-0.171000
25807.001000,1.652000,-0.171000
25808.001000,1.652000,-0.169000
25809.001000,1.652000,-0.169000
25810.001000,1.652000,-0.170000
25811.001000,1.652000,-0.165000
25812.001000,1.651000,-0.163000
25813.001000,1.651000,-0.166000
25814.001000,1.652000,-0.170000
25815.001000,1.652000,-0.163000
25816.001000,1.652000,-0.165000
25817.001000,1.653000,-0.171000
25818.001000,1.653000,-0.170000
25819.001000,1.653000,-0.170000
25820.001000,1.652000,-0.165000
25821.001000,1.653000,-0.167000
25822.001000,1.653000,-0.169000
25823.001000,1.653000,-0.167000
25824.001000,1.650000,-0.164000
25825.001000,1.650000,-0.163000
25826.001000,1.649000,-0.153000
25827.001000,1.650000,-0.153000
25828.001000,1.650000,-0.154000
25829.001000,1.649000,-0.156000
25830.001000,1.649000,-0.156000
25831.001000,1.649000,-0.156000
25832.001000,1.649000,-0.158000
25833.001000,1.649000,-0.148000
25834.001000,1.649000,-0.150000
25835.001000,1.648000,-0.152000
25836.001000,1.648000,-0.150000
25837.001000,1.648000,-0.150000
25838.001000,1.649000,-0.149000
25839.001000,1.649000,-0.156000
25840.001000,1.649000,-0.147000
25841.001000,1.649000,-0.151000
25842.001000,1.650000,-0.145000
25843.001000,1.650000,-0.145000
25844.001000,1.650000,-0.148000
25845.001000,1.650000,-0.148000
25846.001000,1.650000,-0.144000
25847.001000,1.650000,-0.142000
25848.001000,1.650000,-0.143000
25849.001000,1.651000,-0.169000
25850.001000,1.651000,-0.169000
25851.001000,1.651000,-0.164000
25852.001000,1.651000,-0.160000
25853.001000,1.652000,-0.163000
25854.001000,1.651000,-0.168000
25855.001000,1.651000,-0.183000
25856.001000,1.651000,-0.182000
25857.001000,1.651000,-0.183000
25858.001000,1.651000,-0.182000
25859.001000,1.651000,-0.179000
25860.001000,1.652000,-0.179000
25861.001000,1.652000,-0.181000
25862.001000,1.652000,-0.180000
25863.001000,1.652000,-0.176000
25864.001000,1.652000,-0.177000
25865.001000,1.651000,-0.173000
25866.001000,1.651000,-0.182000
25867.001000,1.651000,-0.178000
25868.001000,1.651000,-0.175000
25869.001000,1.650000,-0.179000
25870.001000,1.650000,-0.183000
25871.001000,1.650000,-0.174000
25872.001000,1.650000,-0.175000
25873.001000,1.650000,-0.174000
25874.001000,1.650000,-0.182000
25875.001000,1.650000,-0.181000
25876.001000,1.650000,-0.178000
25877.001000,1.650000,-0.180000
25878.001000,1.650000,-0.181000
25879.001000,1.650000,-0.179000
25880.001000,1.650000,-0.176000
25881.001000,1.649000,-0.180000
25882.001000,1.649000,-0.176000
25883.001000,1.649000,-0.185000
25884.001000,1.649000,-0.178000
25885.001000,1.649000,-0.182000
25886.001000,1.649000,-0.175000
25887.001000,1.649000,-0.176000
25888.001000,1.649000,-0.178000
25889.001000,1.649000,-0.175000
25890.001000,1.649000,-0.171000
25891.001000,1.649000,-0.168000
25892.001000,1.650000,-0.175000
25893.001000,1.650000,-0.166000
25894.001000,1.649000,-0.171000
25895.001000,1.649000,-0.161000
25896.001000,1.649000,-0.162000
25897.001000,1.650000,-0.160000
25898.001000,1.650000,-0.161000
25899.001000,1.650000,-0.150000
25900.001000,1.650000,-0.160000
25901.001000,1.650000,-0.158000
25902.001000,1.651000,-0.161000
25903.001000,1.651000,-0.159000
25904.001000,1.651000,-0.160000
25905.001000,1.651000,-0.158000
25906.001000,1.650000,-0.160000
25907.001000,1.651000,-0.157000
25908.001000,1.651000,-0.159000
