0.002000,0.000000,0.000000
1.001000,-0.016000,0.137000
2.001000,-0.044000,0.433000
3.001000,-0.033000,0.074000
4.001000,-0.021000,0.075000
5.001000,-0.014000,0.076000
6.001000,-0.009000,0.082000
7.001000,-0.007000,0.078000
8.001000,-0.007000,0.067000
9.001000,-0.007000,0.056000
10.001000,-0.008000,0.049000
11.001000,-0.010000,0.034000
12.001000,-0.017000,0.021000
13.001000,-0.035000,0.002000
14.001000,-0.050000,-0.009000
15.001000,-0.066000,-0.038000
16.001000,-0.084000,-0.061000
17.001000,-0.103000,-0.082000
18.001000,-0.121000,-0.092000
19.001000,-0.139000,-0.105000
20.001000,-0.152000,-0.117000
21.001000,-0.161000,-0.126000
22.001000,-0.172000,-0.138000
23.001000,-0.181000,-0.151000
24.001000,-0.188000,-0.165000
25.001000,-0.195000,-0.176000
26.001000,-0.202000,-0.187000
27.001000,-0.206000,-0.198000
28.001000,-0.211000,-0.213000
29.001000,-0.214000,-0.221000
30.001000,-0.215000,-0.233000
31.001000,-0.219000,-0.231000
32.001000,-0.221000,-0.233000
33.001000,-0.227000,-0.246000
34.001000,-0.237000,-0.247000
35.001000,-0.247000,-0.249000
36.001000,-0.254000,-0.260000
37.001000,-0.258000,-0.267000
38.001000,-0.262000,-0.272000
39.001000,-0.266000,-0.272000
40.001000,-0.271000,-0.277000
41.001000,-0.273000,-0.282000
42.001000,-0.273000,-0.278000
43.001000,-0.275000,-0.281000
44.001000,-0.276000,-0.278000
45.001000,-0.277000,-0.267000
46.001000,-0.277000,-0.250000
47.001000,-0.278000,-0.250000
48.001000,-0.278000,-0.252000
49.001000,-0.278000,-0.250000
50.001000,-0.279000,-0.256000
51.001000,-0.279000,-0.250000
52.001000,-0.280000,-0.249000
53.001000,-0.280000,-0.248000
54.001000,-0.280000,-0.244000
55.001000,-0.280000,-0.243000
56.001000,-0.280000,-0.245000
57.001000,-0.278000,-0.244000
58.001000,-0.276000,-0.243000
59.001000,-0.275000,-0.252000
60.001000,-0.274000,-0.253000
61.001000,-0.274000,-0.250000
62.001000,-0.272000,-0.237000
63.001000,-0.271000,-0.239000
64.001000,-0.269000,-0.233000
65.001000,-0.269000,-0.228000
66.001000,-0.268000,-0.229000
67.001000,-0.267000,-0.229000
68.001000,-0.266000,-0.220000
69.001000,-0.267000,-0.230000
70.001000,-0.266000,-0.225000
71.001000,-0.266000,-0.229000
72.001000,-0.266000,-0.229000
73.001000,-0.265000,-0.230000
74.001000,-0.265000,-0.226000
75.001000,-0.265000,-0.229000
76.001000,-0.265000,-0.228000
77.001000,-0.265000,-0.230000
78.001000,-0.265000,-0.232000
79.001000,-0.265000,-0.234000
80.001000,-0.265000,-0.229000
81.001000,-0.265000,-0.231000
82.001000,-0.266000,-0.232000
83.001000,-0.266000,-0.229000
84.001000,-0.266000,-0.228000
85.001000,-0.264000,-0.226000
86.001000,-0.263000,-0.225000
87.001000,-0.263000,-0.231000
88.001000,-0.263000,-0.230000
89.001000,-0.262000,-0.222000
90.001000,-0.262000,-0.228000
91.001000,-0.261000,-0.228000
92.001000,-0.262000,-0.229000
93.001000,-0.261000,-0.232000
94.001000,-0.261000,-0.228000
95.001000,-0.260000,-0.244000
96.001000,-0.260000,-0.247000
97.001000,-0.259000,-0.247000
98.001000,-0.259000,-0.244000
99.001000,-0.258000,-0.249000
100.001000,-0.259000,-0.257000
101.001000,-0.258000,-0.252000
102.001000,-0.259000,-0.255000
103.001000,-0.261000,-0.253000
104.001000,-0.260000,-0.256000
105.001000,-0.259000,-0.255000
106.001000,-0.260000,-0.250000
107.001000,-0.260000,-0.250000
108.001000,-0.260000,-0.253000
109.001000,-0.260000,-0.250000
110.001000,-0.260000,-0.246000
111.001000,-0.259000,-0.244000
112.001000,-0.256000,-0.236000
113.001000,-0.256000,-0.244000
114.001000,-0.257000,-0.244000
115.001000,-0.256000,-0.237000
116.001000,-0.256000,-0.240000
117.001000,-0.256000,-0.240000
118.001000,-0.256000,-0.239000
119.001000,-0.256000,-0.245000
120.001000,-0.255000,-0.245000
121.001000,-0.256000,-0.239000
122.001000,-0.254000,-0.242000
123.001000,-0.254000,-0.243000
124.001000,-0.253000,-0.242000
125.001000,-0.253000,-0.239000
126.001000,-0.253000,-0.234000
127.001000,-0.254000,-0.239000
128.001000,-0.254000,-0.236000
129.001000,-0.253000,-0.241000
130.001000,-0.252000,-0.244000
131.001000,-0.252000,-0.240000
132.001000,-0.251000,-0.241000
133.001000,-0.251000,-0.237000
134.001000,-0.250000,-0.236000
135.001000,-0.249000,-0.242000
136.001000,-0.248000,-0.242000
137.001000,-0.248000,-0.239000
138.001000,-0.248000,-0.239000
139.001000,-0.247000,-0.234000
140.001000,-0.246000,-0.239000
141.001000,-0.246000,-0.232000
142.001000,-0.245000,-0.236000
143.001000,-0.246000,-0.231000
144.001000,-0.244000,-0.227000
145.001000,-0.244000,-0.229000
146.001000,-0.243000,-0.231000
147.001000,-0.243000,-0.231000
148.001000,-0.242000,-0.224000
149.001000,-0.241000,-0.225000
150.001000,-0.241000,-0.223000
151.001000,-0.241000,-0.232000
152.001000,-0.240000,-0.230000
153.001000,-0.239000,-0.231000
154.001000,-0.235000,-0.223000
155.001000,-0.234000,-0.222000
156.001000,-0.234000,-0.227000
157.001000,-0.234000,-0.224000
158.001000,-0.235000,-0.222000
159.001000,-0.236000,-0.222000
160.001000,-0.234000,-0.224000
161.001000,-0.235000,-0.223000
162.001000,-0.235000,-0.220000
163.001000,-0.235000,-0.220000
164.001000,-0.235000,-0.220000
165.001000,-0.234000,-0.220000
166.001000,-0.234000,-0.216000
167.001000,-0.233000,-0.216000
168.001000,-0.232000,-0.222000
169.001000,-0.232000,-0.218000
170.001000,-0.230000,-0.220000
171.001000,-0.230000,-0.220000
172.001000,-0.230000,-0.216000
173.001000,-0.229000,-0.215000
174.001000,-0.228000,-0.215000
175.001000,-0.228000,-0.204000
176.001000,-0.227000,-0.208000
177.001000,-0.226000,-0.209000
178.001000,-0.225000,-0.209000
179.001000,-0.225000,-0.209000
180.001000,-0.223000,-0.204000
181.001000,-0.222000,-0.199000
182.001000,-0.223000,-0.205000
183.001000,-0.222000,-0.205000
184.001000,-0.220000,-0.209000
185.001000,-0.218000,-0.196000
186.001000,-0.214000,-0.209000
187.001000,-0.213000,-0.205000
188.001000,-0.212000,-0.203000
189.001000,-0.212000,-0.197000
190.001000,-0.211000,-0.203000
191.001000,-0.210000,-0.194000
192.001000,-0.209000,-0.169000
193.001000,-0.209000,-0.167000
194.001000,-0.209000,-0.168000
195.001000,-0.207000,-0.168000
196.001000,-0.207000,-0.167000
197.001000,-0.207000,-0.169000
198.001000,-0.206000,-0.173000
199.001000,-0.206000,-0.165000
200.001000,-0.205000,-0.162000
201.001000,-0.204000,-0.162000
202.001000,-0.203000,-0.166000
203.001000,-0.202000,-0.167000
204.001000,-0.202000,-0.160000
205.001000,-0.200000,-0.158000
206.001000,-0.199000,-0.157000
207.001000,-0.198000,-0.157000
208.001000,-0.199000,-0.163000
209.001000,-0.199000,-0.160000
210.001000,-0.198000,-0.156000
211.001000,-0.198000,-0.160000
212.001000,-0.197000,-0.158000
213.001000,-0.196000,-0.157000
214.001000,-0.196000,-0.154000
215.001000,-0.196000,-0.153000
216.001000,-0.196000,-0.152000
217.001000,-0.196000,-0.151000
218.001000,-0.196000,-0.155000
219.001000,-0.196000,-0.157000
220.001000,-0.196000,-0.160000
221.001000,-0.195000,-0.160000
222.001000,-0.193000,-0.158000
223.001000,-0.192000,-0.154000
224.001000,-0.191000,-0.150000
225.001000,-0.191000,-0.148000
226.001000,-0.190000,-0.151000
227.001000,-0.189000,-0.150000
228.001000,-0.188000,-0.143000
229.001000,-0.188000,-0.148000
230.001000,-0.188000,-0.144000
231.001000,-0.187000,-0.141000
232.001000,-0.187000,-0.147000
233.001000,-0.187000,-0.142000
234.001000,-0.187000,-0.142000
235.001000,-0.185000,-0.146000
236.001000,-0.184000,-0.143000
237.001000,-0.183000,-0.143000
238.001000,-0.183000,-0.153000
239.001000,-0.183000,-0.154000
240.001000,-0.182000,-0.166000
241.001000,-0.181000,-0.151000
242.001000,-0.181000,-0.165000
243.001000,-0.180000,-0.168000
244.001000,-0.180000,-0.163000
245.001000,-0.180000,-0.153000
246.001000,-0.180000,-0.156000
247.001000,-0.178000,-0.158000
248.001000,-0.177000,-0.157000
249.001000,-0.174000,-0.159000
250.001000,-0.172000,-0.153000
251.001000,-0.169000,-0.149000
252.001000,-0.168000,-0.152000
253.001000,-0.167000,-0.153000
254.001000,-0.167000,-0.155000
255.001000,-0.166000,-0.150000
256.001000,-0.165000,-0.149000
257.001000,-0.164000,-0.154000
258.001000,-0.163000,-0.147000
259.001000,-0.163000,-0.150000
260.001000,-0.163000,-0.154000
261.001000,-0.162000,-0.150000
262.001000,-0.161000,-0.150000
263.001000,-0.160000,-0.138000
264.001000,-0.160000,-0.144000
265.001000,-0.160000,-0.137000
266.001000,-0.161000,-0.136000
267.001000,-0.162000,-0.136000
268.001000,-0.162000,-0.134000
269.001000,-0.160000,-0.132000
270.001000,-0.157000,-0.136000
271.001000,-0.156000,-0.134000
272.001000,-0.155000,-0.134000
273.001000,-0.155000,-0.134000
274.001000,-0.156000,-0.135000
275.001000,-0.155000,-0.127000
276.001000,-0.152000,-0.125000
277.001000,-0.152000,-0.126000
278.001000,-0.152000,-0.129000
279.001000,-0.152000,-0.128000
280.001000,-0.151000,-0.124000
281.001000,-0.151000,-0.126000
282.001000,-0.150000,-0.124000
283.001000,-0.149000,-0.124000
284.001000,-0.148000,-0.123000
285.001000,-0.147000,-0.110000
286.001000,-0.146000,-0.110000
287.001000,-0.145000,-0.091000
288.001000,-0.144000,-0.090000
289.001000,-0.144000,-0.099000
290.001000,-0.144000,-0.091000
291.001000,-0.143000,-0.096000
292.001000,-0.142000,-0.090000
293.001000,-0.141000,-0.094000
294.001000,-0.141000,-0.089000
295.001000,-0.140000,-0.089000
296.001000,-0.140000,-0.088000
297.001000,-0.139000,-0.088000
298.001000,-0.137000,-0.081000
299.001000,-0.137000,-0.073000
300.001000,-0.136000,-0.087000
301.001000,-0.136000,-0.092000
302.001000,-0.136000,-0.105000
303.001000,-0.134000,-0.106000
304.001000,-0.131000,-0.093000
305.001000,-0.129000,-0.092000
306.001000,-0.128000,-0.113000
307.001000,-0.126000,-0.110000
308.001000,-0.125000,-0.101000
309.001000,-0.125000,-0.118000
310.001000,-0.124000,-0.108000
311.001000,-0.123000,-0.104000
312.001000,-0.123000,-0.103000
313.001000,-0.122000,-0.101000
314.001000,-0.122000,-0.105000
315.001000,-0.122000,-0.096000
316.001000,-0.122000,-0.093000
317.001000,-0.121000,-0.098000
318.001000,-0.121000,-0.100000
319.001000,-0.121000,-0.104000
320.001000,-0.121000,-0.101000
321.001000,-0.121000,-0.092000
322.001000,-0.122000,-0.095000
323.001000,-0.124000,-0.096000
324.001000,-0.124000,-0.092000
325.001000,-0.123000,-0.094000
326.001000,-0.123000,-0.099000
327.001000,-0.122000,-0.097000
328.001000,-0.122000,-0.094000
329.001000,-0.122000,-0.098000
330.001000,-0.121000,-0.093000
331.001000,-0.121000,-0.093000
332.001000,-0.119000,-0.088000
333.001000,-0.115000,-0.084000
334.001000,-0.113000,-0.095000
335.001000,-0.112000,-0.087000
336.001000,-0.112000,-0.089000
337.001000,-0.110000,-0.088000
338.001000,-0.111000,-0.082000
339.001000,-0.110000,-0.079000
340.001000,-0.109000,-0.074000
341.001000,-0.108000,-0.074000
342.001000,-0.109000,-0.073000
343.001000,-0.107000,-0.071000
344.001000,-0.106000,-0.070000
345.001000,-0.106000,-0.068000
346.001000,-0.105000,-0.071000
347.001000,-0.105000,-0.068000
348.001000,-0.104000,-0.070000
349.001000,-0.104000,-0.068000
350.001000,-0.104000,-0.071000
351.001000,-0.104000,-0.069000
352.001000,-0.104000,-0.070000
353.001000,-0.103000,-0.068000
354.001000,-0.102000,-0.067000
355.001000,-0.102000,-0.069000
356.001000,-0.100000,-0.067000
357.001000,-0.099000,-0.065000
358.001000,-0.098000,-0.068000
359.001000,-0.098000,-0.064000
360.001000,-0.096000,-0.062000
361.001000,-0.094000,-0.060000
362.001000,-0.092000,-0.061000
363.001000,-0.091000,-0.063000
364.001000,-0.090000,-0.065000
365.001000,-0.090000,-0.075000
366.001000,-0.089000,-0.072000
367.001000,-0.088000,-0.067000
368.001000,-0.088000,-0.070000
369.001000,-0.088000,-0.063000
370.001000,-0.087000,-0.057000
371.001000,-0.087000,-0.067000
372.001000,-0.087000,-0.066000
373.001000,-0.086000,-0.067000
374.001000,-0.086000,-0.069000
375.001000,-0.086000,-0.066000
376.001000,-0.085000,-0.065000
377.001000,-0.085000,-0.065000
378.001000,-0.084000,-0.059000
379.001000,-0.083000,-0.063000
380.001000,-0.082000,-0.061000
381.001000,-0.082000,-0.062000
382.001000,-0.082000,-0.059000
383.001000,-0.082000,-0.060000
384.001000,-0.082000,-0.058000
385.001000,-0.081000,-0.055000
386.001000,-0.080000,-0.057000
387.001000,-0.080000,-0.054000
388.001000,-0.079000,-0.051000
389.001000,-0.079000,-0.049000
390.001000,-0.078000,-0.052000
391.001000,-0.078000,-0.057000
392.001000,-0.077000,-0.051000
393.001000,-0.077000,-0.050000
394.001000,-0.077000,-0.050000
395.001000,-0.076000,-0.048000
396.001000,-0.076000,-0.045000
397.001000,-0.076000,-0.050000
398.001000,-0.075000,-0.048000
399.001000,-0.074000,-0.047000
400.001000,-0.074000,-0.043000
401.001000,-0.073000,-0.042000
402.001000,-0.073000,-0.049000
403.001000,-0.073000,-0.045000
404.001000,-0.073000,-0.049000
405.001000,-0.072000,-0.046000
406.001000,-0.071000,-0.040000
407.001000,-0.071000,-0.041000
408.001000,-0.070000,-0.049000
409.001000,-0.070000,-0.042000
410.001000,-0.070000,-0.042000
411.001000,-0.069000,-0.042000
412.001000,-0.069000,-0.040000
413.001000,-0.068000,-0.039000
414.001000,-0.068000,-0.037000
415.001000,-0.066000,-0.034000
416.001000,-0.062000,-0.033000
417.001000,-0.061000,-0.034000
418.001000,-0.060000,-0.025000
419.001000,-0.059000,-0.032000
420.001000,-0.059000,-0.022000
421.001000,-0.058000,-0.026000
422.001000,-0.057000,-0.029000
423.001000,-0.057000,-0.030000
424.001000,-0.058000,-0.030000
425.001000,-0.057000,-0.023000
426.001000,-0.056000,-0.029000
427.001000,-0.056000,-0.027000
428.001000,-0.055000,-0.021000
429.001000,-0.055000,-0.022000
430.001000,-0.055000,-0.024000
431.001000,-0.055000,-0.024000
432.001000,-0.054000,-0.023000
433.001000,-0.054000,-0.025000
434.001000,-0.054000,-0.024000
435.001000,-0.053000,-0.024000
436.001000,-0.052000,-0.024000
437.001000,-0.052000,-0.023000
438.001000,-0.052000,-0.024000
439.001000,-0.053000,-0.021000
440.001000,-0.052000,-0.023000
441.001000,-0.051000,-0.042000
442.001000,-0.051000,-0.040000
443.001000,-0.050000,-0.044000
444.001000,-0.049000,-0.046000
445.001000,-0.049000,-0.042000
446.001000,-0.049000,-0.030000
447.001000,-0.048000,-0.034000
448.001000,-0.047000,-0.040000
449.001000,-0.046000,-0.040000
450.001000,-0.046000,-0.033000
451.001000,-0.046000,-0.035000
452.001000,-0.045000,-0.036000
453.001000,-0.045000,-0.035000
454.001000,-0.044000,-0.032000
455.001000,-0.044000,-0.032000
456.001000,-0.044000,-0.038000
457.001000,-0.044000,-0.033000
458.001000,-0.044000,-0.029000
459.001000,-0.043000,-0.029000
460.001000,-0.044000,-0.036000
461.001000,-0.044000,-0.031000
462.001000,-0.044000,-0.035000
463.001000,-0.044000,-0.039000
464.001000,-0.044000,-0.033000
465.001000,-0.043000,-0.030000
466.001000,-0.042000,-0.030000
467.001000,-0.042000,-0.034000
468.001000,-0.041000,-0.025000
469.001000,-0.041000,-0.036000
470.001000,-0.040000,-0.027000
471.001000,-0.039000,-0.027000
472.001000,-0.038000,-0.023000
473.001000,-0.039000,-0.025000
474.001000,-0.038000,-0.022000
475.001000,-0.037000,-0.023000
476.001000,-0.036000,-0.025000
477.001000,-0.036000,-0.018000
478.001000,-0.035000,-0.019000
479.001000,-0.035000,-0.019000
480.001000,-0.035000,-0.020000
481.001000,-0.035000,-0.018000
482.001000,-0.034000,-0.019000
483.001000,-0.033000,-0.018000
484.001000,-0.033000,-0.019000
485.001000,-0.033000,-0.012000
486.001000,-0.032000,-0.009000
487.001000,-0.032000,-0.011000
488.001000,-0.032000,-0.012000
489.001000,-0.031000,-0.014000
490.001000,-0.030000,-0.014000
491.001000,-0.026000,-0.018000
492.001000,-0.026000,-0.012000
493.001000,-0.025000,-0.007000
494.001000,-0.025000,-0.013000
495.001000,-0.025000,-0.013000
496.001000,-0.024000,-0.013000
497.001000,-0.023000,-0.015000
498.001000,-0.023000,-0.010000
499.001000,-0.022000,-0.007000
500.001000,-0.021000,-0.001000
501.001000,-0.021000,-0.010000
502.001000,-0.020000,-0.008000
503.001000,-0.019000,-0.010000
504.001000,-0.019000,0.009000
505.001000,-0.018000,0.008000
506.001000,-0.018000,0.009000
507.001000,-0.018000,0.007000
508.001000,-0.017000,0.009000
509.001000,-0.017000,0.009000
510.001000,-0.017000,0.009000
511.001000,-0.016000,0.014000
512.001000,-0.016000,0.015000
513.001000,-0.015000,0.007000
514.001000,-0.015000,0.014000
515.001000,-0.014000,0.012000
516.001000,-0.013000,0.014000
517.001000,-0.010000,0.019000
518.001000,-0.009000,0.015000
519.001000,-0.008000,0.013000
520.001000,-0.008000,0.012000
521.001000,-0.007000,0.013000
522.001000,-0.005000,0.015000
523.001000,-0.005000,0.017000
524.001000,-0.005000,0.014000
525.001000,-0.005000,0.018000
526.001000,-0.005000,0.014000
527.001000,-0.004000,0.019000
528.001000,-0.004000,0.017000
529.001000,-0.003000,0.014000
530.001000,-0.002000,0.019000
531.001000,-0.002000,0.021000
532.001000,-0.002000,0.021000
533.001000,-0.001000,0.025000
534.001000,0.000000,0.024000
535.001000,0.000000,0.026000
536.001000,0.000000,0.030000
537.001000,0.000000,0.028000
538.001000,0.001000,0.030000
539.001000,0.001000,0.024000
540.001000,0.001000,0.031000
541.001000,0.001000,0.031000
542.001000,0.002000,0.025000
543.001000,0.003000,0.027000
544.001000,0.003000,0.024000
545.001000,0.004000,0.028000
546.001000,0.004000,0.025000
547.001000,0.004000,0.031000
548.001000,0.005000,0.032000
549.001000,0.006000,0.033000
550.001000,0.006000,0.029000
551.001000,0.007000,0.026000
552.001000,0.007000,0.032000
553.001000,0.008000,0.032000
554.001000,0.008000,0.032000
555.001000,0.009000,0.024000
556.001000,0.009000,0.032000
557.001000,0.009000,0.028000
558.001000,0.010000,0.031000
559.001000,0.010000,0.027000
560.001000,0.010000,0.030000
561.001000,0.010000,0.027000
562.001000,0.010000,0.029000
563.001000,0.010000,0.029000
564.001000,0.010000,0.032000
565.001000,0.011000,0.039000
566.001000,0.011000,0.039000
567.001000,0.011000,0.027000
568.001000,0.012000,0.033000
569.001000,0.013000,0.030000
570.001000,0.013000,0.041000
571.001000,0.013000,0.041000
572.001000,0.014000,0.039000
573.001000,0.014000,0.033000
574.001000,0.015000,0.038000
575.001000,0.015000,0.036000
576.001000,0.016000,0.034000
577.001000,0.016000,0.040000
578.001000,0.016000,0.042000
579.001000,0.017000,0.041000
580.001000,0.017000,0.035000
581.001000,0.018000,0.042000
582.001000,0.018000,0.042000
583.001000,0.019000,0.047000
584.001000,0.019000,0.045000
585.001000,0.019000,0.049000
586.001000,0.020000,0.053000
587.001000,0.021000,0.041000
588.001000,0.021000,0.023000
589.001000,0.021000,0.030000
590.001000,0.022000,0.025000
591.001000,0.023000,0.026000
592.001000,0.023000,0.023000
593.001000,0.024000,0.017000
594.001000,0.025000,0.030000
595.001000,0.026000,0.020000
596.001000,0.027000,0.027000
597.001000,0.027000,0.023000
598.001000,0.027000,0.021000
599.001000,0.027000,0.023000
600.001000,0.028000,0.028000
601.001000,0.029000,0.028000
602.001000,0.029000,0.028000
603.001000,0.029000,0.025000
604.001000,0.029000,0.027000
605.001000,0.030000,0.027000
606.001000,0.030000,0.033000
607.001000,0.031000,0.029000
608.001000,0.031000,0.052000
609.001000,0.030000,0.053000
610.001000,0.031000,0.061000
611.001000,0.031000,0.058000
612.001000,0.031000,0.057000
613.001000,0.031000,0.054000
614.001000,0.032000,0.039000
615.001000,0.032000,0.047000
616.001000,0.032000,0.043000
617.001000,0.032000,0.039000
618.001000,0.033000,0.038000
619.001000,0.033000,0.036000
620.001000,0.033000,0.038000
621.001000,0.033000,0.065000
622.001000,0.033000,0.067000
623.001000,0.034000,0.060000
624.001000,0.034000,0.067000
625.001000,0.034000,0.063000
626.001000,0.034000,0.070000
627.001000,0.035000,0.065000
628.001000,0.035000,0.069000
629.001000,0.035000,0.071000
630.001000,0.035000,0.068000
631.001000,0.036000,0.068000
632.001000,0.036000,0.069000
633.001000,0.036000,0.071000
634.001000,0.036000,0.073000
635.001000,0.037000,0.068000
636.001000,0.037000,0.069000
637.001000,0.037000,0.071000
638.001000,0.036000,0.072000
639.001000,0.037000,0.070000
640.001000,0.037000,0.069000
641.001000,0.037000,0.073000
642.001000,0.038000,0.074000
643.001000,0.038000,0.068000
644.001000,0.038000,0.071000
645.001000,0.038000,0.071000
646.001000,0.038000,0.068000
647.001000,0.039000,0.070000
648.001000,0.039000,0.071000
649.001000,0.039000,0.072000
650.001000,0.040000,0.077000
651.001000,0.040000,0.076000
652.001000,0.042000,0.079000
653.001000,0.044000,0.075000
654.001000,0.045000,0.075000
655.001000,0.046000,0.073000
656.001000,0.046000,0.077000
657.001000,0.046000,0.076000
658.001000,0.046000,0.076000
659.001000,0.046000,0.082000
660.001000,0.046000,0.078000
661.001000,0.047000,0.083000
662.001000,0.048000,0.076000
663.001000,0.050000,0.089000
664.001000,0.051000,0.087000
665.001000,0.052000,0.086000
666.001000,0.051000,0.090000
667.001000,0.052000,0.087000
668.001000,0.052000,0.085000
669.001000,0.053000,0.088000
670.001000,0.053000,0.091000
671.001000,0.053000,0.091000
672.001000,0.053000,0.084000
673.001000,0.053000,0.086000
674.001000,0.054000,0.084000
675.001000,0.055000,0.086000
676.001000,0.055000,0.080000
677.001000,0.055000,0.087000
678.001000,0.056000,0.086000
679.001000,0.056000,0.082000
680.001000,0.057000,0.085000
681.001000,0.057000,0.088000
682.001000,0.058000,0.089000
683.001000,0.058000,0.085000
684.001000,0.059000,0.086000
685.001000,0.059000,0.091000
686.001000,0.060000,0.082000
687.001000,0.060000,0.081000
688.001000,0.060000,0.068000
689.001000,0.061000,0.075000
690.001000,0.061000,0.086000
691.001000,0.061000,0.095000
692.001000,0.062000,0.080000
693.001000,0.063000,0.092000
694.001000,0.063000,0.084000
695.001000,0.063000,0.088000
696.001000,0.063000,0.091000
697.001000,0.064000,0.090000
698.001000,0.064000,0.092000
699.001000,0.065000,0.093000
700.001000,0.066000,0.097000
701.001000,0.066000,0.093000
702.001000,0.066000,0.097000
703.001000,0.066000,0.098000
704.001000,0.065000,0.096000
705.001000,0.066000,0.094000
706.001000,0.067000,0.102000
707.001000,0.066000,0.099000
708.001000,0.067000,0.097000
709.001000,0.067000,0.100000
710.001000,0.068000,0.099000
711.001000,0.070000,0.095000
712.001000,0.071000,0.102000
713.001000,0.072000,0.102000
714.001000,0.073000,0.105000
715.001000,0.073000,0.104000
716.001000,0.075000,0.099000
717.001000,0.075000,0.105000
718.001000,0.077000,0.104000
719.001000,0.077000,0.103000
720.001000,0.077000,0.109000
721.001000,0.077000,0.097000
722.001000,0.079000,0.104000
723.001000,0.078000,0.101000
724.001000,0.077000,0.103000
725.001000,0.077000,0.105000
726.001000,0.076000,0.101000
727.001000,0.076000,0.102000
728.001000,0.078000,0.103000
729.001000,0.081000,0.097000
730.001000,0.083000,0.103000
731.001000,0.083000,0.100000
732.001000,0.082000,0.106000
733.001000,0.082000,0.101000
734.001000,0.081000,0.106000
735.001000,0.082000,0.103000
736.001000,0.084000,0.110000
737.001000,0.082000,0.108000
738.001000,0.081000,0.109000
739.001000,0.082000,0.103000
740.001000,0.082000,0.105000
741.001000,0.082000,0.107000
742.001000,0.083000,0.102000
743.001000,0.085000,0.108000
744.001000,0.085000,0.111000
745.001000,0.087000,0.111000
746.001000,0.089000,0.117000
747.001000,0.091000,0.120000
748.001000,0.091000,0.110000
749.001000,0.092000,0.116000
750.001000,0.092000,0.120000
751.001000,0.094000,0.111000
752.001000,0.095000,0.116000
753.001000,0.095000,0.117000
754.001000,0.095000,0.104000
755.001000,0.096000,0.118000
756.001000,0.097000,0.120000
757.001000,0.098000,0.119000
758.001000,0.097000,0.118000
759.001000,0.097000,0.120000
760.001000,0.097000,0.120000
761.001000,0.098000,0.119000
762.001000,0.098000,0.120000
763.001000,0.098000,0.120000
764.001000,0.098000,0.118000
765.001000,0.098000,0.124000
766.001000,0.099000,0.124000
767.001000,0.100000,0.121000
768.001000,0.100000,0.118000
769.001000,0.100000,0.122000
770.001000,0.100000,0.118000
771.001000,0.100000,0.123000
772.001000,0.101000,0.120000
773.001000,0.100000,0.119000
774.001000,0.101000,0.117000
775.001000,0.101000,0.122000
776.001000,0.102000,0.121000
777.001000,0.102000,0.124000
778.001000,0.102000,0.128000
779.001000,0.103000,0.123000
780.001000,0.105000,0.130000
781.001000,0.106000,0.127000
782.001000,0.107000,0.127000
783.001000,0.107000,0.131000
784.001000,0.108000,0.126000
785.001000,0.109000,0.129000
786.001000,0.109000,0.135000
787.001000,0.109000,0.134000
788.001000,0.109000,0.131000
789.001000,0.108000,0.124000
790.001000,0.108000,0.127000
791.001000,0.108000,0.135000
792.001000,0.109000,0.125000
793.001000,0.110000,0.132000
794.001000,0.110000,0.132000
795.001000,0.110000,0.132000
796.001000,0.110000,0.131000
797.001000,0.110000,0.134000
798.001000,0.111000,0.138000
799.001000,0.112000,0.136000
800.001000,0.114000,0.134000
801.001000,0.114000,0.137000
802.001000,0.114000,0.134000
803.001000,0.115000,0.136000
804.001000,0.115000,0.137000
805.001000,0.116000,0.142000
806.001000,0.116000,0.140000
807.001000,0.116000,0.138000
808.001000,0.117000,0.131000
809.001000,0.117000,0.134000
810.001000,0.117000,0.135000
811.001000,0.117000,0.141000
812.001000,0.117000,0.143000
813.001000,0.117000,0.140000
814.001000,0.118000,0.145000
815.001000,0.117000,0.138000
816.001000,0.118000,0.144000
817.001000,0.119000,0.144000
818.001000,0.120000,0.143000
819.001000,0.121000,0.144000
820.001000,0.122000,0.146000
821.001000,0.122000,0.147000
822.001000,0.123000,0.147000
823.001000,0.124000,0.148000
824.001000,0.124000,0.148000
825.001000,0.125000,0.156000
826.001000,0.125000,0.146000
827.001000,0.125000,0.150000
828.001000,0.126000,0.153000
829.001000,0.127000,0.154000
830.001000,0.127000,0.150000
831.001000,0.126000,0.151000
832.001000,0.128000,0.152000
833.001000,0.129000,0.147000
834.001000,0.129000,0.148000
835.001000,0.130000,0.152000
836.001000,0.130000,0.149000
837.001000,0.131000,0.152000
838.001000,0.131000,0.151000
839.001000,0.131000,0.157000
840.001000,0.131000,0.156000
841.001000,0.133000,0.156000
842.001000,0.133000,0.156000
843.001000,0.134000,0.152000
844.001000,0.135000,0.155000
845.001000,0.135000,0.160000
846.001000,0.134000,0.153000
847.001000,0.135000,0.159000
848.001000,0.135000,0.162000
849.001000,0.137000,0.162000
850.001000,0.137000,0.159000
851.001000,0.138000,0.160000
852.001000,0.139000,0.164000
853.001000,0.139000,0.165000
854.001000,0.139000,0.161000
855.001000,0.140000,0.161000
856.001000,0.140000,0.158000
857.001000,0.140000,0.159000
858.001000,0.140000,0.158000
859.001000,0.140000,0.165000
860.001000,0.141000,0.161000
861.001000,0.141000,0.163000
862.001000,0.140000,0.162000
863.001000,0.141000,0.160000
864.001000,0.142000,0.158000
865.001000,0.142000,0.162000
866.001000,0.142000,0.153000
867.001000,0.142000,0.162000
868.001000,0.143000,0.159000
869.001000,0.143000,0.162000
870.001000,0.144000,0.161000
871.001000,0.144000,0.164000
872.001000,0.145000,0.166000
873.001000,0.144000,0.165000
874.001000,0.145000,0.159000
875.001000,0.144000,0.163000
876.001000,0.144000,0.161000
877.001000,0.145000,0.165000
878.001000,0.146000,0.170000
879.001000,0.147000,0.167000
880.001000,0.148000,0.168000
881.001000,0.148000,0.170000
882.001000,0.148000,0.171000
883.001000,0.148000,0.167000
884.001000,0.148000,0.166000
885.001000,0.148000,0.174000
886.001000,0.149000,0.170000
887.001000,0.149000,0.171000
888.001000,0.149000,0.171000
889.001000,0.149000,0.162000
890.001000,0.149000,0.165000
891.001000,0.149000,0.163000
892.001000,0.149000,0.163000
893.001000,0.150000,0.164000
894.001000,0.151000,0.166000
895.001000,0.151000,0.170000
896.001000,0.152000,0.172000
897.001000,0.152000,0.172000
898.001000,0.152000,0.170000
899.001000,0.152000,0.177000
900.001000,0.152000,0.173000
901.001000,0.153000,0.163000
902.001000,0.153000,0.166000
903.001000,0.153000,0.170000
904.001000,0.154000,0.167000
905.001000,0.154000,0.172000
906.001000,0.154000,0.175000
907.001000,0.153000,0.173000
908.001000,0.153000,0.176000
909.001000,0.154000,0.181000
910.001000,0.155000,0.171000
911.001000,0.156000,0.178000
912.001000,0.156000,0.181000
913.001000,0.156000,0.178000
914.001000,0.157000,0.178000
915.001000,0.158000,0.178000
916.001000,0.158000,0.173000
917.001000,0.159000,0.172000
918.001000,0.159000,0.179000
919.001000,0.159000,0.179000
920.001000,0.160000,0.186000
921.001000,0.161000,0.180000
922.001000,0.162000,0.183000
923.001000,0.162000,0.184000
924.001000,0.163000,0.183000
925.001000,0.164000,0.180000
926.001000,0.164000,0.187000
927.001000,0.165000,0.189000
928.001000,0.164000,0.181000
929.001000,0.165000,0.174000
930.001000,0.165000,0.181000
931.001000,0.165000,0.191000
932.001000,0.166000,0.185000
933.001000,0.166000,0.181000
934.001000,0.166000,0.182000
935.001000,0.166000,0.187000
936.001000,0.167000,0.184000
937.001000,0.167000,0.183000
938.001000,0.167000,0.179000
939.001000,0.167000,0.187000
940.001000,0.167000,0.186000
941.001000,0.168000,0.190000
942.001000,0.169000,0.188000
943.001000,0.168000,0.188000
944.001000,0.169000,0.185000
945.001000,0.170000,0.190000
946.001000,0.170000,0.186000
947.001000,0.170000,0.194000
948.001000,0.172000,0.185000
949.001000,0.172000,0.187000
950.001000,0.172000,0.185000
951.001000,0.172000,0.180000
952.001000,0.174000,0.177000
953.001000,0.174000,0.179000
954.001000,0.173000,0.188000
955.001000,0.174000,0.185000
956.001000,0.174000,0.188000
957.001000,0.174000,0.185000
958.001000,0.174000,0.188000
959.001000,0.175000,0.184000
960.001000,0.173000,0.188000
961.001000,0.173000,0.184000
962.001000,0.174000,0.191000
963.001000,0.175000,0.189000
964.001000,0.175000,0.193000
965.001000,0.177000,0.191000
966.001000,0.177000,0.188000
967.001000,0.178000,0.194000
968.001000,0.178000,0.194000
969.001000,0.179000,0.190000
970.001000,0.178000,0.191000
971.001000,0.178000,0.193000
972.001000,0.179000,0.195000
973.001000,0.179000,0.193000
974.001000,0.179000,0.192000
975.001000,0.179000,0.192000
976.001000,0.179000,0.191000
977.001000,0.180000,0.196000
978.001000,0.181000,0.196000
979.001000,0.182000,0.197000
980.001000,0.183000,0.201000
981.001000,0.182000,0.197000
982.001000,0.181000,0.195000
983.001000,0.181000,0.195000
984.001000,0.181000,0.191000
985.001000,0.182000,0.194000
986.001000,0.183000,0.195000
987.001000,0.184000,0.198000
988.001000,0.184000,0.198000
989.001000,0.185000,0.198000
990.001000,0.185000,0.193000
991.001000,0.185000,0.192000
992.001000,0.186000,0.193000
993.001000,0.186000,0.195000
994.001000,0.187000,0.198000
995.001000,0.186000,0.200000
996.001000,0.185000,0.193000
997.001000,0.187000,0.196000
998.001000,0.188000,0.201000
999.001000,0.188000,0.200000
1000.001000,0.189000,0.198000
1001.001000,0.187000,0.201000
1002.001000,0.188000,0.204000
1003.001000,0.188000,0.204000
1004.001000,0.189000,0.201000
1005.001000,0.189000,0.207000
1006.001000,0.190000,0.204000
1007.001000,0.190000,0.203000
1008.001000,0.190000,0.206000
1009.001000,0.190000,0.210000
1010.001000,0.190000,0.207000
1011.001000,0.191000,0.208000
1012.001000,0.191000,0.206000
1013.001000,0.192000,0.211000
1014.001000,0.193000,0.207000
1015.001000,0.195000,0.209000
1016.001000,0.195000,0.208000
1017.001000,0.196000,0.204000
1018.001000,0.196000,0.206000
1019.001000,0.197000,0.208000
1020.001000,0.196000,0.207000
1021.001000,0.197000,0.205000
1022.001000,0.196000,0.205000
1023.001000,0.197000,0.202000
1024.001000,0.198000,0.209000
1025.001000,0.199000,0.204000
1026.001000,0.199000,0.200000
1027.001000,0.198000,0.205000
1028.001000,0.198000,0.207000
1029.001000,0.199000,0.214000
1030.001000,0.200000,0.208000
1031.001000,0.200000,0.206000
1032.001000,0.201000,0.209000
1033.001000,0.202000,0.208000
1034.001000,0.203000,0.212000
1035.001000,0.203000,0.206000
1036.001000,0.203000,0.213000
1037.001000,0.203000,0.210000
1038.001000,0.204000,0.214000
1039.001000,0.204000,0.211000
1040.001000,0.204000,0.216000
1041.001000,0.204000,0.210000
1042.001000,0.204000,0.215000
1043.001000,0.204000,0.209000
1044.001000,0.202000,0.208000
1045.001000,0.202000,0.212000
1046.001000,0.201000,0.210000
1047.001000,0.201000,0.211000
1048.001000,0.201000,0.212000
1049.001000,0.200000,0.210000
1050.001000,0.200000,0.212000
1051.001000,0.200000,0.208000
1052.001000,0.201000,0.212000
1053.001000,0.201000,0.218000
1054.001000,0.201000,0.216000
1055.001000,0.201000,0.215000
1056.001000,0.201000,0.212000
1057.001000,0.201000,0.217000
1058.001000,0.201000,0.212000
1059.001000,0.202000,0.218000
1060.001000,0.202000,0.212000
1061.001000,0.203000,0.213000
1062.001000,0.203000,0.218000
1063.001000,0.203000,0.216000
1064.001000,0.203000,0.218000
1065.001000,0.203000,0.215000
1066.001000,0.203000,0.218000
1067.001000,0.204000,0.217000
1068.001000,0.204000,0.215000
1069.001000,0.204000,0.220000
1070.001000,0.205000,0.213000
1071.001000,0.206000,0.214000
1072.001000,0.206000,0.215000
1073.001000,0.207000,0.208000
1074.001000,0.208000,0.212000
1075.001000,0.209000,0.206000
1076.001000,0.208000,0.203000
1077.001000,0.210000,0.201000
1078.001000,0.211000,0.191000
1079.001000,0.212000,0.187000
1080.001000,0.213000,0.190000
1081.001000,0.212000,0.189000
1082.001000,0.213000,0.189000
1083.001000,0.213000,0.195000
1084.001000,0.212000,0.212000
1085.001000,0.212000,0.214000
1086.001000,0.212000,0.214000
1087.001000,0.212000,0.214000
1088.001000,0.215000,0.215000
1089.001000,0.215000,0.217000
1090.001000,0.215000,0.222000
1091.001000,0.215000,0.222000
1092.001000,0.215000,0.214000
1093.001000,0.215000,0.213000
1094.001000,0.215000,0.214000
1095.001000,0.216000,0.219000
1096.001000,0.215000,0.217000
1097.001000,0.216000,0.213000
1098.001000,0.215000,0.212000
1099.001000,0.216000,0.202000
1100.001000,0.216000,0.208000
1101.001000,0.216000,0.217000
1102.001000,0.216000,0.221000
1103.001000,0.216000,0.223000
1104.001000,0.216000,0.225000
1105.001000,0.217000,0.230000
1106.001000,0.218000,0.214000
1107.001000,0.219000,0.198000
1108.001000,0.219000,0.203000
1109.001000,0.218000,0.198000
1110.001000,0.218000,0.204000
1111.001000,0.219000,0.198000
1112.001000,0.220000,0.202000
1113.001000,0.219000,0.197000
1114.001000,0.219000,0.203000
1115.001000,0.221000,0.202000
1116.001000,0.221000,0.203000
1117.001000,0.221000,0.201000
1118.001000,0.220000,0.195000
1119.001000,0.220000,0.198000
1120.001000,0.221000,0.194000
1121.001000,0.221000,0.196000
1122.001000,0.222000,0.199000
1123.001000,0.222000,0.197000
1124.001000,0.223000,0.202000
1125.001000,0.224000,0.204000
1126.001000,0.224000,0.197000
1127.001000,0.224000,0.196000
1128.001000,0.224000,0.206000
1129.001000,0.225000,0.204000
1130.001000,0.225000,0.202000
1131.001000,0.226000,0.219000
1132.001000,0.226000,0.203000
1133.001000,0.227000,0.201000
1134.001000,0.228000,0.206000
1135.001000,0.228000,0.206000
1136.001000,0.228000,0.203000
1137.001000,0.229000,0.209000
1138.001000,0.230000,0.205000
1139.001000,0.230000,0.204000
1140.001000,0.230000,0.201000
1141.001000,0.230000,0.202000
1142.001000,0.231000,0.204000
1143.001000,0.231000,0.206000
1144.001000,0.231000,0.207000
1145.001000,0.230000,0.210000
1146.001000,0.231000,0.208000
1147.001000,0.232000,0.206000
1148.001000,0.232000,0.203000
1149.001000,0.232000,0.204000
1150.001000,0.233000,0.201000
1151.001000,0.232000,0.202000
1152.001000,0.233000,0.200000
1153.001000,0.233000,0.206000
1154.001000,0.233000,0.207000
1155.001000,0.233000,0.207000
1156.001000,0.233000,0.208000
1157.001000,0.234000,0.214000
1158.001000,0.234000,0.212000
1159.001000,0.234000,0.205000
1160.001000,0.235000,0.207000
1161.001000,0.235000,0.214000
1162.001000,0.235000,0.209000
1163.001000,0.235000,0.208000
1164.001000,0.236000,0.216000
1165.001000,0.236000,0.217000
1166.001000,0.237000,0.222000
1167.001000,0.237000,0.217000
1168.001000,0.237000,0.210000
1169.001000,0.237000,0.205000
1170.001000,0.238000,0.205000
1171.001000,0.239000,0.213000
1172.001000,0.240000,0.206000
1173.001000,0.241000,0.215000
1174.001000,0.241000,0.209000
1175.001000,0.241000,0.212000
1176.001000,0.241000,0.217000
1177.001000,0.241000,0.220000
1178.001000,0.243000,0.229000
1179.001000,0.244000,0.231000
1180.001000,0.244000,0.239000
1181.001000,0.244000,0.238000
1182.001000,0.244000,0.241000
1183.001000,0.244000,0.241000
1184.001000,0.245000,0.241000
1185.001000,0.246000,0.249000
1186.001000,0.246000,0.246000
1187.001000,0.246000,0.247000
1188.001000,0.246000,0.230000
1189.001000,0.246000,0.234000
1190.001000,0.246000,0.240000
1191.001000,0.247000,0.243000
1192.001000,0.247000,0.238000
1193.001000,0.248000,0.243000
1194.001000,0.248000,0.244000
1195.001000,0.249000,0.234000
1196.001000,0.249000,0.244000
1197.001000,0.250000,0.244000
1198.001000,0.250000,0.246000
1199.001000,0.251000,0.242000
1200.001000,0.251000,0.241000
1201.001000,0.251000,0.245000
1202.001000,0.251000,0.250000
1203.001000,0.251000,0.250000
1204.001000,0.252000,0.246000
1205.001000,0.252000,0.251000
1206.001000,0.252000,0.241000
1207.001000,0.252000,0.251000
1208.001000,0.253000,0.252000
1209.001000,0.253000,0.254000
1210.001000,0.254000,0.255000
1211.001000,0.254000,0.249000
1212.001000,0.254000,0.246000
1213.001000,0.253000,0.255000
1214.001000,0.254000,0.252000
1215.001000,0.254000,0.256000
1216.001000,0.255000,0.256000
1217.001000,0.256000,0.257000
1218.001000,0.255000,0.254000
1219.001000,0.254000,0.261000
1220.001000,0.253000,0.251000
1221.001000,0.253000,0.249000
1222.001000,0.252000,0.259000
1223.001000,0.252000,0.255000
1224.001000,0.251000,0.248000
1225.001000,0.252000,0.255000
1226.001000,0.253000,0.253000
1227.001000,0.253000,0.250000
1228.001000,0.253000,0.260000
1229.001000,0.254000,0.251000
1230.001000,0.254000,0.254000
1231.001000,0.255000,0.248000
1232.001000,0.255000,0.247000
1233.001000,0.256000,0.255000
1234.001000,0.256000,0.252000
1235.001000,0.256000,0.251000
1236.001000,0.257000,0.252000
1237.001000,0.258000,0.260000
1238.001000,0.259000,0.257000
1239.001000,0.262000,0.259000
1240.001000,0.265000,0.257000
1241.001000,0.265000,0.253000
1242.001000,0.266000,0.252000
1243.001000,0.267000,0.262000
1244.001000,0.267000,0.255000
1245.001000,0.268000,0.257000
1246.001000,0.268000,0.263000
1247.001000,0.269000,0.261000
1248.001000,0.269000,0.258000
1249.001000,0.270000,0.256000
1250.001000,0.270000,0.257000
1251.001000,0.271000,0.257000
1252.001000,0.271000,0.255000
1253.001000,0.271000,0.263000
1254.001000,0.272000,0.263000
1255.001000,0.272000,0.263000
1256.001000,0.272000,0.256000
1257.001000,0.273000,0.255000
1258.001000,0.273000,0.261000
1259.001000,0.273000,0.254000
1260.001000,0.273000,0.252000
1261.001000,0.273000,0.257000
1262.001000,0.274000,0.259000
1263.001000,0.274000,0.261000
1264.001000,0.274000,0.260000
1265.001000,0.275000,0.253000
1266.001000,0.276000,0.244000
1267.001000,0.276000,0.244000
1268.001000,0.277000,0.250000
1269.001000,0.277000,0.240000
1270.001000,0.277000,0.240000
1271.001000,0.277000,0.244000
1272.001000,0.277000,0.245000
1273.001000,0.277000,0.241000
1274.001000,0.277000,0.243000
1275.001000,0.277000,0.246000
1276.001000,0.277000,0.243000
1277.001000,0.277000,0.244000
1278.001000,0.277000,0.244000
1279.001000,0.277000,0.240000
1280.001000,0.277000,0.243000
1281.001000,0.277000,0.237000
1282.001000,0.277000,0.242000
1283.001000,0.277000,0.242000
1284.001000,0.277000,0.242000
1285.001000,0.278000,0.239000
1286.001000,0.278000,0.242000
1287.001000,0.278000,0.245000
1288.001000,0.278000,0.242000
1289.001000,0.279000,0.240000
1290.001000,0.279000,0.245000
1291.001000,0.279000,0.239000
1292.001000,0.280000,0.239000
1293.001000,0.280000,0.243000
1294.001000,0.280000,0.240000
1295.001000,0.280000,0.245000
1296.001000,0.280000,0.238000
1297.001000,0.280000,0.242000
1298.001000,0.281000,0.243000
1299.001000,0.281000,0.241000
1300.001000,0.280000,0.240000
1301.001000,0.281000,0.243000
1302.001000,0.281000,0.247000
1303.001000,0.281000,0.243000
1304.001000,0.281000,0.244000
1305.001000,0.281000,0.245000
1306.001000,0.282000,0.249000
1307.001000,0.282000,0.247000
1308.001000,0.282000,0.250000
1309.001000,0.282000,0.247000
1310.001000,0.282000,0.248000
1311.001000,0.282000,0.247000
1312.001000,0.281000,0.254000
1313.001000,0.281000,0.251000
1314.001000,0.280000,0.254000
1315.001000,0.280000,0.252000
1316.001000,0.280000,0.256000
1317.001000,0.280000,0.254000
1318.001000,0.280000,0.257000
1319.001000,0.281000,0.264000
1320.001000,0.281000,0.271000
1321.001000,0.281000,0.269000
1322.001000,0.282000,0.268000
1323.001000,0.282000,0.269000
1324.001000,0.282000,0.275000
1325.001000,0.282000,0.269000
1326.001000,0.283000,0.270000
1327.001000,0.283000,0.267000
1328.001000,0.283000,0.269000
1329.001000,0.283000,0.267000
1330.001000,0.283000,0.272000
1331.001000,0.283000,0.267000
1332.001000,0.284000,0.271000
1333.001000,0.284000,0.269000
1334.001000,0.285000,0.269000
1335.001000,0.285000,0.266000
1336.001000,0.285000,0.268000
1337.001000,0.285000,0.265000
1338.001000,0.285000,0.264000
1339.001000,0.286000,0.267000
1340.001000,0.286000,0.268000
1341.001000,0.286000,0.269000
1342.001000,0.287000,0.275000
1343.001000,0.287000,0.273000
1344.001000,0.287000,0.272000
1345.001000,0.288000,0.272000
1346.001000,0.288000,0.265000
1347.001000,0.289000,0.277000
1348.001000,0.289000,0.273000
1349.001000,0.289000,0.275000
1350.001000,0.290000,0.275000
1351.001000,0.290000,0.273000
1352.001000,0.290000,0.276000
1353.001000,0.291000,0.274000
1354.001000,0.291000,0.275000
1355.001000,0.291000,0.281000
1356.001000,0.291000,0.278000
1357.001000,0.291000,0.273000
1358.001000,0.291000,0.281000
1359.001000,0.292000,0.276000
1360.001000,0.292000,0.274000
1361.001000,0.292000,0.279000
1362.001000,0.293000,0.283000
1363.001000,0.293000,0.275000
1364.001000,0.293000,0.279000
1365.001000,0.293000,0.272000
1366.001000,0.293000,0.276000
1367.001000,0.294000,0.278000
1368.001000,0.294000,0.278000
1369.001000,0.294000,0.278000
1370.001000,0.294000,0.284000
1371.001000,0.295000,0.277000
1372.001000,0.295000,0.275000
1373.001000,0.295000,0.274000
1374.001000,0.296000,0.278000
1375.001000,0.297000,0.286000
1376.001000,0.297000,0.277000
1377.001000,0.297000,0.282000
1378.001000,0.297000,0.282000
1379.001000,0.298000,0.284000
1380.001000,0.298000,0.283000
1381.001000,0.297000,0.284000
1382.001000,0.298000,0.286000
1383.001000,0.299000,0.285000
1384.001000,0.299000,0.283000
1385.001000,0.299000,0.284000
1386.001000,0.300000,0.286000
1387.001000,0.300000,0.286000
1388.001000,0.300000,0.282000
1389.001000,0.301000,0.289000
1390.001000,0.300000,0.289000
1391.001000,0.300000,0.288000
1392.001000,0.301000,0.294000
1393.001000,0.302000,0.289000
1394.001000,0.302000,0.286000
1395.001000,0.302000,0.286000
1396.001000,0.302000,0.291000
1397.001000,0.302000,0.297000
1398.001000,0.301000,0.296000
1399.001000,0.301000,0.294000
1400.001000,0.301000,0.296000
1401.001000,0.302000,0.295000
1402.001000,0.302000,0.297000
1403.001000,0.303000,0.293000
1404.001000,0.303000,0.297000
1405.001000,0.303000,0.297000
1406.001000,0.304000,0.299000
1407.001000,0.305000,0.291000
1408.001000,0.305000,0.295000
1409.001000,0.305000,0.297000
1410.001000,0.306000,0.293000
1411.001000,0.307000,0.294000
1412.001000,0.307000,0.300000
1413.001000,0.308000,0.298000
1414.001000,0.308000,0.297000
1415.001000,0.308000,0.305000
1416.001000,0.307000,0.298000
1417.001000,0.307000,0.300000
1418.001000,0.309000,0.296000
1419.001000,0.312000,0.298000
1420.001000,0.313000,0.298000
1421.001000,0.314000,0.300000
1422.001000,0.314000,0.298000
1423.001000,0.314000,0.295000
1424.001000,0.314000,0.297000
1425.001000,0.314000,0.299000
1426.001000,0.313000,0.297000
1427.001000,0.313000,0.293000
1428.001000,0.314000,0.295000
1429.001000,0.315000,0.296000
1430.001000,0.316000,0.303000
1431.001000,0.317000,0.298000
1432.001000,0.317000,0.297000
1433.001000,0.318000,0.287000
1434.001000,0.319000,0.288000
1435.001000,0.318000,0.275000
1436.001000,0.318000,0.274000
1437.001000,0.318000,0.278000
1438.001000,0.318000,0.276000
1439.001000,0.318000,0.281000
1440.001000,0.319000,0.282000
1441.001000,0.319000,0.285000
1442.001000,0.319000,0.288000
1443.001000,0.319000,0.280000
1444.001000,0.320000,0.281000
1445.001000,0.320000,0.279000
1446.001000,0.320000,0.281000
1447.001000,0.321000,0.285000
1448.001000,0.321000,0.285000
1449.001000,0.321000,0.284000
1450.001000,0.322000,0.282000
1451.001000,0.322000,0.283000
1452.001000,0.323000,0.284000
1453.001000,0.323000,0.292000
1454.001000,0.324000,0.293000
1455.001000,0.326000,0.291000
1456.001000,0.326000,0.283000
1457.001000,0.328000,0.288000
1458.001000,0.329000,0.283000
1459.001000,0.329000,0.286000
1460.001000,0.330000,0.283000
1461.001000,0.330000,0.282000
1462.001000,0.331000,0.282000
1463.001000,0.331000,0.285000
1464.001000,0.332000,0.287000
1465.001000,0.332000,0.295000
1466.001000,0.333000,0.307000
1467.001000,0.332000,0.305000
1468.001000,0.333000,0.310000
1469.001000,0.334000,0.312000
1470.001000,0.335000,0.312000
1471.001000,0.334000,0.312000
1472.001000,0.335000,0.312000
1473.001000,0.336000,0.309000
1474.001000,0.337000,0.308000
1475.001000,0.337000,0.309000
1476.001000,0.338000,0.311000
1477.001000,0.338000,0.308000
1478.001000,0.339000,0.316000
1479.001000,0.340000,0.313000
1480.001000,0.341000,0.315000
1481.001000,0.341000,0.311000
1482.001000,0.341000,0.312000
1483.001000,0.342000,0.313000
1484.001000,0.341000,0.317000
1485.001000,0.341000,0.312000
1486.001000,0.342000,0.322000
1487.001000,0.343000,0.316000
1488.001000,0.343000,0.314000
1489.001000,0.343000,0.315000
1490.001000,0.344000,0.313000
1491.001000,0.344000,0.320000
1492.001000,0.344000,0.321000
1493.001000,0.345000,0.318000
1494.001000,0.345000,0.313000
1495.001000,0.345000,0.323000
1496.001000,0.345000,0.315000
1497.001000,0.345000,0.316000
1498.001000,0.345000,0.321000
1499.001000,0.346000,0.319000
1500.001000,0.345000,0.322000
1501.001000,0.345000,0.320000
1502.001000,0.345000,0.321000
1503.001000,0.345000,0.321000
1504.001000,0.344000,0.321000
1505.001000,0.342000,0.322000
1506.001000,0.341000,0.322000
1507.001000,0.340000,0.321000
1508.001000,0.340000,0.321000
1509.001000,0.341000,0.320000
1510.001000,0.343000,0.319000
1511.001000,0.345000,0.320000
1512.001000,0.346000,0.322000
1513.001000,0.347000,0.319000
1514.001000,0.347000,0.323000
1515.001000,0.348000,0.326000
1516.001000,0.348000,0.323000
1517.001000,0.349000,0.321000
1518.001000,0.349000,0.324000
1519.001000,0.349000,0.323000
1520.001000,0.350000,0.325000
1521.001000,0.350000,0.320000
1522.001000,0.351000,0.324000
1523.001000,0.351000,0.321000
1524.001000,0.352000,0.327000
1525.001000,0.353000,0.330000
1526.001000,0.353000,0.328000
1527.001000,0.354000,0.332000
1528.001000,0.354000,0.332000
1529.001000,0.354000,0.326000
1530.001000,0.355000,0.322000
1531.001000,0.355000,0.325000
1532.001000,0.356000,0.330000
1533.001000,0.356000,0.330000
1534.001000,0.356000,0.327000
1535.001000,0.356000,0.326000
1536.001000,0.356000,0.323000
1537.001000,0.356000,0.316000
1538.001000,0.356000,0.325000
1539.001000,0.357000,0.321000
1540.001000,0.357000,0.326000
1541.001000,0.357000,0.321000
1542.001000,0.358000,0.324000
1543.001000,0.358000,0.325000
1544.001000,0.358000,0.324000
1545.001000,0.358000,0.328000
1546.001000,0.358000,0.326000
1547.001000,0.359000,0.329000
1548.001000,0.358000,0.332000
1549.001000,0.358000,0.309000
1550.001000,0.357000,0.320000
1551.001000,0.357000,0.322000
1552.001000,0.357000,0.309000
1553.001000,0.357000,0.310000
1554.001000,0.357000,0.302000
1555.001000,0.356000,0.308000
1556.001000,0.356000,0.316000
1557.001000,0.357000,0.320000
1558.001000,0.357000,0.327000
1559.001000,0.357000,0.333000
1560.001000,0.356000,0.339000
1561.001000,0.354000,0.333000
1562.001000,0.355000,0.330000
1563.001000,0.355000,0.320000
1564.001000,0.355000,0.309000
1565.001000,0.356000,0.311000
1566.001000,0.356000,0.309000
1567.001000,0.357000,0.306000
1568.001000,0.357000,0.312000
1569.001000,0.357000,0.319000
1570.001000,0.356000,0.309000
1571.001000,0.357000,0.310000
1572.001000,0.357000,0.313000
1573.001000,0.357000,0.312000
1574.001000,0.357000,0.309000
1575.001000,0.358000,0.317000
1576.001000,0.359000,0.342000
1577.001000,0.360000,0.341000
1578.001000,0.361000,0.341000
1579.001000,0.361000,0.340000
1580.001000,0.361000,0.343000
1581.001000,0.362000,0.349000
1582.001000,0.363000,0.347000
1583.001000,0.363000,0.344000
1584.001000,0.364000,0.350000
1585.001000,0.364000,0.350000
1586.001000,0.364000,0.336000
1587.001000,0.365000,0.328000
1588.001000,0.366000,0.344000
1589.001000,0.366000,0.344000
1590.001000,0.366000,0.343000
1591.001000,0.366000,0.349000
1592.001000,0.367000,0.350000
1593.001000,0.367000,0.351000
1594.001000,0.368000,0.350000
1595.001000,0.368000,0.354000
1596.001000,0.369000,0.345000
1597.001000,0.369000,0.349000
1598.001000,0.369000,0.350000
1599.001000,0.369000,0.359000
1600.001000,0.368000,0.358000
1601.001000,0.368000,0.355000
1602.001000,0.369000,0.347000
1603.001000,0.370000,0.329000
1604.001000,0.373000,0.336000
1605.001000,0.374000,0.328000
1606.001000,0.374000,0.333000
1607.001000,0.373000,0.337000
1608.001000,0.373000,0.324000
1609.001000,0.373000,0.329000
1610.001000,0.373000,0.327000
1611.001000,0.374000,0.330000
1612.001000,0.376000,0.328000
1613.001000,0.376000,0.331000
1614.001000,0.377000,0.327000
1615.001000,0.378000,0.330000
1616.001000,0.377000,0.329000
1617.001000,0.377000,0.326000
1618.001000,0.377000,0.327000
1619.001000,0.379000,0.333000
1620.001000,0.379000,0.331000
1621.001000,0.378000,0.330000
1622.001000,0.379000,0.330000
1623.001000,0.380000,0.325000
1624.001000,0.379000,0.331000
1625.001000,0.379000,0.331000
1626.001000,0.379000,0.336000
1627.001000,0.380000,0.333000
1628.001000,0.380000,0.331000
1629.001000,0.381000,0.337000
1630.001000,0.381000,0.336000
1631.001000,0.382000,0.344000
1632.001000,0.382000,0.341000
1633.001000,0.383000,0.341000
1634.001000,0.383000,0.338000
1635.001000,0.383000,0.353000
1636.001000,0.383000,0.356000
1637.001000,0.383000,0.360000
1638.001000,0.383000,0.355000
1639.001000,0.384000,0.364000
1640.001000,0.385000,0.361000
1641.001000,0.385000,0.361000
1642.001000,0.387000,0.362000
1643.001000,0.388000,0.361000
1644.001000,0.389000,0.356000
1645.001000,0.389000,0.359000
1646.001000,0.389000,0.364000
1647.001000,0.390000,0.367000
1648.001000,0.389000,0.365000
1649.001000,0.390000,0.359000
1650.001000,0.390000,0.373000
1651.001000,0.390000,0.369000
1652.001000,0.389000,0.366000
1653.001000,0.389000,0.363000
1654.001000,0.389000,0.360000
1655.001000,0.391000,0.372000
1656.001000,0.392000,0.368000
1657.001000,0.392000,0.366000
1658.001000,0.391000,0.364000
1659.001000,0.393000,0.365000
1660.001000,0.391000,0.366000
1661.001000,0.390000,0.363000
1662.001000,0.388000,0.365000
1663.001000,0.388000,0.366000
1664.001000,0.388000,0.363000
1665.001000,0.390000,0.366000
1666.001000,0.392000,0.369000
1667.001000,0.393000,0.366000
1668.001000,0.394000,0.362000
1669.001000,0.394000,0.364000
1670.001000,0.393000,0.370000
1671.001000,0.394000,0.369000
1672.001000,0.395000,0.373000
1673.001000,0.396000,0.370000
1674.001000,0.395000,0.368000
1675.001000,0.396000,0.369000
1676.001000,0.397000,0.376000
1677.001000,0.397000,0.374000
1678.001000,0.398000,0.371000
1679.001000,0.398000,0.367000
1680.001000,0.398000,0.373000
1681.001000,0.398000,0.375000
1682.001000,0.398000,0.376000
1683.001000,0.399000,0.371000
1684.001000,0.399000,0.379000
1685.001000,0.399000,0.374000
1686.001000,0.399000,0.374000
1687.001000,0.399000,0.375000
1688.001000,0.399000,0.368000
1689.001000,0.399000,0.372000
1690.001000,0.400000,0.375000
1691.001000,0.400000,0.377000
1692.001000,0.401000,0.372000
1693.001000,0.401000,0.376000
1694.001000,0.401000,0.376000
1695.001000,0.400000,0.369000
1696.001000,0.399000,0.371000
1697.001000,0.400000,0.367000
1698.001000,0.400000,0.352000
1699.001000,0.400000,0.345000
1700.001000,0.401000,0.345000
1701.001000,0.400000,0.351000
1702.001000,0.402000,0.351000
1703.001000,0.402000,0.354000
1704.001000,0.402000,0.350000
1705.001000,0.402000,0.349000
1706.001000,0.402000,0.351000
1707.001000,0.403000,0.359000
1708.001000,0.403000,0.357000
1709.001000,0.404000,0.357000
1710.001000,0.404000,0.359000
1711.001000,0.404000,0.367000
1712.001000,0.404000,0.366000
1713.001000,0.403000,0.355000
1714.001000,0.403000,0.351000
1715.001000,0.403000,0.353000
1716.001000,0.404000,0.345000
1717.001000,0.404000,0.346000
1718.001000,0.405000,0.348000
1719.001000,0.405000,0.353000
1720.001000,0.405000,0.353000
1721.001000,0.405000,0.354000
1722.001000,0.405000,0.357000
1723.001000,0.405000,0.358000
1724.001000,0.405000,0.352000
1725.001000,0.406000,0.358000
1726.001000,0.406000,0.361000
1727.001000,0.405000,0.354000
1728.001000,0.405000,0.355000
1729.001000,0.406000,0.356000
1730.001000,0.406000,0.349000
1731.001000,0.407000,0.355000
1732.001000,0.407000,0.356000
1733.001000,0.408000,0.355000
1734.001000,0.408000,0.358000
1735.001000,0.407000,0.361000
1736.001000,0.407000,0.359000
1737.001000,0.408000,0.356000
1738.001000,0.409000,0.357000
1739.001000,0.410000,0.355000
1740.001000,0.410000,0.356000
1741.001000,0.408000,0.362000
1742.001000,0.409000,0.357000
1743.001000,0.407000,0.361000
1744.001000,0.408000,0.360000
1745.001000,0.409000,0.359000
1746.001000,0.410000,0.358000
1747.001000,0.409000,0.366000
1748.001000,0.409000,0.364000
1749.001000,0.409000,0.354000
1750.001000,0.410000,0.362000
1751.001000,0.409000,0.361000
1752.001000,0.409000,0.364000
1753.001000,0.408000,0.364000
1754.001000,0.409000,0.361000
1755.001000,0.410000,0.364000
1756.001000,0.410000,0.364000
1757.001000,0.410000,0.363000
1758.001000,0.411000,0.366000
1759.001000,0.411000,0.359000
1760.001000,0.412000,0.364000
1761.001000,0.412000,0.367000
1762.001000,0.414000,0.373000
1763.001000,0.414000,0.360000
1764.001000,0.415000,0.366000
1765.001000,0.414000,0.370000
1766.001000,0.414000,0.365000
1767.001000,0.414000,0.364000
1768.001000,0.414000,0.365000
1769.001000,0.414000,0.374000
1770.001000,0.414000,0.365000
1771.001000,0.416000,0.368000
1772.001000,0.416000,0.368000
1773.001000,0.418000,0.369000
1774.001000,0.417000,0.368000
1775.001000,0.417000,0.374000
1776.001000,0.418000,0.374000
1777.001000,0.419000,0.371000
1778.001000,0.419000,0.365000
1779.001000,0.419000,0.372000
1780.001000,0.418000,0.372000
1781.001000,0.419000,0.371000
1782.001000,0.419000,0.374000
1783.001000,0.419000,0.373000
1784.001000,0.419000,0.371000
1785.001000,0.419000,0.373000
1786.001000,0.419000,0.372000
1787.001000,0.419000,0.371000
1788.001000,0.419000,0.378000
1789.001000,0.420000,0.371000
1790.001000,0.420000,0.372000
1791.001000,0.421000,0.371000
1792.001000,0.421000,0.375000
1793.001000,0.421000,0.374000
1794.001000,0.421000,0.374000
1795.001000,0.421000,0.375000
1796.001000,0.420000,0.375000
1797.001000,0.421000,0.376000
1798.001000,0.421000,0.375000
1799.001000,0.421000,0.375000
1800.001000,0.421000,0.377000
1801.001000,0.422000,0.373000
1802.001000,0.421000,0.372000
1803.001000,0.422000,0.374000
1804.001000,0.422000,0.373000
1805.001000,0.423000,0.376000
1806.001000,0.422000,0.379000
1807.001000,0.422000,0.377000
1808.001000,0.423000,0.380000
1809.001000,0.424000,0.375000
1810.001000,0.424000,0.378000
1811.001000,0.424000,0.377000
1812.001000,0.425000,0.378000
1813.001000,0.425000,0.383000
1814.001000,0.425000,0.374000
1815.001000,0.425000,0.378000
1816.001000,0.426000,0.380000
1817.001000,0.426000,0.379000
1818.001000,0.426000,0.382000
1819.001000,0.426000,0.379000
1820.001000,0.426000,0.382000
1821.001000,0.427000,0.382000
1822.001000,0.428000,0.386000
1823.001000,0.430000,0.390000
1824.001000,0.432000,0.401000
1825.001000,0.433000,0.401000
1826.001000,0.432000,0.412000
1827.001000,0.433000,0.409000
1828.001000,0.434000,0.406000
1829.001000,0.435000,0.408000
1830.001000,0.435000,0.410000
1831.001000,0.435000,0.408000
1832.001000,0.435000,0.408000
1833.001000,0.435000,0.405000
1834.001000,0.435000,0.410000
1835.001000,0.437000,0.410000
1836.001000,0.437000,0.407000
1837.001000,0.438000,0.415000
1838.001000,0.439000,0.421000
1839.001000,0.440000,0.417000
1840.001000,0.440000,0.412000
1841.001000,0.440000,0.416000
1842.001000,0.440000,0.412000
1843.001000,0.441000,0.407000
1844.001000,0.439000,0.407000
1845.001000,0.440000,0.407000
1846.001000,0.441000,0.405000
1847.001000,0.441000,0.411000
1848.001000,0.441000,0.413000
1849.001000,0.442000,0.414000
1850.001000,0.442000,0.410000
1851.001000,0.443000,0.406000
1852.001000,0.443000,0.413000
1853.001000,0.444000,0.410000
1854.001000,0.444000,0.412000
1855.001000,0.443000,0.410000
1856.001000,0.445000,0.411000
1857.001000,0.445000,0.409000
1858.001000,0.445000,0.406000
1859.001000,0.445000,0.411000
1860.001000,0.445000,0.412000
1861.001000,0.445000,0.407000
1862.001000,0.445000,0.406000
1863.001000,0.445000,0.404000
1864.001000,0.445000,0.409000
1865.001000,0.445000,0.413000
1866.001000,0.445000,0.414000
1867.001000,0.444000,0.415000
1868.001000,0.444000,0.415000
1869.001000,0.444000,0.408000
1870.001000,0.446000,0.413000
1871.001000,0.447000,0.411000
1872.001000,0.448000,0.403000
1873.001000,0.448000,0.396000
1874.001000,0.448000,0.408000
1875.001000,0.448000,0.413000
1876.001000,0.449000,0.385000
1877.001000,0.449000,0.388000
1878.001000,0.448000,0.385000
1879.001000,0.448000,0.384000
1880.001000,0.448000,0.389000
1881.001000,0.448000,0.387000
1882.001000,0.448000,0.394000
1883.001000,0.448000,0.392000
1884.001000,0.449000,0.384000
1885.001000,0.449000,0.387000
1886.001000,0.448000,0.386000
1887.001000,0.448000,0.386000
1888.001000,0.449000,0.394000
1889.001000,0.450000,0.394000
1890.001000,0.451000,0.393000
1891.001000,0.453000,0.389000
1892.001000,0.455000,0.386000
1893.001000,0.456000,0.395000
1894.001000,0.457000,0.387000
1895.001000,0.457000,0.389000
1896.001000,0.457000,0.388000
1897.001000,0.458000,0.388000
1898.001000,0.458000,0.394000
1899.001000,0.458000,0.394000
1900.001000,0.459000,0.394000
1901.001000,0.459000,0.391000
1902.001000,0.459000,0.391000
1903.001000,0.460000,0.390000
1904.001000,0.461000,0.389000
1905.001000,0.461000,0.394000
1906.001000,0.461000,0.389000
1907.001000,0.461000,0.387000
1908.001000,0.462000,0.390000
1909.001000,0.463000,0.394000
1910.001000,0.463000,0.392000
1911.001000,0.463000,0.391000
1912.001000,0.462000,0.391000
1913.001000,0.463000,0.391000
1914.001000,0.463000,0.393000
1915.001000,0.464000,0.398000
1916.001000,0.464000,0.397000
1917.001000,0.464000,0.392000
1918.001000,0.465000,0.395000
1919.001000,0.465000,0.396000
1920.001000,0.466000,0.393000
1921.001000,0.466000,0.404000
1922.001000,0.466000,0.399000
1923.001000,0.466000,0.396000
1924.001000,0.467000,0.396000
1925.001000,0.468000,0.396000
1926.001000,0.468000,0.392000
1927.001000,0.468000,0.396000
1928.001000,0.468000,0.400000
1929.001000,0.469000,0.404000
1930.001000,0.469000,0.399000
1931.001000,0.469000,0.395000
1932.001000,0.469000,0.394000
1933.001000,0.469000,0.399000
1934.001000,0.470000,0.400000
1935.001000,0.470000,0.399000
1936.001000,0.470000,0.397000
1937.001000,0.469000,0.394000
1938.001000,0.469000,0.398000
1939.001000,0.470000,0.388000
1940.001000,0.470000,0.397000
1941.001000,0.471000,0.397000
1942.001000,0.472000,0.398000
1943.001000,0.472000,0.401000
1944.001000,0.472000,0.402000
1945.001000,0.473000,0.398000
1946.001000,0.473000,0.397000
1947.001000,0.473000,0.395000
1948.001000,0.473000,0.401000
1949.001000,0.473000,0.402000
1950.001000,0.474000,0.396000
1951.001000,0.474000,0.399000
1952.001000,0.474000,0.396000
1953.001000,0.475000,0.398000
1954.001000,0.476000,0.399000
1955.001000,0.475000,0.399000
1956.001000,0.476000,0.402000
1957.001000,0.476000,0.395000
1958.001000,0.477000,0.401000
1959.001000,0.478000,0.401000
1960.001000,0.479000,0.401000
1961.001000,0.480000,0.398000
1962.001000,0.480000,0.392000
1963.001000,0.480000,0.400000
1964.001000,0.481000,0.398000
1965.001000,0.481000,0.407000
1966.001000,0.482000,0.411000
1967.001000,0.482000,0.411000
1968.001000,0.482000,0.408000
1969.001000,0.482000,0.408000
1970.001000,0.483000,0.401000
1971.001000,0.483000,0.399000
1972.001000,0.483000,0.405000
1973.001000,0.483000,0.402000
1974.001000,0.484000,0.406000
1975.001000,0.484000,0.408000
1976.001000,0.485000,0.408000
1977.001000,0.486000,0.409000
1978.001000,0.486000,0.410000
1979.001000,0.486000,0.417000
1980.001000,0.486000,0.417000
1981.001000,0.486000,0.417000
1982.001000,0.486000,0.420000
1983.001000,0.487000,0.419000
1984.001000,0.487000,0.417000
1985.001000,0.488000,0.418000
1986.001000,0.488000,0.415000
1987.001000,0.489000,0.417000
1988.001000,0.489000,0.420000
1989.001000,0.489000,0.420000
1990.001000,0.489000,0.420000
1991.001000,0.489000,0.420000
1992.001000,0.489000,0.416000
1993.001000,0.490000,0.420000
1994.001000,0.490000,0.420000
1995.001000,0.490000,0.418000
1996.001000,0.491000,0.420000
1997.001000,0.491000,0.424000
1998.001000,0.490000,0.423000
1999.001000,0.490000,0.423000
2000.001000,0.491000,0.419000
2001.001000,0.492000,0.421000
2002.001000,0.492000,0.421000
2003.001000,0.492000,0.419000
2004.001000,0.492000,0.423000
2005.001000,0.492000,0.424000
2006.001000,0.492000,0.426000
2007.001000,0.493000,0.432000
2008.001000,0.494000,0.429000
2009.001000,0.494000,0.428000
2010.001000,0.494000,0.427000
2011.001000,0.494000,0.424000
2012.001000,0.494000,0.425000
2013.001000,0.495000,0.422000
2014.001000,0.495000,0.423000
2015.001000,0.496000,0.419000
2016.001000,0.496000,0.421000
2017.001000,0.496000,0.419000
2018.001000,0.497000,0.416000
2019.001000,0.497000,0.419000
2020.001000,0.497000,0.420000
2021.001000,0.498000,0.423000
2022.001000,0.498000,0.420000
2023.001000,0.498000,0.424000
2024.001000,0.498000,0.423000
2025.001000,0.498000,0.428000
2026.001000,0.498000,0.432000
2027.001000,0.498000,0.426000
2028.001000,0.499000,0.429000
2029.001000,0.499000,0.428000
2030.001000,0.499000,0.426000
2031.001000,0.500000,0.428000
2032.001000,0.500000,0.428000
2033.001000,0.501000,0.425000
2034.001000,0.501000,0.430000
2035.001000,0.501000,0.428000
2036.001000,0.502000,0.424000
2037.001000,0.502000,0.423000
2038.001000,0.503000,0.429000
2039.001000,0.503000,0.430000
2040.001000,0.504000,0.428000
2041.001000,0.504000,0.429000
2042.001000,0.505000,0.429000
2043.001000,0.504000,0.425000
2044.001000,0.505000,0.431000
2045.001000,0.505000,0.430000
2046.001000,0.505000,0.431000
2047.001000,0.505000,0.431000
2048.001000,0.505000,0.436000
2049.001000,0.506000,0.437000
2050.001000,0.506000,0.435000
2051.001000,0.507000,0.435000
2052.001000,0.507000,0.433000
2053.001000,0.507000,0.429000
2054.001000,0.507000,0.431000
2055.001000,0.508000,0.432000
2056.001000,0.508000,0.433000
2057.001000,0.509000,0.420000
2058.001000,0.509000,0.416000
2059.001000,0.509000,0.417000
2060.001000,0.510000,0.420000
2061.001000,0.510000,0.424000
2062.001000,0.510000,0.438000
2063.001000,0.510000,0.436000
2064.001000,0.510000,0.423000
2065.001000,0.510000,0.424000
2066.001000,0.511000,0.419000
2067.001000,0.511000,0.422000
2068.001000,0.511000,0.423000
2069.001000,0.511000,0.416000
2070.001000,0.511000,0.419000
2071.001000,0.511000,0.420000
2072.001000,0.513000,0.417000
2073.001000,0.513000,0.425000
2074.001000,0.513000,0.425000
2075.001000,0.513000,0.425000
2076.001000,0.513000,0.426000
2077.001000,0.514000,0.425000
2078.001000,0.515000,0.420000
2079.001000,0.515000,0.422000
2080.001000,0.516000,0.423000
2081.001000,0.516000,0.422000
2082.001000,0.517000,0.423000
2083.001000,0.517000,0.428000
2084.001000,0.518000,0.428000
2085.001000,0.518000,0.427000
2086.001000,0.518000,0.430000
2087.001000,0.519000,0.429000
2088.001000,0.519000,0.427000
2089.001000,0.520000,0.428000
2090.001000,0.520000,0.429000
2091.001000,0.521000,0.430000
2092.001000,0.521000,0.425000
2093.001000,0.521000,0.427000
2094.001000,0.522000,0.424000
2095.001000,0.523000,0.429000
2096.001000,0.523000,0.429000
2097.001000,0.523000,0.428000
2098.001000,0.524000,0.425000
2099.001000,0.525000,0.428000
2100.001000,0.525000,0.427000
2101.001000,0.526000,0.430000
2102.001000,0.526000,0.430000
2103.001000,0.526000,0.425000
2104.001000,0.527000,0.434000
2105.001000,0.527000,0.434000
2106.001000,0.528000,0.438000
2107.001000,0.528000,0.435000
2108.001000,0.529000,0.433000
2109.001000,0.529000,0.428000
2110.001000,0.529000,0.435000
2111.001000,0.530000,0.439000
2112.001000,0.530000,0.438000
2113.001000,0.530000,0.439000
2114.001000,0.530000,0.433000
2115.001000,0.531000,0.433000
2116.001000,0.530000,0.433000
2117.001000,0.531000,0.434000
2118.001000,0.532000,0.431000
2119.001000,0.532000,0.430000
2120.001000,0.532000,0.433000
2121.001000,0.533000,0.423000
2122.001000,0.533000,0.428000
2123.001000,0.533000,0.430000
2124.001000,0.533000,0.430000
2125.001000,0.533000,0.431000
2126.001000,0.534000,0.436000
2127.001000,0.534000,0.426000
2128.001000,0.534000,0.429000
2129.001000,0.534000,0.431000
2130.001000,0.535000,0.424000
2131.001000,0.535000,0.432000
2132.001000,0.535000,0.431000
2133.001000,0.535000,0.437000
2134.001000,0.536000,0.440000
2135.001000,0.536000,0.435000
2136.001000,0.537000,0.439000
2137.001000,0.537000,0.436000
2138.001000,0.537000,0.435000
2139.001000,0.538000,0.436000
2140.001000,0.539000,0.434000
2141.001000,0.539000,0.433000
2142.001000,0.540000,0.434000
2143.001000,0.540000,0.435000
2144.001000,0.541000,0.439000
2145.001000,0.541000,0.441000
2146.001000,0.542000,0.445000
2147.001000,0.542000,0.439000
2148.001000,0.543000,0.442000
2149.001000,0.543000,0.439000
2150.001000,0.543000,0.441000
2151.001000,0.544000,0.439000
2152.001000,0.544000,0.440000
2153.001000,0.545000,0.436000
2154.001000,0.545000,0.437000
2155.001000,0.546000,0.442000
2156.001000,0.546000,0.444000
2157.001000,0.546000,0.449000
2158.001000,0.546000,0.443000
2159.001000,0.546000,0.440000
2160.001000,0.546000,0.447000
2161.001000,0.546000,0.447000
2162.001000,0.546000,0.447000
2163.001000,0.545000,0.445000
2164.001000,0.545000,0.448000
2165.001000,0.545000,0.442000
2166.001000,0.546000,0.443000
2167.001000,0.547000,0.448000
2168.001000,0.547000,0.447000
2169.001000,0.547000,0.445000
2170.001000,0.548000,0.445000
2171.001000,0.548000,0.448000
2172.001000,0.549000,0.444000
2173.001000,0.548000,0.447000
2174.001000,0.549000,0.441000
2175.001000,0.549000,0.441000
2176.001000,0.549000,0.440000
2177.001000,0.550000,0.441000
2178.001000,0.550000,0.442000
2179.001000,0.550000,0.449000
2180.001000,0.550000,0.446000
2181.001000,0.551000,0.445000
2182.001000,0.551000,0.440000
2183.001000,0.552000,0.446000
2184.001000,0.552000,0.451000
2185.001000,0.552000,0.450000
2186.001000,0.552000,0.452000
2187.001000,0.553000,0.452000
2188.001000,0.554000,0.454000
2189.001000,0.554000,0.458000
2190.001000,0.554000,0.457000
2191.001000,0.555000,0.451000
2192.001000,0.555000,0.452000
2193.001000,0.556000,0.452000
2194.001000,0.556000,0.453000
2195.001000,0.557000,0.450000
2196.001000,0.557000,0.453000
2197.001000,0.557000,0.456000
2198.001000,0.557000,0.454000
2199.001000,0.557000,0.454000
2200.001000,0.558000,0.450000
2201.001000,0.559000,0.458000
2202.001000,0.559000,0.453000
2203.001000,0.559000,0.456000
2204.001000,0.560000,0.455000
2205.001000,0.560000,0.457000
2206.001000,0.561000,0.449000
2207.001000,0.561000,0.455000
2208.001000,0.562000,0.450000
2209.001000,0.562000,0.453000
2210.001000,0.562000,0.451000
2211.001000,0.563000,0.452000
2212.001000,0.563000,0.452000
2213.001000,0.564000,0.452000
2214.001000,0.564000,0.453000
2215.001000,0.564000,0.454000
2216.001000,0.564000,0.451000
2217.001000,0.564000,0.454000
2218.001000,0.565000,0.454000
2219.001000,0.565000,0.459000
2220.001000,0.566000,0.453000
2221.001000,0.566000,0.455000
2222.001000,0.566000,0.451000
2223.001000,0.567000,0.452000
2224.001000,0.567000,0.456000
2225.001000,0.567000,0.457000
2226.001000,0.568000,0.454000
2227.001000,0.568000,0.457000
2228.001000,0.568000,0.457000
2229.001000,0.569000,0.459000
2230.001000,0.569000,0.456000
2231.001000,0.570000,0.454000
2232.001000,0.571000,0.449000
2233.001000,0.571000,0.454000
2234.001000,0.572000,0.455000
2235.001000,0.572000,0.452000
2236.001000,0.572000,0.448000
2237.001000,0.573000,0.454000
2238.001000,0.574000,0.453000
2239.001000,0.574000,0.452000
2240.001000,0.575000,0.453000
2241.001000,0.575000,0.454000
2242.001000,0.575000,0.453000
2243.001000,0.576000,0.453000
2244.001000,0.577000,0.457000
2245.001000,0.577000,0.453000
2246.001000,0.577000,0.455000
2247.001000,0.578000,0.456000
2248.001000,0.578000,0.461000
2249.001000,0.579000,0.462000
2250.001000,0.579000,0.461000
2251.001000,0.580000,0.461000
2252.001000,0.579000,0.463000
2253.001000,0.580000,0.465000
2254.001000,0.581000,0.464000
2255.001000,0.581000,0.457000
2256.001000,0.581000,0.463000
2257.001000,0.582000,0.465000
2258.001000,0.583000,0.462000
2259.001000,0.584000,0.462000
2260.001000,0.585000,0.464000
2261.001000,0.585000,0.462000
2262.001000,0.586000,0.467000
2263.001000,0.586000,0.466000
2264.001000,0.587000,0.464000
2265.001000,0.587000,0.466000
2266.001000,0.588000,0.472000
2267.001000,0.588000,0.469000
2268.001000,0.588000,0.462000
2269.001000,0.589000,0.466000
2270.001000,0.589000,0.468000
2271.001000,0.589000,0.468000
2272.001000,0.589000,0.467000
2273.001000,0.590000,0.464000
2274.001000,0.589000,0.466000
2275.001000,0.590000,0.466000
2276.001000,0.590000,0.468000
2277.001000,0.590000,0.464000
2278.001000,0.591000,0.466000
2279.001000,0.591000,0.459000
2280.001000,0.592000,0.459000
2281.001000,0.592000,0.460000
2282.001000,0.592000,0.464000
2283.001000,0.593000,0.467000
2284.001000,0.593000,0.461000
2285.001000,0.594000,0.461000
2286.001000,0.595000,0.465000
2287.001000,0.595000,0.467000
2288.001000,0.596000,0.463000
2289.001000,0.596000,0.466000
2290.001000,0.597000,0.470000
2291.001000,0.597000,0.465000
2292.001000,0.597000,0.462000
2293.001000,0.598000,0.465000
2294.001000,0.598000,0.464000
2295.001000,0.598000,0.468000
2296.001000,0.599000,0.468000
2297.001000,0.599000,0.470000
2298.001000,0.600000,0.473000
2299.001000,0.600000,0.470000
2300.001000,0.600000,0.468000
2301.001000,0.601000,0.468000
2302.001000,0.601000,0.467000
2303.001000,0.601000,0.470000
2304.001000,0.602000,0.472000
2305.001000,0.602000,0.471000
2306.001000,0.603000,0.469000
2307.001000,0.604000,0.468000
2308.001000,0.604000,0.471000
2309.001000,0.604000,0.466000
2310.001000,0.605000,0.469000
2311.001000,0.606000,0.471000
2312.001000,0.606000,0.475000
2313.001000,0.607000,0.470000
2314.001000,0.607000,0.469000
2315.001000,0.608000,0.469000
2316.001000,0.608000,0.464000
2317.001000,0.609000,0.463000
2318.001000,0.609000,0.474000
2319.001000,0.609000,0.475000
2320.001000,0.610000,0.470000
2321.001000,0.610000,0.469000
2322.001000,0.610000,0.469000
2323.001000,0.611000,0.472000
2324.001000,0.612000,0.471000
2325.001000,0.612000,0.474000
2326.001000,0.612000,0.475000
2327.001000,0.613000,0.471000
2328.001000,0.613000,0.475000
2329.001000,0.614000,0.474000
2330.001000,0.615000,0.477000
2331.001000,0.615000,0.477000
2332.001000,0.616000,0.471000
2333.001000,0.617000,0.472000
2334.001000,0.619000,0.471000
2335.001000,0.620000,0.474000
2336.001000,0.621000,0.478000
2337.001000,0.622000,0.482000
2338.001000,0.622000,0.480000
2339.001000,0.623000,0.481000
2340.001000,0.623000,0.482000
2341.001000,0.623000,0.481000
2342.001000,0.624000,0.478000
2343.001000,0.624000,0.475000
2344.001000,0.625000,0.476000
2345.001000,0.625000,0.480000
2346.001000,0.625000,0.475000
2347.001000,0.625000,0.476000
2348.001000,0.625000,0.477000
2349.001000,0.626000,0.476000
2350.001000,0.626000,0.477000
2351.001000,0.626000,0.475000
2352.001000,0.626000,0.475000
2353.001000,0.627000,0.479000
2354.001000,0.627000,0.476000
2355.001000,0.627000,0.477000
2356.001000,0.627000,0.479000
2357.001000,0.628000,0.476000
2358.001000,0.628000,0.475000
2359.001000,0.628000,0.477000
2360.001000,0.628000,0.472000
2361.001000,0.629000,0.474000
2362.001000,0.628000,0.480000
2363.001000,0.629000,0.473000
2364.001000,0.629000,0.478000
2365.001000,0.629000,0.475000
2366.001000,0.630000,0.475000
2367.001000,0.630000,0.472000
2368.001000,0.631000,0.472000
2369.001000,0.632000,0.468000
2370.001000,0.632000,0.475000
2371.001000,0.632000,0.472000
2372.001000,0.633000,0.476000
2373.001000,0.633000,0.474000
2374.001000,0.634000,0.476000
2375.001000,0.634000,0.477000
2376.001000,0.635000,0.476000
2377.001000,0.636000,0.478000
2378.001000,0.636000,0.480000
2379.001000,0.637000,0.479000
2380.001000,0.635000,0.476000
2381.001000,0.636000,0.477000
2382.001000,0.637000,0.480000
2383.001000,0.637000,0.474000
2384.001000,0.637000,0.477000
2385.001000,0.637000,0.473000
2386.001000,0.637000,0.473000
2387.001000,0.637000,0.475000
2388.001000,0.637000,0.474000
2389.001000,0.637000,0.474000
2390.001000,0.638000,0.478000
2391.001000,0.639000,0.475000
2392.001000,0.639000,0.478000
2393.001000,0.639000,0.479000
2394.001000,0.640000,0.484000
2395.001000,0.640000,0.479000
2396.001000,0.641000,0.474000
2397.001000,0.641000,0.476000
2398.001000,0.642000,0.470000
2399.001000,0.642000,0.476000
2400.001000,0.642000,0.476000
2401.001000,0.642000,0.467000
2402.001000,0.643000,0.474000
2403.001000,0.643000,0.477000
2404.001000,0.643000,0.479000
2405.001000,0.644000,0.482000
2406.001000,0.644000,0.481000
2407.001000,0.644000,0.480000
2408.001000,0.645000,0.480000
2409.001000,0.645000,0.479000
2410.001000,0.646000,0.480000
2411.001000,0.646000,0.482000
2412.001000,0.647000,0.481000
2413.001000,0.648000,0.482000
2414.001000,0.648000,0.482000
2415.001000,0.648000,0.482000
2416.001000,0.649000,0.485000
2417.001000,0.649000,0.479000
2418.001000,0.650000,0.476000
2419.001000,0.650000,0.480000
2420.001000,0.650000,0.479000
2421.001000,0.651000,0.478000
2422.001000,0.651000,0.483000
2423.001000,0.652000,0.486000
2424.001000,0.652000,0.486000
2425.001000,0.653000,0.480000
2426.001000,0.654000,0.484000
2427.001000,0.654000,0.483000
2428.001000,0.653000,0.486000
2429.001000,0.653000,0.484000
2430.001000,0.654000,0.483000
2431.001000,0.654000,0.483000
2432.001000,0.655000,0.488000
2433.001000,0.655000,0.486000
2434.001000,0.655000,0.480000
2435.001000,0.656000,0.481000
2436.001000,0.656000,0.476000
2437.001000,0.657000,0.480000
2438.001000,0.657000,0.483000
2439.001000,0.657000,0.479000
2440.001000,0.658000,0.482000
2441.001000,0.658000,0.482000
2442.001000,0.658000,0.474000
2443.001000,0.658000,0.472000
2444.001000,0.659000,0.475000
2445.001000,0.659000,0.472000
2446.001000,0.660000,0.480000
2447.001000,0.660000,0.480000
2448.001000,0.661000,0.485000
2449.001000,0.661000,0.487000
2450.001000,0.661000,0.485000
2451.001000,0.662000,0.488000
2452.001000,0.662000,0.490000
2453.001000,0.663000,0.488000
2454.001000,0.663000,0.490000
2455.001000,0.664000,0.490000
2456.001000,0.664000,0.490000
2457.001000,0.663000,0.493000
2458.001000,0.663000,0.493000
2459.001000,0.664000,0.489000
2460.001000,0.664000,0.491000
2461.001000,0.665000,0.492000
2462.001000,0.665000,0.496000
2463.001000,0.666000,0.493000
2464.001000,0.666000,0.491000
2465.001000,0.666000,0.493000
2466.001000,0.665000,0.488000
2467.001000,0.665000,0.489000
2468.001000,0.666000,0.489000
2469.001000,0.666000,0.490000
2470.001000,0.666000,0.491000
2471.001000,0.667000,0.491000
2472.001000,0.667000,0.489000
2473.001000,0.668000,0.490000
2474.001000,0.667000,0.491000
2475.001000,0.667000,0.490000
2476.001000,0.667000,0.495000
2477.001000,0.668000,0.494000
2478.001000,0.669000,0.492000
2479.001000,0.670000,0.497000
2480.001000,0.671000,0.495000
2481.001000,0.671000,0.495000
2482.001000,0.671000,0.497000
2483.001000,0.671000,0.495000
2484.001000,0.672000,0.499000
2485.001000,0.672000,0.496000
2486.001000,0.672000,0.494000
2487.001000,0.673000,0.491000
2488.001000,0.673000,0.491000
2489.001000,0.673000,0.490000
2490.001000,0.674000,0.492000
2491.001000,0.674000,0.492000
2492.001000,0.674000,0.492000
2493.001000,0.673000,0.498000
2494.001000,0.673000,0.494000
2495.001000,0.672000,0.491000
2496.001000,0.673000,0.491000
2497.001000,0.672000,0.490000
2498.001000,0.672000,0.493000
2499.001000,0.672000,0.493000
2500.001000,0.672000,0.495000
2501.001000,0.672000,0.501000
2502.001000,0.672000,0.500000
2503.001000,0.673000,0.494000
2504.001000,0.673000,0.497000
2505.001000,0.673000,0.499000
2506.001000,0.673000,0.495000
2507.001000,0.674000,0.497000
2508.001000,0.673000,0.495000
2509.001000,0.674000,0.493000
2510.001000,0.674000,0.499000
2511.001000,0.675000,0.497000
2512.001000,0.676000,0.496000
2513.001000,0.676000,0.498000
2514.001000,0.677000,0.495000
2515.001000,0.677000,0.497000
2516.001000,0.679000,0.494000
2517.001000,0.679000,0.497000
2518.001000,0.679000,0.496000
2519.001000,0.678000,0.500000
2520.001000,0.678000,0.500000
2521.001000,0.678000,0.498000
2522.001000,0.678000,0.501000
2523.001000,0.678000,0.501000
2524.001000,0.679000,0.497000
2525.001000,0.680000,0.498000
2526.001000,0.680000,0.498000
2527.001000,0.680000,0.498000
2528.001000,0.680000,0.501000
2529.001000,0.681000,0.503000
2530.001000,0.681000,0.502000
2531.001000,0.680000,0.502000
2532.001000,0.681000,0.498000
2533.001000,0.681000,0.500000
2534.001000,0.681000,0.508000
2535.001000,0.682000,0.507000
2536.001000,0.682000,0.506000
2537.001000,0.682000,0.505000
2538.001000,0.683000,0.505000
2539.001000,0.681000,0.502000
2540.001000,0.682000,0.506000
2541.001000,0.682000,0.501000
2542.001000,0.684000,0.502000
2543.001000,0.684000,0.501000
2544.001000,0.684000,0.503000
2545.001000,0.685000,0.499000
2546.001000,0.686000,0.504000
2547.001000,0.685000,0.502000
2548.001000,0.686000,0.502000
2549.001000,0.686000,0.499000
2550.001000,0.686000,0.502000
2551.001000,0.686000,0.500000
2552.001000,0.687000,0.507000
2553.001000,0.688000,0.503000
2554.001000,0.689000,0.503000
2555.001000,0.690000,0.506000
2556.001000,0.689000,0.503000
2557.001000,0.690000,0.502000
2558.001000,0.691000,0.502000
2559.001000,0.692000,0.502000
2560.001000,0.692000,0.505000
2561.001000,0.694000,0.502000
2562.001000,0.695000,0.502000
2563.001000,0.695000,0.503000
2564.001000,0.695000,0.507000
2565.001000,0.695000,0.505000
2566.001000,0.695000,0.502000
2567.001000,0.695000,0.496000
2568.001000,0.695000,0.491000
2569.001000,0.695000,0.493000
2570.001000,0.695000,0.494000
2571.001000,0.694000,0.495000
2572.001000,0.694000,0.493000
2573.001000,0.694000,0.491000
2574.001000,0.696000,0.495000
2575.001000,0.697000,0.493000
2576.001000,0.700000,0.495000
2577.001000,0.702000,0.497000
2578.001000,0.701000,0.488000
2579.001000,0.700000,0.495000
2580.001000,0.700000,0.495000
2581.001000,0.701000,0.496000
2582.001000,0.701000,0.498000
2583.001000,0.701000,0.497000
2584.001000,0.701000,0.496000
2585.001000,0.702000,0.497000
2586.001000,0.701000,0.494000
2587.001000,0.702000,0.496000
2588.001000,0.702000,0.492000
2589.001000,0.704000,0.497000
2590.001000,0.705000,0.497000
2591.001000,0.706000,0.503000
2592.001000,0.707000,0.498000
2593.001000,0.707000,0.496000
2594.001000,0.708000,0.500000
2595.001000,0.708000,0.495000
2596.001000,0.707000,0.496000
2597.001000,0.707000,0.496000
2598.001000,0.707000,0.491000
2599.001000,0.707000,0.487000
2600.001000,0.707000,0.496000
2601.001000,0.707000,0.490000
2602.001000,0.707000,0.495000
2603.001000,0.708000,0.499000
2604.001000,0.708000,0.492000
2605.001000,0.708000,0.499000
2606.001000,0.708000,0.499000
2607.001000,0.709000,0.497000
2608.001000,0.709000,0.494000
2609.001000,0.709000,0.498000
2610.001000,0.710000,0.495000
2611.001000,0.710000,0.502000
2612.001000,0.710000,0.501000
2613.001000,0.711000,0.500000
2614.001000,0.711000,0.494000
2615.001000,0.711000,0.495000
2616.001000,0.714000,0.495000
2617.001000,0.716000,0.499000
2618.001000,0.716000,0.497000
2619.001000,0.717000,0.500000
2620.001000,0.717000,0.502000
2621.001000,0.716000,0.502000
2622.001000,0.717000,0.501000
2623.001000,0.718000,0.498000
2624.001000,0.718000,0.498000
2625.001000,0.718000,0.498000
2626.001000,0.718000,0.499000
2627.001000,0.719000,0.502000
2628.001000,0.719000,0.497000
2629.001000,0.719000,0.496000
2630.001000,0.720000,0.496000
2631.001000,0.720000,0.493000
2632.001000,0.720000,0.488000
2633.001000,0.721000,0.493000
2634.001000,0.721000,0.494000
2635.001000,0.721000,0.492000
2636.001000,0.723000,0.497000
2637.001000,0.723000,0.493000
2638.001000,0.724000,0.495000
2639.001000,0.723000,0.496000
2640.001000,0.724000,0.497000
2641.001000,0.725000,0.496000
2642.001000,0.726000,0.497000
2643.001000,0.725000,0.496000
2644.001000,0.726000,0.493000
2645.001000,0.725000,0.495000
2646.001000,0.726000,0.495000
2647.001000,0.726000,0.499000
2648.001000,0.726000,0.498000
2649.001000,0.727000,0.511000
2650.001000,0.727000,0.493000
2651.001000,0.726000,0.502000
2652.001000,0.727000,0.490000
2653.001000,0.727000,0.495000
2654.001000,0.727000,0.495000
2655.001000,0.728000,0.496000
2656.001000,0.728000,0.496000
2657.001000,0.729000,0.492000
2658.001000,0.730000,0.493000
2659.001000,0.729000,0.493000
2660.001000,0.729000,0.500000
2661.001000,0.730000,0.500000
2662.001000,0.730000,0.492000
2663.001000,0.731000,0.496000
2664.001000,0.732000,0.503000
2665.001000,0.733000,0.499000
2666.001000,0.733000,0.493000
2667.001000,0.733000,0.497000
2668.001000,0.733000,0.496000
2669.001000,0.734000,0.496000
2670.001000,0.735000,0.503000
2671.001000,0.735000,0.494000
2672.001000,0.735000,0.501000
2673.001000,0.735000,0.502000
2674.001000,0.737000,0.504000
2675.001000,0.737000,0.498000
2676.001000,0.739000,0.504000
2677.001000,0.739000,0.501000
2678.001000,0.740000,0.499000
2679.001000,0.740000,0.504000
2680.001000,0.740000,0.498000
2681.001000,0.740000,0.503000
2682.001000,0.741000,0.500000
2683.001000,0.741000,0.497000
2684.001000,0.742000,0.498000
2685.001000,0.742000,0.500000
2686.001000,0.742000,0.501000
2687.001000,0.743000,0.522000
2688.001000,0.742000,0.529000
2689.001000,0.743000,0.528000
2690.001000,0.743000,0.527000
2691.001000,0.743000,0.524000
2692.001000,0.742000,0.524000
2693.001000,0.742000,0.527000
2694.001000,0.744000,0.530000
2695.001000,0.745000,0.527000
2696.001000,0.745000,0.525000
2697.001000,0.746000,0.525000
2698.001000,0.745000,0.519000
2699.001000,0.745000,0.525000
2700.001000,0.746000,0.526000
2701.001000,0.747000,0.523000
2702.001000,0.747000,0.524000
2703.001000,0.747000,0.523000
2704.001000,0.746000,0.531000
2705.001000,0.746000,0.530000
2706.001000,0.746000,0.529000
2707.001000,0.747000,0.528000
2708.001000,0.747000,0.520000
2709.001000,0.747000,0.500000
2710.001000,0.748000,0.500000
2711.001000,0.748000,0.500000
2712.001000,0.748000,0.498000
2713.001000,0.747000,0.501000
2714.001000,0.747000,0.502000
2715.001000,0.748000,0.506000
2716.001000,0.749000,0.503000
2717.001000,0.750000,0.504000
2718.001000,0.749000,0.497000
2719.001000,0.750000,0.501000
2720.001000,0.749000,0.503000
2721.001000,0.749000,0.505000
2722.001000,0.749000,0.503000
2723.001000,0.749000,0.506000
2724.001000,0.750000,0.502000
2725.001000,0.751000,0.501000
2726.001000,0.751000,0.504000
2727.001000,0.752000,0.502000
2728.001000,0.753000,0.503000
2729.001000,0.754000,0.500000
2730.001000,0.754000,0.499000
2731.001000,0.754000,0.500000
2732.001000,0.755000,0.501000
2733.001000,0.755000,0.499000
2734.001000,0.755000,0.497000
2735.001000,0.755000,0.494000
2736.001000,0.756000,0.500000
2737.001000,0.755000,0.497000
2738.001000,0.755000,0.497000
2739.001000,0.756000,0.499000
2740.001000,0.756000,0.495000
2741.001000,0.756000,0.502000
2742.001000,0.756000,0.503000
2743.001000,0.756000,0.499000
2744.001000,0.756000,0.500000
2745.001000,0.756000,0.494000
2746.001000,0.757000,0.498000
2747.001000,0.756000,0.498000
2748.001000,0.756000,0.497000
2749.001000,0.757000,0.502000
2750.001000,0.757000,0.500000
2751.001000,0.756000,0.495000
2752.001000,0.756000,0.503000
2753.001000,0.757000,0.504000
2754.001000,0.758000,0.508000
2755.001000,0.758000,0.507000
2756.001000,0.757000,0.502000
2757.001000,0.757000,0.500000
2758.001000,0.756000,0.503000
2759.001000,0.757000,0.505000
2760.001000,0.758000,0.527000
2761.001000,0.758000,0.522000
2762.001000,0.758000,0.522000
2763.001000,0.758000,0.528000
2764.001000,0.759000,0.528000
2765.001000,0.758000,0.524000
2766.001000,0.759000,0.522000
2767.001000,0.759000,0.526000
2768.001000,0.760000,0.520000
2769.001000,0.759000,0.524000
2770.001000,0.760000,0.531000
2771.001000,0.761000,0.526000
2772.001000,0.761000,0.526000
2773.001000,0.761000,0.526000
2774.001000,0.761000,0.527000
2775.001000,0.762000,0.526000
2776.001000,0.762000,0.523000
2777.001000,0.763000,0.524000
2778.001000,0.763000,0.523000
2779.001000,0.763000,0.528000
2780.001000,0.764000,0.524000
2781.001000,0.764000,0.524000
2782.001000,0.764000,0.528000
2783.001000,0.765000,0.528000
2784.001000,0.766000,0.527000
2785.001000,0.765000,0.532000
2786.001000,0.766000,0.524000
2787.001000,0.766000,0.523000
2788.001000,0.768000,0.524000
2789.001000,0.768000,0.521000
2790.001000,0.768000,0.527000
2791.001000,0.769000,0.526000
2792.001000,0.769000,0.520000
2793.001000,0.769000,0.517000
2794.001000,0.770000,0.524000
2795.001000,0.770000,0.525000
2796.001000,0.771000,0.519000
2797.001000,0.770000,0.511000
2798.001000,0.770000,0.518000
2799.001000,0.771000,0.522000
2800.001000,0.771000,0.520000
2801.001000,0.771000,0.519000
2802.001000,0.771000,0.516000
2803.001000,0.772000,0.518000
2804.001000,0.772000,0.514000
2805.001000,0.773000,0.517000
2806.001000,0.774000,0.520000
2807.001000,0.775000,0.518000
2808.001000,0.775000,0.518000
2809.001000,0.776000,0.518000
2810.001000,0.775000,0.520000
2811.001000,0.774000,0.517000
2812.001000,0.775000,0.504000
2813.001000,0.775000,0.497000
2814.001000,0.776000,0.502000
2815.001000,0.776000,0.494000
2816.001000,0.776000,0.496000
2817.001000,0.777000,0.489000
2818.001000,0.778000,0.487000
2819.001000,0.779000,0.492000
2820.001000,0.779000,0.498000
2821.001000,0.779000,0.500000
2822.001000,0.779000,0.491000
2823.001000,0.780000,0.499000
2824.001000,0.781000,0.500000
2825.001000,0.783000,0.502000
2826.001000,0.783000,0.499000
2827.001000,0.783000,0.504000
2828.001000,0.784000,0.498000
2829.001000,0.785000,0.503000
2830.001000,0.785000,0.498000
2831.001000,0.785000,0.497000
2832.001000,0.784000,0.503000
2833.001000,0.784000,0.502000
2834.001000,0.784000,0.501000
2835.001000,0.784000,0.506000
2836.001000,0.783000,0.503000
2837.001000,0.784000,0.499000
2838.001000,0.783000,0.502000
2839.001000,0.785000,0.504000
2840.001000,0.786000,0.521000
2841.001000,0.787000,0.527000
2842.001000,0.787000,0.528000
2843.001000,0.788000,0.526000
2844.001000,0.787000,0.522000
2845.001000,0.787000,0.526000
2846.001000,0.787000,0.526000
2847.001000,0.787000,0.526000
2848.001000,0.789000,0.526000
2849.001000,0.792000,0.526000
2850.001000,0.792000,0.529000
2851.001000,0.793000,0.525000
2852.001000,0.794000,0.528000
2853.001000,0.794000,0.524000
2854.001000,0.795000,0.528000
2855.001000,0.795000,0.531000
2856.001000,0.794000,0.526000
2857.001000,0.794000,0.527000
2858.001000,0.794000,0.525000
2859.001000,0.794000,0.528000
2860.001000,0.794000,0.522000
2861.001000,0.795000,0.502000
2862.001000,0.793000,0.497000
2863.001000,0.792000,0.505000
2864.001000,0.790000,0.507000
2865.001000,0.791000,0.505000
2866.001000,0.791000,0.503000
2867.001000,0.791000,0.505000
2868.001000,0.792000,0.495000
2869.001000,0.793000,0.498000
2870.001000,0.793000,0.496000
2871.001000,0.793000,0.502000
2872.001000,0.794000,0.502000
2873.001000,0.794000,0.499000
2874.001000,0.794000,0.502000
2875.001000,0.795000,0.501000
2876.001000,0.795000,0.499000
2877.001000,0.795000,0.497000
2878.001000,0.796000,0.523000
2879.001000,0.797000,0.520000
2880.001000,0.796000,0.521000
2881.001000,0.797000,0.524000
2882.001000,0.798000,0.523000
2883.001000,0.799000,0.518000
2884.001000,0.799000,0.521000
2885.001000,0.800000,0.518000
2886.001000,0.801000,0.519000
2887.001000,0.801000,0.520000
2888.001000,0.801000,0.526000
2889.001000,0.802000,0.523000
2890.001000,0.804000,0.526000
2891.001000,0.805000,0.521000
2892.001000,0.806000,0.520000
2893.001000,0.806000,0.515000
2894.001000,0.806000,0.519000
2895.001000,0.806000,0.523000
2896.001000,0.805000,0.520000
2897.001000,0.804000,0.521000
2898.001000,0.804000,0.525000
2899.001000,0.804000,0.525000
2900.001000,0.803000,0.519000
2901.001000,0.804000,0.522000
2902.001000,0.803000,0.514000
2903.001000,0.804000,0.514000
2904.001000,0.805000,0.511000
2905.001000,0.805000,0.513000
2906.001000,0.805000,0.512000
2907.001000,0.805000,0.511000
2908.001000,0.806000,0.503000
2909.001000,0.806000,0.508000
2910.001000,0.806000,0.503000
2911.001000,0.807000,0.510000
2912.001000,0.807000,0.514000
2913.001000,0.808000,0.504000
2914.001000,0.808000,0.507000
2915.001000,0.809000,0.508000
2916.001000,0.809000,0.509000
2917.001000,0.809000,0.506000
2918.001000,0.810000,0.499000
2919.001000,0.810000,0.502000
2920.001000,0.811000,0.511000
2921.001000,0.812000,0.515000
2922.001000,0.811000,0.518000
2923.001000,0.811000,0.517000
2924.001000,0.812000,0.515000
2925.001000,0.812000,0.520000
2926.001000,0.814000,0.521000
2927.001000,0.815000,0.517000
2928.001000,0.816000,0.516000
2929.001000,0.816000,0.507000
2930.001000,0.817000,0.506000
2931.001000,0.817000,0.504000
2932.001000,0.817000,0.503000
2933.001000,0.818000,0.502000
2934.001000,0.819000,0.503000
2935.001000,0.819000,0.503000
2936.001000,0.820000,0.500000
2937.001000,0.819000,0.502000
2938.001000,0.820000,0.504000
2939.001000,0.821000,0.503000
2940.001000,0.821000,0.504000
2941.001000,0.822000,0.506000
2942.001000,0.822000,0.507000
2943.001000,0.822000,0.511000
2944.001000,0.823000,0.505000
2945.001000,0.823000,0.505000
2946.001000,0.822000,0.511000
2947.001000,0.822000,0.513000
2948.001000,0.822000,0.507000
2949.001000,0.823000,0.508000
2950.001000,0.821000,0.506000
2951.001000,0.895000,0.504000
2952.001000,0.895000,0.505000
2953.001000,0.896000,0.509000
2954.001000,0.896000,0.512000
2955.001000,0.896000,0.510000
2956.001000,0.896000,0.508000
2957.001000,0.897000,0.510000
2958.001000,0.898000,0.513000
2959.001000,0.898000,0.512000
2960.001000,0.898000,0.513000
2961.001000,0.898000,0.514000
2962.001000,0.899000,0.519000
2963.001000,0.899000,0.515000
2964.001000,0.900000,0.523000
2965.001000,0.900000,0.518000
2966.001000,0.898000,0.509000
2967.001000,0.898000,0.516000
2968.001000,0.898000,0.512000
2969.001000,0.898000,0.519000
2970.001000,0.898000,0.518000
2971.001000,0.899000,0.508000
2972.001000,0.899000,0.510000
2973.001000,0.900000,0.513000
2974.001000,0.901000,0.516000
2975.001000,0.901000,0.517000
2976.001000,0.901000,0.518000
2977.001000,0.902000,0.514000
2978.001000,0.904000,0.513000
2979.001000,0.906000,0.508000
2980.001000,0.907000,0.511000
2981.001000,0.908000,0.501000
2982.001000,0.909000,0.514000
2983.001000,0.909000,0.513000
2984.001000,0.910000,0.516000
2985.001000,0.910000,0.513000
2986.001000,0.910000,0.508000
2987.001000,0.910000,0.503000
2988.001000,0.911000,0.515000
2989.001000,0.911000,0.516000
2990.001000,0.911000,0.515000
2991.001000,0.912000,0.508000
2992.001000,0.913000,0.506000
2993.001000,0.914000,0.507000
2994.001000,0.914000,0.507000
2995.001000,0.915000,0.509000
2996.001000,0.915000,0.507000
2997.001000,0.915000,0.505000
2998.001000,0.915000,0.507000
2999.001000,0.915000,0.504000
3000.001000,0.915000,0.510000
3001.001000,0.916000,0.513000
3002.001000,0.917000,0.517000
3003.001000,0.917000,0.525000
3004.001000,0.918000,0.538000
3005.001000,0.918000,0.536000
3006.001000,0.918000,0.535000
3007.001000,0.919000,0.534000
3008.001000,0.920000,0.537000
3009.001000,0.920000,0.543000
3010.001000,0.920000,0.543000
3011.001000,0.920000,0.539000
3012.001000,0.920000,0.544000
3013.001000,0.920000,0.544000
3014.001000,0.921000,0.545000
3015.001000,0.922000,0.543000
3016.001000,0.921000,0.539000
3017.001000,0.921000,0.540000
3018.001000,0.921000,0.546000
3019.001000,0.922000,0.543000
3020.001000,0.922000,0.544000
3021.001000,0.922000,0.550000
3022.001000,0.922000,0.548000
3023.001000,0.923000,0.547000
3024.001000,0.922000,0.551000
3025.001000,0.922000,0.543000
3026.001000,0.923000,0.550000
3027.001000,0.923000,0.547000
3028.001000,0.923000,0.540000
3029.001000,0.922000,0.545000
3030.001000,0.922000,0.542000
3031.001000,0.921000,0.545000
3032.001000,0.922000,0.542000
3033.001000,0.922000,0.543000
3034.001000,0.922000,0.540000
3035.001000,0.923000,0.545000
3036.001000,0.922000,0.544000
3037.001000,0.923000,0.542000
3038.001000,0.923000,0.545000
3039.001000,0.923000,0.551000
3040.001000,0.924000,0.551000
3041.001000,0.925000,0.549000
3042.001000,0.925000,0.543000
3043.001000,0.925000,0.548000
3044.001000,0.926000,0.545000
3045.001000,0.926000,0.553000
3046.001000,0.927000,0.543000
3047.001000,0.927000,0.540000
3048.001000,0.928000,0.545000
3049.001000,0.928000,0.544000
3050.001000,0.928000,0.545000
3051.001000,0.928000,0.542000
3052.001000,0.928000,0.545000
3053.001000,0.929000,0.542000
3054.001000,0.928000,0.539000
3055.001000,0.929000,0.547000
3056.001000,0.929000,0.550000
3057.001000,0.929000,0.549000
3058.001000,0.929000,0.539000
3059.001000,0.930000,0.547000
3060.001000,0.931000,0.542000
3061.001000,0.931000,0.550000
3062.001000,0.930000,0.547000
3063.001000,0.931000,0.551000
3064.001000,0.932000,0.550000
3065.001000,0.932000,0.539000
3066.001000,0.933000,0.541000
3067.001000,0.933000,0.539000
3068.001000,0.933000,0.527000
3069.001000,0.933000,0.534000
3070.001000,0.933000,0.546000
3071.001000,0.934000,0.541000
3072.001000,0.934000,0.554000
3073.001000,0.935000,0.524000
3074.001000,0.935000,0.532000
3075.001000,0.935000,0.534000
3076.001000,0.936000,0.531000
3077.001000,0.939000,0.535000
3078.001000,0.940000,0.532000
3079.001000,0.941000,0.532000
3080.001000,0.942000,0.520000
3081.001000,0.944000,0.530000
3082.001000,0.943000,0.521000
3083.001000,0.943000,0.522000
3084.001000,0.943000,0.536000
3085.001000,0.943000,0.545000
3086.001000,0.942000,0.545000
3087.001000,0.942000,0.532000
3088.001000,0.942000,0.528000
3089.001000,0.944000,0.523000
3090.001000,0.946000,0.526000
3091.001000,0.947000,0.523000
3092.001000,0.947000,0.524000
3093.001000,0.948000,0.520000
3094.001000,0.948000,0.522000
3095.001000,0.948000,0.527000
3096.001000,0.949000,0.522000
3097.001000,0.950000,0.522000
3098.001000,0.950000,0.525000
3099.001000,0.950000,0.523000
3100.001000,0.951000,0.524000
3101.001000,0.951000,0.531000
3102.001000,0.951000,0.529000
3103.001000,0.952000,0.527000
3104.001000,0.952000,0.527000
3105.001000,0.952000,0.525000
3106.001000,0.952000,0.523000
3107.001000,0.953000,0.524000
3108.001000,0.953000,0.519000
3109.001000,0.953000,0.526000
3110.001000,0.953000,0.526000
3111.001000,0.953000,0.528000
3112.001000,0.953000,0.527000
3113.001000,0.953000,0.534000
3114.001000,0.952000,0.529000
3115.001000,0.952000,0.524000
3116.001000,0.951000,0.532000
3117.001000,0.952000,0.538000
3118.001000,0.952000,0.535000
3119.001000,0.953000,0.534000
3120.001000,0.956000,0.532000
3121.001000,0.957000,0.539000
3122.001000,0.958000,0.537000
3123.001000,0.959000,0.540000
3124.001000,0.959000,0.541000
3125.001000,0.960000,0.540000
3126.001000,0.960000,0.542000
3127.001000,0.961000,0.542000
3128.001000,0.961000,0.546000
3129.001000,0.961000,0.548000
3130.001000,0.961000,0.548000
3131.001000,0.962000,0.547000
3132.001000,0.963000,0.555000
3133.001000,0.963000,0.554000
3134.001000,0.962000,0.551000
3135.001000,0.962000,0.546000
3136.001000,0.964000,0.546000
3137.001000,0.967000,0.547000
3138.001000,0.968000,0.555000
3139.001000,0.968000,0.549000
3140.001000,0.969000,0.548000
3141.001000,0.969000,0.551000
3142.001000,0.970000,0.547000
3143.001000,0.970000,0.542000
3144.001000,0.970000,0.531000
3145.001000,0.970000,0.533000
3146.001000,0.970000,0.538000
3147.001000,0.970000,0.542000
3148.001000,0.971000,0.547000
3149.001000,0.972000,0.542000
3150.001000,0.972000,0.543000
3151.001000,0.973000,0.541000
3152.001000,0.973000,0.549000
3153.001000,0.974000,0.548000
3154.001000,0.974000,0.542000
3155.001000,0.974000,0.543000
3156.001000,0.974000,0.546000
3157.001000,0.974000,0.543000
3158.001000,0.975000,0.539000
3159.001000,0.975000,0.537000
3160.001000,0.975000,0.543000
3161.001000,0.976000,0.543000
3162.001000,0.976000,0.543000
3163.001000,0.977000,0.546000
3164.001000,0.977000,0.551000
3165.001000,0.978000,0.551000
3166.001000,0.978000,0.551000
3167.001000,0.978000,0.551000
3168.001000,0.978000,0.549000
3169.001000,0.978000,0.548000
3170.001000,0.978000,0.548000
3171.001000,0.978000,0.545000
3172.001000,0.978000,0.552000
3173.001000,0.979000,0.551000
3174.001000,0.980000,0.554000
3175.001000,0.980000,0.554000
3176.001000,0.980000,0.553000
3177.001000,0.982000,0.557000
3178.001000,0.985000,0.555000
3179.001000,0.986000,0.554000
3180.001000,0.986000,0.553000
3181.001000,0.987000,0.552000
3182.001000,0.988000,0.558000
3183.001000,0.988000,0.558000
3184.001000,0.988000,0.555000
3185.001000,0.988000,0.551000
3186.001000,0.987000,0.551000
3187.001000,0.988000,0.556000
3188.001000,0.987000,0.554000
3189.001000,0.988000,0.557000
3190.001000,0.989000,0.543000
3191.001000,0.989000,0.537000
3192.001000,0.989000,0.538000
3193.001000,0.989000,0.537000
3194.001000,0.990000,0.539000
3195.001000,0.990000,0.537000
3196.001000,0.990000,0.538000
3197.001000,0.990000,0.536000
3198.001000,0.991000,0.542000
3199.001000,0.991000,0.538000
3200.001000,0.991000,0.539000
3201.001000,0.992000,0.541000
3202.001000,0.992000,0.542000
3203.001000,0.993000,0.539000
3204.001000,0.993000,0.541000
3205.001000,0.994000,0.544000
3206.001000,0.993000,0.544000
3207.001000,0.994000,0.545000
3208.001000,0.994000,0.544000
3209.001000,0.995000,0.547000
3210.001000,0.995000,0.544000
3211.001000,0.996000,0.545000
3212.001000,0.998000,0.546000
3213.001000,0.997000,0.546000
3214.001000,0.997000,0.545000
3215.001000,0.997000,0.549000
3216.001000,0.997000,0.546000
3217.001000,0.998000,0.546000
3218.001000,0.998000,0.545000
3219.001000,0.999000,0.547000
3220.001000,0.999000,0.549000
3221.001000,0.999000,0.552000
3222.001000,1.000000,0.564000
3223.001000,1.002000,0.564000
3224.001000,1.004000,0.568000
3225.001000,1.004000,0.562000
3226.001000,1.004000,0.562000
3227.001000,1.005000,0.563000
3228.001000,1.006000,0.565000
3229.001000,1.007000,0.566000
3230.001000,1.007000,0.567000
3231.001000,1.008000,0.566000
3232.001000,1.009000,0.561000
3233.001000,1.009000,0.564000
3234.001000,1.010000,0.562000
3235.001000,1.011000,0.566000
3236.001000,1.011000,0.562000
3237.001000,1.012000,0.566000
3238.001000,1.012000,0.565000
3239.001000,1.011000,0.565000
3240.001000,1.012000,0.558000
3241.001000,1.012000,0.568000
3242.001000,1.013000,0.572000
3243.001000,1.013000,0.569000
3244.001000,1.014000,0.567000
3245.001000,1.014000,0.568000
3246.001000,1.014000,0.572000
3247.001000,1.014000,0.576000
3248.001000,1.017000,0.570000
3249.001000,1.018000,0.567000
3250.001000,1.019000,0.568000
3251.001000,1.019000,0.570000
3252.001000,1.020000,0.572000
3253.001000,1.020000,0.577000
3254.001000,1.021000,0.574000
3255.001000,1.021000,0.571000
3256.001000,1.022000,0.575000
3257.001000,1.022000,0.577000
3258.001000,1.023000,0.572000
3259.001000,1.023000,0.574000
3260.001000,1.023000,0.574000
3261.001000,1.024000,0.557000
3262.001000,1.025000,0.548000
3263.001000,1.024000,0.556000
3264.001000,1.024000,0.555000
3265.001000,1.024000,0.551000
3266.001000,1.026000,0.556000
3267.001000,1.025000,0.554000
3268.001000,1.026000,0.550000
3269.001000,1.025000,0.553000
3270.001000,1.027000,0.556000
3271.001000,1.027000,0.546000
3272.001000,1.026000,0.552000
3273.001000,1.026000,0.548000
3274.001000,1.027000,0.547000
3275.001000,1.026000,0.551000
3276.001000,1.026000,0.550000
3277.001000,1.025000,0.548000
3278.001000,1.025000,0.560000
3279.001000,1.026000,0.557000
3280.001000,1.027000,0.559000
3281.001000,1.027000,0.558000
3282.001000,1.027000,0.564000
3283.001000,1.027000,0.571000
3284.001000,1.027000,0.574000
3285.001000,1.027000,0.572000
3286.001000,1.027000,0.569000
3287.001000,1.027000,0.551000
3288.001000,1.027000,0.557000
3289.001000,1.026000,0.570000
3290.001000,1.030000,0.579000
3291.001000,1.031000,0.579000
3292.001000,1.032000,0.580000
3293.001000,1.033000,0.578000
3294.001000,1.034000,0.579000
3295.001000,1.034000,0.573000
3296.001000,1.036000,0.583000
3297.001000,1.036000,0.583000
3298.001000,1.036000,0.578000
3299.001000,1.038000,0.580000
3300.001000,1.037000,0.580000
3301.001000,1.038000,0.581000
3302.001000,1.038000,0.578000
3303.001000,1.039000,0.585000
3304.001000,1.039000,0.582000
3305.001000,1.040000,0.579000
3306.001000,1.040000,0.588000
3307.001000,1.040000,0.584000
3308.001000,1.040000,0.582000
3309.001000,1.040000,0.583000
3310.001000,1.041000,0.591000
3311.001000,1.041000,0.591000
3312.001000,1.041000,0.591000
3313.001000,1.042000,0.591000
3314.001000,1.042000,0.578000
3315.001000,1.043000,0.583000
3316.001000,1.042000,0.585000
3317.001000,1.043000,0.583000
3318.001000,1.044000,0.584000
3319.001000,1.044000,0.581000
3320.001000,1.045000,0.585000
3321.001000,1.045000,0.586000
3322.001000,1.045000,0.586000
3323.001000,1.045000,0.588000
3324.001000,1.045000,0.585000
3325.001000,1.046000,0.588000
3326.001000,1.046000,0.579000
3327.001000,1.046000,0.589000
3328.001000,1.047000,0.586000
3329.001000,1.048000,0.584000
3330.001000,1.048000,0.585000
3331.001000,1.048000,0.586000
3332.001000,1.048000,0.583000
3333.001000,1.048000,0.590000
3334.001000,1.049000,0.586000
3335.001000,1.048000,0.582000
3336.001000,1.048000,0.584000
3337.001000,1.048000,0.586000
3338.001000,1.049000,0.590000
3339.001000,1.050000,0.594000
3340.001000,1.050000,0.591000
3341.001000,1.050000,0.595000
3342.001000,1.049000,0.599000
3343.001000,1.050000,0.591000
3344.001000,1.050000,0.588000
3345.001000,1.050000,0.588000
3346.001000,1.050000,0.577000
3347.001000,1.050000,0.579000
3348.001000,1.050000,0.578000
3349.001000,1.050000,0.559000
3350.001000,1.049000,0.568000
3351.001000,1.050000,0.565000
3352.001000,1.050000,0.567000
3353.001000,1.051000,0.561000
3354.001000,1.051000,0.563000
3355.001000,1.051000,0.562000
3356.001000,1.052000,0.565000
3357.001000,1.052000,0.558000
3358.001000,1.053000,0.561000
3359.001000,1.053000,0.564000
3360.001000,1.054000,0.564000
3361.001000,1.054000,0.560000
3362.001000,1.055000,0.564000
3363.001000,1.056000,0.562000
3364.001000,1.056000,0.559000
3365.001000,1.057000,0.558000
3366.001000,1.056000,0.566000
3367.001000,1.057000,0.561000
3368.001000,1.056000,0.566000
3369.001000,1.057000,0.566000
3370.001000,1.057000,0.567000
3371.001000,1.057000,0.559000
3372.001000,1.056000,0.567000
3373.001000,1.057000,0.572000
3374.001000,1.057000,0.577000
3375.001000,1.057000,0.569000
3376.001000,1.057000,0.568000
3377.001000,1.058000,0.571000
3378.001000,1.058000,0.569000
3379.001000,1.059000,0.574000
3380.001000,1.059000,0.572000
3381.001000,1.058000,0.569000
3382.001000,1.059000,0.567000
3383.001000,1.059000,0.569000
3384.001000,1.060000,0.570000
3385.001000,1.060000,0.574000
3386.001000,1.059000,0.571000
3387.001000,1.060000,0.564000
3388.001000,1.060000,0.565000
3389.001000,1.060000,0.571000
3390.001000,1.061000,0.572000
3391.001000,1.060000,0.574000
3392.001000,1.060000,0.565000
3393.001000,1.061000,0.575000
3394.001000,1.062000,0.569000
3395.001000,1.062000,0.572000
3396.001000,1.062000,0.570000
3397.001000,1.062000,0.569000
3398.001000,1.062000,0.568000
3399.001000,1.063000,0.567000
3400.001000,1.063000,0.568000
3401.001000,1.064000,0.570000
3402.001000,1.064000,0.573000
3403.001000,1.065000,0.568000
3404.001000,1.066000,0.568000
3405.001000,1.067000,0.571000
3406.001000,1.068000,0.570000
3407.001000,1.069000,0.577000
3408.001000,1.070000,0.595000
3409.001000,1.069000,0.598000
3410.001000,1.069000,0.601000
3411.001000,1.070000,0.594000
3412.001000,1.069000,0.597000
3413.001000,1.070000,0.600000
3414.001000,1.070000,0.601000
3415.001000,1.070000,0.603000
3416.001000,1.071000,0.597000
3417.001000,1.072000,0.601000
3418.001000,1.072000,0.596000
3419.001000,1.073000,0.599000
3420.001000,1.074000,0.601000
3421.001000,1.075000,0.602000
3422.001000,1.076000,0.605000
3423.001000,1.077000,0.599000
3424.001000,1.077000,0.599000
3425.001000,1.077000,0.594000
3426.001000,1.078000,0.602000
3427.001000,1.080000,0.600000
3428.001000,1.081000,0.597000
3429.001000,1.082000,0.600000
3430.001000,1.082000,0.602000
3431.001000,1.085000,0.600000
3432.001000,1.086000,0.604000
3433.001000,1.087000,0.600000
3434.001000,1.086000,0.602000
3435.001000,1.087000,0.600000
3436.001000,1.088000,0.602000
3437.001000,1.087000,0.607000
3438.001000,1.089000,0.603000
3439.001000,1.089000,0.570000
3440.001000,1.090000,0.569000
3441.001000,1.090000,0.578000
3442.001000,1.090000,0.574000
3443.001000,1.091000,0.572000
3444.001000,1.092000,0.577000
3445.001000,1.092000,0.577000
3446.001000,1.093000,0.580000
3447.001000,1.094000,0.576000
3448.001000,1.095000,0.575000
3449.001000,1.095000,0.579000
3450.001000,1.096000,0.580000
3451.001000,1.096000,0.574000
3452.001000,1.096000,0.571000
3453.001000,1.096000,0.582000
3454.001000,1.098000,0.576000
3455.001000,1.099000,0.578000
3456.001000,1.099000,0.573000
3457.001000,1.100000,0.577000
3458.001000,1.101000,0.573000
3459.001000,1.102000,0.572000
3460.001000,1.102000,0.578000
3461.001000,1.102000,0.576000
3462.001000,1.102000,0.573000
3463.001000,1.103000,0.579000
3464.001000,1.104000,0.575000
3465.001000,1.104000,0.576000
3466.001000,1.105000,0.580000
3467.001000,1.105000,0.576000
3468.001000,1.106000,0.582000
3469.001000,1.107000,0.580000
3470.001000,1.107000,0.577000
3471.001000,1.108000,0.573000
3472.001000,1.108000,0.573000
3473.001000,1.109000,0.575000
3474.001000,1.109000,0.582000
3475.001000,1.110000,0.583000
3476.001000,1.110000,0.579000
3477.001000,1.111000,0.583000
3478.001000,1.111000,0.581000
3479.001000,1.112000,0.584000
3480.001000,1.113000,0.581000
3481.001000,1.113000,0.578000
3482.001000,1.114000,0.585000
3483.001000,1.115000,0.582000
3484.001000,1.114000,0.585000
3485.001000,1.115000,0.582000
3486.001000,1.115000,0.579000
3487.001000,1.115000,0.579000
3488.001000,1.116000,0.580000
3489.001000,1.117000,0.581000
3490.001000,1.117000,0.586000
3491.001000,1.117000,0.584000
3492.001000,1.117000,0.591000
3493.001000,1.118000,0.586000
3494.001000,1.119000,0.586000
3495.001000,1.120000,0.587000
3496.001000,1.120000,0.582000
3497.001000,1.121000,0.577000
3498.001000,1.122000,0.579000
3499.001000,1.122000,0.578000
3500.001000,1.123000,0.588000
3501.001000,1.123000,0.584000
3502.001000,1.123000,0.587000
3503.001000,1.123000,0.584000
3504.001000,1.124000,0.587000
3505.001000,1.124000,0.578000
3506.001000,1.125000,0.581000
3507.001000,1.126000,0.588000
3508.001000,1.125000,0.587000
3509.001000,1.125000,0.588000
3510.001000,1.125000,0.588000
3511.001000,1.126000,0.588000
3512.001000,1.126000,0.589000
3513.001000,1.127000,0.590000
3514.001000,1.127000,0.591000
3515.001000,1.128000,0.590000
3516.001000,1.128000,0.591000
3517.001000,1.128000,0.591000
3518.001000,1.129000,0.593000
3519.001000,1.129000,0.594000
3520.001000,1.129000,0.594000
3521.001000,1.130000,0.590000
3522.001000,1.130000,0.593000
3523.001000,1.131000,0.590000
3524.001000,1.131000,0.594000
3525.001000,1.131000,0.596000
3526.001000,1.132000,0.596000
3527.001000,1.132000,0.594000
3528.001000,1.133000,0.586000
3529.001000,1.133000,0.597000
3530.001000,1.133000,0.594000
3531.001000,1.133000,0.592000
3532.001000,1.134000,0.593000
3533.001000,1.134000,0.593000
3534.001000,1.134000,0.594000
3535.001000,1.134000,0.596000
3536.001000,1.134000,0.596000
3537.001000,1.135000,0.595000
3538.001000,1.135000,0.597000
3539.001000,1.135000,0.596000
3540.001000,1.136000,0.595000
3541.001000,1.136000,0.597000
3542.001000,1.136000,0.597000
3543.001000,1.136000,0.604000
3544.001000,1.137000,0.598000
3545.001000,1.136000,0.597000
3546.001000,1.136000,0.594000
3547.001000,1.136000,0.599000
3548.001000,1.136000,0.600000
3549.001000,1.136000,0.592000
3550.001000,1.136000,0.592000
3551.001000,1.136000,0.592000
3552.001000,1.136000,0.596000
3553.001000,1.136000,0.595000
3554.001000,1.137000,0.595000
3555.001000,1.137000,0.595000
3556.001000,1.137000,0.598000
3557.001000,1.137000,0.596000
3558.001000,1.138000,0.600000
3559.001000,1.138000,0.599000
3560.001000,1.138000,0.600000
3561.001000,1.138000,0.602000
3562.001000,1.138000,0.602000
3563.001000,1.139000,0.602000
3564.001000,1.139000,0.600000
3565.001000,1.139000,0.595000
3566.001000,1.140000,0.597000
3567.001000,1.140000,0.599000
3568.001000,1.141000,0.592000
3569.001000,1.141000,0.584000
3570.001000,1.142000,0.586000
3571.001000,1.142000,0.586000
3572.001000,1.142000,0.590000
3573.001000,1.143000,0.595000
3574.001000,1.143000,0.599000
3575.001000,1.143000,0.594000
3576.001000,1.144000,0.588000
3577.001000,1.144000,0.586000
3578.001000,1.145000,0.587000
3579.001000,1.145000,0.588000
3580.001000,1.145000,0.589000
3581.001000,1.146000,0.595000
3582.001000,1.146000,0.594000
3583.001000,1.147000,0.596000
3584.001000,1.146000,0.594000
3585.001000,1.147000,0.595000
3586.001000,1.147000,0.594000
3587.001000,1.148000,0.596000
3588.001000,1.148000,0.594000
3589.001000,1.148000,0.593000
3590.001000,1.149000,0.594000
3591.001000,1.149000,0.593000
3592.001000,1.149000,0.592000
3593.001000,1.150000,0.590000
3594.001000,1.150000,0.589000
3595.001000,1.150000,0.593000
3596.001000,1.151000,0.594000
3597.001000,1.150000,0.597000
3598.001000,1.151000,0.600000
3599.001000,1.151000,0.598000
3600.001000,1.151000,0.598000
3601.001000,1.151000,0.601000
3602.001000,1.152000,0.600000
3603.001000,1.152000,0.597000
3604.001000,1.153000,0.599000
3605.001000,1.153000,0.598000
3606.001000,1.154000,0.599000
3607.001000,1.154000,0.601000
3608.001000,1.154000,0.598000
3609.001000,1.155000,0.600000
3610.001000,1.155000,0.597000
3611.001000,1.156000,0.597000
3612.001000,1.156000,0.597000
3613.001000,1.157000,0.592000
3614.001000,1.159000,0.601000
3615.001000,1.159000,0.597000
3616.001000,1.160000,0.597000
3617.001000,1.160000,0.597000
3618.001000,1.161000,0.595000
3619.001000,1.162000,0.600000
3620.001000,1.163000,0.598000
3621.001000,1.163000,0.600000
3622.001000,1.164000,0.600000
3623.001000,1.164000,0.596000
3624.001000,1.165000,0.597000
3625.001000,1.165000,0.598000
3626.001000,1.165000,0.602000
3627.001000,1.166000,0.603000
3628.001000,1.166000,0.602000
3629.001000,1.167000,0.602000
3630.001000,1.167000,0.602000
3631.001000,1.168000,0.604000
3632.001000,1.168000,0.604000
3633.001000,1.169000,0.603000
3634.001000,1.169000,0.605000
3635.001000,1.170000,0.605000
3636.001000,1.169000,0.606000
3637.001000,1.170000,0.609000
3638.001000,1.170000,0.612000
3639.001000,1.170000,0.603000
3640.001000,1.171000,0.611000
3641.001000,1.171000,0.607000
3642.001000,1.171000,0.609000
3643.001000,1.171000,0.608000
3644.001000,1.172000,0.614000
3645.001000,1.173000,0.608000
3646.001000,1.173000,0.609000
3647.001000,1.173000,0.613000
3648.001000,1.173000,0.610000
3649.001000,1.173000,0.605000
3650.001000,1.173000,0.611000
3651.001000,1.174000,0.610000
3652.001000,1.174000,0.607000
3653.001000,1.175000,0.611000
3654.001000,1.175000,0.612000
3655.001000,1.175000,0.612000
3656.001000,1.176000,0.613000
3657.001000,1.176000,0.617000
3658.001000,1.177000,0.611000
3659.001000,1.177000,0.613000
3660.001000,1.178000,0.608000
3661.001000,1.178000,0.603000
3662.001000,1.178000,0.604000
3663.001000,1.179000,0.610000
3664.001000,1.179000,0.609000
3665.001000,1.180000,0.608000
3666.001000,1.180000,0.606000
3667.001000,1.180000,0.610000
3668.001000,1.180000,0.608000
3669.001000,1.180000,0.607000
3670.001000,1.181000,0.603000
3671.001000,1.181000,0.609000
3672.001000,1.182000,0.609000
3673.001000,1.182000,0.616000
3674.001000,1.183000,0.613000
3675.001000,1.183000,0.607000
3676.001000,1.184000,0.609000
3677.001000,1.184000,0.612000
3678.001000,1.184000,0.615000
3679.001000,1.185000,0.614000
3680.001000,1.185000,0.613000
3681.001000,1.186000,0.616000
3682.001000,1.186000,0.611000
3683.001000,1.186000,0.615000
3684.001000,1.187000,0.613000
3685.001000,1.188000,0.613000
3686.001000,1.188000,0.613000
3687.001000,1.189000,0.617000
3688.001000,1.189000,0.614000
3689.001000,1.190000,0.614000
3690.001000,1.190000,0.618000
3691.001000,1.190000,0.620000
3692.001000,1.191000,0.623000
3693.001000,1.191000,0.619000
3694.001000,1.192000,0.615000
3695.001000,1.192000,0.615000
3696.001000,1.193000,0.616000
3697.001000,1.194000,0.619000
3698.001000,1.195000,0.617000
3699.001000,1.196000,0.620000
3700.001000,1.196000,0.620000
3701.001000,1.197000,0.619000
3702.001000,1.198000,0.618000
3703.001000,1.198000,0.615000
3704.001000,1.199000,0.616000
3705.001000,1.201000,0.617000
3706.001000,1.202000,0.620000
3707.001000,1.203000,0.619000
3708.001000,1.203000,0.617000
3709.001000,1.204000,0.613000
3710.001000,1.205000,0.619000
3711.001000,1.206000,0.619000
3712.001000,1.205000,0.619000
3713.001000,1.205000,0.619000
3714.001000,1.206000,0.613000
3715.001000,1.205000,0.616000
3716.001000,1.206000,0.614000
3717.001000,1.206000,0.612000
3718.001000,1.206000,0.616000
3719.001000,1.206000,0.614000
3720.001000,1.206000,0.617000
3721.001000,1.206000,0.617000
3722.001000,1.206000,0.615000
3723.001000,1.206000,0.616000
3724.001000,1.206000,0.618000
3725.001000,1.207000,0.619000
3726.001000,1.207000,0.618000
3727.001000,1.207000,0.621000
3728.001000,1.207000,0.619000
3729.001000,1.208000,0.621000
3730.001000,1.208000,0.615000
3731.001000,1.208000,0.619000
3732.001000,1.208000,0.616000
3733.001000,1.208000,0.619000
3734.001000,1.209000,0.619000
3735.001000,1.209000,0.621000
3736.001000,1.210000,0.620000
3737.001000,1.210000,0.621000
3738.001000,1.211000,0.617000
3739.001000,1.211000,0.619000
3740.001000,1.211000,0.619000
3741.001000,1.212000,0.617000
3742.001000,1.212000,0.619000
3743.001000,1.212000,0.620000
3744.001000,1.213000,0.623000
3745.001000,1.212000,0.614000
3746.001000,1.212000,0.612000
3747.001000,1.213000,0.616000
3748.001000,1.214000,0.620000
3749.001000,1.214000,0.622000
3750.001000,1.215000,0.623000
3751.001000,1.215000,0.619000
3752.001000,1.216000,0.616000
3753.001000,1.216000,0.618000
3754.001000,1.216000,0.619000
3755.001000,1.217000,0.618000
3756.001000,1.217000,0.617000
3757.001000,1.217000,0.618000
3758.001000,1.217000,0.618000
3759.001000,1.217000,0.620000
3760.001000,1.217000,0.620000
3761.001000,1.218000,0.624000
3762.001000,1.219000,0.623000
3763.001000,1.219000,0.623000
3764.001000,1.219000,0.624000
3765.001000,1.219000,0.619000
3766.001000,1.220000,0.618000
3767.001000,1.220000,0.614000
3768.001000,1.220000,0.614000
3769.001000,1.220000,0.615000
3770.001000,1.220000,0.617000
3771.001000,1.221000,0.620000
3772.001000,1.221000,0.621000
3773.001000,1.221000,0.617000
3774.001000,1.221000,0.619000
3775.001000,1.222000,0.615000
3776.001000,1.222000,0.616000
3777.001000,1.222000,0.615000
3778.001000,1.222000,0.614000
3779.001000,1.223000,0.611000
3780.001000,1.223000,0.616000
3781.001000,1.223000,0.623000
3782.001000,1.224000,0.619000
3783.001000,1.224000,0.623000
3784.001000,1.225000,0.622000
3785.001000,1.225000,0.628000
3786.001000,1.225000,0.625000
3787.001000,1.225000,0.624000
3788.001000,1.226000,0.623000
3789.001000,1.226000,0.622000
3790.001000,1.226000,0.623000
3791.001000,1.226000,0.624000
3792.001000,1.225000,0.621000
3793.001000,1.225000,0.618000
3794.001000,1.225000,0.625000
3795.001000,1.225000,0.623000
3796.001000,1.225000,0.622000
3797.001000,1.225000,0.622000
3798.001000,1.226000,0.626000
3799.001000,1.226000,0.624000
3800.001000,1.226000,0.624000
3801.001000,1.226000,0.619000
3802.001000,1.226000,0.623000
3803.001000,1.225000,0.622000
3804.001000,1.226000,0.624000
3805.001000,1.226000,0.619000
3806.001000,1.226000,0.623000
3807.001000,1.226000,0.620000
3808.001000,1.226000,0.621000
3809.001000,1.226000,0.619000
3810.001000,1.227000,0.622000
3811.001000,1.227000,0.620000
3812.001000,1.227000,0.619000
3813.001000,1.227000,0.617000
3814.001000,1.228000,0.614000
3815.001000,1.228000,0.615000
3816.001000,1.229000,0.618000
3817.001000,1.229000,0.624000
3818.001000,1.229000,0.620000
3819.001000,1.230000,0.621000
3820.001000,1.230000,0.619000
3821.001000,1.231000,0.620000
3822.001000,1.231000,0.621000
3823.001000,1.231000,0.623000
3824.001000,1.232000,0.622000
3825.001000,1.232000,0.624000
3826.001000,1.232000,0.621000
3827.001000,1.232000,0.621000
3828.001000,1.233000,0.618000
3829.001000,1.233000,0.622000
3830.001000,1.234000,0.622000
3831.001000,1.234000,0.626000
3832.001000,1.234000,0.623000
3833.001000,1.235000,0.623000
3834.001000,1.235000,0.623000
3835.001000,1.235000,0.614000
3836.001000,1.235000,0.616000
3837.001000,1.235000,0.617000
3838.001000,1.236000,0.614000
3839.001000,1.236000,0.620000
3840.001000,1.235000,0.619000
3841.001000,1.235000,0.615000
3842.001000,1.236000,0.616000
3843.001000,1.236000,0.617000
3844.001000,1.237000,0.614000
3845.001000,1.237000,0.615000
3846.001000,1.237000,0.615000
3847.001000,1.238000,0.617000
3848.001000,1.238000,0.616000
3849.001000,1.239000,0.619000
3850.001000,1.240000,0.621000
3851.001000,1.240000,0.621000
3852.001000,1.240000,0.620000
3853.001000,1.240000,0.615000
3854.001000,1.240000,0.616000
3855.001000,1.239000,0.619000
3856.001000,1.239000,0.621000
3857.001000,1.239000,0.620000
3858.001000,1.239000,0.619000
3859.001000,1.240000,0.620000
3860.001000,1.240000,0.623000
3861.001000,1.240000,0.618000
3862.001000,1.241000,0.620000
3863.001000,1.241000,0.620000
3864.001000,1.241000,0.623000
3865.001000,1.241000,0.616000
3866.001000,1.242000,0.621000
3867.001000,1.242000,0.617000
3868.001000,1.242000,0.626000
3869.001000,1.242000,0.626000
3870.001000,1.243000,0.627000
3871.001000,1.242000,0.621000
3872.001000,1.243000,0.621000
3873.001000,1.243000,0.623000
3874.001000,1.243000,0.625000
3875.001000,1.244000,0.626000
3876.001000,1.244000,0.628000
3877.001000,1.244000,0.629000
3878.001000,1.245000,0.625000
3879.001000,1.245000,0.624000
3880.001000,1.245000,0.625000
3881.001000,1.245000,0.621000
3882.001000,1.245000,0.622000
3883.001000,1.246000,0.621000
3884.001000,1.246000,0.622000
3885.001000,1.246000,0.616000
3886.001000,1.247000,0.617000
3887.001000,1.247000,0.617000
3888.001000,1.247000,0.618000
3889.001000,1.248000,0.620000
3890.001000,1.248000,0.617000
3891.001000,1.248000,0.613000
3892.001000,1.248000,0.615000
3893.001000,1.248000,0.614000
3894.001000,1.249000,0.615000
3895.001000,1.249000,0.616000
3896.001000,1.249000,0.617000
3897.001000,1.249000,0.618000
3898.001000,1.249000,0.619000
3899.001000,1.250000,0.616000
3900.001000,1.250000,0.617000
3901.001000,1.249000,0.617000
3902.001000,1.249000,0.619000
3903.001000,1.249000,0.618000
3904.001000,1.249000,0.618000
3905.001000,1.250000,0.617000
3906.001000,1.250000,0.620000
3907.001000,1.251000,0.624000
3908.001000,1.251000,0.625000
3909.001000,1.251000,0.615000
3910.001000,1.251000,0.603000
3911.001000,1.252000,0.608000
3912.001000,1.253000,0.611000
3913.001000,1.253000,0.618000
3914.001000,1.253000,0.609000
3915.001000,1.253000,0.615000
3916.001000,1.254000,0.629000
3917.001000,1.254000,0.628000
3918.001000,1.255000,0.630000
3919.001000,1.255000,0.628000
3920.001000,1.256000,0.624000
3921.001000,1.256000,0.626000
3922.001000,1.256000,0.624000
3923.001000,1.256000,0.624000
3924.001000,1.256000,0.624000
3925.001000,1.256000,0.629000
3926.001000,1.257000,0.627000
3927.001000,1.257000,0.625000
3928.001000,1.256000,0.628000
3929.001000,1.257000,0.626000
3930.001000,1.257000,0.628000
3931.001000,1.257000,0.626000
3932.001000,1.257000,0.624000
3933.001000,1.257000,0.625000
3934.001000,1.257000,0.630000
3935.001000,1.258000,0.630000
3936.001000,1.259000,0.630000
3937.001000,1.259000,0.625000
3938.001000,1.258000,0.626000
3939.001000,1.259000,0.626000
3940.001000,1.259000,0.629000
3941.001000,1.259000,0.628000
3942.001000,1.258000,0.628000
3943.001000,1.258000,0.620000
3944.001000,1.259000,0.625000
3945.001000,1.258000,0.623000
3946.001000,1.259000,0.627000
3947.001000,1.259000,0.623000
3948.001000,1.259000,0.622000
3949.001000,1.259000,0.625000
3950.001000,1.259000,0.619000
3951.001000,1.259000,0.615000
3952.001000,1.259000,0.614000
3953.001000,1.258000,0.622000
3954.001000,1.259000,0.615000
3955.001000,1.258000,0.616000
3956.001000,1.257000,0.615000
3957.001000,1.258000,0.615000
3958.001000,1.257000,0.615000
3959.001000,1.257000,0.617000
3960.001000,1.257000,0.621000
3961.001000,1.256000,0.614000
3962.001000,1.257000,0.616000
3963.001000,1.257000,0.614000
3964.001000,1.257000,0.634000
3965.001000,1.258000,0.636000
3966.001000,1.259000,0.640000
3967.001000,1.258000,0.643000
3968.001000,1.257000,0.642000
3969.001000,1.257000,0.640000
3970.001000,1.256000,0.649000
3971.001000,1.257000,0.641000
3972.001000,1.257000,0.641000
3973.001000,1.257000,0.637000
3974.001000,1.256000,0.641000
3975.001000,1.257000,0.641000
3976.001000,1.257000,0.644000
3977.001000,1.257000,0.642000
3978.001000,1.256000,0.639000
3979.001000,1.255000,0.638000
3980.001000,1.255000,0.642000
3981.001000,1.255000,0.643000
3982.001000,1.256000,0.646000
3983.001000,1.256000,0.641000
3984.001000,1.256000,0.638000
3985.001000,1.256000,0.633000
3986.001000,1.257000,0.641000
3987.001000,1.258000,0.640000
3988.001000,1.258000,0.642000
3989.001000,1.259000,0.642000
3990.001000,1.259000,0.639000
3991.001000,1.258000,0.643000
3992.001000,1.259000,0.641000
3993.001000,1.259000,0.644000
3994.001000,1.259000,0.648000
3995.001000,1.258000,0.646000
3996.001000,1.259000,0.650000
3997.001000,1.259000,0.648000
3998.001000,1.258000,0.646000
3999.001000,1.258000,0.646000
4000.001000,1.258000,0.650000
4001.001000,1.259000,0.647000
4002.001000,1.259000,0.645000
4003.001000,1.258000,0.644000
4004.001000,1.259000,0.645000
4005.001000,1.259000,0.649000
4006.001000,1.259000,0.649000
4007.001000,1.258000,0.645000
4008.001000,1.258000,0.645000
4009.001000,1.258000,0.651000
4010.001000,1.258000,0.646000
4011.001000,1.259000,0.647000
4012.001000,1.259000,0.646000
4013.001000,1.261000,0.643000
4014.001000,1.262000,0.647000
4015.001000,1.262000,0.647000
4016.001000,1.261000,0.644000
4017.001000,1.263000,0.647000
4018.001000,1.263000,0.652000
4019.001000,1.263000,0.650000
4020.001000,1.264000,0.647000
4021.001000,1.264000,0.658000
4022.001000,1.265000,0.655000
4023.001000,1.265000,0.642000
4024.001000,1.265000,0.650000
4025.001000,1.262000,0.651000
4026.001000,1.263000,0.650000
4027.001000,1.264000,0.647000
4028.001000,1.265000,0.652000
4029.001000,1.266000,0.655000
4030.001000,1.267000,0.650000
4031.001000,1.267000,0.645000
4032.001000,1.268000,0.652000
4033.001000,1.269000,0.650000
4034.001000,1.269000,0.652000
4035.001000,1.270000,0.653000
4036.001000,1.270000,0.652000
4037.001000,1.270000,0.643000
4038.001000,1.270000,0.654000
4039.001000,1.270000,0.655000
4040.001000,1.270000,0.652000
4041.001000,1.270000,0.656000
4042.001000,1.270000,0.652000
4043.001000,1.271000,0.657000
4044.001000,1.271000,0.651000
4045.001000,1.271000,0.647000
4046.001000,1.271000,0.646000
4047.001000,1.271000,0.644000
4048.001000,1.271000,0.647000
4049.001000,1.271000,0.649000
4050.001000,1.271000,0.648000
4051.001000,1.272000,0.648000
4052.001000,1.272000,0.647000
4053.001000,1.273000,0.645000
4054.001000,1.273000,0.646000
4055.001000,1.273000,0.652000
4056.001000,1.274000,0.649000
4057.001000,1.274000,0.645000
4058.001000,1.275000,0.651000
4059.001000,1.276000,0.649000
4060.001000,1.276000,0.648000
4061.001000,1.276000,0.642000
4062.001000,1.276000,0.650000
4063.001000,1.277000,0.646000
4064.001000,1.277000,0.642000
4065.001000,1.277000,0.640000
4066.001000,1.278000,0.650000
4067.001000,1.278000,0.651000
4068.001000,1.278000,0.648000
4069.001000,1.278000,0.644000
4070.001000,1.279000,0.646000
4071.001000,1.280000,0.642000
4072.001000,1.281000,0.646000
4073.001000,1.281000,0.646000
4074.001000,1.281000,0.648000
4075.001000,1.281000,0.647000
4076.001000,1.281000,0.649000
4077.001000,1.281000,0.649000
4078.001000,1.281000,0.647000
4079.001000,1.282000,0.652000
4080.001000,1.282000,0.648000
4081.001000,1.283000,0.654000
4082.001000,1.283000,0.652000
4083.001000,1.283000,0.657000
4084.001000,1.283000,0.651000
4085.001000,1.283000,0.649000
4086.001000,1.283000,0.654000
4087.001000,1.284000,0.652000
4088.001000,1.284000,0.652000
4089.001000,1.285000,0.651000
4090.001000,1.285000,0.654000
4091.001000,1.285000,0.653000
4092.001000,1.285000,0.650000
4093.001000,1.285000,0.652000
4094.001000,1.285000,0.652000
4095.001000,1.285000,0.654000
4096.001000,1.285000,0.650000
4097.001000,1.285000,0.646000
4098.001000,1.286000,0.648000
4099.001000,1.286000,0.648000
4100.001000,1.285000,0.649000
4101.001000,1.286000,0.651000
4102.001000,1.287000,0.653000
4103.001000,1.287000,0.650000
4104.001000,1.287000,0.652000
4105.001000,1.287000,0.635000
4106.001000,1.288000,0.646000
4107.001000,1.288000,0.636000
4108.001000,1.288000,0.653000
4109.001000,1.288000,0.653000
4110.001000,1.289000,0.642000
4111.001000,1.289000,0.634000
4112.001000,1.289000,0.630000
4113.001000,1.290000,0.626000
4114.001000,1.290000,0.625000
4115.001000,1.290000,0.623000
4116.001000,1.290000,0.635000
4117.001000,1.290000,0.631000
4118.001000,1.290000,0.626000
4119.001000,1.290000,0.629000
4120.001000,1.291000,0.627000
4121.001000,1.291000,0.632000
4122.001000,1.291000,0.630000
4123.001000,1.292000,0.630000
4124.001000,1.293000,0.625000
4125.001000,1.293000,0.629000
4126.001000,1.293000,0.630000
4127.001000,1.294000,0.631000
4128.001000,1.294000,0.633000
4129.001000,1.294000,0.633000
4130.001000,1.294000,0.637000
4131.001000,1.294000,0.629000
4132.001000,1.294000,0.629000
4133.001000,1.294000,0.632000
4134.001000,1.294000,0.627000
4135.001000,1.294000,0.631000
4136.001000,1.295000,0.629000
4137.001000,1.295000,0.633000
4138.001000,1.295000,0.632000
4139.001000,1.296000,0.636000
4140.001000,1.296000,0.637000
4141.001000,1.295000,0.634000
4142.001000,1.296000,0.631000
4143.001000,1.296000,0.628000
4144.001000,1.296000,0.634000
4145.001000,1.296000,0.635000
4146.001000,1.296000,0.639000
4147.001000,1.295000,0.637000
4148.001000,1.295000,0.638000
4149.001000,1.295000,0.634000
4150.001000,1.296000,0.637000
4151.001000,1.296000,0.636000
4152.001000,1.296000,0.630000
4153.001000,1.295000,0.632000
4154.001000,1.295000,0.628000
4155.001000,1.296000,0.626000
4156.001000,1.296000,0.631000
4157.001000,1.295000,0.628000
4158.001000,1.295000,0.628000
4159.001000,1.294000,0.629000
4160.001000,1.295000,0.631000
4161.001000,1.295000,0.632000
4162.001000,1.295000,0.625000
4163.001000,1.294000,0.631000
4164.001000,1.294000,0.626000
4165.001000,1.294000,0.623000
4166.001000,1.294000,0.634000
4167.001000,1.294000,0.638000
4168.001000,1.295000,0.656000
4169.001000,1.296000,0.658000
4170.001000,1.295000,0.657000
4171.001000,1.296000,0.654000
4172.001000,1.296000,0.659000
4173.001000,1.297000,0.659000
4174.001000,1.297000,0.658000
4175.001000,1.297000,0.655000
4176.001000,1.297000,0.654000
4177.001000,1.298000,0.652000
4178.001000,1.298000,0.651000
4179.001000,1.298000,0.652000
4180.001000,1.298000,0.655000
4181.001000,1.298000,0.654000
4182.001000,1.298000,0.654000
4183.001000,1.298000,0.650000
4184.001000,1.299000,0.648000
4185.001000,1.298000,0.647000
4186.001000,1.298000,0.647000
4187.001000,1.299000,0.647000
4188.001000,1.299000,0.646000
4189.001000,1.298000,0.649000
4190.001000,1.299000,0.650000
4191.001000,1.299000,0.656000
4192.001000,1.298000,0.650000
4193.001000,1.299000,0.653000
4194.001000,1.299000,0.653000
4195.001000,1.299000,0.648000
4196.001000,1.300000,0.647000
4197.001000,1.301000,0.649000
4198.001000,1.301000,0.652000
4199.001000,1.302000,0.648000
4200.001000,1.302000,0.648000
4201.001000,1.302000,0.647000
4202.001000,1.303000,0.642000
4203.001000,1.303000,0.646000
4204.001000,1.304000,0.643000
4205.001000,1.304000,0.644000
4206.001000,1.304000,0.647000
4207.001000,1.304000,0.643000
4208.001000,1.304000,0.644000
4209.001000,1.304000,0.647000
4210.001000,1.304000,0.648000
4211.001000,1.305000,0.640000
4212.001000,1.304000,0.645000
4213.001000,1.305000,0.646000
4214.001000,1.305000,0.648000
4215.001000,1.305000,0.644000
4216.001000,1.306000,0.646000
4217.001000,1.307000,0.645000
4218.001000,1.308000,0.646000
4219.001000,1.308000,0.650000
4220.001000,1.307000,0.646000
4221.001000,1.308000,0.647000
4222.001000,1.309000,0.645000
4223.001000,1.310000,0.646000
4224.001000,1.310000,0.642000
4225.001000,1.310000,0.640000
4226.001000,1.309000,0.640000
4227.001000,1.308000,0.636000
4228.001000,1.308000,0.643000
4229.001000,1.308000,0.644000
4230.001000,1.307000,0.641000
4231.001000,1.308000,0.638000
4232.001000,1.307000,0.649000
4233.001000,1.308000,0.640000
4234.001000,1.308000,0.630000
4235.001000,1.307000,0.632000
4236.001000,1.308000,0.637000
4237.001000,1.307000,0.638000
4238.001000,1.307000,0.628000
4239.001000,1.307000,0.624000
4240.001000,1.308000,0.628000
4241.001000,1.307000,0.632000
4242.001000,1.308000,0.633000
4243.001000,1.308000,0.641000
4244.001000,1.308000,0.638000
4245.001000,1.309000,0.635000
4246.001000,1.310000,0.625000
4247.001000,1.310000,0.621000
4248.001000,1.311000,0.622000
4249.001000,1.311000,0.623000
4250.001000,1.311000,0.618000
4251.001000,1.311000,0.619000
4252.001000,1.310000,0.616000
4253.001000,1.311000,0.614000
4254.001000,1.312000,0.619000
4255.001000,1.312000,0.619000
4256.001000,1.313000,0.614000
4257.001000,1.312000,0.608000
4258.001000,1.314000,0.617000
4259.001000,1.314000,0.613000
4260.001000,1.315000,0.613000
4261.001000,1.316000,0.614000
4262.001000,1.315000,0.616000
4263.001000,1.314000,0.616000
4264.001000,1.313000,0.617000
4265.001000,1.313000,0.613000
4266.001000,1.312000,0.617000
4267.001000,1.312000,0.617000
4268.001000,1.312000,0.619000
4269.001000,1.312000,0.617000
4270.001000,1.312000,0.624000
4271.001000,1.312000,0.633000
4272.001000,1.312000,0.640000
4273.001000,1.313000,0.630000
4274.001000,1.312000,0.637000
4275.001000,1.313000,0.644000
4276.001000,1.314000,0.646000
4277.001000,1.317000,0.644000
4278.001000,1.318000,0.643000
4279.001000,1.319000,0.653000
4280.001000,1.319000,0.644000
4281.001000,1.319000,0.647000
4282.001000,1.320000,0.641000
4283.001000,1.321000,0.638000
4284.001000,1.321000,0.636000
4285.001000,1.322000,0.635000
4286.001000,1.323000,0.642000
4287.001000,1.323000,0.642000
4288.001000,1.324000,0.637000
4289.001000,1.324000,0.644000
4290.001000,1.325000,0.641000
4291.001000,1.325000,0.642000
4292.001000,1.326000,0.640000
4293.001000,1.328000,0.644000
4294.001000,1.328000,0.642000
4295.001000,1.328000,0.640000
4296.001000,1.329000,0.642000
4297.001000,1.328000,0.641000
4298.001000,1.329000,0.635000
4299.001000,1.330000,0.644000
4300.001000,1.330000,0.646000
4301.001000,1.331000,0.648000
4302.001000,1.330000,0.638000
4303.001000,1.329000,0.641000
4304.001000,1.330000,0.641000
4305.001000,1.330000,0.639000
4306.001000,1.330000,0.640000
4307.001000,1.330000,0.638000
4308.001000,1.329000,0.643000
4309.001000,1.329000,0.643000
4310.001000,1.329000,0.635000
4311.001000,1.329000,0.644000
4312.001000,1.330000,0.642000
4313.001000,1.329000,0.637000
4314.001000,1.330000,0.645000
4315.001000,1.330000,0.642000
4316.001000,1.330000,0.645000
4317.001000,1.330000,0.648000
4318.001000,1.330000,0.648000
4319.001000,1.330000,0.648000
4320.001000,1.329000,0.638000
4321.001000,1.329000,0.639000
4322.001000,1.328000,0.635000
4323.001000,1.329000,0.627000
4324.001000,1.328000,0.618000
4325.001000,1.329000,0.623000
4326.001000,1.328000,0.622000
4327.001000,1.328000,0.619000
4328.001000,1.329000,0.619000
4329.001000,1.328000,0.618000
4330.001000,1.329000,0.618000
4331.001000,1.329000,0.616000
4332.001000,1.329000,0.620000
4333.001000,1.330000,0.620000
4334.001000,1.330000,0.617000
4335.001000,1.330000,0.617000
4336.001000,1.331000,0.622000
4337.001000,1.331000,0.625000
4338.001000,1.331000,0.627000
4339.001000,1.332000,0.626000
4340.001000,1.332000,0.629000
4341.001000,1.332000,0.625000
4342.001000,1.333000,0.626000
4343.001000,1.333000,0.627000
4344.001000,1.333000,0.627000
4345.001000,1.333000,0.630000
4346.001000,1.333000,0.639000
4347.001000,1.333000,0.651000
4348.001000,1.334000,0.644000
4349.001000,1.334000,0.642000
4350.001000,1.335000,0.635000
4351.001000,1.335000,0.643000
4352.001000,1.335000,0.642000
4353.001000,1.335000,0.646000
4354.001000,1.335000,0.645000
4355.001000,1.336000,0.644000
4356.001000,1.336000,0.642000
4357.001000,1.336000,0.646000
4358.001000,1.337000,0.645000
4359.001000,1.337000,0.643000
4360.001000,1.337000,0.645000
4361.001000,1.337000,0.644000
4362.001000,1.337000,0.639000
4363.001000,1.338000,0.647000
4364.001000,1.338000,0.650000
4365.001000,1.339000,0.645000
4366.001000,1.338000,0.644000
4367.001000,1.339000,0.649000
4368.001000,1.339000,0.646000
4369.001000,1.340000,0.645000
4370.001000,1.340000,0.648000
4371.001000,1.340000,0.641000
4372.001000,1.341000,0.644000
4373.001000,1.341000,0.637000
4374.001000,1.342000,0.641000
4375.001000,1.342000,0.643000
4376.001000,1.342000,0.634000
4377.001000,1.344000,0.640000
4378.001000,1.344000,0.640000
4379.001000,1.346000,0.638000
4380.001000,1.346000,0.642000
4381.001000,1.347000,0.638000
4382.001000,1.347000,0.632000
4383.001000,1.347000,0.637000
4384.001000,1.347000,0.636000
4385.001000,1.347000,0.632000
4386.001000,1.347000,0.638000
4387.001000,1.347000,0.632000
4388.001000,1.347000,0.636000
4389.001000,1.347000,0.630000
4390.001000,1.348000,0.637000
4391.001000,1.346000,0.633000
4392.001000,1.346000,0.631000
4393.001000,1.346000,0.630000
4394.001000,1.347000,0.622000
4395.001000,1.347000,0.632000
4396.001000,1.347000,0.632000
4397.001000,1.347000,0.635000
4398.001000,1.347000,0.631000
4399.001000,1.347000,0.633000
4400.001000,1.348000,0.635000
4401.001000,1.348000,0.638000
4402.001000,1.348000,0.624000
4403.001000,1.348000,0.626000
4404.001000,1.348000,0.630000
4405.001000,1.349000,0.630000
4406.001000,1.349000,0.626000
4407.001000,1.349000,0.628000
4408.001000,1.349000,0.629000
4409.001000,1.350000,0.630000
4410.001000,1.350000,0.628000
4411.001000,1.351000,0.624000
4412.001000,1.351000,0.625000
4413.001000,1.352000,0.627000
4414.001000,1.352000,0.633000
4415.001000,1.352000,0.631000
4416.001000,1.353000,0.634000
4417.001000,1.353000,0.629000
4418.001000,1.353000,0.640000
4419.001000,1.354000,0.635000
4420.001000,1.354000,0.636000
4421.001000,1.355000,0.637000
4422.001000,1.355000,0.637000
4423.001000,1.355000,0.639000
4424.001000,1.355000,0.640000
4425.001000,1.355000,0.639000
4426.001000,1.356000,0.641000
4427.001000,1.356000,0.641000
4428.001000,1.356000,0.644000
4429.001000,1.356000,0.642000
4430.001000,1.356000,0.645000
4431.001000,1.356000,0.641000
4432.001000,1.356000,0.643000
4433.001000,1.356000,0.641000
4434.001000,1.355000,0.646000
4435.001000,1.355000,0.641000
4436.001000,1.355000,0.645000
4437.001000,1.355000,0.640000
4438.001000,1.355000,0.646000
4439.001000,1.355000,0.644000
4440.001000,1.355000,0.645000
4441.001000,1.355000,0.643000
4442.001000,1.355000,0.636000
4443.001000,1.356000,0.638000
4444.001000,1.356000,0.641000
4445.001000,1.356000,0.643000
4446.001000,1.356000,0.638000
4447.001000,1.356000,0.639000
4448.001000,1.356000,0.640000
4449.001000,1.356000,0.643000
4450.001000,1.356000,0.644000
4451.001000,1.356000,0.637000
4452.001000,1.357000,0.635000
4453.001000,1.358000,0.637000
4454.001000,1.357000,0.631000
4455.001000,1.358000,0.631000
4456.001000,1.358000,0.629000
4457.001000,1.358000,0.631000
4458.001000,1.359000,0.637000
4459.001000,1.359000,0.629000
4460.001000,1.359000,0.632000
4461.001000,1.360000,0.632000
4462.001000,1.360000,0.630000
4463.001000,1.360000,0.633000
4464.001000,1.360000,0.638000
4465.001000,1.360000,0.639000
4466.001000,1.360000,0.628000
4467.001000,1.361000,0.627000
4468.001000,1.361000,0.627000
4469.001000,1.361000,0.630000
4470.001000,1.361000,0.628000
4471.001000,1.361000,0.624000
4472.001000,1.362000,0.628000
4473.001000,1.361000,0.620000
4474.001000,1.361000,0.624000
4475.001000,1.362000,0.626000
4476.001000,1.362000,0.628000
4477.001000,1.362000,0.629000
4478.001000,1.362000,0.621000
4479.001000,1.362000,0.629000
4480.001000,1.362000,0.629000
4481.001000,1.362000,0.635000
4482.001000,1.363000,0.639000
4483.001000,1.363000,0.637000
4484.001000,1.364000,0.634000
4485.001000,1.364000,0.636000
4486.001000,1.364000,0.635000
4487.001000,1.364000,0.639000
4488.001000,1.364000,0.641000
4489.001000,1.364000,0.640000
4490.001000,1.364000,0.641000
4491.001000,1.365000,0.637000
4492.001000,1.365000,0.635000
4493.001000,1.365000,0.638000
4494.001000,1.365000,0.638000
4495.001000,1.365000,0.637000
4496.001000,1.366000,0.636000
4497.001000,1.365000,0.633000
4498.001000,1.365000,0.634000
4499.001000,1.365000,0.639000
4500.001000,1.366000,0.633000
4501.001000,1.366000,0.643000
4502.001000,1.366000,0.636000
4503.001000,1.366000,0.641000
4504.001000,1.366000,0.639000
4505.001000,1.366000,0.638000
4506.001000,1.366000,0.638000
4507.001000,1.366000,0.639000
4508.001000,1.367000,0.641000
4509.001000,1.367000,0.639000
4510.001000,1.367000,0.637000
4511.001000,1.367000,0.638000
4512.001000,1.367000,0.644000
4513.001000,1.367000,0.637000
4514.001000,1.367000,0.638000
4515.001000,1.367000,0.639000
4516.001000,1.367000,0.642000
4517.001000,1.367000,0.645000
4518.001000,1.367000,0.645000
4519.001000,1.367000,0.647000
4520.001000,1.367000,0.645000
4521.001000,1.367000,0.648000
4522.001000,1.367000,0.646000
4523.001000,1.367000,0.646000
4524.001000,1.368000,0.648000
4525.001000,1.369000,0.640000
4526.001000,1.369000,0.645000
4527.001000,1.371000,0.644000
4528.001000,1.372000,0.646000
4529.001000,1.373000,0.647000
4530.001000,1.374000,0.640000
4531.001000,1.374000,0.645000
4532.001000,1.375000,0.648000
4533.001000,1.376000,0.640000
4534.001000,1.376000,0.639000
4535.001000,1.376000,0.642000
4536.001000,1.377000,0.645000
4537.001000,1.378000,0.646000
4538.001000,1.379000,0.642000
4539.001000,1.379000,0.644000
4540.001000,1.379000,0.640000
4541.001000,1.380000,0.643000
4542.001000,1.380000,0.645000
4543.001000,1.380000,0.646000
4544.001000,1.381000,0.627000
4545.001000,1.381000,0.636000
4546.001000,1.381000,0.623000
4547.001000,1.382000,0.638000
4548.001000,1.382000,0.639000
4549.001000,1.382000,0.641000
4550.001000,1.382000,0.633000
4551.001000,1.382000,0.633000
4552.001000,1.382000,0.637000
4553.001000,1.382000,0.638000
4554.001000,1.382000,0.637000
4555.001000,1.382000,0.637000
4556.001000,1.383000,0.635000
4557.001000,1.383000,0.636000
4558.001000,1.383000,0.638000
4559.001000,1.383000,0.640000
4560.001000,1.383000,0.638000
4561.001000,1.383000,0.636000
4562.001000,1.383000,0.632000
4563.001000,1.384000,0.637000
4564.001000,1.384000,0.637000
4565.001000,1.384000,0.633000
4566.001000,1.384000,0.642000
4567.001000,1.384000,0.639000
4568.001000,1.384000,0.640000
4569.001000,1.385000,0.639000
4570.001000,1.385000,0.634000
4571.001000,1.386000,0.636000
4572.001000,1.386000,0.641000
4573.001000,1.386000,0.641000
4574.001000,1.386000,0.643000
4575.001000,1.386000,0.644000
4576.001000,1.387000,0.639000
4577.001000,1.388000,0.646000
4578.001000,1.388000,0.649000
4579.001000,1.388000,0.640000
4580.001000,1.389000,0.641000
4581.001000,1.389000,0.642000
4582.001000,1.389000,0.643000
4583.001000,1.389000,0.647000
4584.001000,1.389000,0.646000
4585.001000,1.390000,0.653000
4586.001000,1.390000,0.652000
4587.001000,1.390000,0.646000
4588.001000,1.390000,0.644000
4589.001000,1.391000,0.646000
4590.001000,1.391000,0.645000
4591.001000,1.391000,0.645000
4592.001000,1.391000,0.650000
4593.001000,1.391000,0.648000
4594.001000,1.391000,0.643000
4595.001000,1.391000,0.651000
4596.001000,1.391000,0.651000
4597.001000,1.392000,0.654000
4598.001000,1.392000,0.646000
4599.001000,1.391000,0.648000
4600.001000,1.392000,0.647000
4601.001000,1.392000,0.650000
4602.001000,1.393000,0.653000
4603.001000,1.394000,0.652000
4604.001000,1.395000,0.650000
4605.001000,1.397000,0.652000
4606.001000,1.398000,0.651000
4607.001000,1.399000,0.651000
4608.001000,1.399000,0.646000
4609.001000,1.400000,0.650000
4610.001000,1.400000,0.644000
4611.001000,1.400000,0.648000
4612.001000,1.400000,0.651000
4613.001000,1.401000,0.650000
4614.001000,1.401000,0.656000
4615.001000,1.402000,0.651000
4616.001000,1.402000,0.654000
4617.001000,1.402000,0.655000
4618.001000,1.402000,0.642000
4619.001000,1.403000,0.641000
4620.001000,1.402000,0.632000
4621.001000,1.402000,0.632000
4622.001000,1.403000,0.632000
4623.001000,1.403000,0.629000
4624.001000,1.403000,0.635000
4625.001000,1.403000,0.631000
4626.001000,1.403000,0.637000
4627.001000,1.404000,0.637000
4628.001000,1.404000,0.638000
4629.001000,1.404000,0.638000
4630.001000,1.405000,0.637000
4631.001000,1.405000,0.639000
4632.001000,1.405000,0.638000
4633.001000,1.406000,0.645000
4634.001000,1.406000,0.641000
4635.001000,1.406000,0.639000
4636.001000,1.407000,0.638000
4637.001000,1.407000,0.639000
4638.001000,1.407000,0.636000
4639.001000,1.407000,0.642000
4640.001000,1.407000,0.643000
4641.001000,1.407000,0.644000
4642.001000,1.408000,0.647000
4643.001000,1.408000,0.656000
4644.001000,1.408000,0.652000
4645.001000,1.409000,0.658000
4646.001000,1.409000,0.662000
4647.001000,1.409000,0.663000
4648.001000,1.410000,0.665000
4649.001000,1.409000,0.660000
4650.001000,1.409000,0.665000
4651.001000,1.410000,0.669000
4652.001000,1.409000,0.666000
4653.001000,1.409000,0.666000
4654.001000,1.410000,0.672000
4655.001000,1.410000,0.673000
4656.001000,1.410000,0.676000
4657.001000,1.410000,0.673000
4658.001000,1.410000,0.671000
4659.001000,1.411000,0.668000
4660.001000,1.412000,0.670000
4661.001000,1.412000,0.674000
4662.001000,1.413000,0.671000
4663.001000,1.415000,0.672000
4664.001000,1.415000,0.669000
4665.001000,1.416000,0.671000
4666.001000,1.416000,0.675000
4667.001000,1.417000,0.673000
4668.001000,1.417000,0.670000
4669.001000,1.417000,0.677000
4670.001000,1.418000,0.676000
4671.001000,1.418000,0.677000
4672.001000,1.417000,0.672000
4673.001000,1.418000,0.675000
4674.001000,1.419000,0.670000
4675.001000,1.419000,0.674000
4676.001000,1.420000,0.665000
4677.001000,1.420000,0.667000
4678.001000,1.420000,0.679000
4679.001000,1.420000,0.677000
4680.001000,1.421000,0.673000
4681.001000,1.421000,0.664000
4682.001000,1.424000,0.660000
4683.001000,1.426000,0.649000
4684.001000,1.426000,0.645000
4685.001000,1.427000,0.648000
4686.001000,1.428000,0.648000
4687.001000,1.429000,0.653000
4688.001000,1.430000,0.656000
4689.001000,1.430000,0.654000
4690.001000,1.430000,0.650000
4691.001000,1.430000,0.650000
4692.001000,1.430000,0.647000
4693.001000,1.430000,0.653000
4694.001000,1.431000,0.654000
4695.001000,1.431000,0.655000
4696.001000,1.431000,0.654000
4697.001000,1.431000,0.650000
4698.001000,1.431000,0.653000
4699.001000,1.432000,0.647000
4700.001000,1.432000,0.651000
4701.001000,1.432000,0.654000
4702.001000,1.432000,0.653000
4703.001000,1.432000,0.646000
4704.001000,1.432000,0.654000
4705.001000,1.432000,0.663000
4706.001000,1.433000,0.678000
4707.001000,1.433000,0.676000
4708.001000,1.433000,0.667000
4709.001000,1.432000,0.673000
4710.001000,1.432000,0.681000
4711.001000,1.432000,0.679000
4712.001000,1.432000,0.679000
4713.001000,1.432000,0.681000
4714.001000,1.433000,0.680000
4715.001000,1.433000,0.684000
4716.001000,1.433000,0.681000
4717.001000,1.433000,0.674000
4718.001000,1.433000,0.675000
4719.001000,1.433000,0.677000
4720.001000,1.433000,0.680000
4721.001000,1.433000,0.684000
4722.001000,1.433000,0.679000
4723.001000,1.433000,0.685000
4724.001000,1.433000,0.683000
4725.001000,1.433000,0.681000
4726.001000,1.433000,0.685000
4727.001000,1.432000,0.685000
4728.001000,1.432000,0.680000
4729.001000,1.432000,0.681000
4730.001000,1.432000,0.680000
4731.001000,1.433000,0.682000
4732.001000,1.433000,0.680000
4733.001000,1.433000,0.682000
4734.001000,1.433000,0.678000
4735.001000,1.433000,0.684000
4736.001000,1.434000,0.681000
4737.001000,1.434000,0.680000
4738.001000,1.435000,0.682000
4739.001000,1.435000,0.678000
4740.001000,1.435000,0.683000
4741.001000,1.435000,0.682000
4742.001000,1.436000,0.685000
4743.001000,1.436000,0.674000
4744.001000,1.436000,0.670000
4745.001000,1.437000,0.677000
4746.001000,1.437000,0.666000
4747.001000,1.438000,0.661000
4748.001000,1.438000,0.658000
4749.001000,1.438000,0.663000
4750.001000,1.438000,0.692000
4751.001000,1.439000,0.692000
4752.001000,1.439000,0.685000
4753.001000,1.439000,0.690000
4754.001000,1.439000,0.690000
4755.001000,1.439000,0.690000
4756.001000,1.439000,0.686000
4757.001000,1.439000,0.685000
4758.001000,1.440000,0.689000
4759.001000,1.440000,0.690000
4760.001000,1.439000,0.691000
4761.001000,1.440000,0.691000
4762.001000,1.440000,0.690000
4763.001000,1.440000,0.688000
4764.001000,1.441000,0.693000
4765.001000,1.440000,0.685000
4766.001000,1.442000,0.691000
4767.001000,1.443000,0.688000
4768.001000,1.444000,0.689000
4769.001000,1.444000,0.689000
4770.001000,1.445000,0.686000
4771.001000,1.445000,0.686000
4772.001000,1.445000,0.685000
4773.001000,1.446000,0.682000
4774.001000,1.446000,0.669000
4775.001000,1.447000,0.662000
4776.001000,1.447000,0.660000
4777.001000,1.447000,0.652000
4778.001000,1.447000,0.661000
4779.001000,1.447000,0.657000
4780.001000,1.447000,0.659000
4781.001000,1.447000,0.665000
4782.001000,1.448000,0.666000
4783.001000,1.449000,0.670000
4784.001000,1.449000,0.668000
4785.001000,1.450000,0.666000
4786.001000,1.450000,0.665000
4787.001000,1.450000,0.662000
4788.001000,1.451000,0.666000
4789.001000,1.451000,0.663000
4790.001000,1.451000,0.670000
4791.001000,1.452000,0.664000
4792.001000,1.452000,0.668000
4793.001000,1.452000,0.667000
4794.001000,1.451000,0.670000
4795.001000,1.451000,0.671000
4796.001000,1.452000,0.663000
4797.001000,1.452000,0.660000
4798.001000,1.452000,0.666000
4799.001000,1.453000,0.666000
4800.001000,1.453000,0.667000
4801.001000,1.452000,0.669000
4802.001000,1.452000,0.668000
4803.001000,1.453000,0.666000
4804.001000,1.453000,0.667000
4805.001000,1.453000,0.670000
4806.001000,1.453000,0.669000
4807.001000,1.453000,0.667000
4808.001000,1.453000,0.667000
4809.001000,1.453000,0.661000
4810.001000,1.453000,0.661000
4811.001000,1.452000,0.660000
4812.001000,1.452000,0.664000
4813.001000,1.453000,0.662000
4814.001000,1.453000,0.660000
4815.001000,1.453000,0.666000
4816.001000,1.454000,0.655000
4817.001000,1.453000,0.660000
4818.001000,1.454000,0.656000
4819.001000,1.455000,0.655000
4820.001000,1.455000,0.659000
4821.001000,1.455000,0.659000
4822.001000,1.456000,0.661000
4823.001000,1.455000,0.660000
4824.001000,1.456000,0.660000
4825.001000,1.455000,0.658000
4826.001000,1.455000,0.661000
4827.001000,1.456000,0.667000
4828.001000,1.456000,0.663000
4829.001000,1.456000,0.662000
4830.001000,1.456000,0.666000
4831.001000,1.454000,0.672000
4832.001000,1.453000,0.654000
4833.001000,1.453000,0.669000
4834.001000,1.454000,0.672000
4835.001000,1.454000,0.672000
4836.001000,1.455000,0.664000
4837.001000,1.454000,0.668000
4838.001000,1.454000,0.671000
4839.001000,1.454000,0.666000
4840.001000,1.454000,0.661000
4841.001000,1.454000,0.666000
4842.001000,1.454000,0.662000
4843.001000,1.455000,0.666000
4844.001000,1.455000,0.664000
4845.001000,1.455000,0.670000
4846.001000,1.456000,0.668000
4847.001000,1.456000,0.661000
4848.001000,1.456000,0.669000
4849.001000,1.456000,0.661000
4850.001000,1.455000,0.660000
4851.001000,1.455000,0.665000
4852.001000,1.455000,0.669000
4853.001000,1.455000,0.669000
4854.001000,1.456000,0.664000
4855.001000,1.457000,0.659000
4856.001000,1.457000,0.669000
4857.001000,1.457000,0.664000
4858.001000,1.458000,0.668000
4859.001000,1.458000,0.665000
4860.001000,1.459000,0.670000
4861.001000,1.459000,0.673000
4862.001000,1.460000,0.675000
4863.001000,1.460000,0.666000
4864.001000,1.460000,0.673000
4865.001000,1.460000,0.665000
4866.001000,1.461000,0.691000
4867.001000,1.461000,0.695000
4868.001000,1.461000,0.683000
4869.001000,1.462000,0.692000
4870.001000,1.462000,0.695000
4871.001000,1.463000,0.693000
4872.001000,1.463000,0.693000
4873.001000,1.463000,0.698000
4874.001000,1.464000,0.697000
4875.001000,1.465000,0.700000
4876.001000,1.465000,0.696000
4877.001000,1.467000,0.699000
4878.001000,1.467000,0.693000
4879.001000,1.468000,0.698000
4880.001000,1.468000,0.691000
4881.001000,1.469000,0.693000
4882.001000,1.470000,0.699000
4883.001000,1.471000,0.695000
4884.001000,1.471000,0.695000
4885.001000,1.470000,0.695000
4886.001000,1.471000,0.692000
4887.001000,1.471000,0.696000
4888.001000,1.471000,0.696000
4889.001000,1.473000,0.692000
4890.001000,1.474000,0.697000
4891.001000,1.474000,0.695000
4892.001000,1.475000,0.700000
4893.001000,1.476000,0.694000
4894.001000,1.477000,0.699000
4895.001000,1.476000,0.700000
4896.001000,1.474000,0.702000
4897.001000,1.474000,0.694000
4898.001000,1.474000,0.702000
4899.001000,1.474000,0.701000
4900.001000,1.475000,0.691000
4901.001000,1.476000,0.699000
4902.001000,1.477000,0.698000
4903.001000,1.478000,0.702000
4904.001000,1.478000,0.696000
4905.001000,1.479000,0.696000
4906.001000,1.478000,0.688000
4907.001000,1.479000,0.689000
4908.001000,1.479000,0.678000
4909.001000,1.479000,0.679000
4910.001000,1.479000,0.682000
4911.001000,1.479000,0.681000
4912.001000,1.481000,0.676000
4913.001000,1.480000,0.673000
4914.001000,1.478000,0.680000
4915.001000,1.480000,0.673000
4916.001000,1.480000,0.672000
4917.001000,1.480000,0.677000
4918.001000,1.480000,0.681000
4919.001000,1.480000,0.677000
4920.001000,1.480000,0.676000
4921.001000,1.482000,0.673000
4922.001000,1.483000,0.677000
4923.001000,1.482000,0.680000
4924.001000,1.484000,0.681000
4925.001000,1.484000,0.678000
4926.001000,1.485000,0.676000
4927.001000,1.486000,0.674000
4928.001000,1.488000,0.676000
4929.001000,1.488000,0.679000
4930.001000,1.488000,0.674000
4931.001000,1.489000,0.674000
4932.001000,1.489000,0.674000
4933.001000,1.489000,0.672000
4934.001000,1.489000,0.672000
4935.001000,1.489000,0.677000
4936.001000,1.490000,0.671000
4937.001000,1.488000,0.673000
4938.001000,1.488000,0.675000
4939.001000,1.488000,0.670000
4940.001000,1.488000,0.680000
4941.001000,1.489000,0.674000
4942.001000,1.489000,0.679000
4943.001000,1.489000,0.674000
4944.001000,1.490000,0.676000
4945.001000,1.490000,0.683000
4946.001000,1.491000,0.684000
4947.001000,1.492000,0.684000
4948.001000,1.492000,0.684000
4949.001000,1.492000,0.683000
4950.001000,1.493000,0.684000
4951.001000,1.494000,0.688000
4952.001000,1.494000,0.680000
4953.001000,1.494000,0.681000
4954.001000,1.494000,0.676000
4955.001000,1.495000,0.677000
4956.001000,1.494000,0.676000
4957.001000,1.495000,0.683000
4958.001000,1.496000,0.674000
4959.001000,1.496000,0.678000
4960.001000,1.496000,0.677000
4961.001000,1.497000,0.684000
4962.001000,1.497000,0.669000
4963.001000,1.498000,0.675000
4964.001000,1.499000,0.671000
4965.001000,1.499000,0.672000
4966.001000,1.499000,0.673000
4967.001000,1.499000,0.674000
4968.001000,1.500000,0.674000
4969.001000,1.500000,0.679000
4970.001000,1.500000,0.677000
4971.001000,1.501000,0.680000
4972.001000,1.502000,0.666000
4973.001000,1.502000,0.671000
4974.001000,1.502000,0.676000
4975.001000,1.502000,0.671000
4976.001000,1.502000,0.681000
4977.001000,1.502000,0.670000
4978.001000,1.503000,0.676000
4979.001000,1.503000,0.681000
4980.001000,1.504000,0.685000
4981.001000,1.504000,0.678000
4982.001000,1.504000,0.676000
4983.001000,1.504000,0.674000
4984.001000,1.504000,0.678000
4985.001000,1.504000,0.675000
4986.001000,1.505000,0.677000
4987.001000,1.505000,0.679000
4988.001000,1.505000,0.675000
4989.001000,1.505000,0.675000
4990.001000,1.504000,0.670000
4991.001000,1.504000,0.676000
4992.001000,1.505000,0.679000
4993.001000,1.505000,0.677000
4994.001000,1.504000,0.677000
4995.001000,1.504000,0.679000
4996.001000,1.505000,0.674000
4997.001000,1.505000,0.678000
4998.001000,1.505000,0.680000
4999.001000,1.506000,0.680000
5000.001000,1.506000,0.674000
5001.001000,1.506000,0.675000
5002.001000,1.506000,0.674000
5003.001000,1.507000,0.674000
5004.001000,1.508000,0.682000
5005.001000,1.507000,0.677000
5006.001000,1.508000,0.676000
5007.001000,1.509000,0.680000
5008.001000,1.509000,0.678000
5009.001000,1.509000,0.676000
5010.001000,1.510000,0.682000
5011.001000,1.510000,0.679000
5012.001000,1.511000,0.679000
5013.001000,1.511000,0.677000
5014.001000,1.511000,0.684000
5015.001000,1.511000,0.683000
5016.001000,1.510000,0.677000
5017.001000,1.511000,0.677000
5018.001000,1.511000,0.675000
5019.001000,1.512000,0.679000
5020.001000,1.513000,0.675000
5021.001000,1.513000,0.681000
5022.001000,1.514000,0.679000
5023.001000,1.514000,0.682000
5024.001000,1.515000,0.678000
5025.001000,1.515000,0.675000
5026.001000,1.515000,0.683000
5027.001000,1.516000,0.677000
5028.001000,1.516000,0.685000
5029.001000,1.518000,0.677000
5030.001000,1.519000,0.679000
5031.001000,1.520000,0.676000
5032.001000,1.521000,0.683000
5033.001000,1.522000,0.681000
5034.001000,1.523000,0.682000
5035.001000,1.524000,0.677000
5036.001000,1.524000,0.681000
5037.001000,1.525000,0.680000
5038.001000,1.526000,0.680000
5039.001000,1.526000,0.678000
5040.001000,1.527000,0.678000
5041.001000,1.527000,0.680000
5042.001000,1.527000,0.679000
5043.001000,1.527000,0.686000
5044.001000,1.527000,0.683000
5045.001000,1.528000,0.678000
5046.001000,1.528000,0.683000
5047.001000,1.529000,0.677000
5048.001000,1.529000,0.683000
5049.001000,1.528000,0.681000
5050.001000,1.529000,0.681000
5051.001000,1.529000,0.681000
5052.001000,1.529000,0.684000
5053.001000,1.529000,0.681000
5054.001000,1.529000,0.687000
5055.001000,1.529000,0.681000
5056.001000,1.529000,0.686000
5057.001000,1.530000,0.679000
5058.001000,1.530000,0.681000
5059.001000,1.530000,0.680000
5060.001000,1.530000,0.682000
5061.001000,1.531000,0.689000
5062.001000,1.531000,0.685000
5063.001000,1.531000,0.680000
5064.001000,1.532000,0.690000
5065.001000,1.532000,0.695000
5066.001000,1.531000,0.696000
5067.001000,1.532000,0.693000
5068.001000,1.532000,0.695000
5069.001000,1.533000,0.693000
5070.001000,1.533000,0.691000
5071.001000,1.532000,0.695000
5072.001000,1.532000,0.690000
5073.001000,1.532000,0.692000
5074.001000,1.533000,0.693000
5075.001000,1.532000,0.690000
5076.001000,1.533000,0.682000
5077.001000,1.533000,0.683000
5078.001000,1.533000,0.691000
5079.001000,1.532000,0.687000
5080.001000,1.533000,0.686000
5081.001000,1.532000,0.687000
5082.001000,1.533000,0.688000
5083.001000,1.533000,0.687000
5084.001000,1.534000,0.687000
5085.001000,1.536000,0.691000
5086.001000,1.535000,0.690000
5087.001000,1.534000,0.690000
5088.001000,1.535000,0.692000
5089.001000,1.535000,0.696000
5090.001000,1.536000,0.692000
5091.001000,1.536000,0.696000
5092.001000,1.536000,0.696000
5093.001000,1.537000,0.697000
5094.001000,1.537000,0.699000
5095.001000,1.537000,0.694000
5096.001000,1.536000,0.696000
5097.001000,1.537000,0.693000
5098.001000,1.537000,0.694000
5099.001000,1.536000,0.692000
5100.001000,1.537000,0.694000
5101.001000,1.535000,0.696000
5102.001000,1.536000,0.690000
5103.001000,1.537000,0.695000
5104.001000,1.537000,0.695000
5105.001000,1.537000,0.700000
5106.001000,1.537000,0.693000
5107.001000,1.538000,0.694000
5108.001000,1.538000,0.691000
5109.001000,1.537000,0.693000
5110.001000,1.538000,0.692000
5111.001000,1.538000,0.693000
5112.001000,1.538000,0.700000
5113.001000,1.538000,0.697000
5114.001000,1.538000,0.695000
5115.001000,1.538000,0.697000
5116.001000,1.538000,0.701000
5117.001000,1.538000,0.697000
5118.001000,1.538000,0.704000
5119.001000,1.538000,0.701000
5120.001000,1.539000,0.697000
5121.001000,1.539000,0.696000
5122.001000,1.539000,0.699000
5123.001000,1.540000,0.698000
5124.001000,1.539000,0.694000
5125.001000,1.540000,0.696000
5126.001000,1.540000,0.700000
5127.001000,1.540000,0.697000
5128.001000,1.540000,0.694000
5129.001000,1.540000,0.688000
5130.001000,1.542000,0.693000
5131.001000,1.542000,0.695000
5132.001000,1.543000,0.694000
5133.001000,1.542000,0.693000
5134.001000,1.542000,0.697000
5135.001000,1.543000,0.698000
5136.001000,1.543000,0.698000
5137.001000,1.543000,0.700000
5138.001000,1.543000,0.698000
5139.001000,1.543000,0.700000
5140.001000,1.544000,0.697000
5141.001000,1.544000,0.696000
5142.001000,1.544000,0.697000
5143.001000,1.544000,0.701000
5144.001000,1.545000,0.700000
5145.001000,1.545000,0.699000
5146.001000,1.545000,0.699000
5147.001000,1.545000,0.703000
5148.001000,1.546000,0.702000
5149.001000,1.546000,0.699000
5150.001000,1.546000,0.697000
5151.001000,1.546000,0.707000
5152.001000,1.546000,0.700000
5153.001000,1.546000,0.699000
5154.001000,1.547000,0.701000
5155.001000,1.547000,0.701000
5156.001000,1.548000,0.700000
5157.001000,1.547000,0.702000
5158.001000,1.548000,0.691000
5159.001000,1.549000,0.703000
5160.001000,1.549000,0.699000
5161.001000,1.548000,0.703000
5162.001000,1.548000,0.704000
5163.001000,1.548000,0.701000
5164.001000,1.548000,0.703000
5165.001000,1.549000,0.705000
5166.001000,1.549000,0.703000
5167.001000,1.549000,0.704000
5168.001000,1.549000,0.704000
5169.001000,1.550000,0.709000
5170.001000,1.550000,0.703000
5171.001000,1.549000,0.704000
5172.001000,1.550000,0.706000
5173.001000,1.549000,0.702000
5174.001000,1.549000,0.700000
5175.001000,1.549000,0.702000
5176.001000,1.549000,0.700000
5177.001000,1.549000,0.698000
5178.001000,1.550000,0.697000
5179.001000,1.550000,0.697000
5180.001000,1.550000,0.698000
5181.001000,1.550000,0.701000
5182.001000,1.550000,0.701000
5183.001000,1.551000,0.697000
5184.001000,1.550000,0.692000
5185.001000,1.552000,0.699000
5186.001000,1.552000,0.698000
5187.001000,1.553000,0.699000
5188.001000,1.552000,0.703000
5189.001000,1.553000,0.706000
5190.001000,1.554000,0.702000
5191.001000,1.554000,0.699000
5192.001000,1.554000,0.701000
5193.001000,1.554000,0.701000
5194.001000,1.554000,0.705000
5195.001000,1.554000,0.709000
5196.001000,1.554000,0.710000
5197.001000,1.554000,0.707000
5198.001000,1.554000,0.708000
5199.001000,1.554000,0.708000
5200.001000,1.554000,0.704000
5201.001000,1.555000,0.707000
5202.001000,1.555000,0.703000
5203.001000,1.556000,0.705000
5204.001000,1.556000,0.702000
5205.001000,1.556000,0.699000
5206.001000,1.555000,0.703000
5207.001000,1.555000,0.707000
5208.001000,1.555000,0.697000
5209.001000,1.557000,0.703000
5210.001000,1.556000,0.705000
5211.001000,1.556000,0.705000
5212.001000,1.557000,0.708000
5213.001000,1.557000,0.708000
5214.001000,1.557000,0.707000
5215.001000,1.558000,0.703000
5216.001000,1.558000,0.705000
5217.001000,1.557000,0.701000
5218.001000,1.558000,0.699000
5219.001000,1.559000,0.698000
5220.001000,1.559000,0.702000
5221.001000,1.560000,0.701000
5222.001000,1.560000,0.699000
5223.001000,1.559000,0.703000
5224.001000,1.559000,0.700000
5225.001000,1.560000,0.698000
5226.001000,1.560000,0.698000
5227.001000,1.560000,0.700000
5228.001000,1.561000,0.700000
5229.001000,1.560000,0.699000
5230.001000,1.559000,0.703000
5231.001000,1.560000,0.702000
5232.001000,1.560000,0.702000
5233.001000,1.561000,0.701000
5234.001000,1.561000,0.700000
5235.001000,1.560000,0.699000
5236.001000,1.561000,0.701000
5237.001000,1.561000,0.698000
5238.001000,1.561000,0.704000
5239.001000,1.561000,0.701000
5240.001000,1.561000,0.700000
5241.001000,1.561000,0.703000
5242.001000,1.561000,0.700000
5243.001000,1.561000,0.700000
5244.001000,1.561000,0.697000
5245.001000,1.562000,0.697000
5246.001000,1.561000,0.701000
5247.001000,1.562000,0.701000
5248.001000,1.562000,0.699000
5249.001000,1.562000,0.701000
5250.001000,1.562000,0.704000
5251.001000,1.563000,0.701000
5252.001000,1.564000,0.702000
5253.001000,1.563000,0.700000
5254.001000,1.562000,0.704000
5255.001000,1.564000,0.700000
5256.001000,1.564000,0.700000
5257.001000,1.564000,0.702000
5258.001000,1.564000,0.702000
5259.001000,1.565000,0.701000
5260.001000,1.564000,0.703000
5261.001000,1.564000,0.703000
5262.001000,1.565000,0.706000
5263.001000,1.565000,0.701000
5264.001000,1.565000,0.705000
5265.001000,1.565000,0.702000
5266.001000,1.566000,0.702000
5267.001000,1.566000,0.706000
5268.001000,1.567000,0.704000
5269.001000,1.567000,0.700000
5270.001000,1.567000,0.701000
5271.001000,1.567000,0.705000
5272.001000,1.567000,0.700000
5273.001000,1.568000,0.701000
5274.001000,1.568000,0.703000
5275.001000,1.568000,0.701000
5276.001000,1.568000,0.699000
5277.001000,1.568000,0.701000
5278.001000,1.567000,0.697000
5279.001000,1.567000,0.706000
5280.001000,1.568000,0.703000
5281.001000,1.569000,0.706000
5282.001000,1.569000,0.702000
5283.001000,1.568000,0.702000
5284.001000,1.568000,0.700000
5285.001000,1.568000,0.698000
5286.001000,1.568000,0.699000
5287.001000,1.568000,0.700000
5288.001000,1.568000,0.698000
5289.001000,1.569000,0.700000
5290.001000,1.570000,0.696000
5291.001000,1.571000,0.701000
5292.001000,1.571000,0.703000
5293.001000,1.570000,0.703000
5294.001000,1.571000,0.700000
5295.001000,1.571000,0.698000
5296.001000,1.571000,0.699000
5297.001000,1.573000,0.700000
5298.001000,1.574000,0.702000
5299.001000,1.574000,0.703000
5300.001000,1.574000,0.704000
5301.001000,1.574000,0.706000
5302.001000,1.574000,0.702000
5303.001000,1.574000,0.703000
5304.001000,1.573000,0.701000
5305.001000,1.574000,0.697000
5306.001000,1.575000,0.705000
5307.001000,1.574000,0.704000
5308.001000,1.575000,0.698000
5309.001000,1.574000,0.699000
5310.001000,1.574000,0.700000
5311.001000,1.575000,0.698000
5312.001000,1.575000,0.702000
5313.001000,1.575000,0.697000
5314.001000,1.576000,0.702000
5315.001000,1.576000,0.700000
5316.001000,1.575000,0.700000
5317.001000,1.576000,0.702000
5318.001000,1.576000,0.702000
5319.001000,1.576000,0.704000
5320.001000,1.577000,0.704000
5321.001000,1.577000,0.702000
5322.001000,1.576000,0.699000
5323.001000,1.577000,0.698000
5324.001000,1.577000,0.703000
5325.001000,1.576000,0.704000
5326.001000,1.576000,0.704000
5327.001000,1.578000,0.706000
5328.001000,1.577000,0.708000
5329.001000,1.578000,0.710000
5330.001000,1.579000,0.712000
5331.001000,1.579000,0.705000
5332.001000,1.580000,0.708000
5333.001000,1.581000,0.714000
5334.001000,1.581000,0.713000
5335.001000,1.581000,0.712000
5336.001000,1.581000,0.712000
5337.001000,1.582000,0.711000
5338.001000,1.582000,0.714000
5339.001000,1.582000,0.708000
5340.001000,1.583000,0.709000
5341.001000,1.583000,0.709000
5342.001000,1.584000,0.716000
5343.001000,1.583000,0.710000
5344.001000,1.583000,0.704000
5345.001000,1.583000,0.711000
5346.001000,1.584000,0.709000
5347.001000,1.584000,0.712000
5348.001000,1.583000,0.713000
5349.001000,1.582000,0.712000
5350.001000,1.582000,0.711000
5351.001000,1.582000,0.711000
5352.001000,1.583000,0.713000
5353.001000,1.583000,0.709000
5354.001000,1.584000,0.710000
5355.001000,1.585000,0.710000
5356.001000,1.585000,0.708000
5357.001000,1.585000,0.710000
5358.001000,1.585000,0.709000
5359.001000,1.586000,0.709000
5360.001000,1.586000,0.707000
5361.001000,1.586000,0.708000
5362.001000,1.585000,0.709000
5363.001000,1.585000,0.701000
5364.001000,1.586000,0.700000
5365.001000,1.586000,0.702000
5366.001000,1.587000,0.705000
5367.001000,1.586000,0.696000
5368.001000,1.586000,0.698000
5369.001000,1.585000,0.697000
5370.001000,1.585000,0.696000
5371.001000,1.586000,0.697000
5372.001000,1.587000,0.702000
5373.001000,1.587000,0.694000
5374.001000,1.587000,0.703000
5375.001000,1.587000,0.699000
5376.001000,1.587000,0.696000
5377.001000,1.587000,0.697000
5378.001000,1.587000,0.695000
5379.001000,1.588000,0.697000
5380.001000,1.587000,0.695000
5381.001000,1.588000,0.695000
5382.001000,1.588000,0.692000
5383.001000,1.588000,0.700000
5384.001000,1.588000,0.698000
5385.001000,1.587000,0.701000
5386.001000,1.587000,0.697000
5387.001000,1.586000,0.697000
5388.001000,1.587000,0.700000
5389.001000,1.587000,0.696000
5390.001000,1.586000,0.693000
5391.001000,1.587000,0.697000
5392.001000,1.588000,0.699000
5393.001000,1.588000,0.696000
5394.001000,1.588000,0.692000
5395.001000,1.588000,0.696000
5396.001000,1.589000,0.696000
5397.001000,1.589000,0.697000
5398.001000,1.589000,0.698000
5399.001000,1.589000,0.698000
5400.001000,1.589000,0.695000
5401.001000,1.589000,0.695000
5402.001000,1.589000,0.695000
5403.001000,1.589000,0.698000
5404.001000,1.589000,0.693000
5405.001000,1.589000,0.693000
5406.001000,1.589000,0.699000
5407.001000,1.588000,0.700000
5408.001000,1.587000,0.700000
5409.001000,1.586000,0.696000
5410.001000,1.586000,0.694000
5411.001000,1.588000,0.695000
5412.001000,1.588000,0.695000
5413.001000,1.589000,0.699000
5414.001000,1.589000,0.696000
5415.001000,1.589000,0.699000
5416.001000,1.590000,0.699000
5417.001000,1.591000,0.696000
5418.001000,1.592000,0.698000
5419.001000,1.592000,0.696000
5420.001000,1.593000,0.697000
5421.001000,1.592000,0.699000
5422.001000,1.592000,0.698000
5423.001000,1.592000,0.702000
5424.001000,1.592000,0.693000
5425.001000,1.592000,0.697000
5426.001000,1.592000,0.697000
5427.001000,1.592000,0.692000
5428.001000,1.593000,0.691000
5429.001000,1.594000,0.697000
5430.001000,1.594000,0.692000
5431.001000,1.595000,0.695000
5432.001000,1.595000,0.698000
5433.001000,1.596000,0.691000
5434.001000,1.596000,0.700000
5435.001000,1.597000,0.698000
5436.001000,1.596000,0.703000
5437.001000,1.595000,0.700000
5438.001000,1.596000,0.700000
5439.001000,1.596000,0.698000
5440.001000,1.596000,0.692000
5441.001000,1.596000,0.694000
5442.001000,1.596000,0.698000
5443.001000,1.597000,0.699000
5444.001000,1.597000,0.698000
5445.001000,1.597000,0.701000
5446.001000,1.596000,0.700000
5447.001000,1.596000,0.700000
5448.001000,1.596000,0.695000
5449.001000,1.597000,0.699000
5450.001000,1.597000,0.700000
5451.001000,1.597000,0.695000
5452.001000,1.597000,0.699000
5453.001000,1.597000,0.693000
5454.001000,1.597000,0.701000
5455.001000,1.597000,0.695000
5456.001000,1.598000,0.699000
5457.001000,1.600000,0.699000
5458.001000,1.600000,0.694000
5459.001000,1.600000,0.699000
5460.001000,1.601000,0.697000
5461.001000,1.600000,0.699000
5462.001000,1.600000,0.698000
5463.001000,1.601000,0.699000
5464.001000,1.601000,0.703000
5465.001000,1.600000,0.707000
5466.001000,1.601000,0.704000
5467.001000,1.601000,0.708000
5468.001000,1.601000,0.706000
5469.001000,1.601000,0.698000
5470.001000,1.602000,0.704000
5471.001000,1.601000,0.700000
5472.001000,1.601000,0.698000
5473.001000,1.600000,0.700000
5474.001000,1.601000,0.699000
5475.001000,1.601000,0.699000
5476.001000,1.602000,0.696000
5477.001000,1.602000,0.700000
5478.001000,1.602000,0.703000
5479.001000,1.602000,0.699000
5480.001000,1.603000,0.697000
5481.001000,1.603000,0.698000
5482.001000,1.603000,0.699000
5483.001000,1.603000,0.700000
5484.001000,1.603000,0.696000
5485.001000,1.603000,0.691000
5486.001000,1.602000,0.701000
5487.001000,1.603000,0.703000
5488.001000,1.602000,0.701000
5489.001000,1.603000,0.702000
5490.001000,1.603000,0.700000
5491.001000,1.603000,0.701000
5492.001000,1.601000,0.702000
5493.001000,1.602000,0.705000
5494.001000,1.603000,0.701000
5495.001000,1.603000,0.702000
5496.001000,1.602000,0.698000
5497.001000,1.602000,0.698000
5498.001000,1.603000,0.699000
5499.001000,1.603000,0.705000
5500.001000,1.604000,0.709000
5501.001000,1.604000,0.698000
5502.001000,1.605000,0.703000
5503.001000,1.605000,0.701000
5504.001000,1.604000,0.707000
5505.001000,1.605000,0.703000
5506.001000,1.605000,0.700000
5507.001000,1.604000,0.698000
5508.001000,1.604000,0.701000
5509.001000,1.603000,0.695000
5510.001000,1.604000,0.695000
5511.001000,1.605000,0.698000
5512.001000,1.605000,0.701000
5513.001000,1.606000,0.697000
5514.001000,1.606000,0.697000
5515.001000,1.607000,0.695000
5516.001000,1.607000,0.702000
5517.001000,1.607000,0.692000
5518.001000,1.607000,0.700000
5519.001000,1.607000,0.695000
5520.001000,1.607000,0.698000
5521.001000,1.607000,0.697000
5522.001000,1.607000,0.696000
5523.001000,1.607000,0.698000
5524.001000,1.607000,0.695000
5525.001000,1.607000,0.695000
5526.001000,1.608000,0.696000
5527.001000,1.607000,0.714000
5528.001000,1.606000,0.725000
5529.001000,1.607000,0.723000
5530.001000,1.607000,0.720000
5531.001000,1.606000,0.720000
5532.001000,1.607000,0.719000
5533.001000,1.607000,0.720000
5534.001000,1.607000,0.724000
5535.001000,1.606000,0.720000
5536.001000,1.607000,0.720000
5537.001000,1.607000,0.715000
5538.001000,1.606000,0.714000
5539.001000,1.607000,0.712000
5540.001000,1.606000,0.720000
5541.001000,1.606000,0.700000
5542.001000,1.606000,0.696000
5543.001000,1.607000,0.697000
5544.001000,1.606000,0.698000
5545.001000,1.606000,0.695000
5546.001000,1.607000,0.696000
5547.001000,1.607000,0.699000
5548.001000,1.608000,0.697000
5549.001000,1.608000,0.696000
5550.001000,1.608000,0.686000
5551.001000,1.609000,0.692000
5552.001000,1.609000,0.695000
5553.001000,1.610000,0.697000
5554.001000,1.609000,0.705000
5555.001000,1.609000,0.701000
5556.001000,1.609000,0.700000
5557.001000,1.609000,0.698000
5558.001000,1.609000,0.701000
5559.001000,1.609000,0.693000
5560.001000,1.609000,0.697000
5561.001000,1.611000,0.694000
5562.001000,1.610000,0.696000
5563.001000,1.609000,0.702000
5564.001000,1.610000,0.699000
5565.001000,1.610000,0.695000
5566.001000,1.610000,0.692000
5567.001000,1.609000,0.696000
5568.001000,1.610000,0.697000
5569.001000,1.610000,0.692000
5570.001000,1.611000,0.698000
5571.001000,1.610000,0.697000
5572.001000,1.609000,0.702000
5573.001000,1.610000,0.698000
5574.001000,1.610000,0.702000
5575.001000,1.610000,0.699000
5576.001000,1.611000,0.701000
5577.001000,1.612000,0.696000
5578.001000,1.612000,0.694000
5579.001000,1.612000,0.694000
5580.001000,1.611000,0.696000
5581.001000,1.610000,0.700000
5582.001000,1.610000,0.695000
5583.001000,1.611000,0.698000
5584.001000,1.611000,0.696000
5585.001000,1.611000,0.691000
5586.001000,1.610000,0.694000
5587.001000,1.610000,0.695000
5588.001000,1.611000,0.687000
5589.001000,1.611000,0.693000
5590.001000,1.611000,0.695000
5591.001000,1.611000,0.695000
5592.001000,1.613000,0.699000
5593.001000,1.613000,0.693000
5594.001000,1.613000,0.696000
5595.001000,1.615000,0.697000
5596.001000,1.615000,0.702000
5597.001000,1.615000,0.699000
5598.001000,1.614000,0.692000
5599.001000,1.615000,0.700000
5600.001000,1.614000,0.697000
5601.001000,1.615000,0.696000
5602.001000,1.616000,0.702000
5603.001000,1.615000,0.706000
5604.001000,1.616000,0.702000
5605.001000,1.616000,0.705000
5606.001000,1.616000,0.703000
5607.001000,1.616000,0.704000
5608.001000,1.617000,0.702000
5609.001000,1.617000,0.701000
5610.001000,1.616000,0.705000
5611.001000,1.616000,0.700000
5612.001000,1.616000,0.695000
5613.001000,1.616000,0.705000
5614.001000,1.616000,0.704000
5615.001000,1.616000,0.706000
5616.001000,1.616000,0.708000
5617.001000,1.616000,0.701000
5618.001000,1.616000,0.701000
5619.001000,1.616000,0.698000
5620.001000,1.616000,0.692000
5621.001000,1.616000,0.697000
5622.001000,1.617000,0.692000
5623.001000,1.617000,0.697000
5624.001000,1.618000,0.703000
5625.001000,1.618000,0.701000
5626.001000,1.618000,0.700000
5627.001000,1.618000,0.700000
5628.001000,1.618000,0.704000
5629.001000,1.618000,0.696000
5630.001000,1.617000,0.702000
5631.001000,1.618000,0.700000
5632.001000,1.618000,0.697000
5633.001000,1.619000,0.700000
5634.001000,1.619000,0.703000
5635.001000,1.620000,0.701000
5636.001000,1.620000,0.702000
5637.001000,1.620000,0.696000
5638.001000,1.619000,0.698000
5639.001000,1.619000,0.699000
5640.001000,1.619000,0.702000
5641.001000,1.620000,0.706000
5642.001000,1.620000,0.701000
5643.001000,1.621000,0.708000
5644.001000,1.621000,0.708000
5645.001000,1.622000,0.707000
5646.001000,1.621000,0.711000
5647.001000,1.620000,0.707000
5648.001000,1.619000,0.706000
5649.001000,1.620000,0.701000
5650.001000,1.620000,0.700000
5651.001000,1.620000,0.706000
5652.001000,1.621000,0.707000
5653.001000,1.622000,0.705000
5654.001000,1.622000,0.704000
5655.001000,1.622000,0.705000
5656.001000,1.623000,0.703000
5657.001000,1.622000,0.704000
5658.001000,1.622000,0.699000
5659.001000,1.622000,0.708000
5660.001000,1.623000,0.703000
5661.001000,1.624000,0.705000
5662.001000,1.624000,0.707000
5663.001000,1.624000,0.707000
5664.001000,1.624000,0.707000
5665.001000,1.623000,0.706000
5666.001000,1.623000,0.709000
5667.001000,1.624000,0.704000
5668.001000,1.624000,0.708000
5669.001000,1.624000,0.703000
5670.001000,1.624000,0.705000
5671.001000,1.625000,0.697000
5672.001000,1.625000,0.705000
5673.001000,1.625000,0.698000
5674.001000,1.625000,0.702000
5675.001000,1.625000,0.701000
5676.001000,1.626000,0.702000
5677.001000,1.625000,0.705000
5678.001000,1.626000,0.712000
5679.001000,1.626000,0.707000
5680.001000,1.626000,0.709000
5681.001000,1.626000,0.707000
5682.001000,1.626000,0.712000
5683.001000,1.626000,0.710000
5684.001000,1.626000,0.703000
5685.001000,1.626000,0.713000
5686.001000,1.627000,0.705000
5687.001000,1.625000,0.705000
5688.001000,1.625000,0.705000
5689.001000,1.625000,0.715000
5690.001000,1.626000,0.714000
5691.001000,1.625000,0.711000
5692.001000,1.625000,0.711000
5693.001000,1.625000,0.708000
5694.001000,1.626000,0.707000
5695.001000,1.626000,0.708000
5696.001000,1.626000,0.705000
5697.001000,1.627000,0.708000
5698.001000,1.627000,0.712000
5699.001000,1.627000,0.705000
5700.001000,1.627000,0.703000
5701.001000,1.628000,0.705000
5702.001000,1.628000,0.701000
5703.001000,1.628000,0.700000
5704.001000,1.629000,0.709000
5705.001000,1.630000,0.705000
5706.001000,1.629000,0.704000
5707.001000,1.630000,0.705000
5708.001000,1.630000,0.708000
5709.001000,1.631000,0.703000
5710.001000,1.631000,0.706000
5711.001000,1.630000,0.711000
5712.001000,1.631000,0.716000
5713.001000,1.631000,0.718000
5714.001000,1.631000,0.717000
5715.001000,1.631000,0.713000
5716.001000,1.631000,0.708000
5717.001000,1.631000,0.713000
5718.001000,1.631000,0.705000
5719.001000,1.631000,0.707000
5720.001000,1.631000,0.711000
5721.001000,1.631000,0.706000
5722.001000,1.630000,0.708000
5723.001000,1.630000,0.703000
5724.001000,1.630000,0.708000
5725.001000,1.631000,0.706000
5726.001000,1.631000,0.708000
5727.001000,1.631000,0.709000
5728.001000,1.631000,0.715000
5729.001000,1.630000,0.711000
5730.001000,1.631000,0.705000
5731.001000,1.631000,0.711000
5732.001000,1.631000,0.709000
5733.001000,1.631000,0.713000
5734.001000,1.631000,0.712000
5735.001000,1.632000,0.715000
5736.001000,1.631000,0.710000
5737.001000,1.631000,0.707000
5738.001000,1.632000,0.710000
5739.001000,1.633000,0.711000
5740.001000,1.633000,0.705000
5741.001000,1.633000,0.703000
5742.001000,1.633000,0.708000
5743.001000,1.633000,0.709000
5744.001000,1.633000,0.710000
5745.001000,1.632000,0.736000
5746.001000,1.632000,0.732000
5747.001000,1.633000,0.735000
5748.001000,1.633000,0.727000
5749.001000,1.633000,0.733000
5750.001000,1.633000,0.735000
5751.001000,1.634000,0.732000
5752.001000,1.633000,0.736000
5753.001000,1.633000,0.735000
5754.001000,1.633000,0.736000
5755.001000,1.633000,0.739000
5756.001000,1.633000,0.734000
5757.001000,1.633000,0.735000
5758.001000,1.634000,0.735000
5759.001000,1.635000,0.728000
5760.001000,1.635000,0.735000
5761.001000,1.634000,0.731000
5762.001000,1.634000,0.735000
5763.001000,1.635000,0.727000
5764.001000,1.634000,0.733000
5765.001000,1.634000,0.738000
5766.001000,1.634000,0.735000
5767.001000,1.634000,0.735000
5768.001000,1.634000,0.735000
5769.001000,1.635000,0.731000
5770.001000,1.635000,0.736000
5771.001000,1.636000,0.730000
5772.001000,1.636000,0.733000
5773.001000,1.636000,0.738000
5774.001000,1.636000,0.732000
5775.001000,1.636000,0.735000
5776.001000,1.636000,0.733000
5777.001000,1.635000,0.729000
5778.001000,1.635000,0.732000
5779.001000,1.636000,0.731000
5780.001000,1.635000,0.735000
5781.001000,1.635000,0.732000
5782.001000,1.635000,0.732000
5783.001000,1.636000,0.734000
5784.001000,1.636000,0.732000
5785.001000,1.636000,0.729000
5786.001000,1.636000,0.727000
5787.001000,1.636000,0.734000
5788.001000,1.636000,0.734000
5789.001000,1.635000,0.734000
5790.001000,1.635000,0.726000
5791.001000,1.636000,0.730000
5792.001000,1.637000,0.734000
5793.001000,1.637000,0.732000
5794.001000,1.636000,0.732000
5795.001000,1.637000,0.732000
5796.001000,1.638000,0.736000
5797.001000,1.638000,0.732000
5798.001000,1.638000,0.733000
5799.001000,1.637000,0.733000
5800.001000,1.637000,0.734000
5801.001000,1.637000,0.739000
5802.001000,1.637000,0.738000
5803.001000,1.636000,0.736000
5804.001000,1.636000,0.739000
5805.001000,1.636000,0.734000
5806.001000,1.636000,0.737000
5807.001000,1.637000,0.732000
5808.001000,1.637000,0.738000
5809.001000,1.637000,0.715000
5810.001000,1.637000,0.714000
5811.001000,1.638000,0.708000
5812.001000,1.638000,0.709000
5813.001000,1.638000,0.710000
5814.001000,1.639000,0.710000
5815.001000,1.639000,0.707000
5816.001000,1.639000,0.709000
5817.001000,1.640000,0.714000
5818.001000,1.641000,0.712000
5819.001000,1.641000,0.714000
5820.001000,1.641000,0.710000
5821.001000,1.641000,0.710000
5822.001000,1.643000,0.709000
5823.001000,1.643000,0.713000
5824.001000,1.641000,0.715000
5825.001000,1.641000,0.713000
5826.001000,1.641000,0.714000
5827.001000,1.640000,0.717000
5828.001000,1.641000,0.709000
5829.001000,1.641000,0.710000
5830.001000,1.641000,0.718000
5831.001000,1.641000,0.715000
5832.001000,1.642000,0.714000
5833.001000,1.642000,0.714000
5834.001000,1.642000,0.715000
5835.001000,1.643000,0.714000
5836.001000,1.643000,0.712000
5837.001000,1.644000,0.722000
5838.001000,1.645000,0.723000
5839.001000,1.644000,0.715000
5840.001000,1.645000,0.715000
5841.001000,1.645000,0.714000
5842.001000,1.645000,0.712000
5843.001000,1.645000,0.715000
5844.001000,1.646000,0.717000
5845.001000,1.647000,0.715000
5846.001000,1.647000,0.713000
5847.001000,1.647000,0.710000
5848.001000,1.647000,0.715000
5849.001000,1.647000,0.721000
5850.001000,1.647000,0.718000
5851.001000,1.647000,0.721000
5852.001000,1.647000,0.721000
5853.001000,1.648000,0.721000
5854.001000,1.648000,0.722000
5855.001000,1.649000,0.725000
5856.001000,1.649000,0.727000
5857.001000,1.649000,0.724000
5858.001000,1.649000,0.721000
5859.001000,1.650000,0.720000
5860.001000,1.650000,0.719000
5861.001000,1.650000,0.714000
5862.001000,1.651000,0.718000
5863.001000,1.651000,0.720000
5864.001000,1.652000,0.720000
5865.001000,1.652000,0.722000
5866.001000,1.652000,0.722000
5867.001000,1.653000,0.714000
5868.001000,1.654000,0.718000
5869.001000,1.653000,0.714000
5870.001000,1.653000,0.711000
5871.001000,1.653000,0.713000
5872.001000,1.653000,0.711000
5873.001000,1.652000,0.718000
5874.001000,1.653000,0.713000
5875.001000,1.653000,0.711000
5876.001000,1.654000,0.715000
5877.001000,1.654000,0.716000
5878.001000,1.654000,0.721000
5879.001000,1.654000,0.726000
5880.001000,1.654000,0.729000
5881.001000,1.655000,0.714000
5882.001000,1.656000,0.715000
5883.001000,1.656000,0.715000
5884.001000,1.656000,0.710000
5885.001000,1.656000,0.713000
5886.001000,1.657000,0.718000
5887.001000,1.658000,0.722000
5888.001000,1.658000,0.720000
5889.001000,1.658000,0.721000
5890.001000,1.658000,0.718000
5891.001000,1.659000,0.721000
5892.001000,1.659000,0.719000
5893.001000,1.658000,0.720000
5894.001000,1.658000,0.718000
5895.001000,1.659000,0.715000
5896.001000,1.659000,0.717000
5897.001000,1.659000,0.711000
5898.001000,1.659000,0.718000
5899.001000,1.660000,0.720000
5900.001000,1.660000,0.715000
5901.001000,1.660000,0.720000
5902.001000,1.660000,0.725000
5903.001000,1.660000,0.723000
5904.001000,1.661000,0.714000
5905.001000,1.661000,0.716000
5906.001000,1.662000,0.717000
5907.001000,1.662000,0.718000
5908.001000,1.662000,0.725000
5909.001000,1.662000,0.717000
5910.001000,1.662000,0.722000
5911.001000,1.662000,0.726000
5912.001000,1.662000,0.718000
5913.001000,1.662000,0.716000
5914.001000,1.662000,0.723000
5915.001000,1.662000,0.721000
5916.001000,1.662000,0.714000
5917.001000,1.662000,0.719000
5918.001000,1.662000,0.720000
5919.001000,1.662000,0.717000
5920.001000,1.663000,0.715000
5921.001000,1.663000,0.727000
5922.001000,1.663000,0.720000
5923.001000,1.664000,0.716000
5924.001000,1.664000,0.715000
5925.001000,1.665000,0.717000
5926.001000,1.665000,0.720000
5927.001000,1.666000,0.718000
5928.001000,1.666000,0.717000
5929.001000,1.667000,0.720000
5930.001000,1.667000,0.717000
5931.001000,1.667000,0.714000
5932.001000,1.668000,0.718000
5933.001000,1.669000,0.714000
5934.001000,1.669000,0.713000
5935.001000,1.669000,0.718000
5936.001000,1.670000,0.720000
5937.001000,1.669000,0.721000
5938.001000,1.670000,0.722000
5939.001000,1.670000,0.719000
5940.001000,1.670000,0.716000
5941.001000,1.670000,0.718000
5942.001000,1.671000,0.721000
5943.001000,1.672000,0.718000
5944.001000,1.672000,0.718000
5945.001000,1.672000,0.717000
5946.001000,1.673000,0.717000
5947.001000,1.673000,0.714000
5948.001000,1.673000,0.717000
5949.001000,1.673000,0.720000
5950.001000,1.673000,0.716000
5951.001000,1.673000,0.716000
5952.001000,1.673000,0.721000
5953.001000,1.673000,0.716000
5954.001000,1.674000,0.716000
5955.001000,1.674000,0.716000
5956.001000,1.674000,0.729000
5957.001000,1.674000,0.725000
5958.001000,1.674000,0.719000
5959.001000,1.675000,0.725000
5960.001000,1.675000,0.722000
5961.001000,1.675000,0.729000
5962.001000,1.675000,0.728000
5963.001000,1.675000,0.721000
5964.001000,1.676000,0.724000
5965.001000,1.676000,0.719000
5966.001000,1.676000,0.726000
5967.001000,1.675000,0.727000
5968.001000,1.675000,0.722000
5969.001000,1.675000,0.726000
5970.001000,1.675000,0.721000
5971.001000,1.675000,0.718000
5972.001000,1.675000,0.716000
5973.001000,1.674000,0.717000
5974.001000,1.674000,0.720000
5975.001000,1.674000,0.724000
5976.001000,1.675000,0.722000
5977.001000,1.675000,0.724000
5978.001000,1.675000,0.723000
5979.001000,1.675000,0.720000
5980.001000,1.676000,0.717000
5981.001000,1.675000,0.717000
5982.001000,1.676000,0.724000
5983.001000,1.675000,0.722000
5984.001000,1.675000,0.719000
5985.001000,1.675000,0.720000
5986.001000,1.675000,0.719000
5987.001000,1.676000,0.718000
5988.001000,1.676000,0.724000
5989.001000,1.676000,0.722000
5990.001000,1.677000,0.725000
5991.001000,1.677000,0.728000
5992.001000,1.677000,0.728000
5993.001000,1.678000,0.719000
5994.001000,1.677000,0.727000
5995.001000,1.677000,0.732000
5996.001000,1.677000,0.724000
5997.001000,1.677000,0.727000
5998.001000,1.678000,0.723000
5999.001000,1.677000,0.727000
6000.001000,1.677000,0.724000
6001.001000,1.676000,0.726000
6002.001000,1.677000,0.722000
6003.001000,1.677000,0.721000
6004.001000,1.676000,0.724000
6005.001000,1.676000,0.726000
6006.001000,1.677000,0.723000
6007.001000,1.677000,0.722000
6008.001000,1.677000,0.725000
6009.001000,1.677000,0.731000
6010.001000,1.676000,0.732000
6011.001000,1.676000,0.734000
6012.001000,1.676000,0.739000
6013.001000,1.676000,0.735000
6014.001000,1.677000,0.734000
6015.001000,1.677000,0.735000
6016.001000,1.677000,0.737000
6017.001000,1.677000,0.733000
6018.001000,1.677000,0.734000
6019.001000,1.677000,0.738000
6020.001000,1.677000,0.737000
6021.001000,1.677000,0.732000
6022.001000,1.677000,0.736000
6023.001000,1.678000,0.741000
6024.001000,1.677000,0.737000
6025.001000,1.678000,0.736000
6026.001000,1.678000,0.731000
6027.001000,1.678000,0.731000
6028.001000,1.679000,0.732000
6029.001000,1.679000,0.731000
6030.001000,1.679000,0.732000
6031.001000,1.679000,0.724000
6032.001000,1.680000,0.730000
6033.001000,1.681000,0.736000
6034.001000,1.680000,0.736000
6035.001000,1.680000,0.733000
6036.001000,1.680000,0.736000
6037.001000,1.680000,0.739000
6038.001000,1.679000,0.734000
6039.001000,1.680000,0.744000
6040.001000,1.680000,0.740000
6041.001000,1.681000,0.738000
6042.001000,1.681000,0.739000
6043.001000,1.680000,0.735000
6044.001000,1.681000,0.733000
6045.001000,1.682000,0.737000
6046.001000,1.682000,0.734000
6047.001000,1.682000,0.737000
6048.001000,1.681000,0.737000
6049.001000,1.681000,0.742000
6050.001000,1.681000,0.740000
6051.001000,1.682000,0.738000
6052.001000,1.681000,0.743000
6053.001000,1.681000,0.744000
6054.001000,1.681000,0.737000
6055.001000,1.682000,0.734000
6056.001000,1.682000,0.735000
6057.001000,1.682000,0.739000
6058.001000,1.682000,0.740000
6059.001000,1.682000,0.735000
6060.001000,1.682000,0.737000
6061.001000,1.681000,0.740000
6062.001000,1.682000,0.738000
6063.001000,1.681000,0.734000
6064.001000,1.681000,0.734000
6065.001000,1.681000,0.735000
6066.001000,1.681000,0.730000
6067.001000,1.681000,0.732000
6068.001000,1.682000,0.735000
6069.001000,1.682000,0.733000
6070.001000,1.682000,0.734000
6071.001000,1.681000,0.735000
6072.001000,1.682000,0.735000
6073.001000,1.682000,0.737000
6074.001000,1.682000,0.738000
6075.001000,1.682000,0.741000
6076.001000,1.682000,0.736000
6077.001000,1.682000,0.734000
6078.001000,1.682000,0.735000
6079.001000,1.682000,0.738000
6080.001000,1.682000,0.743000
6081.001000,1.682000,0.739000
6082.001000,1.683000,0.739000
6083.001000,1.683000,0.739000
6084.001000,1.684000,0.739000
6085.001000,1.684000,0.738000
6086.001000,1.684000,0.738000
6087.001000,1.684000,0.739000
6088.001000,1.684000,0.736000
6089.001000,1.684000,0.736000
6090.001000,1.684000,0.734000
6091.001000,1.685000,0.739000
6092.001000,1.685000,0.739000
6093.001000,1.685000,0.739000
6094.001000,1.685000,0.738000
6095.001000,1.685000,0.738000
6096.001000,1.686000,0.743000
6097.001000,1.686000,0.740000
6098.001000,1.687000,0.744000
6099.001000,1.687000,0.742000
6100.001000,1.687000,0.743000
6101.001000,1.687000,0.739000
6102.001000,1.688000,0.737000
6103.001000,1.688000,0.735000
6104.001000,1.688000,0.736000
6105.001000,1.688000,0.739000
6106.001000,1.689000,0.739000
6107.001000,1.689000,0.738000
6108.001000,1.689000,0.736000
6109.001000,1.689000,0.733000
6110.001000,1.690000,0.734000
6111.001000,1.691000,0.738000
6112.001000,1.690000,0.736000
6113.001000,1.691000,0.741000
6114.001000,1.691000,0.744000
6115.001000,1.692000,0.741000
6116.001000,1.692000,0.742000
6117.001000,1.692000,0.744000
6118.001000,1.693000,0.744000
6119.001000,1.693000,0.741000
6120.001000,1.693000,0.732000
6121.001000,1.694000,0.730000
6122.001000,1.693000,0.726000
6123.001000,1.693000,0.730000
6124.001000,1.694000,0.729000
6125.001000,1.694000,0.733000
6126.001000,1.694000,0.728000
6127.001000,1.695000,0.733000
6128.001000,1.695000,0.731000
6129.001000,1.695000,0.728000
6130.001000,1.695000,0.727000
6131.001000,1.695000,0.731000
6132.001000,1.695000,0.723000
6133.001000,1.695000,0.729000
6134.001000,1.695000,0.734000
6135.001000,1.695000,0.737000
6136.001000,1.695000,0.740000
6137.001000,1.695000,0.737000
6138.001000,1.695000,0.740000
6139.001000,1.695000,0.732000
6140.001000,1.695000,0.727000
6141.001000,1.695000,0.724000
6142.001000,1.695000,0.728000
6143.001000,1.695000,0.730000
6144.001000,1.695000,0.726000
6145.001000,1.696000,0.726000
6146.001000,1.696000,0.729000
6147.001000,1.696000,0.722000
6148.001000,1.696000,0.728000
6149.001000,1.696000,0.728000
6150.001000,1.697000,0.731000
6151.001000,1.696000,0.726000
6152.001000,1.697000,0.728000
6153.001000,1.697000,0.733000
6154.001000,1.697000,0.734000
6155.001000,1.697000,0.732000
6156.001000,1.697000,0.728000
6157.001000,1.697000,0.733000
6158.001000,1.697000,0.731000
6159.001000,1.697000,0.724000
6160.001000,1.697000,0.728000
6161.001000,1.698000,0.727000
6162.001000,1.698000,0.730000
6163.001000,1.698000,0.729000
6164.001000,1.698000,0.733000
6165.001000,1.698000,0.732000
6166.001000,1.698000,0.725000
6167.001000,1.698000,0.729000
6168.001000,1.698000,0.728000
6169.001000,1.698000,0.727000
6170.001000,1.698000,0.730000
6171.001000,1.698000,0.738000
6172.001000,1.697000,0.731000
6173.001000,1.697000,0.741000
6174.001000,1.697000,0.735000
6175.001000,1.698000,0.736000
6176.001000,1.698000,0.733000
6177.001000,1.698000,0.732000
6178.001000,1.698000,0.737000
6179.001000,1.698000,0.735000
6180.001000,1.698000,0.734000
6181.001000,1.697000,0.733000
6182.001000,1.698000,0.737000
6183.001000,1.698000,0.734000
6184.001000,1.698000,0.739000
6185.001000,1.698000,0.736000
6186.001000,1.698000,0.735000
6187.001000,1.698000,0.737000
6188.001000,1.698000,0.735000
6189.001000,1.699000,0.735000
6190.001000,1.699000,0.736000
6191.001000,1.699000,0.735000
6192.001000,1.699000,0.735000
6193.001000,1.699000,0.739000
6194.001000,1.700000,0.739000
6195.001000,1.700000,0.733000
6196.001000,1.700000,0.736000
6197.001000,1.700000,0.736000
6198.001000,1.700000,0.739000
6199.001000,1.700000,0.734000
6200.001000,1.700000,0.734000
6201.001000,1.700000,0.739000
6202.001000,1.700000,0.737000
6203.001000,1.699000,0.735000
6204.001000,1.700000,0.735000
6205.001000,1.699000,0.736000
6206.001000,1.700000,0.738000
6207.001000,1.700000,0.738000
6208.001000,1.700000,0.738000
6209.001000,1.700000,0.737000
6210.001000,1.700000,0.740000
6211.001000,1.700000,0.733000
6212.001000,1.699000,0.740000
6213.001000,1.699000,0.737000
6214.001000,1.699000,0.739000
6215.001000,1.699000,0.739000
6216.001000,1.699000,0.737000
6217.001000,1.700000,0.741000
6218.001000,1.700000,0.741000
6219.001000,1.700000,0.738000
6220.001000,1.700000,0.744000
6221.001000,1.700000,0.739000
6222.001000,1.700000,0.738000
6223.001000,1.701000,0.744000
6224.001000,1.701000,0.747000
6225.001000,1.701000,0.746000
6226.001000,1.702000,0.746000
6227.001000,1.702000,0.750000
6228.001000,1.702000,0.747000
6229.001000,1.702000,0.741000
6230.001000,1.703000,0.742000
6231.001000,1.703000,0.743000
6232.001000,1.703000,0.745000
6233.001000,1.704000,0.744000
6234.001000,1.704000,0.740000
6235.001000,1.704000,0.737000
6236.001000,1.705000,0.739000
6237.001000,1.705000,0.742000
6238.001000,1.706000,0.734000
6239.001000,1.706000,0.737000
6240.001000,1.706000,0.739000
6241.001000,1.706000,0.742000
6242.001000,1.707000,0.738000
6243.001000,1.707000,0.738000
6244.001000,1.707000,0.737000
6245.001000,1.707000,0.743000
6246.001000,1.707000,0.750000
6247.001000,1.707000,0.744000
6248.001000,1.707000,0.742000
6249.001000,1.707000,0.743000
6250.001000,1.708000,0.743000
6251.001000,1.708000,0.742000
6252.001000,1.708000,0.743000
6253.001000,1.708000,0.742000
6254.001000,1.708000,0.745000
6255.001000,1.708000,0.740000
6256.001000,1.709000,0.738000
6257.001000,1.709000,0.745000
6258.001000,1.709000,0.742000
6259.001000,1.709000,0.740000
6260.001000,1.709000,0.740000
6261.001000,1.709000,0.736000
6262.001000,1.709000,0.743000
6263.001000,1.709000,0.742000
6264.001000,1.709000,0.741000
6265.001000,1.710000,0.738000
6266.001000,1.710000,0.741000
6267.001000,1.710000,0.740000
6268.001000,1.710000,0.743000
6269.001000,1.711000,0.737000
6270.001000,1.711000,0.738000
6271.001000,1.711000,0.738000
6272.001000,1.712000,0.736000
6273.001000,1.712000,0.744000
6274.001000,1.712000,0.743000
6275.001000,1.712000,0.738000
6276.001000,1.712000,0.743000
6277.001000,1.713000,0.739000
6278.001000,1.712000,0.741000
6279.001000,1.712000,0.742000
6280.001000,1.713000,0.738000
6281.001000,1.712000,0.741000
6282.001000,1.713000,0.738000
6283.001000,1.713000,0.742000
6284.001000,1.713000,0.740000
6285.001000,1.713000,0.736000
6286.001000,1.712000,0.738000
6287.001000,1.712000,0.735000
6288.001000,1.712000,0.738000
6289.001000,1.712000,0.740000
6290.001000,1.712000,0.736000
6291.001000,1.713000,0.734000
6292.001000,1.713000,0.738000
6293.001000,1.713000,0.739000
6294.001000,1.713000,0.739000
6295.001000,1.713000,0.739000
6296.001000,1.713000,0.737000
6297.001000,1.713000,0.737000
6298.001000,1.714000,0.741000
6299.001000,1.714000,0.732000
6300.001000,1.714000,0.740000
6301.001000,1.714000,0.742000
6302.001000,1.714000,0.742000
6303.001000,1.715000,0.737000
6304.001000,1.715000,0.737000
6305.001000,1.715000,0.742000
6306.001000,1.715000,0.743000
6307.001000,1.715000,0.738000
6308.001000,1.715000,0.738000
6309.001000,1.715000,0.743000
6310.001000,1.716000,0.737000
6311.001000,1.716000,0.741000
6312.001000,1.716000,0.739000
6313.001000,1.716000,0.740000
6314.001000,1.716000,0.738000
6315.001000,1.716000,0.743000
6316.001000,1.716000,0.746000
6317.001000,1.716000,0.743000
6318.001000,1.716000,0.742000
6319.001000,1.717000,0.738000
6320.001000,1.717000,0.740000
6321.001000,1.717000,0.742000
6322.001000,1.717000,0.738000
6323.001000,1.717000,0.742000
6324.001000,1.718000,0.741000
6325.001000,1.717000,0.738000
6326.001000,1.718000,0.743000
6327.001000,1.718000,0.741000
6328.001000,1.718000,0.740000
6329.001000,1.718000,0.743000
6330.001000,1.718000,0.743000
6331.001000,1.719000,0.739000
6332.001000,1.719000,0.743000
6333.001000,1.719000,0.741000
6334.001000,1.718000,0.741000
6335.001000,1.718000,0.745000
6336.001000,1.718000,0.749000
6337.001000,1.718000,0.743000
6338.001000,1.718000,0.743000
6339.001000,1.718000,0.742000
6340.001000,1.718000,0.742000
6341.001000,1.718000,0.739000
6342.001000,1.718000,0.739000
6343.001000,1.719000,0.741000
6344.001000,1.719000,0.742000
6345.001000,1.719000,0.744000
6346.001000,1.719000,0.746000
6347.001000,1.719000,0.743000
6348.001000,1.719000,0.746000
6349.001000,1.719000,0.742000
6350.001000,1.719000,0.743000
6351.001000,1.718000,0.744000
6352.001000,1.718000,0.744000
6353.001000,1.718000,0.745000
6354.001000,1.719000,0.746000
6355.001000,1.719000,0.744000
6356.001000,1.718000,0.738000
6357.001000,1.718000,0.741000
6358.001000,1.718000,0.738000
6359.001000,1.718000,0.739000
6360.001000,1.719000,0.742000
6361.001000,1.719000,0.742000
6362.001000,1.718000,0.744000
6363.001000,1.719000,0.746000
6364.001000,1.719000,0.746000
6365.001000,1.718000,0.741000
6366.001000,1.718000,0.746000
6367.001000,1.719000,0.745000
6368.001000,1.719000,0.752000
6369.001000,1.719000,0.752000
6370.001000,1.719000,0.752000
6371.001000,1.719000,0.747000
6372.001000,1.719000,0.747000
6373.001000,1.719000,0.749000
6374.001000,1.719000,0.745000
6375.001000,1.719000,0.742000
6376.001000,1.719000,0.743000
6377.001000,1.719000,0.745000
6378.001000,1.719000,0.750000
6379.001000,1.720000,0.749000
6380.001000,1.720000,0.750000
6381.001000,1.720000,0.749000
6382.001000,1.720000,0.748000
6383.001000,1.720000,0.748000
6384.001000,1.720000,0.749000
6385.001000,1.720000,0.751000
6386.001000,1.721000,0.750000
6387.001000,1.721000,0.749000
6388.001000,1.721000,0.750000
6389.001000,1.721000,0.753000
6390.001000,1.721000,0.751000
6391.001000,1.721000,0.750000
6392.001000,1.721000,0.748000
6393.001000,1.721000,0.748000
6394.001000,1.721000,0.753000
6395.001000,1.722000,0.747000
6396.001000,1.722000,0.752000
6397.001000,1.722000,0.748000
6398.001000,1.721000,0.754000
6399.001000,1.721000,0.748000
6400.001000,1.722000,0.749000
6401.001000,1.722000,0.751000
6402.001000,1.723000,0.746000
6403.001000,1.723000,0.746000
6404.001000,1.723000,0.743000
6405.001000,1.723000,0.748000
6406.001000,1.724000,0.744000
6407.001000,1.724000,0.747000
6408.001000,1.723000,0.746000
6409.001000,1.724000,0.746000
6410.001000,1.724000,0.746000
6411.001000,1.724000,0.745000
6412.001000,1.724000,0.745000
6413.001000,1.724000,0.750000
6414.001000,1.723000,0.752000
6415.001000,1.724000,0.748000
6416.001000,1.723000,0.748000
6417.001000,1.724000,0.747000
6418.001000,1.724000,0.744000
6419.001000,1.724000,0.745000
6420.001000,1.724000,0.746000
6421.001000,1.724000,0.740000
6422.001000,1.724000,0.740000
6423.001000,1.724000,0.743000
6424.001000,1.724000,0.745000
6425.001000,1.724000,0.739000
6426.001000,1.725000,0.745000
6427.001000,1.725000,0.744000
6428.001000,1.725000,0.747000
6429.001000,1.725000,0.749000
6430.001000,1.725000,0.755000
6431.001000,1.725000,0.746000
6432.001000,1.725000,0.746000
6433.001000,1.725000,0.746000
6434.001000,1.725000,0.747000
6435.001000,1.725000,0.749000
6436.001000,1.725000,0.750000
6437.001000,1.725000,0.744000
6438.001000,1.725000,0.738000
6439.001000,1.725000,0.746000
6440.001000,1.725000,0.745000
6441.001000,1.725000,0.752000
6442.001000,1.725000,0.744000
6443.001000,1.726000,0.748000
6444.001000,1.726000,0.748000
6445.001000,1.726000,0.752000
6446.001000,1.726000,0.750000
6447.001000,1.725000,0.748000
6448.001000,1.726000,0.751000
6449.001000,1.726000,0.747000
6450.001000,1.726000,0.750000
6451.001000,1.726000,0.748000
6452.001000,1.726000,0.746000
6453.001000,1.726000,0.746000
6454.001000,1.727000,0.745000
6455.001000,1.727000,0.742000
6456.001000,1.727000,0.745000
6457.001000,1.727000,0.735000
6458.001000,1.727000,0.750000
6459.001000,1.728000,0.751000
6460.001000,1.728000,0.755000
6461.001000,1.728000,0.750000
6462.001000,1.728000,0.748000
6463.001000,1.729000,0.751000
6464.001000,1.729000,0.751000
6465.001000,1.729000,0.751000
6466.001000,1.729000,0.745000
6467.001000,1.729000,0.752000
6468.001000,1.728000,0.748000
6469.001000,1.728000,0.753000
6470.001000,1.729000,0.751000
6471.001000,1.729000,0.750000
6472.001000,1.729000,0.747000
6473.001000,1.729000,0.752000
6474.001000,1.729000,0.747000
6475.001000,1.728000,0.745000
6476.001000,1.728000,0.750000
6477.001000,1.728000,0.742000
6478.001000,1.728000,0.747000
6479.001000,1.729000,0.747000
6480.001000,1.729000,0.739000
6481.001000,1.729000,0.740000
6482.001000,1.729000,0.740000
6483.001000,1.729000,0.744000
6484.001000,1.729000,0.746000
6485.001000,1.730000,0.742000
6486.001000,1.730000,0.748000
6487.001000,1.730000,0.753000
6488.001000,1.730000,0.743000
6489.001000,1.730000,0.750000
6490.001000,1.731000,0.750000
6491.001000,1.731000,0.749000
6492.001000,1.731000,0.749000
6493.001000,1.731000,0.745000
6494.001000,1.731000,0.746000
6495.001000,1.732000,0.741000
6496.001000,1.732000,0.746000
6497.001000,1.733000,0.753000
6498.001000,1.733000,0.746000
6499.001000,1.734000,0.754000
6500.001000,1.734000,0.749000
6501.001000,1.734000,0.749000
6502.001000,1.734000,0.754000
6503.001000,1.733000,0.750000
6504.001000,1.734000,0.750000
6505.001000,1.734000,0.749000
6506.001000,1.734000,0.746000
6507.001000,1.734000,0.751000
6508.001000,1.734000,0.750000
6509.001000,1.734000,0.753000
6510.001000,1.733000,0.753000
6511.001000,1.733000,0.756000
6512.001000,1.733000,0.755000
6513.001000,1.734000,0.751000
6514.001000,1.734000,0.750000
6515.001000,1.734000,0.750000
6516.001000,1.734000,0.750000
6517.001000,1.735000,0.743000
6518.001000,1.735000,0.749000
6519.001000,1.735000,0.749000
6520.001000,1.735000,0.750000
6521.001000,1.735000,0.751000
6522.001000,1.735000,0.748000
6523.001000,1.735000,0.757000
6524.001000,1.735000,0.752000
6525.001000,1.736000,0.762000
6526.001000,1.735000,0.755000
6527.001000,1.735000,0.757000
6528.001000,1.736000,0.754000
6529.001000,1.736000,0.759000
6530.001000,1.735000,0.761000
6531.001000,1.735000,0.761000
6532.001000,1.735000,0.764000
6533.001000,1.736000,0.759000
6534.001000,1.736000,0.755000
6535.001000,1.736000,0.760000
6536.001000,1.736000,0.759000
6537.001000,1.736000,0.757000
6538.001000,1.737000,0.766000
6539.001000,1.737000,0.761000
6540.001000,1.737000,0.757000
6541.001000,1.737000,0.765000
6542.001000,1.738000,0.764000
6543.001000,1.738000,0.769000
6544.001000,1.738000,0.760000
6545.001000,1.738000,0.760000
6546.001000,1.738000,0.763000
6547.001000,1.738000,0.760000
6548.001000,1.738000,0.759000
6549.001000,1.738000,0.765000
6550.001000,1.738000,0.763000
6551.001000,1.739000,0.756000
6552.001000,1.739000,0.767000
6553.001000,1.739000,0.760000
6554.001000,1.739000,0.764000
6555.001000,1.739000,0.764000
6556.001000,1.739000,0.762000
6557.001000,1.740000,0.761000
6558.001000,1.740000,0.767000
6559.001000,1.740000,0.766000
6560.001000,1.740000,0.770000
6561.001000,1.740000,0.765000
6562.001000,1.740000,0.763000
6563.001000,1.740000,0.758000
6564.001000,1.740000,0.760000
6565.001000,1.740000,0.759000
6566.001000,1.740000,0.764000
6567.001000,1.739000,0.764000
6568.001000,1.740000,0.760000
6569.001000,1.740000,0.757000
6570.001000,1.740000,0.755000
6571.001000,1.741000,0.758000
6572.001000,1.741000,0.767000
6573.001000,1.741000,0.762000
6574.001000,1.741000,0.761000
6575.001000,1.741000,0.763000
6576.001000,1.741000,0.763000
6577.001000,1.741000,0.760000
6578.001000,1.741000,0.762000
6579.001000,1.742000,0.762000
6580.001000,1.742000,0.767000
6581.001000,1.742000,0.765000
6582.001000,1.742000,0.764000
6583.001000,1.742000,0.766000
6584.001000,1.742000,0.766000
6585.001000,1.742000,0.764000
6586.001000,1.742000,0.764000
6587.001000,1.742000,0.759000
6588.001000,1.742000,0.765000
6589.001000,1.742000,0.761000
6590.001000,1.743000,0.765000
6591.001000,1.743000,0.763000
6592.001000,1.743000,0.767000
6593.001000,1.743000,0.763000
6594.001000,1.743000,0.763000
6595.001000,1.743000,0.767000
6596.001000,1.743000,0.766000
6597.001000,1.744000,0.766000
6598.001000,1.744000,0.768000
6599.001000,1.744000,0.769000
6600.001000,1.744000,0.761000
6601.001000,1.744000,0.763000
6602.001000,1.744000,0.767000
6603.001000,1.744000,0.771000
6604.001000,1.744000,0.762000
6605.001000,1.744000,0.764000
6606.001000,1.744000,0.762000
6607.001000,1.744000,0.766000
6608.001000,1.745000,0.764000
6609.001000,1.745000,0.766000
6610.001000,1.745000,0.763000
6611.001000,1.745000,0.758000
6612.001000,1.745000,0.762000
6613.001000,1.746000,0.764000
6614.001000,1.746000,0.763000
6615.001000,1.746000,0.761000
6616.001000,1.747000,0.765000
6617.001000,1.747000,0.763000
6618.001000,1.748000,0.760000
6619.001000,1.748000,0.755000
6620.001000,1.748000,0.757000
6621.001000,1.749000,0.759000
6622.001000,1.749000,0.755000
6623.001000,1.749000,0.759000
6624.001000,1.750000,0.760000
6625.001000,1.750000,0.755000
6626.001000,1.750000,0.749000
6627.001000,1.750000,0.758000
6628.001000,1.750000,0.759000
6629.001000,1.750000,0.762000
6630.001000,1.750000,0.758000
6631.001000,1.751000,0.760000
6632.001000,1.750000,0.756000
6633.001000,1.750000,0.757000
6634.001000,1.750000,0.759000
6635.001000,1.751000,0.759000
6636.001000,1.751000,0.753000
6637.001000,1.751000,0.755000
6638.001000,1.751000,0.759000
6639.001000,1.751000,0.763000
6640.001000,1.751000,0.761000
6641.001000,1.751000,0.761000
6642.001000,1.751000,0.758000
6643.001000,1.751000,0.756000
6644.001000,1.751000,0.763000
6645.001000,1.751000,0.758000
6646.001000,1.751000,0.764000
6647.001000,1.751000,0.764000
6648.001000,1.751000,0.762000
6649.001000,1.752000,0.769000
6650.001000,1.752000,0.761000
6651.001000,1.752000,0.762000
6652.001000,1.752000,0.765000
6653.001000,1.751000,0.759000
6654.001000,1.752000,0.760000
6655.001000,1.752000,0.761000
6656.001000,1.752000,0.757000
6657.001000,1.752000,0.760000
6658.001000,1.752000,0.759000
6659.001000,1.752000,0.756000
6660.001000,1.752000,0.760000
6661.001000,1.752000,0.760000
6662.001000,1.752000,0.754000
6663.001000,1.752000,0.761000
6664.001000,1.752000,0.760000
6665.001000,1.752000,0.767000
6666.001000,1.752000,0.761000
6667.001000,1.752000,0.763000
6668.001000,1.752000,0.765000
6669.001000,1.752000,0.767000
6670.001000,1.753000,0.758000
6671.001000,1.753000,0.768000
6672.001000,1.753000,0.767000
6673.001000,1.753000,0.772000
6674.001000,1.753000,0.768000
6675.001000,1.754000,0.767000
6676.001000,1.754000,0.766000
6677.001000,1.754000,0.771000
6678.001000,1.754000,0.775000
6679.001000,1.754000,0.769000
6680.001000,1.754000,0.773000
6681.001000,1.754000,0.771000
6682.001000,1.754000,0.768000
6683.001000,1.754000,0.774000
6684.001000,1.755000,0.774000
6685.001000,1.754000,0.769000
6686.001000,1.755000,0.768000
6687.001000,1.755000,0.774000
6688.001000,1.755000,0.776000
6689.001000,1.754000,0.768000
6690.001000,1.754000,0.767000
6691.001000,1.754000,0.764000
6692.001000,1.754000,0.768000
6693.001000,1.754000,0.771000
6694.001000,1.755000,0.769000
6695.001000,1.755000,0.762000
6696.001000,1.755000,0.768000
6697.001000,1.755000,0.764000
6698.001000,1.755000,0.769000
6699.001000,1.755000,0.767000
6700.001000,1.755000,0.767000
6701.001000,1.755000,0.771000
6702.001000,1.755000,0.772000
6703.001000,1.755000,0.768000
6704.001000,1.756000,0.766000
6705.001000,1.756000,0.763000
6706.001000,1.756000,0.766000
6707.001000,1.756000,0.765000
6708.001000,1.756000,0.767000
6709.001000,1.755000,0.764000
6710.001000,1.755000,0.763000
6711.001000,1.755000,0.767000
6712.001000,1.755000,0.770000
6713.001000,1.755000,0.769000
6714.001000,1.755000,0.768000
6715.001000,1.756000,0.769000
6716.001000,1.756000,0.765000
6717.001000,1.756000,0.772000
6718.001000,1.756000,0.770000
6719.001000,1.756000,0.771000
6720.001000,1.757000,0.773000
6721.001000,1.757000,0.770000
6722.001000,1.757000,0.772000
6723.001000,1.757000,0.774000
6724.001000,1.757000,0.766000
6725.001000,1.758000,0.770000
6726.001000,1.758000,0.774000
6727.001000,1.758000,0.768000
6728.001000,1.759000,0.771000
6729.001000,1.759000,0.773000
6730.001000,1.759000,0.774000
6731.001000,1.759000,0.769000
6732.001000,1.759000,0.766000
6733.001000,1.759000,0.772000
6734.001000,1.759000,0.774000
6735.001000,1.759000,0.768000
6736.001000,1.759000,0.772000
6737.001000,1.759000,0.771000
6738.001000,1.759000,0.767000
6739.001000,1.759000,0.775000
6740.001000,1.760000,0.766000
6741.001000,1.760000,0.773000
6742.001000,1.760000,0.770000
6743.001000,1.760000,0.772000
6744.001000,1.760000,0.775000
6745.001000,1.761000,0.773000
6746.001000,1.761000,0.768000
6747.001000,1.761000,0.766000
6748.001000,1.761000,0.775000
6749.001000,1.761000,0.775000
6750.001000,1.761000,0.778000
6751.001000,1.762000,0.770000
6752.001000,1.762000,0.774000
6753.001000,1.762000,0.773000
6754.001000,1.762000,0.776000
6755.001000,1.762000,0.771000
6756.001000,1.763000,0.777000
6757.001000,1.763000,0.775000
6758.001000,1.763000,0.767000
6759.001000,1.763000,0.772000
6760.001000,1.764000,0.776000
6761.001000,1.764000,0.773000
6762.001000,1.763000,0.774000
6763.001000,1.763000,0.768000
6764.001000,1.764000,0.772000
6765.001000,1.764000,0.771000
6766.001000,1.764000,0.761000
6767.001000,1.764000,0.765000
6768.001000,1.764000,0.765000
6769.001000,1.764000,0.767000
6770.001000,1.765000,0.761000
6771.001000,1.765000,0.766000
6772.001000,1.765000,0.768000
6773.001000,1.765000,0.773000
6774.001000,1.765000,0.769000
6775.001000,1.766000,0.780000
6776.001000,1.766000,0.769000
6777.001000,1.765000,0.771000
6778.001000,1.765000,0.778000
6779.001000,1.766000,0.774000
6780.001000,1.766000,0.779000
6781.001000,1.766000,0.776000
6782.001000,1.766000,0.768000
6783.001000,1.766000,0.773000
6784.001000,1.766000,0.776000
6785.001000,1.766000,0.773000
6786.001000,1.767000,0.776000
6787.001000,1.767000,0.773000
6788.001000,1.767000,0.775000
6789.001000,1.767000,0.774000
6790.001000,1.767000,0.775000
6791.001000,1.767000,0.777000
6792.001000,1.767000,0.768000
6793.001000,1.767000,0.774000
6794.001000,1.767000,0.774000
6795.001000,1.767000,0.770000
6796.001000,1.767000,0.769000
6797.001000,1.767000,0.771000
6798.001000,1.767000,0.773000
6799.001000,1.767000,0.768000
6800.001000,1.768000,0.765000
6801.001000,1.768000,0.770000
6802.001000,1.768000,0.771000
6803.001000,1.769000,0.774000
6804.001000,1.769000,0.771000
6805.001000,1.769000,0.762000
6806.001000,1.769000,0.768000
6807.001000,1.770000,0.765000
6808.001000,1.770000,0.771000
6809.001000,1.770000,0.767000
6810.001000,1.770000,0.775000
6811.001000,1.770000,0.771000
6812.001000,1.770000,0.772000
6813.001000,1.770000,0.774000
6814.001000,1.770000,0.768000
6815.001000,1.769000,0.769000
6816.001000,1.769000,0.768000
6817.001000,1.769000,0.764000
6818.001000,1.770000,0.770000
6819.001000,1.770000,0.770000
6820.001000,1.769000,0.766000
6821.001000,1.769000,0.768000
6822.001000,1.770000,0.767000
6823.001000,1.770000,0.770000
6824.001000,1.770000,0.768000
6825.001000,1.770000,0.768000
6826.001000,1.769000,0.769000
6827.001000,1.768000,0.769000
6828.001000,1.768000,0.769000
6829.001000,1.769000,0.773000
6830.001000,1.768000,0.774000
6831.001000,1.769000,0.775000
6832.001000,1.768000,0.769000
6833.001000,1.767000,0.769000
6834.001000,1.767000,0.775000
6835.001000,1.768000,0.771000
6836.001000,1.768000,0.769000
6837.001000,1.768000,0.769000
6838.001000,1.768000,0.770000
6839.001000,1.768000,0.766000
6840.001000,1.769000,0.772000
6841.001000,1.769000,0.770000
6842.001000,1.768000,0.769000
6843.001000,1.768000,0.770000
6844.001000,1.768000,0.769000
6845.001000,1.768000,0.770000
6846.001000,1.768000,0.767000
6847.001000,1.768000,0.777000
6848.001000,1.768000,0.768000
6849.001000,1.769000,0.767000
6850.001000,1.769000,0.770000
6851.001000,1.770000,0.770000
6852.001000,1.770000,0.773000
6853.001000,1.771000,0.767000
6854.001000,1.771000,0.773000
6855.001000,1.771000,0.769000
6856.001000,1.771000,0.769000
6857.001000,1.771000,0.771000
6858.001000,1.771000,0.779000
6859.001000,1.770000,0.767000
6860.001000,1.770000,0.773000
6861.001000,1.770000,0.773000
6862.001000,1.770000,0.771000
6863.001000,1.770000,0.771000
6864.001000,1.770000,0.771000
6865.001000,1.770000,0.770000
6866.001000,1.771000,0.777000
6867.001000,1.771000,0.777000
6868.001000,1.771000,0.773000
6869.001000,1.770000,0.777000
6870.001000,1.770000,0.773000
6871.001000,1.770000,0.768000
6872.001000,1.770000,0.763000
6873.001000,1.770000,0.769000
6874.001000,1.770000,0.770000
6875.001000,1.770000,0.772000
6876.001000,1.770000,0.771000
6877.001000,1.770000,0.773000
6878.001000,1.770000,0.771000
6879.001000,1.771000,0.773000
6880.001000,1.771000,0.778000
6881.001000,1.771000,0.768000
6882.001000,1.772000,0.770000
6883.001000,1.772000,0.773000
6884.001000,1.772000,0.776000
6885.001000,1.772000,0.775000
6886.001000,1.772000,0.775000
6887.001000,1.772000,0.772000
6888.001000,1.773000,0.774000
6889.001000,1.773000,0.781000
6890.001000,1.773000,0.782000
6891.001000,1.773000,0.784000
6892.001000,1.774000,0.778000
6893.001000,1.774000,0.776000
6894.001000,1.774000,0.773000
6895.001000,1.774000,0.767000
6896.001000,1.774000,0.773000
6897.001000,1.774000,0.773000
6898.001000,1.774000,0.776000
6899.001000,1.774000,0.769000
6900.001000,1.774000,0.770000
6901.001000,1.774000,0.771000
6902.001000,1.775000,0.773000
6903.001000,1.775000,0.777000
6904.001000,1.774000,0.774000
6905.001000,1.775000,0.772000
6906.001000,1.773000,0.769000
6907.001000,1.773000,0.774000
6908.001000,1.772000,0.773000
6909.001000,1.773000,0.770000
6910.001000,1.773000,0.769000
6911.001000,1.774000,0.774000
6912.001000,1.774000,0.770000
6913.001000,1.774000,0.773000
6914.001000,1.774000,0.772000
6915.001000,1.775000,0.773000
6916.001000,1.775000,0.771000
6917.001000,1.775000,0.769000
6918.001000,1.774000,0.772000
6919.001000,1.774000,0.771000
6920.001000,1.773000,0.768000
6921.001000,1.773000,0.772000
6922.001000,1.773000,0.769000
6923.001000,1.773000,0.772000
6924.001000,1.774000,0.768000
6925.001000,1.774000,0.771000
6926.001000,1.774000,0.774000
6927.001000,1.774000,0.772000
6928.001000,1.774000,0.770000
6929.001000,1.775000,0.770000
6930.001000,1.775000,0.772000
6931.001000,1.776000,0.772000
6932.001000,1.776000,0.771000
6933.001000,1.776000,0.774000
6934.001000,1.776000,0.775000
6935.001000,1.776000,0.776000
6936.001000,1.777000,0.771000
6937.001000,1.777000,0.774000
6938.001000,1.777000,0.766000
6939.001000,1.778000,0.777000
6940.001000,1.778000,0.772000
6941.001000,1.778000,0.775000
6942.001000,1.778000,0.773000
6943.001000,1.778000,0.771000
6944.001000,1.779000,0.772000
6945.001000,1.779000,0.775000
6946.001000,1.779000,0.775000
6947.001000,1.779000,0.774000
6948.001000,1.779000,0.774000
6949.001000,1.778000,0.775000
6950.001000,1.778000,0.781000
6951.001000,1.778000,0.774000
6952.001000,1.778000,0.781000
6953.001000,1.778000,0.780000
6954.001000,1.778000,0.778000
6955.001000,1.779000,0.776000
6956.001000,1.779000,0.780000
6957.001000,1.779000,0.772000
6958.001000,1.779000,0.774000
6959.001000,1.779000,0.765000
6960.001000,1.779000,0.776000
6961.001000,1.780000,0.775000
6962.001000,1.779000,0.771000
6963.001000,1.779000,0.779000
6964.001000,1.780000,0.777000
6965.001000,1.780000,0.780000
6966.001000,1.780000,0.780000
6967.001000,1.780000,0.778000
6968.001000,1.781000,0.777000
6969.001000,1.781000,0.783000
6970.001000,1.781000,0.780000
6971.001000,1.782000,0.778000
6972.001000,1.782000,0.778000
6973.001000,1.782000,0.780000
6974.001000,1.782000,0.777000
6975.001000,1.782000,0.779000
6976.001000,1.783000,0.779000
6977.001000,1.783000,0.778000
6978.001000,1.783000,0.776000
6979.001000,1.783000,0.771000
6980.001000,1.784000,0.773000
6981.001000,1.784000,0.773000
6982.001000,1.785000,0.773000
6983.001000,1.785000,0.776000
6984.001000,1.785000,0.780000
6985.001000,1.785000,0.778000
6986.001000,1.785000,0.778000
6987.001000,1.785000,0.783000
6988.001000,1.786000,0.775000
6989.001000,1.786000,0.778000
6990.001000,1.786000,0.774000
6991.001000,1.786000,0.775000
6992.001000,1.786000,0.780000
6993.001000,1.786000,0.775000
6994.001000,1.785000,0.776000
6995.001000,1.785000,0.775000
6996.001000,1.785000,0.776000
6997.001000,1.784000,0.773000
6998.001000,1.785000,0.779000
6999.001000,1.785000,0.776000
7000.001000,1.785000,0.773000
7001.001000,1.785000,0.781000
7002.001000,1.785000,0.778000
7003.001000,1.785000,0.779000
7004.001000,1.785000,0.776000
7005.001000,1.785000,0.778000
7006.001000,1.785000,0.773000
7007.001000,1.786000,0.774000
7008.001000,1.786000,0.778000
7009.001000,1.786000,0.772000
7010.001000,1.786000,0.778000
7011.001000,1.787000,0.781000
7012.001000,1.787000,0.775000
7013.001000,1.787000,0.777000
7014.001000,1.787000,0.779000
7015.001000,1.787000,0.781000
7016.001000,1.788000,0.780000
7017.001000,1.787000,0.778000
7018.001000,1.787000,0.778000
7019.001000,1.787000,0.781000
7020.001000,1.787000,0.784000
7021.001000,1.787000,0.783000
7022.001000,1.788000,0.778000
7023.001000,1.788000,0.777000
7024.001000,1.788000,0.780000
7025.001000,1.788000,0.773000
7026.001000,1.787000,0.782000
7027.001000,1.787000,0.780000
7028.001000,1.787000,0.779000
7029.001000,1.787000,0.776000
7030.001000,1.788000,0.772000
7031.001000,1.788000,0.774000
7032.001000,1.788000,0.778000
7033.001000,1.788000,0.777000
7034.001000,1.788000,0.775000
7035.001000,1.787000,0.779000
7036.001000,1.787000,0.776000
7037.001000,1.787000,0.776000
7038.001000,1.787000,0.779000
7039.001000,1.788000,0.774000
7040.001000,1.788000,0.769000
7041.001000,1.788000,0.773000
7042.001000,1.788000,0.778000
7043.001000,1.788000,0.778000
7044.001000,1.788000,0.770000
7045.001000,1.788000,0.774000
7046.001000,1.788000,0.774000
7047.001000,1.789000,0.778000
7048.001000,1.789000,0.776000
7049.001000,1.789000,0.776000
7050.001000,1.789000,0.773000
7051.001000,1.789000,0.773000
7052.001000,1.790000,0.770000
7053.001000,1.790000,0.771000
7054.001000,1.790000,0.771000
7055.001000,1.790000,0.771000
7056.001000,1.790000,0.778000
7057.001000,1.790000,0.773000
7058.001000,1.790000,0.768000
7059.001000,1.789000,0.774000
7060.001000,1.790000,0.773000
7061.001000,1.789000,0.778000
7062.001000,1.789000,0.775000
7063.001000,1.789000,0.773000
7064.001000,1.790000,0.775000
7065.001000,1.789000,0.776000
7066.001000,1.789000,0.775000
7067.001000,1.790000,0.775000
7068.001000,1.790000,0.774000
7069.001000,1.790000,0.773000
7070.001000,1.791000,0.777000
7071.001000,1.791000,0.772000
7072.001000,1.790000,0.775000
7073.001000,1.790000,0.779000
7074.001000,1.789000,0.783000
7075.001000,1.789000,0.775000
7076.001000,1.788000,0.779000
7077.001000,1.789000,0.781000
7078.001000,1.789000,0.775000
7079.001000,1.789000,0.772000
7080.001000,1.789000,0.775000
7081.001000,1.789000,0.776000
7082.001000,1.789000,0.783000
7083.001000,1.789000,0.779000
7084.001000,1.789000,0.778000
7085.001000,1.788000,0.779000
7086.001000,1.789000,0.772000
7087.001000,1.788000,0.776000
7088.001000,1.789000,0.777000
7089.001000,1.788000,0.784000
7090.001000,1.788000,0.775000
7091.001000,1.788000,0.781000
7092.001000,1.788000,0.775000
7093.001000,1.788000,0.773000
7094.001000,1.788000,0.779000
7095.001000,1.789000,0.776000
7096.001000,1.789000,0.779000
7097.001000,1.788000,0.780000
7098.001000,1.788000,0.781000
7099.001000,1.787000,0.779000
7100.001000,1.788000,0.773000
7101.001000,1.788000,0.772000
7102.001000,1.788000,0.772000
7103.001000,1.788000,0.772000
7104.001000,1.788000,0.768000
7105.001000,1.788000,0.773000
7106.001000,1.788000,0.770000
7107.001000,1.788000,0.774000
7108.001000,1.788000,0.778000
7109.001000,1.789000,0.777000
7110.001000,1.789000,0.783000
7111.001000,1.789000,0.776000
7112.001000,1.789000,0.767000
7113.001000,1.789000,0.784000
7114.001000,1.789000,0.774000
7115.001000,1.789000,0.778000
7116.001000,1.789000,0.772000
7117.001000,1.789000,0.777000
7118.001000,1.790000,0.780000
7119.001000,1.790000,0.775000
7120.001000,1.789000,0.779000
7121.001000,1.789000,0.785000
7122.001000,1.789000,0.787000
7123.001000,1.789000,0.785000
7124.001000,1.789000,0.789000
7125.001000,1.789000,0.790000
7126.001000,1.789000,0.788000
7127.001000,1.789000,0.788000
7128.001000,1.788000,0.786000
7129.001000,1.789000,0.790000
7130.001000,1.789000,0.782000
7131.001000,1.789000,0.785000
7132.001000,1.788000,0.780000
7133.001000,1.788000,0.782000
7134.001000,1.789000,0.782000
7135.001000,1.789000,0.778000
7136.001000,1.789000,0.772000
7137.001000,1.789000,0.773000
7138.001000,1.789000,0.769000
7139.001000,1.789000,0.771000
7140.001000,1.789000,0.786000
7141.001000,1.789000,0.783000
7142.001000,1.790000,0.780000
7143.001000,1.790000,0.780000
7144.001000,1.790000,0.781000
7145.001000,1.790000,0.790000
7146.001000,1.790000,0.787000
7147.001000,1.790000,0.788000
7148.001000,1.790000,0.788000
7149.001000,1.790000,0.789000
7150.001000,1.790000,0.789000
7151.001000,1.791000,0.787000
7152.001000,1.791000,0.784000
7153.001000,1.791000,0.786000
7154.001000,1.791000,0.783000
7155.001000,1.791000,0.785000
7156.001000,1.791000,0.786000
7157.001000,1.792000,0.786000
7158.001000,1.791000,0.783000
7159.001000,1.791000,0.783000
7160.001000,1.791000,0.785000
7161.001000,1.791000,0.787000
7162.001000,1.791000,0.784000
7163.001000,1.791000,0.787000
7164.001000,1.792000,0.782000
7165.001000,1.792000,0.789000
7166.001000,1.792000,0.781000
7167.001000,1.792000,0.786000
7168.001000,1.792000,0.788000
7169.001000,1.791000,0.782000
7170.001000,1.792000,0.785000
7171.001000,1.792000,0.788000
7172.001000,1.792000,0.787000
7173.001000,1.792000,0.792000
7174.001000,1.792000,0.788000
7175.001000,1.793000,0.787000
7176.001000,1.793000,0.789000
7177.001000,1.793000,0.785000
7178.001000,1.792000,0.786000
7179.001000,1.793000,0.789000
7180.001000,1.793000,0.790000
7181.001000,1.793000,0.785000
7182.001000,1.793000,0.784000
7183.001000,1.793000,0.783000
7184.001000,1.794000,0.783000
7185.001000,1.794000,0.786000
7186.001000,1.794000,0.785000
7187.001000,1.794000,0.787000
7188.001000,1.794000,0.783000
7189.001000,1.794000,0.782000
7190.001000,1.794000,0.784000
7191.001000,1.794000,0.785000
7192.001000,1.794000,0.782000
7193.001000,1.795000,0.783000
7194.001000,1.794000,0.783000
7195.001000,1.795000,0.781000
7196.001000,1.794000,0.783000
7197.001000,1.794000,0.784000
7198.001000,1.794000,0.785000
7199.001000,1.794000,0.781000
7200.001000,1.793000,0.780000
7201.001000,1.793000,0.781000
7202.001000,1.794000,0.782000
7203.001000,1.794000,0.785000
7204.001000,1.794000,0.788000
7205.001000,1.793000,0.783000
7206.001000,1.794000,0.785000
7207.001000,1.794000,0.784000
7208.001000,1.794000,0.781000
7209.001000,1.794000,0.778000
7210.001000,1.794000,0.775000
7211.001000,1.794000,0.778000
7212.001000,1.794000,0.783000
7213.001000,1.794000,0.781000
7214.001000,1.795000,0.781000
7215.001000,1.795000,0.780000
7216.001000,1.794000,0.784000
7217.001000,1.793000,0.785000
7218.001000,1.794000,0.783000
7219.001000,1.795000,0.786000
7220.001000,1.795000,0.785000
7221.001000,1.795000,0.784000
7222.001000,1.796000,0.786000
7223.001000,1.796000,0.783000
7224.001000,1.796000,0.787000
7225.001000,1.796000,0.787000
7226.001000,1.796000,0.787000
7227.001000,1.796000,0.789000
7228.001000,1.796000,0.786000
7229.001000,1.797000,0.783000
7230.001000,1.796000,0.789000
7231.001000,1.796000,0.779000
7232.001000,1.796000,0.783000
7233.001000,1.796000,0.789000
7234.001000,1.797000,0.785000
7235.001000,1.796000,0.783000
7236.001000,1.797000,0.782000
7237.001000,1.797000,0.781000
7238.001000,1.797000,0.782000
7239.001000,1.796000,0.781000
7240.001000,1.796000,0.784000
7241.001000,1.796000,0.789000
7242.001000,1.796000,0.786000
7243.001000,1.796000,0.787000
7244.001000,1.797000,0.785000
7245.001000,1.797000,0.785000
7246.001000,1.797000,0.786000
7247.001000,1.798000,0.787000
7248.001000,1.797000,0.787000
7249.001000,1.797000,0.793000
7250.001000,1.798000,0.795000
7251.001000,1.798000,0.787000
7252.001000,1.798000,0.790000
7253.001000,1.798000,0.790000
7254.001000,1.798000,0.790000
7255.001000,1.799000,0.790000
7256.001000,1.799000,0.787000
7257.001000,1.799000,0.793000
7258.001000,1.799000,0.790000
7259.001000,1.800000,0.789000
7260.001000,1.800000,0.793000
7261.001000,1.800000,0.795000
7262.001000,1.800000,0.791000
7263.001000,1.801000,0.791000
7264.001000,1.801000,0.796000
7265.001000,1.801000,0.795000
7266.001000,1.801000,0.795000
7267.001000,1.801000,0.798000
7268.001000,1.801000,0.791000
7269.001000,1.801000,0.790000
7270.001000,1.801000,0.789000
7271.001000,1.801000,0.790000
7272.001000,1.801000,0.793000
7273.001000,1.801000,0.794000
7274.001000,1.801000,0.791000
7275.001000,1.801000,0.786000
7276.001000,1.801000,0.792000
7277.001000,1.801000,0.791000
7278.001000,1.801000,0.794000
7279.001000,1.801000,0.792000
7280.001000,1.801000,0.790000
7281.001000,1.800000,0.787000
7282.001000,1.800000,0.781000
7283.001000,1.801000,0.777000
7284.001000,1.800000,0.777000
7285.001000,1.801000,0.775000
7286.001000,1.801000,0.771000
7287.001000,1.801000,0.776000
7288.001000,1.801000,0.779000
7289.001000,1.802000,0.777000
7290.001000,1.801000,0.779000
7291.001000,1.801000,0.778000
7292.001000,1.802000,0.791000
7293.001000,1.802000,0.799000
7294.001000,1.802000,0.795000
7295.001000,1.803000,0.800000
7296.001000,1.803000,0.795000
7297.001000,1.803000,0.797000
7298.001000,1.803000,0.801000
7299.001000,1.803000,0.797000
7300.001000,1.803000,0.798000
7301.001000,1.803000,0.796000
7302.001000,1.803000,0.787000
7303.001000,1.804000,0.790000
7304.001000,1.804000,0.784000
7305.001000,1.804000,0.780000
7306.001000,1.803000,0.783000
7307.001000,1.803000,0.779000
7308.001000,1.803000,0.778000
7309.001000,1.803000,0.778000
7310.001000,1.803000,0.782000
7311.001000,1.803000,0.787000
7312.001000,1.803000,0.782000
7313.001000,1.803000,0.795000
7314.001000,1.803000,0.786000
7315.001000,1.803000,0.786000
7316.001000,1.803000,0.785000
7317.001000,1.804000,0.788000
7318.001000,1.804000,0.784000
7319.001000,1.804000,0.793000
7320.001000,1.804000,0.792000
7321.001000,1.805000,0.791000
7322.001000,1.805000,0.785000
7323.001000,1.805000,0.796000
7324.001000,1.805000,0.801000
7325.001000,1.806000,0.797000
7326.001000,1.806000,0.799000
7327.001000,1.805000,0.794000
7328.001000,1.805000,0.799000
7329.001000,1.805000,0.790000
7330.001000,1.805000,0.782000
7331.001000,1.805000,0.782000
7332.001000,1.805000,0.798000
7333.001000,1.802000,0.797000
7334.001000,1.802000,0.800000
7335.001000,1.803000,0.794000
7336.001000,1.802000,0.796000
7337.001000,1.802000,0.795000
7338.001000,1.803000,0.793000
7339.001000,1.803000,0.794000
7340.001000,1.802000,0.796000
7341.001000,1.803000,0.794000
7342.001000,1.803000,0.789000
7343.001000,1.803000,0.791000
7344.001000,1.803000,0.794000
7345.001000,1.803000,0.782000
7346.001000,1.803000,0.782000
7347.001000,1.803000,0.780000
7348.001000,1.802000,0.785000
7349.001000,1.803000,0.779000
7350.001000,1.802000,0.775000
7351.001000,1.802000,0.786000
7352.001000,1.802000,0.781000
7353.001000,1.801000,0.780000
7354.001000,1.801000,0.776000
7355.001000,1.801000,0.779000
7356.001000,1.802000,0.782000
7357.001000,1.802000,0.782000
7358.001000,1.802000,0.774000
7359.001000,1.802000,0.780000
7360.001000,1.802000,0.780000
7361.001000,1.802000,0.787000
7362.001000,1.801000,0.787000
7363.001000,1.802000,0.777000
7364.001000,1.802000,0.784000
7365.001000,1.802000,0.776000
7366.001000,1.803000,0.776000
7367.001000,1.803000,0.778000
7368.001000,1.803000,0.781000
7369.001000,1.803000,0.782000
7370.001000,1.803000,0.776000
7371.001000,1.804000,0.771000
7372.001000,1.804000,0.776000
7373.001000,1.804000,0.774000
7374.001000,1.803000,0.774000
7375.001000,1.802000,0.775000
7376.001000,1.802000,0.779000
7377.001000,1.802000,0.782000
7378.001000,1.801000,0.779000
7379.001000,1.802000,0.786000
7380.001000,1.802000,0.788000
7381.001000,1.802000,0.789000
7382.001000,1.802000,0.785000
7383.001000,1.802000,0.792000
7384.001000,1.802000,0.801000
7385.001000,1.802000,0.799000
7386.001000,1.803000,0.803000
7387.001000,1.802000,0.795000
7388.001000,1.802000,0.789000
7389.001000,1.803000,0.789000
7390.001000,1.803000,0.792000
7391.001000,1.803000,0.793000
7392.001000,1.803000,0.790000
7393.001000,1.804000,0.788000
7394.001000,1.804000,0.794000
7395.001000,1.804000,0.774000
7396.001000,1.804000,0.784000
7397.001000,1.804000,0.781000
7398.001000,1.804000,0.777000
7399.001000,1.804000,0.778000
7400.001000,1.804000,0.776000
7401.001000,1.804000,0.778000
7402.001000,1.804000,0.776000
7403.001000,1.804000,0.776000
7404.001000,1.804000,0.774000
7405.001000,1.804000,0.778000
7406.001000,1.804000,0.770000
7407.001000,1.804000,0.772000
7408.001000,1.805000,0.776000
7409.001000,1.804000,0.780000
7410.001000,1.804000,0.784000
7411.001000,1.803000,0.781000
7412.001000,1.804000,0.777000
7413.001000,1.804000,0.773000
7414.001000,1.804000,0.782000
7415.001000,1.805000,0.785000
7416.001000,1.805000,0.780000
7417.001000,1.805000,0.786000
7418.001000,1.806000,0.783000
7419.001000,1.806000,0.793000
7420.001000,1.806000,0.786000
7421.001000,1.807000,0.780000
7422.001000,1.807000,0.779000
7423.001000,1.807000,0.778000
7424.001000,1.808000,0.783000
7425.001000,1.808000,0.780000
7426.001000,1.808000,0.782000
7427.001000,1.808000,0.787000
7428.001000,1.808000,0.787000
7429.001000,1.808000,0.786000
7430.001000,1.808000,0.790000
7431.001000,1.808000,0.778000
7432.001000,1.808000,0.784000
7433.001000,1.808000,0.782000
7434.001000,1.808000,0.786000
7435.001000,1.808000,0.783000
7436.001000,1.807000,0.783000
7437.001000,1.807000,0.781000
7438.001000,1.808000,0.779000
7439.001000,1.808000,0.779000
7440.001000,1.808000,0.777000
7441.001000,1.808000,0.784000
7442.001000,1.808000,0.777000
7443.001000,1.808000,0.777000
7444.001000,1.808000,0.777000
7445.001000,1.808000,0.771000
7446.001000,1.808000,0.780000
7447.001000,1.808000,0.782000
7448.001000,1.809000,0.787000
7449.001000,1.809000,0.791000
7450.001000,1.809000,0.783000
7451.001000,1.809000,0.784000
7452.001000,1.810000,0.787000
7453.001000,1.810000,0.782000
7454.001000,1.809000,0.786000
7455.001000,1.810000,0.786000
7456.001000,1.810000,0.778000
7457.001000,1.810000,0.784000
7458.001000,1.810000,0.777000
7459.001000,1.810000,0.783000
7460.001000,1.810000,0.780000
7461.001000,1.810000,0.786000
7462.001000,1.810000,0.783000
7463.001000,1.810000,0.782000
7464.001000,1.810000,0.785000
7465.001000,1.810000,0.786000
7466.001000,1.810000,0.776000
7467.001000,1.811000,0.790000
7468.001000,1.811000,0.783000
7469.001000,1.811000,0.788000
7470.001000,1.811000,0.792000
7471.001000,1.811000,0.789000
7472.001000,1.811000,0.787000
7473.001000,1.812000,0.790000
7474.001000,1.812000,0.787000
7475.001000,1.812000,0.788000
7476.001000,1.812000,0.784000
7477.001000,1.813000,0.784000
7478.001000,1.813000,0.787000
7479.001000,1.813000,0.788000
7480.001000,1.813000,0.787000
7481.001000,1.813000,0.787000
7482.001000,1.813000,0.787000
7483.001000,1.813000,0.786000
7484.001000,1.814000,0.790000
7485.001000,1.813000,0.791000
7486.001000,1.814000,0.790000
7487.001000,1.814000,0.785000
7488.001000,1.814000,0.791000
7489.001000,1.814000,0.788000
7490.001000,1.814000,0.790000
7491.001000,1.814000,0.784000
7492.001000,1.814000,0.787000
7493.001000,1.814000,0.791000
7494.001000,1.814000,0.794000
7495.001000,1.815000,0.797000
7496.001000,1.814000,0.792000
7497.001000,1.814000,0.792000
7498.001000,1.814000,0.788000
7499.001000,1.814000,0.793000
7500.001000,1.814000,0.794000
7501.001000,1.814000,0.792000
7502.001000,1.814000,0.789000
7503.001000,1.814000,0.792000
7504.001000,1.813000,0.794000
7505.001000,1.814000,0.783000
7506.001000,1.814000,0.789000
7507.001000,1.814000,0.791000
7508.001000,1.814000,0.786000
7509.001000,1.814000,0.787000
7510.001000,1.814000,0.785000
7511.001000,1.814000,0.793000
7512.001000,1.814000,0.786000
7513.001000,1.814000,0.796000
7514.001000,1.815000,0.789000
7515.001000,1.815000,0.784000
7516.001000,1.815000,0.794000
7517.001000,1.815000,0.791000
7518.001000,1.815000,0.788000
7519.001000,1.815000,0.788000
7520.001000,1.816000,0.792000
7521.001000,1.815000,0.788000
7522.001000,1.815000,0.785000
7523.001000,1.816000,0.785000
7524.001000,1.816000,0.787000
7525.001000,1.816000,0.788000
7526.001000,1.816000,0.791000
7527.001000,1.815000,0.791000
7528.001000,1.816000,0.787000
7529.001000,1.815000,0.794000
7530.001000,1.815000,0.793000
7531.001000,1.815000,0.792000
7532.001000,1.815000,0.784000
7533.001000,1.815000,0.791000
7534.001000,1.816000,0.785000
7535.001000,1.816000,0.790000
7536.001000,1.816000,0.789000
7537.001000,1.816000,0.788000
7538.001000,1.816000,0.787000
7539.001000,1.817000,0.785000
7540.001000,1.817000,0.787000
7541.001000,1.817000,0.790000
7542.001000,1.817000,0.789000
7543.001000,1.816000,0.797000
7544.001000,1.817000,0.800000
7545.001000,1.817000,0.805000
7546.001000,1.817000,0.807000
7547.001000,1.818000,0.806000
7548.001000,1.818000,0.802000
7549.001000,1.818000,0.800000
7550.001000,1.818000,0.800000
7551.001000,1.819000,0.801000
7552.001000,1.819000,0.802000
7553.001000,1.819000,0.803000
7554.001000,1.819000,0.800000
7555.001000,1.820000,0.801000
7556.001000,1.820000,0.803000
7557.001000,1.821000,0.799000
7558.001000,1.821000,0.801000
7559.001000,1.821000,0.801000
7560.001000,1.821000,0.804000
7561.001000,1.821000,0.810000
7562.001000,1.821000,0.808000
7563.001000,1.822000,0.808000
7564.001000,1.822000,0.805000
7565.001000,1.822000,0.802000
7566.001000,1.822000,0.804000
7567.001000,1.822000,0.807000
7568.001000,1.822000,0.803000
7569.001000,1.822000,0.806000
7570.001000,1.821000,0.805000
7571.001000,1.822000,0.805000
7572.001000,1.822000,0.805000
7573.001000,1.821000,0.804000
7574.001000,1.822000,0.803000
7575.001000,1.822000,0.806000
7576.001000,1.822000,0.812000
7577.001000,1.822000,0.811000
7578.001000,1.822000,0.808000
7579.001000,1.823000,0.812000
7580.001000,1.823000,0.814000
7581.001000,1.823000,0.814000
7582.001000,1.823000,0.811000
7583.001000,1.824000,0.813000
7584.001000,1.824000,0.812000
7585.001000,1.825000,0.812000
7586.001000,1.825000,0.814000
7587.001000,1.825000,0.812000
7588.001000,1.825000,0.810000
7589.001000,1.825000,0.812000
7590.001000,1.825000,0.811000
7591.001000,1.825000,0.813000
7592.001000,1.824000,0.813000
7593.001000,1.825000,0.816000
7594.001000,1.825000,0.817000
7595.001000,1.825000,0.813000
7596.001000,1.826000,0.819000
7597.001000,1.826000,0.814000
7598.001000,1.826000,0.811000
7599.001000,1.827000,0.815000
7600.001000,1.827000,0.811000
7601.001000,1.827000,0.799000
7602.001000,1.827000,0.794000
7603.001000,1.827000,0.793000
7604.001000,1.828000,0.791000
7605.001000,1.827000,0.791000
7606.001000,1.828000,0.791000
7607.001000,1.828000,0.792000
7608.001000,1.829000,0.793000
7609.001000,1.829000,0.791000
7610.001000,1.829000,0.793000
7611.001000,1.829000,0.795000
7612.001000,1.829000,0.798000
7613.001000,1.830000,0.795000
7614.001000,1.830000,0.803000
7615.001000,1.830000,0.801000
7616.001000,1.831000,0.805000
7617.001000,1.831000,0.804000
7618.001000,1.830000,0.801000
7619.001000,1.831000,0.799000
7620.001000,1.830000,0.802000
7621.001000,1.831000,0.806000
7622.001000,1.831000,0.802000
7623.001000,1.831000,0.805000
7624.001000,1.831000,0.812000
7625.001000,1.831000,0.802000
7626.001000,1.831000,0.805000
7627.001000,1.831000,0.809000
7628.001000,1.831000,0.801000
7629.001000,1.831000,0.804000
7630.001000,1.831000,0.802000
7631.001000,1.831000,0.796000
7632.001000,1.831000,0.792000
7633.001000,1.832000,0.805000
7634.001000,1.832000,0.799000
7635.001000,1.831000,0.804000
7636.001000,1.831000,0.802000
7637.001000,1.831000,0.803000
7638.001000,1.831000,0.801000
7639.001000,1.831000,0.800000
7640.001000,1.832000,0.804000
7641.001000,1.832000,0.800000
7642.001000,1.831000,0.799000
7643.001000,1.831000,0.799000
7644.001000,1.831000,0.808000
7645.001000,1.831000,0.804000
7646.001000,1.831000,0.799000
7647.001000,1.831000,0.806000
7648.001000,1.831000,0.803000
7649.001000,1.831000,0.806000
7650.001000,1.831000,0.803000
7651.001000,1.831000,0.798000
7652.001000,1.831000,0.803000
7653.001000,1.832000,0.806000
7654.001000,1.831000,0.797000
7655.001000,1.831000,0.800000
7656.001000,1.831000,0.799000
7657.001000,1.831000,0.799000
7658.001000,1.831000,0.798000
7659.001000,1.831000,0.800000
7660.001000,1.832000,0.807000
7661.001000,1.832000,0.806000
7662.001000,1.832000,0.802000
7663.001000,1.832000,0.802000
7664.001000,1.833000,0.800000
7665.001000,1.833000,0.806000
7666.001000,1.833000,0.811000
7667.001000,1.833000,0.806000
7668.001000,1.833000,0.809000
7669.001000,1.833000,0.801000
7670.001000,1.833000,0.808000
7671.001000,1.833000,0.804000
7672.001000,1.833000,0.802000
7673.001000,1.834000,0.807000
7674.001000,1.834000,0.806000
7675.001000,1.834000,0.803000
7676.001000,1.834000,0.806000
7677.001000,1.835000,0.806000
7678.001000,1.835000,0.801000
7679.001000,1.835000,0.800000
7680.001000,1.836000,0.805000
7681.001000,1.836000,0.800000
7682.001000,1.836000,0.802000
7683.001000,1.836000,0.803000
7684.001000,1.837000,0.804000
7685.001000,1.837000,0.798000
7686.001000,1.837000,0.806000
7687.001000,1.837000,0.804000
7688.001000,1.837000,0.806000
7689.001000,1.836000,0.800000
7690.001000,1.836000,0.807000
7691.001000,1.836000,0.805000
7692.001000,1.836000,0.803000
7693.001000,1.835000,0.804000
7694.001000,1.836000,0.805000
7695.001000,1.836000,0.807000
7696.001000,1.836000,0.804000
7697.001000,1.836000,0.802000
7698.001000,1.836000,0.802000
7699.001000,1.835000,0.806000
7700.001000,1.836000,0.805000
7701.001000,1.836000,0.805000
7702.001000,1.836000,0.806000
7703.001000,1.835000,0.808000
7704.001000,1.836000,0.805000
7705.001000,1.836000,0.809000
7706.001000,1.836000,0.810000
7707.001000,1.836000,0.806000
7708.001000,1.836000,0.810000
7709.001000,1.835000,0.810000
7710.001000,1.835000,0.808000
7711.001000,1.835000,0.812000
7712.001000,1.835000,0.803000
7713.001000,1.835000,0.809000
7714.001000,1.835000,0.813000
7715.001000,1.835000,0.806000
7716.001000,1.835000,0.809000
7717.001000,1.835000,0.812000
7718.001000,1.835000,0.810000
7719.001000,1.834000,0.806000
7720.001000,1.834000,0.805000
7721.001000,1.834000,0.801000
7722.001000,1.834000,0.801000
7723.001000,1.834000,0.804000
7724.001000,1.834000,0.809000
7725.001000,1.834000,0.805000
7726.001000,1.834000,0.813000
7727.001000,1.835000,0.809000
7728.001000,1.835000,0.808000
7729.001000,1.835000,0.812000
7730.001000,1.834000,0.804000
7731.001000,1.834000,0.813000
7732.001000,1.834000,0.810000
7733.001000,1.835000,0.811000
7734.001000,1.835000,0.810000
7735.001000,1.834000,0.801000
7736.001000,1.834000,0.798000
7737.001000,1.834000,0.810000
7738.001000,1.834000,0.805000
7739.001000,1.834000,0.799000
7740.001000,1.834000,0.808000
7741.001000,1.833000,0.804000
7742.001000,1.833000,0.807000
7743.001000,1.833000,0.806000
7744.001000,1.834000,0.808000
7745.001000,1.834000,0.808000
7746.001000,1.834000,0.807000
7747.001000,1.834000,0.811000
7748.001000,1.834000,0.809000
7749.001000,1.834000,0.813000
7750.001000,1.834000,0.810000
7751.001000,1.834000,0.810000
7752.001000,1.835000,0.811000
7753.001000,1.835000,0.809000
7754.001000,1.834000,0.808000
7755.001000,1.834000,0.811000
7756.001000,1.835000,0.811000
7757.001000,1.835000,0.813000
7758.001000,1.835000,0.808000
7759.001000,1.835000,0.814000
7760.001000,1.835000,0.812000
7761.001000,1.835000,0.814000
7762.001000,1.835000,0.812000
7763.001000,1.835000,0.815000
7764.001000,1.836000,0.815000
7765.001000,1.836000,0.807000
7766.001000,1.836000,0.807000
7767.001000,1.836000,0.802000
7768.001000,1.835000,0.808000
7769.001000,1.835000,0.818000
7770.001000,1.835000,0.806000
7771.001000,1.834000,0.806000
7772.001000,1.835000,0.812000
7773.001000,1.835000,0.810000
7774.001000,1.835000,0.810000
7775.001000,1.835000,0.806000
7776.001000,1.835000,0.810000
7777.001000,1.835000,0.812000
7778.001000,1.834000,0.811000
7779.001000,1.834000,0.812000
7780.001000,1.835000,0.806000
7781.001000,1.834000,0.814000
7782.001000,1.834000,0.814000
7783.001000,1.835000,0.807000
7784.001000,1.834000,0.802000
7785.001000,1.834000,0.807000
7786.001000,1.835000,0.807000
7787.001000,1.835000,0.810000
7788.001000,1.835000,0.804000
7789.001000,1.835000,0.807000
7790.001000,1.835000,0.811000
7791.001000,1.835000,0.806000
7792.001000,1.835000,0.803000
7793.001000,1.835000,0.807000
7794.001000,1.835000,0.809000
7795.001000,1.835000,0.804000
7796.001000,1.835000,0.810000
7797.001000,1.835000,0.809000
7798.001000,1.835000,0.815000
7799.001000,1.835000,0.810000
7800.001000,1.835000,0.809000
7801.001000,1.836000,0.811000
7802.001000,1.835000,0.808000
7803.001000,1.836000,0.807000
7804.001000,1.836000,0.810000
7805.001000,1.836000,0.807000
7806.001000,1.836000,0.814000
7807.001000,1.835000,0.808000
7808.001000,1.835000,0.810000
7809.001000,1.834000,0.812000
7810.001000,1.835000,0.811000
7811.001000,1.835000,0.811000
7812.001000,1.835000,0.810000
7813.001000,1.834000,0.812000
7814.001000,1.834000,0.808000
7815.001000,1.834000,0.808000
7816.001000,1.834000,0.810000
7817.001000,1.834000,0.808000
7818.001000,1.834000,0.805000
7819.001000,1.834000,0.812000
7820.001000,1.834000,0.807000
7821.001000,1.835000,0.812000
7822.001000,1.834000,0.809000
7823.001000,1.834000,0.811000
7824.001000,1.835000,0.806000
7825.001000,1.835000,0.808000
7826.001000,1.835000,0.811000
7827.001000,1.835000,0.806000
7828.001000,1.836000,0.810000
7829.001000,1.836000,0.809000
7830.001000,1.836000,0.811000
7831.001000,1.835000,0.813000
7832.001000,1.836000,0.816000
7833.001000,1.836000,0.819000
7834.001000,1.836000,0.816000
7835.001000,1.836000,0.819000
7836.001000,1.836000,0.812000
7837.001000,1.836000,0.814000
7838.001000,1.836000,0.816000
7839.001000,1.836000,0.821000
7840.001000,1.837000,0.821000
7841.001000,1.836000,0.824000
7842.001000,1.836000,0.818000
7843.001000,1.836000,0.816000
7844.001000,1.835000,0.823000
7845.001000,1.835000,0.816000
7846.001000,1.835000,0.821000
7847.001000,1.835000,0.817000
7848.001000,1.835000,0.817000
7849.001000,1.835000,0.816000
7850.001000,1.835000,0.815000
7851.001000,1.835000,0.813000
7852.001000,1.835000,0.819000
7853.001000,1.835000,0.816000
7854.001000,1.836000,0.815000
7855.001000,1.835000,0.818000
7856.001000,1.835000,0.816000
7857.001000,1.836000,0.812000
7858.001000,1.836000,0.810000
7859.001000,1.836000,0.817000
7860.001000,1.835000,0.817000
7861.001000,1.835000,0.812000
7862.001000,1.835000,0.816000
7863.001000,1.836000,0.812000
7864.001000,1.836000,0.813000
7865.001000,1.836000,0.815000
7866.001000,1.836000,0.815000
7867.001000,1.836000,0.817000
7868.001000,1.836000,0.816000
7869.001000,1.836000,0.819000
7870.001000,1.836000,0.820000
7871.001000,1.837000,0.820000
7872.001000,1.837000,0.818000
7873.001000,1.837000,0.824000
7874.001000,1.837000,0.818000
7875.001000,1.837000,0.821000
7876.001000,1.837000,0.824000
7877.001000,1.837000,0.827000
7878.001000,1.837000,0.820000
7879.001000,1.837000,0.821000
7880.001000,1.837000,0.820000
7881.001000,1.837000,0.818000
7882.001000,1.837000,0.819000
7883.001000,1.837000,0.814000
7884.001000,1.838000,0.820000
7885.001000,1.837000,0.814000
7886.001000,1.836000,0.820000
7887.001000,1.837000,0.817000
7888.001000,1.837000,0.809000
7889.001000,1.837000,0.809000
7890.001000,1.837000,0.809000
7891.001000,1.837000,0.809000
7892.001000,1.837000,0.804000
7893.001000,1.838000,0.798000
7894.001000,1.838000,0.801000
7895.001000,1.838000,0.809000
7896.001000,1.838000,0.807000
7897.001000,1.838000,0.809000
7898.001000,1.838000,0.812000
7899.001000,1.838000,0.806000
7900.001000,1.838000,0.809000
7901.001000,1.838000,0.806000
7902.001000,1.839000,0.806000
7903.001000,1.839000,0.814000
7904.001000,1.839000,0.809000
7905.001000,1.839000,0.796000
7906.001000,1.839000,0.803000
7907.001000,1.840000,0.802000
7908.001000,1.840000,0.800000
7909.001000,1.841000,0.802000
7910.001000,1.841000,0.804000
7911.001000,1.841000,0.799000
7912.001000,1.842000,0.800000
7913.001000,1.842000,0.800000
7914.001000,1.843000,0.799000
7915.001000,1.843000,0.803000
7916.001000,1.844000,0.801000
7917.001000,1.844000,0.806000
7918.001000,1.844000,0.801000
7919.001000,1.844000,0.800000
7920.001000,1.844000,0.801000
7921.001000,1.844000,0.799000
7922.001000,1.844000,0.802000
7923.001000,1.844000,0.801000
7924.001000,1.844000,0.803000
7925.001000,1.844000,0.804000
7926.001000,1.844000,0.805000
7927.001000,1.843000,0.808000
7928.001000,1.844000,0.800000
7929.001000,1.844000,0.801000
7930.001000,1.845000,0.800000
7931.001000,1.845000,0.808000
7932.001000,1.845000,0.802000
7933.001000,1.845000,0.797000
7934.001000,1.845000,0.800000
7935.001000,1.845000,0.802000
7936.001000,1.844000,0.807000
7937.001000,1.845000,0.808000
7938.001000,1.845000,0.809000
7939.001000,1.846000,0.808000
7940.001000,1.846000,0.809000
7941.001000,1.847000,0.808000
7942.001000,1.847000,0.812000
7943.001000,1.847000,0.808000
7944.001000,1.847000,0.808000
7945.001000,1.848000,0.810000
7946.001000,1.848000,0.808000
7947.001000,1.848000,0.809000
7948.001000,1.848000,0.810000
7949.001000,1.848000,0.805000
7950.001000,1.849000,0.807000
7951.001000,1.849000,0.815000
7952.001000,1.849000,0.811000
7953.001000,1.849000,0.808000
7954.001000,1.849000,0.806000
7955.001000,1.849000,0.807000
7956.001000,1.849000,0.809000
7957.001000,1.849000,0.807000
7958.001000,1.849000,0.806000
7959.001000,1.849000,0.806000
7960.001000,1.849000,0.806000
7961.001000,1.849000,0.808000
7962.001000,1.849000,0.808000
7963.001000,1.849000,0.807000
7964.001000,1.850000,0.808000
7965.001000,1.850000,0.808000
7966.001000,1.850000,0.807000
7967.001000,1.850000,0.806000
7968.001000,1.850000,0.806000
7969.001000,1.850000,0.805000
7970.001000,1.850000,0.810000
7971.001000,1.850000,0.811000
7972.001000,1.850000,0.812000
7973.001000,1.851000,0.812000
7974.001000,1.851000,0.808000
7975.001000,1.851000,0.812000
7976.001000,1.852000,0.809000
7977.001000,1.852000,0.810000
7978.001000,1.851000,0.809000
7979.001000,1.852000,0.809000
7980.001000,1.852000,0.802000
7981.001000,1.852000,0.803000
7982.001000,1.852000,0.808000
7983.001000,1.852000,0.803000
7984.001000,1.852000,0.806000
7985.001000,1.853000,0.804000
7986.001000,1.853000,0.804000
7987.001000,1.853000,0.804000
7988.001000,1.853000,0.803000
7989.001000,1.853000,0.803000
7990.001000,1.854000,0.803000
7991.001000,1.854000,0.804000
7992.001000,1.854000,0.805000
7993.001000,1.854000,0.807000
7994.001000,1.854000,0.806000
7995.001000,1.854000,0.810000
7996.001000,1.854000,0.811000
7997.001000,1.854000,0.809000
7998.001000,1.854000,0.807000
7999.001000,1.855000,0.811000
8000.001000,1.855000,0.809000
8001.001000,1.855000,0.810000
8002.001000,1.855000,0.810000
8003.001000,1.856000,0.807000
8004.001000,1.856000,0.809000
8005.001000,1.856000,0.810000
8006.001000,1.856000,0.808000
8007.001000,1.856000,0.810000
8008.001000,1.855000,0.808000
8009.001000,1.855000,0.815000
8010.001000,1.856000,0.812000
8011.001000,1.856000,0.812000
8012.001000,1.855000,0.812000
8013.001000,1.855000,0.812000
8014.001000,1.855000,0.813000
8015.001000,1.855000,0.810000
8016.001000,1.854000,0.811000
8017.001000,1.854000,0.812000
8018.001000,1.853000,0.816000
8019.001000,1.853000,0.815000
8020.001000,1.853000,0.813000
8021.001000,1.853000,0.813000
8022.001000,1.854000,0.817000
8023.001000,1.854000,0.814000
8024.001000,1.854000,0.814000
8025.001000,1.854000,0.808000
8026.001000,1.855000,0.812000
8027.001000,1.855000,0.814000
8028.001000,1.855000,0.811000
8029.001000,1.856000,0.811000
8030.001000,1.856000,0.812000
8031.001000,1.856000,0.813000
8032.001000,1.856000,0.814000
8033.001000,1.855000,0.815000
8034.001000,1.855000,0.816000
8035.001000,1.856000,0.816000
8036.001000,1.856000,0.815000
8037.001000,1.857000,0.817000
8038.001000,1.857000,0.816000
8039.001000,1.858000,0.816000
8040.001000,1.858000,0.814000
8041.001000,1.858000,0.817000
8042.001000,1.859000,0.812000
8043.001000,1.859000,0.813000
8044.001000,1.858000,0.812000
8045.001000,1.859000,0.812000
8046.001000,1.859000,0.816000
8047.001000,1.859000,0.816000
8048.001000,1.859000,0.810000
8049.001000,1.858000,0.817000
8050.001000,1.857000,0.818000
8051.001000,1.858000,0.818000
8052.001000,1.858000,0.817000
8053.001000,1.858000,0.816000
8054.001000,1.858000,0.815000
8055.001000,1.858000,0.813000
8056.001000,1.859000,0.815000
8057.001000,1.859000,0.817000
8058.001000,1.859000,0.818000
8059.001000,1.859000,0.819000
8060.001000,1.859000,0.819000
8061.001000,1.859000,0.817000
8062.001000,1.859000,0.811000
8063.001000,1.859000,0.817000
8064.001000,1.860000,0.822000
8065.001000,1.860000,0.821000
8066.001000,1.860000,0.822000
8067.001000,1.860000,0.817000
8068.001000,1.860000,0.816000
8069.001000,1.860000,0.816000
8070.001000,1.860000,0.816000
8071.001000,1.860000,0.821000
8072.001000,1.859000,0.817000
8073.001000,1.860000,0.816000
8074.001000,1.860000,0.814000
8075.001000,1.859000,0.819000
8076.001000,1.860000,0.817000
8077.001000,1.859000,0.817000
8078.001000,1.859000,0.817000
8079.001000,1.859000,0.817000
8080.001000,1.859000,0.814000
8081.001000,1.859000,0.813000
8082.001000,1.859000,0.816000
8083.001000,1.859000,0.818000
8084.001000,1.859000,0.818000
8085.001000,1.859000,0.819000
8086.001000,1.859000,0.817000
8087.001000,1.859000,0.820000
8088.001000,1.859000,0.818000
8089.001000,1.859000,0.821000
8090.001000,1.859000,0.820000
8091.001000,1.859000,0.820000
8092.001000,1.859000,0.824000
8093.001000,1.860000,0.823000
8094.001000,1.860000,0.823000
8095.001000,1.860000,0.821000
8096.001000,1.860000,0.823000
8097.001000,1.860000,0.822000
8098.001000,1.860000,0.820000
8099.001000,1.860000,0.817000
8100.001000,1.860000,0.824000
8101.001000,1.861000,0.824000
8102.001000,1.861000,0.822000
8103.001000,1.861000,0.825000
8104.001000,1.861000,0.826000
8105.001000,1.862000,0.821000
8106.001000,1.862000,0.820000
8107.001000,1.861000,0.829000
8108.001000,1.861000,0.825000
8109.001000,1.861000,0.824000
8110.001000,1.860000,0.827000
8111.001000,1.861000,0.827000
8112.001000,1.861000,0.825000
8113.001000,1.861000,0.824000
8114.001000,1.861000,0.821000
8115.001000,1.861000,0.819000
8116.001000,1.861000,0.820000
8117.001000,1.861000,0.823000
8118.001000,1.861000,0.820000
8119.001000,1.861000,0.821000
8120.001000,1.861000,0.824000
8121.001000,1.861000,0.821000
8122.001000,1.862000,0.820000
8123.001000,1.861000,0.821000
8124.001000,1.861000,0.822000
8125.001000,1.862000,0.820000
8126.001000,1.862000,0.823000
8127.001000,1.862000,0.826000
8128.001000,1.862000,0.822000
8129.001000,1.862000,0.825000
8130.001000,1.862000,0.824000
8131.001000,1.862000,0.824000
8132.001000,1.863000,0.825000
8133.001000,1.863000,0.826000
8134.001000,1.863000,0.825000
8135.001000,1.863000,0.824000
8136.001000,1.863000,0.825000
8137.001000,1.864000,0.822000
8138.001000,1.864000,0.821000
8139.001000,1.864000,0.824000
8140.001000,1.864000,0.825000
8141.001000,1.864000,0.824000
8142.001000,1.864000,0.824000
8143.001000,1.864000,0.828000
8144.001000,1.864000,0.826000
8145.001000,1.864000,0.822000
8146.001000,1.864000,0.824000
8147.001000,1.863000,0.822000
8148.001000,1.864000,0.823000
8149.001000,1.864000,0.823000
8150.001000,1.864000,0.821000
8151.001000,1.864000,0.820000
8152.001000,1.863000,0.820000
8153.001000,1.863000,0.828000
8154.001000,1.863000,0.842000
8155.001000,1.863000,0.836000
8156.001000,1.863000,0.833000
8157.001000,1.864000,0.837000
8158.001000,1.864000,0.837000
8159.001000,1.865000,0.837000
8160.001000,1.865000,0.843000
8161.001000,1.866000,0.843000
8162.001000,1.866000,0.839000
8163.001000,1.866000,0.840000
8164.001000,1.866000,0.838000
8165.001000,1.866000,0.839000
8166.001000,1.866000,0.837000
8167.001000,1.867000,0.835000
8168.001000,1.867000,0.833000
8169.001000,1.867000,0.836000
8170.001000,1.867000,0.841000
8171.001000,1.867000,0.841000
8172.001000,1.865000,0.837000
8173.001000,1.864000,0.839000
8174.001000,1.865000,0.841000
8175.001000,1.865000,0.836000
8176.001000,1.865000,0.837000
8177.001000,1.865000,0.835000
8178.001000,1.865000,0.833000
8179.001000,1.865000,0.833000
8180.001000,1.865000,0.835000
8181.001000,1.865000,0.833000
8182.001000,1.865000,0.837000
8183.001000,1.864000,0.831000
8184.001000,1.865000,0.833000
8185.001000,1.865000,0.818000
8186.001000,1.863000,0.819000
8187.001000,1.863000,0.821000
8188.001000,1.863000,0.822000
8189.001000,1.863000,0.824000
8190.001000,1.863000,0.817000
8191.001000,1.863000,0.818000
8192.001000,1.863000,0.820000
8193.001000,1.863000,0.829000
8194.001000,1.863000,0.835000
8195.001000,1.863000,0.830000
8196.001000,1.863000,0.838000
8197.001000,1.863000,0.837000
8198.001000,1.863000,0.830000
8199.001000,1.863000,0.831000
8200.001000,1.864000,0.831000
8201.001000,1.863000,0.839000
8202.001000,1.863000,0.836000
8203.001000,1.863000,0.834000
8204.001000,1.863000,0.829000
8205.001000,1.864000,0.835000
8206.001000,1.864000,0.830000
8207.001000,1.864000,0.831000
8208.001000,1.864000,0.836000
8209.001000,1.864000,0.835000
8210.001000,1.864000,0.835000
8211.001000,1.864000,0.834000
8212.001000,1.864000,0.832000
8213.001000,1.864000,0.826000
8214.001000,1.864000,0.831000
8215.001000,1.865000,0.834000
8216.001000,1.865000,0.833000
8217.001000,1.865000,0.834000
8218.001000,1.865000,0.835000
8219.001000,1.865000,0.836000
8220.001000,1.865000,0.838000
8221.001000,1.865000,0.835000
8222.001000,1.866000,0.834000
8223.001000,1.865000,0.836000
8224.001000,1.866000,0.838000
8225.001000,1.866000,0.841000
8226.001000,1.866000,0.840000
8227.001000,1.867000,0.844000
8228.001000,1.866000,0.843000
8229.001000,1.867000,0.838000
8230.001000,1.867000,0.841000
8231.001000,1.867000,0.842000
8232.001000,1.867000,0.844000
8233.001000,1.868000,0.841000
8234.001000,1.868000,0.838000
8235.001000,1.869000,0.838000
8236.001000,1.869000,0.839000
8237.001000,1.869000,0.838000
8238.001000,1.869000,0.835000
8239.001000,1.869000,0.840000
8240.001000,1.869000,0.833000
8241.001000,1.869000,0.836000
8242.001000,1.869000,0.836000
8243.001000,1.868000,0.836000
8244.001000,1.869000,0.834000
8245.001000,1.869000,0.827000
8246.001000,1.869000,0.839000
8247.001000,1.869000,0.834000
8248.001000,1.869000,0.836000
8249.001000,1.870000,0.831000
8250.001000,1.869000,0.836000
8251.001000,1.869000,0.834000
8252.001000,1.869000,0.836000
8253.001000,1.869000,0.839000
8254.001000,1.869000,0.840000
8255.001000,1.869000,0.838000
8256.001000,1.869000,0.841000
8257.001000,1.870000,0.841000
8258.001000,1.870000,0.836000
8259.001000,1.870000,0.834000
8260.001000,1.870000,0.842000
8261.001000,1.870000,0.839000
8262.001000,1.870000,0.839000
8263.001000,1.870000,0.838000
8264.001000,1.870000,0.833000
8265.001000,1.870000,0.831000
8266.001000,1.870000,0.833000
8267.001000,1.870000,0.838000
8268.001000,1.870000,0.837000
8269.001000,1.870000,0.838000
8270.001000,1.871000,0.836000
8271.001000,1.871000,0.835000
8272.001000,1.871000,0.835000
8273.001000,1.871000,0.834000
8274.001000,1.872000,0.914000
8275.001000,1.872000,0.912000
8276.001000,1.872000,0.913000
8277.001000,1.873000,0.911000
8278.001000,1.873000,0.921000
8279.001000,1.873000,0.920000
8280.001000,1.873000,0.915000
8281.001000,1.873000,0.911000
8282.001000,1.874000,0.914000
8283.001000,1.873000,0.920000
8284.001000,1.873000,0.915000
8285.001000,1.873000,0.917000
8286.001000,1.873000,0.917000
8287.001000,1.872000,0.916000
8288.001000,1.873000,0.916000
8289.001000,1.873000,0.911000
8290.001000,1.873000,0.909000
8291.001000,1.873000,0.911000
8292.001000,1.873000,0.914000
8293.001000,1.873000,0.913000
8294.001000,1.873000,0.921000
8295.001000,1.873000,0.915000
8296.001000,1.873000,0.923000
8297.001000,1.873000,0.921000
8298.001000,1.872000,0.923000
8299.001000,1.873000,0.926000
8300.001000,1.873000,0.923000
8301.001000,1.873000,0.921000
8302.001000,1.873000,0.921000
8303.001000,1.873000,0.923000
8304.001000,1.873000,0.915000
8305.001000,1.874000,0.914000
8306.001000,1.874000,0.916000
8307.001000,1.874000,0.918000
8308.001000,1.874000,0.918000
8309.001000,1.874000,0.916000
8310.001000,1.874000,0.920000
8311.001000,1.874000,0.913000
8312.001000,1.874000,0.918000
8313.001000,1.873000,0.912000
8314.001000,1.873000,0.921000
8315.001000,1.873000,0.918000
8316.001000,1.873000,0.920000
8317.001000,1.873000,0.919000
8318.001000,1.873000,0.921000
8319.001000,1.873000,0.913000
8320.001000,1.873000,0.918000
8321.001000,1.874000,0.922000
8322.001000,1.874000,0.917000
8323.001000,1.874000,0.914000
8324.001000,1.874000,0.919000
8325.001000,1.875000,0.912000
8326.001000,1.875000,0.916000
8327.001000,1.875000,0.916000
8328.001000,1.874000,0.911000
8329.001000,1.875000,0.905000
8330.001000,1.875000,0.915000
8331.001000,1.875000,0.914000
8332.001000,1.875000,0.916000
8333.001000,1.875000,0.918000
8334.001000,1.875000,0.919000
8335.001000,1.875000,0.917000
8336.001000,1.875000,0.918000
8337.001000,1.875000,0.917000
8338.001000,1.875000,0.913000
8339.001000,1.875000,0.918000
8340.001000,1.875000,0.925000
8341.001000,1.875000,0.922000
8342.001000,1.876000,0.919000
8343.001000,1.876000,0.918000
8344.001000,1.876000,0.918000
8345.001000,1.875000,0.917000
8346.001000,1.875000,0.920000
8347.001000,1.875000,0.916000
8348.001000,1.875000,0.915000
8349.001000,1.875000,0.919000
8350.001000,1.876000,0.912000
8351.001000,1.875000,0.914000
8352.001000,1.875000,0.912000
8353.001000,1.875000,0.916000
8354.001000,1.875000,0.918000
8355.001000,1.875000,0.914000
8356.001000,1.876000,0.916000
8357.001000,1.876000,0.917000
8358.001000,1.876000,0.915000
8359.001000,1.876000,0.916000
8360.001000,1.877000,0.918000
8361.001000,1.877000,0.916000
8362.001000,1.877000,0.913000
8363.001000,1.876000,0.917000
8364.001000,1.876000,0.914000
8365.001000,1.877000,0.914000
8366.001000,1.877000,0.913000
8367.001000,1.878000,0.909000
8368.001000,1.878000,0.909000
8369.001000,1.878000,0.911000
8370.001000,1.878000,0.908000
8371.001000,1.878000,0.910000
8372.001000,1.878000,0.908000
8373.001000,1.878000,0.914000
8374.001000,1.878000,0.914000
8375.001000,1.878000,0.915000
8376.001000,1.878000,0.923000
8377.001000,1.878000,0.916000
8378.001000,1.879000,0.915000
8379.001000,1.877000,0.912000
8380.001000,1.877000,0.909000
8381.001000,1.876000,0.912000
8382.001000,1.876000,0.908000
8383.001000,1.876000,0.907000
8384.001000,1.877000,0.919000
8385.001000,1.877000,0.923000
8386.001000,1.877000,0.923000
8387.001000,1.877000,0.919000
8388.001000,1.877000,0.916000
8389.001000,1.877000,0.920000
8390.001000,1.877000,0.921000
8391.001000,1.877000,0.919000
8392.001000,1.877000,0.919000
8393.001000,1.878000,0.920000
8394.001000,1.878000,0.924000
8395.001000,1.878000,0.920000
8396.001000,1.878000,0.918000
8397.001000,1.878000,0.921000
8398.001000,1.879000,0.923000
8399.001000,1.879000,0.916000
8400.001000,1.879000,0.915000
8401.001000,1.879000,0.917000
8402.001000,1.879000,0.919000
8403.001000,1.879000,0.919000
8404.001000,1.879000,0.917000
8405.001000,1.879000,0.918000
8406.001000,1.878000,0.915000
8407.001000,1.878000,0.916000
8408.001000,1.878000,0.916000
8409.001000,1.878000,0.914000
8410.001000,1.877000,0.920000
8411.001000,1.878000,0.918000
8412.001000,1.877000,0.916000
8413.001000,1.878000,0.914000
8414.001000,1.878000,0.917000
8415.001000,1.878000,0.912000
8416.001000,1.878000,0.913000
8417.001000,1.878000,0.914000
8418.001000,1.878000,0.917000
8419.001000,1.877000,0.904000
8420.001000,1.877000,0.905000
8421.001000,1.877000,0.909000
8422.001000,1.877000,0.913000
8423.001000,1.878000,0.912000
8424.001000,1.878000,0.912000
8425.001000,1.879000,0.913000
8426.001000,1.878000,0.912000
8427.001000,1.879000,0.909000
8428.001000,1.879000,0.911000
8429.001000,1.879000,0.907000
8430.001000,1.879000,0.905000
8431.001000,1.879000,0.906000
8432.001000,1.878000,0.904000
8433.001000,1.877000,0.922000
8434.001000,1.877000,0.927000
8435.001000,1.877000,0.923000
8436.001000,1.877000,0.923000
8437.001000,1.877000,0.922000
8438.001000,1.876000,0.922000
8439.001000,1.876000,0.918000
8440.001000,1.876000,0.923000
8441.001000,1.876000,0.919000
8442.001000,1.876000,0.923000
8443.001000,1.876000,0.926000
8444.001000,1.876000,0.922000
8445.001000,1.877000,0.920000
8446.001000,1.876000,0.920000
8447.001000,1.876000,0.920000
8448.001000,1.877000,0.917000
8449.001000,1.877000,0.918000
8450.001000,1.877000,0.922000
8451.001000,1.877000,0.915000
8452.001000,1.877000,0.918000
8453.001000,1.877000,0.920000
8454.001000,1.877000,0.919000
8455.001000,1.877000,0.914000
8456.001000,1.877000,0.914000
8457.001000,1.877000,0.917000
8458.001000,1.877000,0.915000
8459.001000,1.878000,0.917000
8460.001000,1.878000,0.918000
8461.001000,1.878000,0.911000
8462.001000,1.878000,0.916000
8463.001000,1.878000,0.913000
8464.001000,1.878000,0.913000
8465.001000,1.878000,0.912000
8466.001000,1.878000,0.919000
8467.001000,1.878000,0.917000
8468.001000,1.878000,0.916000
8469.001000,1.878000,0.907000
8470.001000,1.878000,0.909000
8471.001000,1.876000,0.906000
8472.001000,1.877000,0.908000
8473.001000,1.876000,0.903000
8474.001000,1.876000,0.904000
8475.001000,1.876000,0.899000
8476.001000,1.877000,0.900000
8477.001000,1.876000,0.902000
8478.001000,1.876000,0.904000
8479.001000,1.876000,0.898000
8480.001000,1.876000,0.902000
8481.001000,1.876000,0.898000
8482.001000,1.876000,0.900000
8483.001000,1.876000,0.901000
8484.001000,1.876000,0.898000
8485.001000,1.876000,0.899000
8486.001000,1.876000,0.902000
8487.001000,1.876000,0.899000
8488.001000,1.876000,0.895000
8489.001000,1.876000,0.902000
8490.001000,1.876000,0.905000
8491.001000,1.876000,0.896000
8492.001000,1.876000,0.900000
8493.001000,1.876000,0.902000
8494.001000,1.876000,0.902000
8495.001000,1.876000,0.912000
8496.001000,1.876000,0.918000
8497.001000,1.876000,0.926000
8498.001000,1.876000,0.925000
8499.001000,1.876000,0.930000
8500.001000,1.875000,0.930000
8501.001000,1.875000,0.933000
8502.001000,1.875000,0.935000
8503.001000,1.875000,0.934000
8504.001000,1.876000,0.932000
8505.001000,1.876000,0.932000
8506.001000,1.876000,0.922000
8507.001000,1.877000,0.909000
8508.001000,1.877000,0.906000
8509.001000,1.877000,0.910000
8510.001000,1.877000,0.909000
8511.001000,1.877000,0.906000
8512.001000,1.878000,0.905000
8513.001000,1.878000,0.907000
8514.001000,1.879000,0.906000
8515.001000,1.878000,0.911000
8516.001000,1.877000,0.909000
8517.001000,1.876000,0.920000
8518.001000,1.876000,0.931000
8519.001000,1.877000,0.935000
8520.001000,1.877000,0.929000
8521.001000,1.877000,0.932000
8522.001000,1.877000,0.933000
8523.001000,1.878000,0.934000
8524.001000,1.877000,0.932000
8525.001000,1.878000,0.927000
8526.001000,1.878000,0.929000
8527.001000,1.877000,0.932000
8528.001000,1.877000,0.931000
8529.001000,1.877000,0.923000
8530.001000,1.878000,0.926000
8531.001000,1.877000,0.929000
8532.001000,1.877000,0.927000
8533.001000,1.877000,0.929000
8534.001000,1.878000,0.926000
8535.001000,1.878000,0.908000
8536.001000,1.878000,0.905000
8537.001000,1.879000,0.901000
8538.001000,1.879000,0.899000
8539.001000,1.878000,0.901000
8540.001000,1.878000,0.900000
8541.001000,1.878000,0.900000
8542.001000,1.878000,0.902000
8543.001000,1.878000,0.896000
8544.001000,1.878000,0.895000
8545.001000,1.879000,0.896000
8546.001000,1.879000,0.901000
8547.001000,1.879000,0.902000
8548.001000,1.879000,0.904000
8549.001000,1.878000,0.903000
8550.001000,1.878000,0.904000
8551.001000,1.878000,0.899000
8552.001000,1.878000,0.899000
8553.001000,1.879000,0.894000
8554.001000,1.879000,0.901000
8555.001000,1.877000,0.892000
8556.001000,1.876000,0.901000
8557.001000,1.876000,0.900000
8558.001000,1.876000,0.900000
8559.001000,1.877000,0.901000
8560.001000,1.877000,0.910000
8561.001000,1.877000,0.900000
8562.001000,1.877000,0.904000
8563.001000,1.877000,0.903000
8564.001000,1.877000,0.903000
8565.001000,1.877000,0.904000
8566.001000,1.877000,0.903000
8567.001000,1.877000,0.903000
8568.001000,1.876000,0.905000
8569.001000,1.876000,0.902000
8570.001000,1.876000,0.903000
8571.001000,1.876000,0.903000
8572.001000,1.876000,0.901000
8573.001000,1.876000,0.906000
8574.001000,1.876000,0.909000
8575.001000,1.876000,0.903000
8576.001000,1.877000,0.906000
8577.001000,1.877000,0.906000
8578.001000,1.877000,0.907000
8579.001000,1.876000,0.906000
8580.001000,1.876000,0.904000
8581.001000,1.876000,0.907000
8582.001000,1.876000,0.906000
8583.001000,1.876000,0.906000
8584.001000,1.877000,0.898000
8585.001000,1.877000,0.901000
8586.001000,1.876000,0.899000
8587.001000,1.876000,0.901000
8588.001000,1.877000,0.905000
8589.001000,1.877000,0.906000
8590.001000,1.877000,0.901000
8591.001000,1.876000,0.902000
8592.001000,1.877000,0.898000
8593.001000,1.876000,0.901000
8594.001000,1.876000,0.904000
8595.001000,1.876000,0.902000
8596.001000,1.877000,0.898000
8597.001000,1.877000,0.905000
8598.001000,1.877000,0.904000
8599.001000,1.878000,0.910000
8600.001000,1.878000,0.904000
8601.001000,1.878000,0.903000
8602.001000,1.877000,0.901000
8603.001000,1.877000,0.909000
8604.001000,1.877000,0.926000
8605.001000,1.878000,0.925000
8606.001000,1.877000,0.924000
8607.001000,1.876000,0.929000
8608.001000,1.876000,0.925000
8609.001000,1.876000,0.925000
8610.001000,1.876000,0.929000
8611.001000,1.876000,0.928000
8612.001000,1.876000,0.928000
8613.001000,1.876000,0.932000
8614.001000,1.876000,0.927000
8615.001000,1.876000,0.922000
8616.001000,1.876000,0.925000
8617.001000,1.876000,0.926000
8618.001000,1.876000,0.929000
8619.001000,1.875000,0.922000
8620.001000,1.875000,0.919000
8621.001000,1.876000,0.919000
8622.001000,1.876000,0.921000
8623.001000,1.875000,0.923000
8624.001000,1.876000,0.924000
8625.001000,1.876000,0.926000
8626.001000,1.876000,0.918000
8627.001000,1.877000,0.917000
8628.001000,1.877000,0.916000
8629.001000,1.877000,0.915000
8630.001000,1.876000,0.916000
8631.001000,1.876000,0.920000
8632.001000,1.877000,0.923000
8633.001000,1.876000,0.917000
8634.001000,1.876000,0.919000
8635.001000,1.876000,0.915000
8636.001000,1.876000,0.919000
8637.001000,1.876000,0.924000
8638.001000,1.876000,0.916000
8639.001000,1.876000,0.918000
8640.001000,1.876000,0.921000
8641.001000,1.877000,0.918000
8642.001000,1.876000,0.924000
8643.001000,1.877000,0.921000
8644.001000,1.878000,0.921000
8645.001000,1.878000,0.922000
8646.001000,1.878000,0.922000
8647.001000,1.878000,0.916000
8648.001000,1.877000,0.917000
8649.001000,1.876000,0.917000
8650.001000,1.876000,0.917000
8651.001000,1.876000,0.918000
8652.001000,1.875000,0.914000
8653.001000,1.875000,0.917000
8654.001000,1.875000,0.921000
8655.001000,1.874000,0.920000
8656.001000,1.874000,0.916000
8657.001000,1.874000,0.918000
8658.001000,1.873000,0.919000
8659.001000,1.873000,0.921000
8660.001000,1.874000,0.921000
8661.001000,1.874000,0.915000
8662.001000,1.874000,0.919000
8663.001000,1.875000,0.915000
8664.001000,1.875000,0.919000
8665.001000,1.874000,0.917000
8666.001000,1.873000,0.917000
8667.001000,1.873000,0.918000
8668.001000,1.872000,0.912000
8669.001000,1.872000,0.917000
8670.001000,1.871000,0.924000
8671.001000,1.871000,0.919000
8672.001000,1.871000,0.918000
8673.001000,1.871000,0.921000
8674.001000,1.870000,0.920000
8675.001000,1.871000,0.920000
8676.001000,1.870000,0.919000
8677.001000,1.870000,0.915000
8678.001000,1.870000,0.920000
8679.001000,1.871000,0.920000
8680.001000,1.871000,0.919000
8681.001000,1.871000,0.924000
8682.001000,1.870000,0.915000
8683.001000,1.870000,0.922000
8684.001000,1.870000,0.917000
8685.001000,1.870000,0.919000
8686.001000,1.870000,0.920000
8687.001000,1.870000,0.915000
8688.001000,1.870000,0.916000
8689.001000,1.871000,0.922000
8690.001000,1.871000,0.919000
8691.001000,1.871000,0.924000
8692.001000,1.870000,0.922000
8693.001000,1.870000,0.917000
8694.001000,1.869000,0.914000
8695.001000,1.869000,0.924000
8696.001000,1.869000,0.918000
8697.001000,1.869000,0.922000
8698.001000,1.869000,0.923000
8699.001000,1.870000,0.928000
8700.001000,1.870000,0.925000
8701.001000,1.870000,0.920000
8702.001000,1.870000,0.919000
8703.001000,1.871000,0.921000
8704.001000,1.871000,0.919000
8705.001000,1.870000,0.915000
8706.001000,1.871000,0.916000
8707.001000,1.871000,0.920000
8708.001000,1.871000,0.921000
8709.001000,1.871000,0.914000
8710.001000,1.871000,0.913000
8711.001000,1.872000,0.915000
8712.001000,1.872000,0.914000
8713.001000,1.872000,0.911000
8714.001000,1.872000,0.914000
8715.001000,1.872000,0.913000
8716.001000,1.872000,0.916000
8717.001000,1.872000,0.916000
8718.001000,1.872000,0.899000
8719.001000,1.872000,0.904000
8720.001000,1.872000,0.914000
8721.001000,1.872000,0.901000
8722.001000,1.872000,0.890000
8723.001000,1.871000,0.891000
8724.001000,1.871000,0.888000
8725.001000,1.871000,0.906000
8726.001000,1.871000,0.897000
8727.001000,1.870000,0.891000
8728.001000,1.868000,0.890000
8729.001000,1.866000,0.893000
8730.001000,1.866000,0.893000
8731.001000,1.866000,0.894000
8732.001000,1.866000,0.886000
8733.001000,1.865000,0.890000
8734.001000,1.865000,0.889000
8735.001000,1.865000,0.907000
8736.001000,1.866000,0.903000
8737.001000,1.866000,0.910000
8738.001000,1.866000,0.911000
8739.001000,1.865000,0.897000
8740.001000,1.865000,0.895000
8741.001000,1.866000,0.896000
8742.001000,1.866000,0.889000
8743.001000,1.866000,0.889000
8744.001000,1.866000,0.885000
8745.001000,1.866000,0.884000
8746.001000,1.866000,0.892000
8747.001000,1.867000,0.894000
8748.001000,1.867000,0.886000
8749.001000,1.867000,0.888000
8750.001000,1.867000,0.892000
8751.001000,1.867000,0.892000
8752.001000,1.867000,0.892000
8753.001000,1.866000,0.889000
8754.001000,1.866000,0.893000
8755.001000,1.866000,0.889000
8756.001000,1.866000,0.895000
8757.001000,1.866000,0.896000
8758.001000,1.866000,0.894000
8759.001000,1.865000,0.894000
8760.001000,1.863000,0.897000
8761.001000,1.863000,0.894000
8762.001000,1.864000,0.894000
8763.001000,1.863000,0.893000
8764.001000,1.863000,0.898000
8765.001000,1.863000,0.900000
8766.001000,1.863000,0.888000
8767.001000,1.863000,0.899000
8768.001000,1.862000,0.892000
8769.001000,1.862000,0.900000
8770.001000,1.863000,0.897000
8771.001000,1.863000,0.894000
8772.001000,1.864000,0.895000
8773.001000,1.864000,0.895000
8774.001000,1.864000,0.895000
8775.001000,1.865000,0.897000
8776.001000,1.865000,0.900000
8777.001000,1.865000,0.896000
8778.001000,1.866000,0.891000
8779.001000,1.867000,0.893000
8780.001000,1.866000,0.898000
8781.001000,1.866000,0.901000
8782.001000,1.866000,0.898000
8783.001000,1.867000,0.900000
8784.001000,1.867000,0.900000
8785.001000,1.867000,0.894000
8786.001000,1.867000,0.894000
8787.001000,1.867000,0.897000
8788.001000,1.867000,0.900000
8789.001000,1.866000,0.892000
8790.001000,1.867000,0.899000
8791.001000,1.868000,0.928000
8792.001000,1.867000,0.921000
8793.001000,1.867000,0.922000
8794.001000,1.867000,0.922000
8795.001000,1.868000,0.922000
8796.001000,1.868000,0.923000
8797.001000,1.868000,0.923000
8798.001000,1.868000,0.921000
8799.001000,1.869000,0.922000
8800.001000,1.869000,0.921000
8801.001000,1.870000,0.925000
8802.001000,1.870000,0.922000
8803.001000,1.870000,0.925000
8804.001000,1.869000,0.919000
8805.001000,1.869000,0.924000
8806.001000,1.870000,0.916000
8807.001000,1.869000,0.923000
8808.001000,1.870000,0.928000
8809.001000,1.870000,0.934000
8810.001000,1.870000,0.927000
8811.001000,1.870000,0.924000
8812.001000,1.871000,0.923000
8813.001000,1.871000,0.928000
8814.001000,1.872000,0.931000
8815.001000,1.872000,0.929000
8816.001000,1.872000,0.924000
8817.001000,1.872000,0.927000
8818.001000,1.873000,0.927000
8819.001000,1.873000,0.930000
8820.001000,1.873000,0.929000
8821.001000,1.874000,0.930000
8822.001000,1.874000,0.930000
8823.001000,1.874000,0.933000
8824.001000,1.875000,0.937000
8825.001000,1.875000,0.926000
8826.001000,1.875000,0.931000
8827.001000,1.876000,0.924000
8828.001000,1.876000,0.929000
8829.001000,1.877000,0.931000
8830.001000,1.877000,0.928000
8831.001000,1.878000,0.925000
8832.001000,1.878000,0.908000
8833.001000,1.878000,0.910000
8834.001000,1.879000,0.903000
8835.001000,1.879000,0.905000
8836.001000,1.880000,0.915000
8837.001000,1.880000,0.913000
8838.001000,1.880000,0.919000
8839.001000,1.881000,0.914000
8840.001000,1.881000,0.910000
8841.001000,1.881000,0.905000
8842.001000,1.882000,0.911000
8843.001000,1.882000,0.913000
8844.001000,1.882000,0.904000
8845.001000,1.883000,0.912000
8846.001000,1.883000,0.905000
8847.001000,1.884000,0.908000
8848.001000,1.884000,0.911000
8849.001000,1.884000,0.915000
8850.001000,1.885000,0.914000
8851.001000,1.886000,0.915000
8852.001000,1.886000,0.915000
8853.001000,1.886000,0.917000
8854.001000,1.887000,0.917000
8855.001000,1.887000,0.917000
8856.001000,1.887000,0.918000
8857.001000,1.888000,0.918000
8858.001000,1.888000,0.917000
8859.001000,1.888000,0.915000
8860.001000,1.889000,0.917000
8861.001000,1.889000,0.914000
8862.001000,1.890000,0.914000
8863.001000,1.890000,0.916000
8864.001000,1.890000,0.919000
8865.001000,1.890000,0.921000
8866.001000,1.891000,0.914000
8867.001000,1.891000,0.918000
8868.001000,1.892000,0.914000
8869.001000,1.892000,0.923000
8870.001000,1.893000,0.918000
8871.001000,1.893000,0.920000
8872.001000,1.894000,0.920000
8873.001000,1.893000,0.922000
8874.001000,1.893000,0.918000
8875.001000,1.894000,0.918000
8876.001000,1.894000,0.922000
8877.001000,1.895000,0.919000
8878.001000,1.895000,0.946000
8879.001000,1.895000,0.943000
8880.001000,1.895000,0.945000
8881.001000,1.895000,0.941000
8882.001000,1.895000,0.942000
8883.001000,1.895000,0.944000
8884.001000,1.895000,0.943000
8885.001000,1.896000,0.940000
8886.001000,1.896000,0.941000
8887.001000,1.896000,0.941000
8888.001000,1.896000,0.944000
8889.001000,1.896000,0.946000
8890.001000,1.896000,0.944000
8891.001000,1.896000,0.921000
8892.001000,1.897000,0.927000
8893.001000,1.897000,0.945000
8894.001000,1.897000,0.929000
8895.001000,1.897000,0.908000
8896.001000,1.897000,0.915000
8897.001000,1.898000,0.916000
8898.001000,1.898000,0.920000
8899.001000,1.898000,0.917000
8900.001000,1.898000,0.915000
8901.001000,1.898000,0.921000
8902.001000,1.899000,0.917000
8903.001000,1.899000,0.915000
8904.001000,1.899000,0.918000
8905.001000,1.899000,0.920000
8906.001000,1.900000,0.919000
8907.001000,1.900000,0.915000
8908.001000,1.900000,0.921000
8909.001000,1.901000,0.921000
8910.001000,1.901000,0.917000
8911.001000,1.901000,0.923000
8912.001000,1.902000,0.921000
8913.001000,1.902000,0.918000
8914.001000,1.902000,0.921000
8915.001000,1.902000,0.923000
8916.001000,1.903000,0.922000
8917.001000,1.903000,0.919000
8918.001000,1.903000,0.924000
8919.001000,1.903000,0.917000
8920.001000,1.903000,0.918000
8921.001000,1.903000,0.918000
8922.001000,1.903000,0.923000
8923.001000,1.903000,0.919000
8924.001000,1.903000,0.917000
8925.001000,1.904000,0.924000
8926.001000,1.903000,0.922000
8927.001000,1.903000,0.916000
8928.001000,1.903000,0.920000
8929.001000,1.904000,0.922000
8930.001000,1.904000,0.920000
8931.001000,1.904000,0.922000
8932.001000,1.904000,0.925000
8933.001000,1.904000,0.926000
8934.001000,1.904000,0.921000
8935.001000,1.904000,0.925000
8936.001000,1.904000,0.924000
8937.001000,1.904000,0.927000
8938.001000,1.904000,0.929000
8939.001000,1.904000,0.922000
8940.001000,1.904000,0.930000
8941.001000,1.905000,0.926000
8942.001000,1.905000,0.924000
8943.001000,1.905000,0.927000
8944.001000,1.905000,0.926000
8945.001000,1.905000,0.928000
8946.001000,1.905000,0.929000
8947.001000,1.906000,0.933000
8948.001000,1.906000,0.928000
8949.001000,1.906000,0.927000
8950.001000,1.906000,0.922000
8951.001000,1.906000,0.920000
8952.001000,1.905000,0.924000
8953.001000,1.905000,0.925000
8954.001000,1.905000,0.926000
8955.001000,1.906000,0.927000
8956.001000,1.906000,0.927000
8957.001000,1.906000,0.925000
8958.001000,1.905000,0.932000
8959.001000,1.906000,0.929000
8960.001000,1.906000,0.930000
8961.001000,1.906000,0.930000
8962.001000,1.906000,0.931000
8963.001000,1.906000,0.928000
8964.001000,1.906000,0.935000
8965.001000,1.906000,0.938000
8966.001000,1.906000,0.936000
8967.001000,1.906000,0.933000
8968.001000,1.905000,0.932000
8969.001000,1.905000,0.934000
8970.001000,1.906000,0.929000
8971.001000,1.906000,0.935000
8972.001000,1.905000,0.934000
8973.001000,1.905000,0.935000
8974.001000,1.904000,0.940000
8975.001000,1.905000,0.935000
8976.001000,1.904000,0.929000
8977.001000,1.905000,0.937000
8978.001000,1.905000,0.933000
8979.001000,1.905000,0.932000
8980.001000,1.905000,0.930000
8981.001000,1.905000,0.934000
8982.001000,1.905000,0.938000
8983.001000,1.905000,0.934000
8984.001000,1.905000,0.936000
8985.001000,1.906000,0.939000
8986.001000,1.906000,0.942000
8987.001000,1.906000,0.937000
8988.001000,1.906000,0.942000
8989.001000,1.907000,0.937000
8990.001000,1.907000,0.937000
8991.001000,1.907000,0.938000
8992.001000,1.907000,0.934000
8993.001000,1.907000,0.938000
8994.001000,1.908000,0.940000
8995.001000,1.908000,0.939000
8996.001000,1.908000,0.935000
8997.001000,1.908000,0.941000
8998.001000,1.909000,0.944000
8999.001000,1.909000,0.941000
9000.001000,1.909000,0.939000
9001.001000,1.909000,0.941000
9002.001000,1.909000,0.940000
9003.001000,1.909000,0.943000
9004.001000,1.909000,0.939000
9005.001000,1.909000,0.941000
9006.001000,1.909000,0.940000
9007.001000,1.909000,0.942000
9008.001000,1.909000,0.941000
9009.001000,1.908000,0.944000
9010.001000,1.908000,0.941000
9011.001000,1.908000,0.929000
9012.001000,1.908000,0.930000
9013.001000,1.908000,0.925000
9014.001000,1.908000,0.932000
9015.001000,1.909000,0.929000
9016.001000,1.909000,0.936000
9017.001000,1.909000,0.937000
9018.001000,1.909000,0.937000
9019.001000,1.909000,0.936000
9020.001000,1.910000,0.937000
9021.001000,1.910000,0.938000
9022.001000,1.910000,0.941000
9023.001000,1.910000,0.940000
9024.001000,1.910000,0.940000
9025.001000,1.911000,0.940000
9026.001000,1.911000,0.942000
9027.001000,1.910000,0.938000
9028.001000,1.910000,0.941000
9029.001000,1.911000,0.943000
9030.001000,1.911000,0.938000
9031.001000,1.911000,0.938000
9032.001000,1.911000,0.941000
9033.001000,1.911000,0.939000
9034.001000,1.911000,0.935000
9035.001000,1.911000,0.936000
9036.001000,1.910000,0.939000
9037.001000,1.910000,0.943000
9038.001000,1.910000,0.946000
9039.001000,1.910000,0.941000
9040.001000,1.910000,0.941000
9041.001000,1.910000,0.936000
9042.001000,1.911000,0.939000
9043.001000,1.911000,0.939000
9044.001000,1.911000,0.938000
9045.001000,1.911000,0.935000
9046.001000,1.912000,0.939000
9047.001000,1.912000,0.929000
9048.001000,1.912000,0.937000
9049.001000,1.913000,0.935000
9050.001000,1.913000,0.933000
9051.001000,1.913000,0.935000
9052.001000,1.913000,0.942000
9053.001000,1.914000,0.945000
9054.001000,1.914000,0.947000
9055.001000,1.914000,0.943000
9056.001000,1.914000,0.946000
9057.001000,1.915000,0.948000
9058.001000,1.915000,0.948000
9059.001000,1.915000,0.945000
9060.001000,1.915000,0.944000
9061.001000,1.916000,0.945000
9062.001000,1.916000,0.944000
9063.001000,1.916000,0.945000
9064.001000,1.916000,0.945000
9065.001000,1.916000,0.947000
9066.001000,1.916000,0.945000
9067.001000,1.916000,0.942000
9068.001000,1.916000,0.940000
9069.001000,1.916000,0.943000
9070.001000,1.916000,0.943000
9071.001000,1.916000,0.944000
9072.001000,1.917000,0.945000
9073.001000,1.917000,0.947000
9074.001000,1.917000,0.942000
9075.001000,1.917000,0.941000
9076.001000,1.917000,0.941000
9077.001000,1.917000,0.945000
9078.001000,1.916000,0.939000
9079.001000,1.917000,0.941000
9080.001000,1.917000,0.943000
9081.001000,1.916000,0.945000
9082.001000,1.916000,0.945000
9083.001000,1.917000,0.947000
9084.001000,1.917000,0.942000
9085.001000,1.917000,0.939000
9086.001000,1.917000,0.940000
9087.001000,1.917000,0.945000
9088.001000,1.917000,0.939000
9089.001000,1.916000,0.944000
9090.001000,1.917000,0.948000
9091.001000,1.917000,0.946000
9092.001000,1.917000,0.947000
9093.001000,1.917000,0.949000
9094.001000,1.917000,0.948000
9095.001000,1.917000,0.946000
9096.001000,1.917000,0.949000
9097.001000,1.916000,0.942000
9098.001000,1.916000,0.947000
9099.001000,1.916000,0.948000
9100.001000,1.916000,0.944000
9101.001000,1.916000,0.946000
9102.001000,1.917000,0.933000
9103.001000,1.916000,0.942000
9104.001000,1.916000,0.940000
9105.001000,1.916000,0.939000
9106.001000,1.917000,0.942000
9107.001000,1.917000,0.941000
9108.001000,1.917000,0.937000
9109.001000,1.917000,0.935000
9110.001000,1.917000,0.942000
9111.001000,1.917000,0.943000
9112.001000,1.916000,0.945000
9113.001000,1.916000,0.947000
9114.001000,1.916000,0.938000
9115.001000,1.917000,0.941000
9116.001000,1.916000,0.943000
9117.001000,1.916000,0.945000
9118.001000,1.916000,0.949000
9119.001000,1.916000,0.948000
9120.001000,1.916000,0.952000
9121.001000,1.916000,0.947000
9122.001000,1.916000,0.945000
9123.001000,1.916000,0.945000
9124.001000,1.916000,0.941000
9125.001000,1.916000,0.944000
9126.001000,1.916000,0.943000
9127.001000,1.916000,0.947000
9128.001000,1.916000,0.946000
9129.001000,1.916000,0.944000
9130.001000,1.916000,0.941000
9131.001000,1.916000,0.943000
9132.001000,1.916000,0.946000
9133.001000,1.917000,0.947000
9134.001000,1.917000,0.944000
9135.001000,1.917000,0.952000
9136.001000,1.916000,0.943000
9137.001000,1.916000,0.944000
9138.001000,1.916000,0.942000
9139.001000,1.916000,0.942000
9140.001000,1.916000,0.940000
9141.001000,1.917000,0.943000
9142.001000,1.917000,0.946000
9143.001000,1.917000,0.943000
9144.001000,1.916000,0.945000
9145.001000,1.916000,0.939000
9146.001000,1.916000,0.941000
9147.001000,1.916000,0.946000
9148.001000,1.916000,0.941000
9149.001000,1.915000,0.940000
9150.001000,1.915000,0.942000
9151.001000,1.915000,0.941000
9152.001000,1.915000,0.941000
9153.001000,1.915000,0.946000
9154.001000,1.915000,0.949000
9155.001000,1.915000,0.944000
9156.001000,1.915000,0.945000
9157.001000,1.915000,0.938000
9158.001000,1.915000,0.938000
9159.001000,1.914000,0.939000
9160.001000,1.914000,0.937000
9161.001000,1.914000,0.934000
9162.001000,1.914000,0.932000
9163.001000,1.914000,0.931000
9164.001000,1.914000,0.929000
9165.001000,1.914000,0.933000
9166.001000,1.914000,0.930000
9167.001000,1.914000,0.931000
9168.001000,1.914000,0.936000
9169.001000,1.915000,0.934000
9170.001000,1.914000,0.927000
9171.001000,1.914000,0.931000
9172.001000,1.914000,0.929000
9173.001000,1.914000,0.933000
9174.001000,1.914000,0.932000
9175.001000,1.914000,0.930000
9176.001000,1.914000,0.931000
9177.001000,1.913000,0.927000
9178.001000,1.913000,0.929000
9179.001000,1.913000,0.929000
9180.001000,1.913000,0.933000
9181.001000,1.914000,0.935000
9182.001000,1.914000,0.929000
9183.001000,1.914000,0.926000
9184.001000,1.913000,0.930000
9185.001000,1.913000,0.931000
9186.001000,1.913000,0.929000
9187.001000,1.913000,0.927000
9188.001000,1.913000,0.928000
9189.001000,1.913000,0.932000
9190.001000,1.914000,0.928000
9191.001000,1.914000,0.930000
9192.001000,1.915000,0.926000
9193.001000,1.915000,0.928000
9194.001000,1.915000,0.930000
9195.001000,1.916000,0.932000
9196.001000,1.916000,0.933000
9197.001000,1.916000,0.933000
9198.001000,1.916000,0.929000
9199.001000,1.916000,0.933000
9200.001000,1.915000,0.926000
9201.001000,1.915000,0.928000
9202.001000,1.916000,0.926000
9203.001000,1.916000,0.927000
9204.001000,1.916000,0.923000
9205.001000,1.915000,0.923000
9206.001000,1.915000,0.925000
9207.001000,1.915000,0.932000
9208.001000,1.915000,0.935000
9209.001000,1.915000,0.928000
9210.001000,1.916000,0.927000
9211.001000,1.916000,0.927000
9212.001000,1.915000,0.931000
9213.001000,1.916000,0.934000
9214.001000,1.916000,0.929000
9215.001000,1.915000,0.926000
9216.001000,1.915000,0.926000
9217.001000,1.915000,0.929000
9218.001000,1.915000,0.937000
9219.001000,1.914000,0.948000
9220.001000,1.914000,0.948000
9221.001000,1.914000,0.956000
9222.001000,1.915000,0.948000
9223.001000,1.914000,0.949000
9224.001000,1.915000,0.945000
9225.001000,1.915000,0.943000
9226.001000,1.915000,0.949000
9227.001000,1.915000,0.951000
9228.001000,1.915000,0.951000
9229.001000,1.915000,0.950000
9230.001000,1.915000,0.953000
9231.001000,1.915000,0.954000
9232.001000,1.915000,0.948000
9233.001000,1.915000,0.949000
9234.001000,1.916000,0.951000
9235.001000,1.916000,0.950000
9236.001000,1.916000,0.947000
9237.001000,1.916000,0.952000
9238.001000,1.916000,0.948000
9239.001000,1.916000,0.947000
9240.001000,1.916000,0.950000
9241.001000,1.917000,0.954000
9242.001000,1.917000,0.959000
9243.001000,1.918000,0.957000
9244.001000,1.918000,0.955000
9245.001000,1.919000,0.953000
9246.001000,1.919000,0.950000
9247.001000,1.920000,0.954000
9248.001000,1.920000,0.947000
9249.001000,1.920000,0.942000
9250.001000,1.920000,0.950000
9251.001000,1.921000,0.952000
9252.001000,1.920000,0.950000
9253.001000,1.920000,0.949000
9254.001000,1.920000,0.956000
9255.001000,1.920000,0.947000
9256.001000,1.921000,0.951000
9257.001000,1.921000,0.953000
9258.001000,1.921000,0.952000
9259.001000,1.920000,0.947000
9260.001000,1.920000,0.945000
9261.001000,1.920000,0.949000
9262.001000,1.920000,0.952000
9263.001000,1.920000,0.952000
9264.001000,1.921000,0.947000
9265.001000,1.921000,0.949000
9266.001000,1.921000,0.947000
9267.001000,1.921000,0.952000
9268.001000,1.921000,0.951000
9269.001000,1.922000,0.955000
9270.001000,1.922000,0.950000
9271.001000,1.921000,0.952000
9272.001000,1.921000,0.951000
9273.001000,1.921000,0.947000
9274.001000,1.922000,0.951000
9275.001000,1.922000,0.954000
9276.001000,1.922000,0.954000
9277.001000,1.923000,0.956000
9278.001000,1.922000,0.956000
9279.001000,1.922000,0.953000
9280.001000,1.922000,0.954000
9281.001000,1.922000,0.958000
9282.001000,1.922000,0.960000
9283.001000,1.922000,0.960000
9284.001000,1.923000,0.955000
9285.001000,1.923000,0.949000
9286.001000,1.923000,0.950000
9287.001000,1.923000,0.950000
9288.001000,1.922000,0.958000
9289.001000,1.922000,0.960000
9290.001000,1.922000,0.955000
9291.001000,1.922000,0.955000
9292.001000,1.922000,0.954000
9293.001000,1.922000,0.954000
9294.001000,1.923000,0.959000
9295.001000,1.923000,0.957000
9296.001000,1.922000,0.956000
9297.001000,1.922000,0.957000
9298.001000,1.922000,0.954000
9299.001000,1.922000,0.953000
9300.001000,1.922000,0.955000
9301.001000,1.922000,0.960000
9302.001000,1.922000,0.953000
9303.001000,1.922000,0.957000
9304.001000,1.923000,0.958000
9305.001000,1.922000,0.962000
9306.001000,1.922000,0.957000
9307.001000,1.922000,0.954000
9308.001000,1.922000,0.962000
9309.001000,1.922000,0.953000
9310.001000,1.922000,0.938000
9311.001000,1.922000,0.956000
9312.001000,1.923000,0.965000
9313.001000,1.923000,0.956000
9314.001000,1.923000,0.958000
9315.001000,1.923000,0.957000
9316.001000,1.923000,0.952000
9317.001000,1.923000,0.948000
9318.001000,1.923000,0.955000
9319.001000,1.923000,0.962000
9320.001000,1.923000,0.964000
9321.001000,1.923000,0.962000
9322.001000,1.923000,0.961000
9323.001000,1.923000,0.961000
9324.001000,1.923000,0.963000
9325.001000,1.922000,0.965000
9326.001000,1.922000,0.966000
9327.001000,1.923000,0.963000
9328.001000,1.922000,0.965000
9329.001000,1.923000,0.958000
9330.001000,1.922000,0.965000
9331.001000,1.923000,0.962000
9332.001000,1.922000,0.953000
9333.001000,1.922000,0.958000
9334.001000,1.922000,0.960000
9335.001000,1.922000,0.958000
9336.001000,1.922000,0.951000
9337.001000,1.923000,0.939000
9338.001000,1.923000,0.941000
9339.001000,1.923000,0.954000
9340.001000,1.923000,0.958000
9341.001000,1.923000,0.958000
9342.001000,1.924000,0.948000
9343.001000,1.924000,0.952000
9344.001000,1.925000,0.949000
9345.001000,1.925000,0.955000
9346.001000,1.925000,0.956000
9347.001000,1.926000,0.955000
9348.001000,1.926000,0.960000
9349.001000,1.927000,0.953000
9350.001000,1.927000,0.960000
9351.001000,1.927000,0.970000
9352.001000,1.927000,0.955000
9353.001000,1.928000,0.965000
9354.001000,1.928000,0.969000
9355.001000,1.928000,0.971000
9356.001000,1.928000,0.963000
9357.001000,1.929000,0.955000
9358.001000,1.929000,0.952000
9359.001000,1.928000,0.956000
9360.001000,1.928000,0.965000
9361.001000,1.929000,0.959000
9362.001000,1.929000,0.960000
9363.001000,1.929000,0.960000
9364.001000,1.929000,0.958000
9365.001000,1.929000,0.963000
9366.001000,1.928000,0.960000
9367.001000,1.928000,0.958000
9368.001000,1.929000,0.966000
9369.001000,1.929000,0.967000
9370.001000,1.929000,0.967000
9371.001000,1.929000,0.967000
9372.001000,1.929000,0.966000
9373.001000,1.929000,0.962000
9374.001000,1.929000,0.962000
9375.001000,1.929000,0.969000
9376.001000,1.930000,0.964000
9377.001000,1.930000,0.970000
9378.001000,1.930000,0.970000
9379.001000,1.930000,0.968000
9380.001000,1.930000,0.962000
9381.001000,1.930000,0.956000
9382.001000,1.930000,0.961000
9383.001000,1.930000,0.969000
9384.001000,1.931000,0.967000
9385.001000,1.931000,0.959000
9386.001000,1.931000,0.948000
9387.001000,1.931000,0.949000
9388.001000,1.931000,0.970000
9389.001000,1.931000,0.960000
9390.001000,1.931000,0.959000
9391.001000,1.931000,0.946000
9392.001000,1.932000,0.954000
9393.001000,1.932000,0.957000
9394.001000,1.932000,0.953000
9395.001000,1.932000,0.960000
9396.001000,1.932000,0.951000
9397.001000,1.932000,0.952000
9398.001000,1.932000,0.961000
9399.001000,1.933000,0.961000
9400.001000,1.933000,0.956000
9401.001000,1.933000,0.956000
9402.001000,1.933000,0.945000
9403.001000,1.933000,0.946000
9404.001000,1.933000,0.947000
9405.001000,1.933000,0.948000
9406.001000,1.933000,0.943000
9407.001000,1.933000,0.947000
9408.001000,1.932000,0.943000
9409.001000,1.933000,0.941000
9410.001000,1.933000,0.949000
9411.001000,1.933000,0.943000
9412.001000,1.933000,0.947000
9413.001000,1.933000,0.943000
9414.001000,1.933000,0.942000
9415.001000,1.933000,0.943000
9416.001000,1.933000,0.940000
9417.001000,1.932000,0.941000
9418.001000,1.932000,0.947000
9419.001000,1.933000,0.948000
9420.001000,1.933000,0.944000
9421.001000,1.933000,0.946000
9422.001000,1.934000,0.945000
9423.001000,1.934000,0.944000
9424.001000,1.934000,0.947000
9425.001000,1.934000,0.944000
9426.001000,1.934000,0.945000
9427.001000,1.934000,0.947000
9428.001000,1.934000,0.945000
9429.001000,1.934000,0.949000
9430.001000,1.934000,0.943000
9431.001000,1.935000,0.953000
9432.001000,1.935000,0.951000
9433.001000,1.935000,0.947000
9434.001000,1.935000,0.948000
9435.001000,1.935000,0.949000
9436.001000,1.935000,0.947000
9437.001000,1.935000,0.948000
9438.001000,1.935000,0.948000
9439.001000,1.935000,0.949000
9440.001000,1.935000,0.950000
9441.001000,1.935000,0.955000
9442.001000,1.935000,0.952000
9443.001000,1.934000,0.949000
9444.001000,1.934000,0.951000
9445.001000,1.934000,0.957000
9446.001000,1.934000,0.953000
9447.001000,1.933000,0.960000
9448.001000,1.933000,0.957000
9449.001000,1.934000,0.958000
9450.001000,1.933000,0.956000
9451.001000,1.933000,0.952000
9452.001000,1.933000,0.953000
9453.001000,1.934000,0.955000
9454.001000,1.934000,0.957000
9455.001000,1.935000,0.953000
9456.001000,1.934000,0.957000
9457.001000,1.935000,0.954000
9458.001000,1.934000,0.954000
9459.001000,1.933000,0.958000
9460.001000,1.933000,0.950000
9461.001000,1.934000,0.958000
9462.001000,1.934000,0.953000
9463.001000,1.934000,0.954000
9464.001000,1.935000,0.958000
9465.001000,1.934000,0.955000
9466.001000,1.934000,0.951000
9467.001000,1.934000,0.956000
9468.001000,1.934000,0.954000
9469.001000,1.935000,0.957000
9470.001000,1.935000,0.955000
9471.001000,1.935000,0.950000
9472.001000,1.935000,0.951000
9473.001000,1.935000,0.946000
9474.001000,1.935000,0.953000
9475.001000,1.934000,0.952000
9476.001000,1.934000,0.952000
9477.001000,1.934000,0.952000
9478.001000,1.935000,0.951000
9479.001000,1.935000,0.951000
9480.001000,1.935000,0.956000
9481.001000,1.936000,0.953000
9482.001000,1.936000,0.950000
9483.001000,1.935000,0.958000
9484.001000,1.934000,0.954000
9485.001000,1.934000,0.961000
9486.001000,1.934000,0.953000
9487.001000,1.934000,0.955000
9488.001000,1.934000,0.959000
9489.001000,1.934000,0.957000
9490.001000,1.935000,0.955000
9491.001000,1.935000,0.960000
9492.001000,1.936000,0.956000
9493.001000,1.936000,0.960000
9494.001000,1.936000,0.952000
9495.001000,1.936000,0.956000
9496.001000,1.936000,0.951000
9497.001000,1.935000,0.952000
9498.001000,1.935000,0.952000
9499.001000,1.934000,0.952000
9500.001000,1.935000,0.953000
9501.001000,1.935000,0.957000
9502.001000,1.935000,0.956000
9503.001000,1.935000,0.955000
9504.001000,1.936000,0.951000
9505.001000,1.936000,0.956000
9506.001000,1.936000,0.957000
9507.001000,1.936000,0.954000
9508.001000,1.935000,0.954000
9509.001000,1.935000,0.953000
9510.001000,1.935000,0.954000
9511.001000,1.934000,0.960000
9512.001000,1.934000,0.958000
9513.001000,1.934000,0.954000
9514.001000,1.934000,0.952000
9515.001000,1.934000,0.964000
9516.001000,1.934000,0.954000
9517.001000,1.935000,0.956000
9518.001000,1.935000,0.954000
9519.001000,1.935000,0.957000
9520.001000,1.936000,0.952000
9521.001000,1.935000,0.957000
9522.001000,1.935000,0.959000
9523.001000,1.935000,0.959000
9524.001000,1.935000,0.954000
9525.001000,1.935000,0.958000
9526.001000,1.935000,0.959000
9527.001000,1.935000,0.951000
9528.001000,1.935000,0.955000
9529.001000,1.936000,0.950000
9530.001000,1.936000,0.949000
9531.001000,1.936000,0.949000
9532.001000,1.935000,0.956000
9533.001000,1.936000,0.955000
9534.001000,1.936000,0.957000
9535.001000,1.935000,0.954000
9536.001000,1.935000,0.952000
9537.001000,1.936000,0.956000
9538.001000,1.935000,0.950000
9539.001000,1.935000,0.950000
9540.001000,1.936000,0.951000
9541.001000,1.936000,0.954000
9542.001000,1.936000,0.953000
9543.001000,1.935000,0.954000
9544.001000,1.934000,0.954000
9545.001000,1.935000,0.961000
9546.001000,1.934000,0.962000
9547.001000,1.934000,0.954000
9548.001000,1.934000,0.956000
9549.001000,1.933000,0.962000
9550.001000,1.934000,0.957000
9551.001000,1.934000,0.963000
9552.001000,1.934000,0.961000
9553.001000,1.935000,0.955000
9554.001000,1.935000,0.953000
9555.001000,1.935000,0.957000
9556.001000,1.935000,0.960000
9557.001000,1.935000,0.958000
9558.001000,1.935000,0.959000
9559.001000,1.935000,0.959000
9560.001000,1.935000,0.951000
9561.001000,1.935000,0.959000
9562.001000,1.935000,0.954000
9563.001000,1.935000,0.955000
9564.001000,1.935000,0.952000
9565.001000,1.935000,0.956000
9566.001000,1.935000,0.951000
9567.001000,1.936000,0.954000
9568.001000,1.936000,0.953000
9569.001000,1.936000,0.956000
9570.001000,1.936000,0.950000
9571.001000,1.937000,0.954000
9572.001000,1.937000,0.949000
9573.001000,1.938000,0.957000
9574.001000,1.939000,0.956000
9575.001000,1.939000,0.953000
9576.001000,1.940000,0.954000
9577.001000,1.940000,0.956000
9578.001000,1.940000,0.960000
9579.001000,1.940000,0.958000
9580.001000,1.940000,0.956000
9581.001000,1.941000,0.956000
9582.001000,1.941000,0.962000
9583.001000,1.941000,0.979000
9584.001000,1.941000,0.956000
9585.001000,1.941000,0.964000
9586.001000,1.940000,0.975000
9587.001000,1.939000,0.981000
9588.001000,1.939000,0.975000
9589.001000,1.939000,0.976000
9590.001000,1.940000,0.970000
9591.001000,1.940000,0.977000
9592.001000,1.940000,0.974000
9593.001000,1.940000,0.972000
9594.001000,1.940000,0.966000
9595.001000,1.941000,0.971000
9596.001000,1.941000,0.973000
9597.001000,1.941000,0.973000
9598.001000,1.941000,0.967000
9599.001000,1.941000,0.973000
9600.001000,1.941000,0.973000
9601.001000,1.941000,0.976000
9602.001000,1.941000,0.976000
9603.001000,1.940000,0.978000
9604.001000,1.940000,0.977000
9605.001000,1.940000,0.973000
9606.001000,1.940000,0.979000
9607.001000,1.940000,0.979000
9608.001000,1.940000,0.987000
9609.001000,1.940000,0.977000
9610.001000,1.940000,0.979000
9611.001000,1.939000,0.971000
9612.001000,1.939000,0.976000
9613.001000,1.939000,0.979000
9614.001000,1.939000,0.979000
9615.001000,1.939000,0.983000
9616.001000,1.939000,0.973000
9617.001000,1.938000,0.972000
9618.001000,1.938000,0.981000
9619.001000,1.938000,0.974000
9620.001000,1.938000,0.976000
9621.001000,1.938000,0.968000
9622.001000,1.938000,0.968000
9623.001000,1.938000,0.962000
9624.001000,1.938000,0.958000
9625.001000,1.939000,0.960000
9626.001000,1.938000,0.957000
9627.001000,1.938000,0.960000
9628.001000,1.938000,0.962000
9629.001000,1.938000,0.964000
9630.001000,1.938000,0.967000
9631.001000,1.938000,0.964000
9632.001000,1.938000,0.961000
9633.001000,1.937000,0.959000
9634.001000,1.938000,0.959000
9635.001000,1.938000,0.957000
9636.001000,1.938000,0.957000
9637.001000,1.938000,0.959000
9638.001000,1.938000,0.957000
9639.001000,1.939000,0.959000
9640.001000,1.939000,0.960000
9641.001000,1.939000,0.960000
9642.001000,1.938000,0.959000
9643.001000,1.938000,0.959000
9644.001000,1.938000,0.959000
9645.001000,1.939000,0.955000
9646.001000,1.938000,0.960000
9647.001000,1.938000,0.960000
9648.001000,1.938000,0.959000
9649.001000,1.939000,0.960000
9650.001000,1.939000,0.960000
9651.001000,1.939000,0.962000
9652.001000,1.939000,0.960000
9653.001000,1.939000,0.961000
9654.001000,1.938000,0.959000
9655.001000,1.938000,0.961000
9656.001000,1.938000,0.962000
9657.001000,1.938000,0.957000
9658.001000,1.938000,0.957000
9659.001000,1.937000,0.960000
9660.001000,1.937000,0.958000
9661.001000,1.937000,0.959000
9662.001000,1.937000,0.960000
9663.001000,1.938000,0.964000
9664.001000,1.938000,0.962000
9665.001000,1.938000,0.963000
9666.001000,1.938000,0.960000
9667.001000,1.937000,0.956000
9668.001000,1.938000,0.959000
9669.001000,1.938000,0.958000
9670.001000,1.938000,0.962000
9671.001000,1.938000,0.961000
9672.001000,1.938000,0.962000
9673.001000,1.938000,0.959000
9674.001000,1.938000,0.958000
9675.001000,1.938000,0.961000
9676.001000,1.938000,0.960000
9677.001000,1.938000,0.962000
9678.001000,1.939000,0.961000
9679.001000,1.939000,0.959000
9680.001000,1.939000,0.959000
9681.001000,1.939000,0.962000
9682.001000,1.939000,0.960000
9683.001000,1.938000,0.959000
9684.001000,1.938000,0.960000
9685.001000,1.938000,0.961000
9686.001000,1.938000,0.962000
9687.001000,1.938000,0.961000
9688.001000,1.938000,0.959000
9689.001000,1.938000,0.959000
9690.001000,1.939000,0.959000
9691.001000,1.939000,0.957000
9692.001000,1.939000,0.956000
9693.001000,1.939000,0.957000
9694.001000,1.939000,0.960000
9695.001000,1.939000,0.961000
9696.001000,1.939000,0.960000
9697.001000,1.939000,0.958000
9698.001000,1.940000,0.959000
9699.001000,1.939000,0.957000
9700.001000,1.938000,0.954000
9701.001000,1.937000,0.955000
9702.001000,1.937000,0.958000
9703.001000,1.937000,0.959000
9704.001000,1.937000,0.961000
9705.001000,1.938000,0.962000
9706.001000,1.937000,0.960000
9707.001000,1.937000,0.961000
9708.001000,1.937000,0.961000
9709.001000,1.937000,0.962000
9710.001000,1.937000,0.964000
9711.001000,1.937000,0.966000
9712.001000,1.937000,0.961000
9713.001000,1.937000,0.961000
9714.001000,1.936000,0.960000
9715.001000,1.936000,0.960000
9716.001000,1.937000,0.959000
9717.001000,1.937000,0.958000
9718.001000,1.937000,0.961000
9719.001000,1.938000,0.960000
9720.001000,1.938000,0.960000
9721.001000,1.938000,0.962000
9722.001000,1.937000,0.966000
9723.001000,1.937000,0.962000
9724.001000,1.937000,0.962000
9725.001000,1.937000,0.962000
9726.001000,1.936000,0.962000
9727.001000,1.937000,0.962000
9728.001000,1.937000,0.960000
9729.001000,1.937000,0.958000
9730.001000,1.938000,0.956000
9731.001000,1.938000,0.957000
9732.001000,1.937000,0.960000
9733.001000,1.937000,0.957000
9734.001000,1.936000,0.955000
9735.001000,1.937000,0.958000
9736.001000,1.937000,0.958000
9737.001000,1.937000,0.969000
9738.001000,1.937000,0.970000
9739.001000,1.937000,0.968000
9740.001000,1.937000,0.954000
9741.001000,1.937000,0.968000
9742.001000,1.938000,0.968000
9743.001000,1.938000,0.968000
9744.001000,1.937000,0.975000
9745.001000,1.938000,0.976000
9746.001000,1.938000,0.975000
9747.001000,1.938000,0.973000
9748.001000,1.938000,0.975000
9749.001000,1.937000,0.969000
9750.001000,1.938000,0.963000
9751.001000,1.938000,0.970000
9752.001000,1.937000,0.970000
9753.001000,1.938000,0.971000
9754.001000,1.937000,0.969000
9755.001000,1.938000,0.959000
9756.001000,1.938000,0.963000
9757.001000,1.938000,0.966000
9758.001000,1.938000,0.967000
9759.001000,1.939000,0.972000
9760.001000,1.939000,0.973000
9761.001000,1.939000,0.978000
9762.001000,1.939000,0.974000
9763.001000,1.939000,0.977000
9764.001000,1.939000,0.977000
9765.001000,1.939000,0.981000
9766.001000,1.939000,0.974000
9767.001000,1.939000,0.975000
9768.001000,1.939000,0.978000
9769.001000,1.939000,0.971000
9770.001000,1.939000,0.973000
9771.001000,1.939000,0.968000
9772.001000,1.939000,0.971000
9773.001000,1.940000,0.973000
9774.001000,1.939000,0.970000
9775.001000,1.940000,0.969000
9776.001000,1.940000,0.977000
9777.001000,1.940000,0.972000
9778.001000,1.941000,0.973000
9779.001000,1.941000,0.977000
9780.001000,1.941000,0.976000
9781.001000,1.941000,0.980000
9782.001000,1.942000,0.982000
9783.001000,1.942000,0.977000
9784.001000,1.942000,0.976000
9785.001000,1.942000,0.973000
9786.001000,1.942000,0.977000
9787.001000,1.942000,0.978000
9788.001000,1.942000,0.974000
9789.001000,1.942000,0.976000
9790.001000,1.942000,0.972000
9791.001000,1.942000,0.972000
9792.001000,1.941000,0.969000
9793.001000,1.941000,0.965000
9794.001000,1.941000,0.967000
9795.001000,1.941000,0.971000
9796.001000,1.941000,0.972000
9797.001000,1.941000,0.969000
9798.001000,1.941000,0.973000
9799.001000,1.942000,0.970000
9800.001000,1.942000,0.974000
9801.001000,1.942000,0.971000
9802.001000,1.942000,0.972000
9803.001000,1.942000,0.967000
9804.001000,1.943000,0.972000
9805.001000,1.943000,0.973000
9806.001000,1.943000,0.975000
9807.001000,1.943000,0.968000
9808.001000,1.943000,0.966000
9809.001000,1.943000,0.973000
9810.001000,1.943000,0.970000
9811.001000,1.943000,0.971000
9812.001000,1.943000,0.975000
9813.001000,1.943000,0.970000
9814.001000,1.944000,0.973000
9815.001000,1.944000,0.972000
9816.001000,1.944000,0.973000
9817.001000,1.944000,0.968000
9818.001000,1.944000,0.973000
9819.001000,1.944000,0.972000
9820.001000,1.944000,0.970000
9821.001000,1.944000,0.965000
9822.001000,1.944000,0.972000
9823.001000,1.944000,0.971000
9824.001000,1.943000,0.972000
9825.001000,1.943000,0.972000
9826.001000,1.944000,0.981000
9827.001000,1.944000,0.970000
9828.001000,1.944000,0.971000
9829.001000,1.944000,0.973000
9830.001000,1.944000,0.972000
9831.001000,1.944000,0.971000
9832.001000,1.944000,0.972000
9833.001000,1.944000,0.969000
9834.001000,1.944000,0.971000
9835.001000,1.945000,0.968000
9836.001000,1.944000,0.965000
9837.001000,1.944000,0.962000
9838.001000,1.943000,0.965000
9839.001000,1.943000,0.974000
9840.001000,1.944000,0.974000
9841.001000,1.944000,0.966000
9842.001000,1.943000,0.970000
9843.001000,1.943000,0.969000
9844.001000,1.943000,0.970000
9845.001000,1.943000,0.977000
9846.001000,1.943000,0.972000
9847.001000,1.943000,0.973000
9848.001000,1.943000,0.969000
9849.001000,1.943000,0.972000
9850.001000,1.943000,0.970000
9851.001000,1.943000,0.973000
9852.001000,1.943000,0.975000
9853.001000,1.943000,0.969000
9854.001000,1.943000,0.968000
9855.001000,1.942000,0.972000
9856.001000,1.942000,0.974000
9857.001000,1.942000,0.973000
9858.001000,1.942000,0.973000
9859.001000,1.942000,0.974000
9860.001000,1.943000,0.976000
9861.001000,1.943000,0.972000
9862.001000,1.943000,0.971000
9863.001000,1.943000,0.974000
9864.001000,1.943000,0.973000
9865.001000,1.943000,0.968000
9866.001000,1.943000,0.969000
9867.001000,1.943000,0.970000
9868.001000,1.943000,0.970000
9869.001000,1.943000,0.969000
9870.001000,1.943000,0.960000
9871.001000,1.943000,0.972000
9872.001000,1.943000,0.964000
9873.001000,1.943000,0.959000
9874.001000,1.942000,0.967000
9875.001000,1.942000,0.969000
9876.001000,1.942000,0.970000
9877.001000,1.943000,0.966000
9878.001000,1.943000,0.965000
9879.001000,1.942000,0.970000
9880.001000,1.942000,0.966000
9881.001000,1.942000,0.967000
9882.001000,1.942000,0.962000
9883.001000,1.942000,0.963000
9884.001000,1.942000,0.963000
9885.001000,1.943000,0.962000
9886.001000,1.943000,0.966000
9887.001000,1.943000,0.971000
9888.001000,1.943000,0.965000
9889.001000,1.944000,0.964000
9890.001000,1.943000,0.967000
9891.001000,1.943000,0.967000
9892.001000,1.943000,0.965000
9893.001000,1.944000,0.964000
9894.001000,1.944000,0.966000
9895.001000,1.944000,0.964000
9896.001000,1.943000,0.969000
9897.001000,1.943000,0.967000
9898.001000,1.943000,0.963000
9899.001000,1.943000,0.965000
9900.001000,1.943000,0.968000
9901.001000,1.943000,0.966000
9902.001000,1.942000,0.966000
9903.001000,1.942000,0.960000
9904.001000,1.942000,0.960000
9905.001000,1.942000,0.957000
9906.001000,1.942000,0.961000
9907.001000,1.942000,0.966000
9908.001000,1.943000,0.961000
9909.001000,1.943000,0.963000
9910.001000,1.943000,0.962000
9911.001000,1.943000,0.958000
9912.001000,1.943000,0.963000
9913.001000,1.943000,0.962000
9914.001000,1.944000,0.961000
9915.001000,1.944000,0.966000
9916.001000,1.944000,0.960000
9917.001000,1.944000,0.966000
9918.001000,1.944000,0.960000
9919.001000,1.944000,0.954000
9920.001000,1.945000,0.972000
9921.001000,1.945000,0.971000
9922.001000,1.944000,0.971000
9923.001000,1.942000,0.973000
9924.001000,1.942000,0.972000
9925.001000,1.942000,0.969000
9926.001000,1.942000,0.973000
9927.001000,1.943000,0.968000
9928.001000,1.942000,0.969000
9929.001000,1.942000,0.975000
9930.001000,1.942000,0.974000
9931.001000,1.943000,0.973000
9932.001000,1.943000,0.975000
9933.001000,1.943000,0.974000
9934.001000,1.943000,0.975000
9935.001000,1.944000,0.975000
9936.001000,1.943000,0.976000
9937.001000,1.944000,0.975000
9938.001000,1.943000,0.977000
9939.001000,1.943000,0.974000
9940.001000,1.943000,0.978000
9941.001000,1.943000,0.975000
9942.001000,1.943000,0.977000
9943.001000,1.943000,0.975000
9944.001000,1.944000,0.977000
9945.001000,1.944000,0.978000
9946.001000,1.943000,0.974000
9947.001000,1.943000,0.975000
9948.001000,1.943000,0.976000
9949.001000,1.944000,0.973000
9950.001000,1.943000,0.975000
9951.001000,1.943000,0.974000
9952.001000,1.943000,0.975000
9953.001000,1.943000,0.973000
9954.001000,1.944000,0.973000
9955.001000,1.944000,0.971000
9956.001000,1.944000,0.973000
9957.001000,1.943000,0.971000
9958.001000,1.943000,0.975000
9959.001000,1.944000,0.975000
9960.001000,1.944000,0.977000
9961.001000,1.942000,0.980000
9962.001000,1.942000,0.969000
9963.001000,1.942000,0.973000
9964.001000,1.942000,0.969000
9965.001000,1.942000,0.971000
9966.001000,1.942000,0.974000
9967.001000,1.941000,0.970000
9968.001000,1.941000,0.965000
9969.001000,1.941000,0.963000
9970.001000,1.941000,0.961000
9971.001000,1.941000,0.964000
9972.001000,1.941000,0.963000
9973.001000,1.941000,0.965000
9974.001000,1.941000,0.964000
9975.001000,1.940000,0.961000
9976.001000,1.940000,0.958000
9977.001000,1.941000,0.962000
9978.001000,1.941000,0.958000
9979.001000,1.941000,0.961000
9980.001000,1.941000,0.961000
9981.001000,1.941000,0.958000
9982.001000,1.941000,0.959000
9983.001000,1.941000,0.957000
9984.001000,1.941000,0.962000
9985.001000,1.941000,0.956000
9986.001000,1.942000,0.958000
9987.001000,1.941000,0.956000
9988.001000,1.941000,0.958000
9989.001000,1.941000,0.957000
9990.001000,1.941000,0.962000
9991.001000,1.941000,0.964000
9992.001000,1.941000,0.963000
9993.001000,1.942000,0.958000
9994.001000,1.942000,0.962000
9995.001000,1.941000,0.969000
9996.001000,1.941000,0.962000
9997.001000,1.942000,0.961000
9998.001000,1.942000,0.958000
9999.001000,1.942000,0.958000
10000.001000,1.942000,0.960000
10001.001000,1.942000,0.965000
10002.001000,1.942000,0.961000
10003.001000,1.942000,0.962000
10004.001000,1.941000,0.959000
10005.001000,1.941000,0.964000
10006.001000,1.942000,0.956000
10007.001000,1.942000,0.958000
10008.001000,1.941000,0.961000
10009.001000,1.941000,0.956000
10010.001000,1.941000,0.961000
10011.001000,1.941000,0.957000
10012.001000,1.941000,0.961000
10013.001000,1.941000,0.957000
10014.001000,1.940000,0.960000
10015.001000,1.940000,0.960000
10016.001000,1.941000,0.962000
10017.001000,1.941000,0.966000
10018.001000,1.941000,0.961000
10019.001000,1.941000,0.956000
10020.001000,1.942000,0.957000
10021.001000,1.942000,0.961000
10022.001000,1.942000,0.961000
10023.001000,1.942000,0.961000
10024.001000,1.942000,0.957000
10025.001000,1.943000,0.960000
10026.001000,1.943000,0.958000
10027.001000,1.943000,0.962000
10028.001000,1.943000,0.957000
10029.001000,1.943000,0.951000
10030.001000,1.943000,0.958000
10031.001000,1.943000,0.962000
10032.001000,1.943000,0.964000
10033.001000,1.943000,0.962000
10034.001000,1.942000,0.962000
10035.001000,1.943000,0.957000
10036.001000,1.943000,0.958000
10037.001000,1.943000,0.959000
10038.001000,1.943000,0.954000
10039.001000,1.943000,0.955000
10040.001000,1.944000,0.959000
10041.001000,1.944000,0.960000
10042.001000,1.944000,0.962000
10043.001000,1.945000,0.961000
10044.001000,1.945000,0.962000
10045.001000,1.945000,0.960000
10046.001000,1.945000,0.964000
10047.001000,1.946000,0.962000
10048.001000,1.946000,0.963000
10049.001000,1.946000,0.964000
10050.001000,1.946000,0.962000
10051.001000,1.946000,0.964000
10052.001000,1.946000,0.961000
10053.001000,1.946000,0.964000
10054.001000,1.947000,0.956000
10055.001000,1.947000,0.963000
10056.001000,1.947000,0.965000
10057.001000,1.947000,0.962000
10058.001000,1.947000,0.961000
10059.001000,1.947000,0.967000
10060.001000,1.947000,0.970000
10061.001000,1.948000,0.972000
10062.001000,1.948000,0.970000
10063.001000,1.948000,0.970000
10064.001000,1.948000,0.966000
10065.001000,1.948000,0.971000
10066.001000,1.948000,0.967000
10067.001000,1.948000,0.972000
10068.001000,1.949000,0.970000
10069.001000,1.948000,0.964000
10070.001000,1.948000,0.965000
10071.001000,1.948000,0.969000
10072.001000,1.949000,0.971000
10073.001000,1.949000,0.973000
10074.001000,1.949000,0.973000
10075.001000,1.949000,0.969000
10076.001000,1.949000,0.972000
10077.001000,1.949000,0.971000
10078.001000,1.950000,0.969000
10079.001000,1.949000,0.971000
10080.001000,1.948000,0.981000
10081.001000,1.949000,0.980000
10082.001000,1.949000,0.976000
10083.001000,1.949000,0.974000
10084.001000,1.949000,0.977000
10085.001000,1.949000,0.977000
10086.001000,1.949000,0.977000
10087.001000,1.949000,0.975000
10088.001000,1.949000,0.977000
10089.001000,1.949000,0.979000
10090.001000,1.949000,0.980000
10091.001000,1.950000,0.982000
10092.001000,1.950000,0.977000
10093.001000,1.950000,0.977000
10094.001000,1.950000,0.971000
10095.001000,1.950000,0.969000
10096.001000,1.950000,0.971000
10097.001000,1.950000,0.968000
10098.001000,1.950000,0.966000
10099.001000,1.949000,0.966000
10100.001000,1.949000,0.963000
10101.001000,1.949000,0.965000
10102.001000,1.950000,0.966000
10103.001000,1.950000,0.963000
10104.001000,1.950000,0.967000
10105.001000,1.949000,0.962000
10106.001000,1.949000,0.967000
10107.001000,1.949000,0.963000
10108.001000,1.950000,0.966000
10109.001000,1.950000,0.969000
10110.001000,1.950000,0.968000
10111.001000,1.950000,0.968000
10112.001000,1.950000,0.966000
10113.001000,1.950000,0.964000
10114.001000,1.950000,0.967000
10115.001000,1.950000,0.975000
10116.001000,1.950000,0.966000
10117.001000,1.950000,0.968000
10118.001000,1.949000,0.965000
10119.001000,1.950000,0.964000
10120.001000,1.950000,0.966000
10121.001000,1.949000,0.965000
10122.001000,1.949000,0.968000
10123.001000,1.949000,0.962000
10124.001000,1.950000,0.966000
10125.001000,1.950000,0.960000
10126.001000,1.950000,0.967000
10127.001000,1.950000,0.967000
10128.001000,1.950000,0.963000
10129.001000,1.950000,0.963000
10130.001000,1.950000,0.959000
10131.001000,1.949000,0.961000
10132.001000,1.949000,0.965000
10133.001000,1.949000,0.962000
10134.001000,1.949000,0.964000
10135.001000,1.950000,0.960000
10136.001000,1.950000,0.961000
10137.001000,1.950000,0.961000
10138.001000,1.950000,0.963000
10139.001000,1.950000,0.965000
10140.001000,1.951000,0.966000
10141.001000,1.951000,0.968000
10142.001000,1.951000,0.966000
10143.001000,1.951000,0.963000
10144.001000,1.951000,0.961000
10145.001000,1.951000,0.966000
10146.001000,1.952000,0.963000
10147.001000,1.952000,0.970000
10148.001000,1.952000,0.965000
10149.001000,1.952000,0.964000
10150.001000,1.952000,0.971000
10151.001000,1.952000,0.971000
10152.001000,1.952000,0.965000
10153.001000,1.952000,0.969000
10154.001000,1.952000,0.968000
10155.001000,1.952000,0.968000
10156.001000,1.951000,0.959000
10157.001000,1.951000,0.960000
10158.001000,1.951000,0.967000
10159.001000,1.951000,0.965000
10160.001000,1.951000,0.964000
10161.001000,1.951000,0.968000
10162.001000,1.951000,0.958000
10163.001000,1.951000,0.972000
10164.001000,1.951000,0.976000
10165.001000,1.951000,0.977000
10166.001000,1.951000,0.973000
10167.001000,1.951000,0.977000
10168.001000,1.951000,0.978000
10169.001000,1.951000,0.981000
10170.001000,1.951000,0.972000
10171.001000,1.951000,0.978000
10172.001000,1.952000,0.978000
10173.001000,1.951000,0.977000
10174.001000,1.951000,0.980000
10175.001000,1.952000,0.977000
10176.001000,1.952000,0.979000
10177.001000,1.951000,0.977000
10178.001000,1.951000,0.979000
10179.001000,1.951000,0.972000
10180.001000,1.951000,0.971000
10181.001000,1.951000,0.971000
10182.001000,1.951000,0.973000
10183.001000,1.952000,0.979000
10184.001000,1.952000,0.976000
10185.001000,1.951000,0.978000
10186.001000,1.951000,0.975000
10187.001000,1.951000,0.976000
10188.001000,1.951000,0.972000
10189.001000,1.951000,0.977000
10190.001000,1.951000,0.977000
10191.001000,1.951000,0.979000
10192.001000,1.951000,0.981000
10193.001000,1.951000,0.984000
10194.001000,1.951000,0.985000
10195.001000,1.951000,0.978000
10196.001000,1.952000,0.981000
10197.001000,1.952000,0.983000
10198.001000,1.952000,0.984000
10199.001000,1.952000,0.981000
10200.001000,1.952000,0.983000
10201.001000,1.952000,0.983000
10202.001000,1.952000,0.984000
10203.001000,1.952000,0.981000
10204.001000,1.952000,0.978000
10205.001000,1.952000,0.980000
10206.001000,1.952000,0.974000
10207.001000,1.952000,0.977000
10208.001000,1.952000,0.976000
10209.001000,1.952000,0.979000
10210.001000,1.952000,0.974000
10211.001000,1.951000,0.977000
10212.001000,1.951000,0.977000
10213.001000,1.951000,0.976000
10214.001000,1.951000,0.977000
10215.001000,1.951000,0.977000
10216.001000,1.952000,0.979000
10217.001000,1.952000,0.978000
10218.001000,1.952000,0.977000
10219.001000,1.952000,0.982000
10220.001000,1.951000,0.983000
10221.001000,1.951000,0.982000
10222.001000,1.951000,0.982000
10223.001000,1.951000,0.978000
10224.001000,1.952000,0.983000
10225.001000,1.952000,0.980000
10226.001000,1.952000,0.983000
10227.001000,1.952000,0.982000
10228.001000,1.951000,0.979000
10229.001000,1.952000,0.978000
10230.001000,1.952000,0.982000
10231.001000,1.952000,0.982000
10232.001000,1.952000,0.978000
10233.001000,1.952000,0.985000
10234.001000,1.952000,0.982000
10235.001000,1.952000,0.983000
10236.001000,1.951000,0.983000
10237.001000,1.951000,0.979000
10238.001000,1.951000,0.981000
10239.001000,1.952000,0.983000
10240.001000,1.952000,0.978000
10241.001000,1.952000,0.984000
10242.001000,1.952000,0.988000
10243.001000,1.952000,0.986000
10244.001000,1.953000,0.987000
10245.001000,1.952000,0.987000
10246.001000,1.952000,0.987000
10247.001000,1.952000,0.985000
10248.001000,1.952000,0.987000
10249.001000,1.953000,0.982000
10250.001000,1.953000,0.982000
10251.001000,1.953000,0.981000
10252.001000,1.953000,0.982000
10253.001000,1.954000,0.986000
10254.001000,1.954000,0.987000
10255.001000,1.954000,0.986000
10256.001000,1.954000,0.988000
10257.001000,1.954000,0.987000
10258.001000,1.954000,0.989000
10259.001000,1.954000,0.987000
10260.001000,1.953000,0.988000
10261.001000,1.954000,0.992000
10262.001000,1.954000,0.990000
10263.001000,1.955000,0.989000
10264.001000,1.954000,0.990000
10265.001000,1.954000,0.991000
10266.001000,1.954000,0.989000
10267.001000,1.954000,0.977000
10268.001000,1.954000,0.980000
10269.001000,1.955000,0.984000
10270.001000,1.955000,0.985000
10271.001000,1.955000,0.985000
10272.001000,1.956000,0.983000
10273.001000,1.955000,0.978000
10274.001000,1.955000,0.992000
10275.001000,1.955000,0.976000
10276.001000,1.955000,0.988000
10277.001000,1.955000,0.993000
10278.001000,1.955000,0.993000
10279.001000,1.956000,0.992000
10280.001000,1.956000,0.988000
10281.001000,1.956000,0.988000
10282.001000,1.956000,0.989000
10283.001000,1.956000,0.992000
10284.001000,1.956000,0.988000
10285.001000,1.956000,0.974000
10286.001000,1.956000,0.980000
10287.001000,1.956000,0.973000
10288.001000,1.956000,0.977000
10289.001000,1.956000,0.987000
10290.001000,1.956000,0.988000
10291.001000,1.956000,0.987000
10292.001000,1.955000,0.986000
10293.001000,1.955000,0.984000
10294.001000,1.955000,0.986000
10295.001000,1.956000,0.985000
10296.001000,1.956000,0.987000
10297.001000,1.956000,0.976000
10298.001000,1.956000,0.976000
10299.001000,1.956000,0.983000
10300.001000,1.956000,0.984000
10301.001000,1.956000,0.985000
10302.001000,1.956000,0.985000
10303.001000,1.956000,0.986000
10304.001000,1.956000,0.984000
10305.001000,1.956000,0.983000
10306.001000,1.956000,0.986000
10307.001000,1.956000,0.985000
10308.001000,1.956000,0.984000
10309.001000,1.956000,0.987000
10310.001000,1.955000,0.991000
10311.001000,1.956000,0.990000
10312.001000,1.955000,0.986000
10313.001000,1.956000,0.986000
10314.001000,1.956000,0.983000
10315.001000,1.956000,0.985000
10316.001000,1.957000,0.985000
10317.001000,1.957000,0.987000
10318.001000,1.957000,0.986000
10319.001000,1.957000,0.986000
10320.001000,1.957000,0.985000
10321.001000,1.957000,0.983000
10322.001000,1.957000,0.977000
10323.001000,1.957000,0.975000
10324.001000,1.957000,0.983000
10325.001000,1.957000,0.983000
10326.001000,1.958000,0.985000
10327.001000,1.958000,0.983000
10328.001000,1.959000,0.982000
10329.001000,1.959000,0.986000
10330.001000,1.960000,0.980000
10331.001000,1.960000,0.969000
10332.001000,1.960000,0.972000
10333.001000,1.961000,0.978000
10334.001000,1.960000,0.987000
10335.001000,1.961000,0.976000
10336.001000,1.961000,0.980000
10337.001000,1.961000,0.973000
10338.001000,1.961000,0.977000
10339.001000,1.961000,0.982000
10340.001000,1.960000,0.976000
10341.001000,1.960000,0.977000
10342.001000,1.959000,0.980000
10343.001000,1.960000,0.975000
10344.001000,1.960000,0.982000
10345.001000,1.960000,0.978000
10346.001000,1.959000,0.974000
10347.001000,1.960000,0.974000
10348.001000,1.960000,0.975000
10349.001000,1.960000,0.983000
10350.001000,1.960000,0.973000
10351.001000,1.960000,0.980000
10352.001000,1.960000,0.982000
10353.001000,1.959000,0.985000
10354.001000,1.960000,0.982000
10355.001000,1.961000,0.983000
10356.001000,1.961000,0.985000
10357.001000,1.959000,0.988000
10358.001000,1.960000,0.982000
10359.001000,1.960000,0.984000
10360.001000,1.960000,0.988000
10361.001000,1.961000,0.986000
10362.001000,1.961000,0.989000
10363.001000,1.962000,0.984000
10364.001000,1.961000,0.988000
10365.001000,1.962000,0.984000
10366.001000,1.961000,0.987000
10367.001000,1.961000,0.990000
10368.001000,1.961000,0.987000
10369.001000,1.961000,0.988000
10370.001000,1.961000,0.983000
10371.001000,1.961000,0.982000
10372.001000,1.961000,0.981000
10373.001000,1.960000,0.978000
10374.001000,1.961000,0.976000
10375.001000,1.961000,0.978000
10376.001000,1.961000,0.981000
10377.001000,1.961000,0.979000
10378.001000,1.961000,0.979000
10379.001000,1.961000,0.981000
10380.001000,1.961000,0.986000
10381.001000,1.961000,0.981000
10382.001000,1.961000,0.980000
10383.001000,1.961000,0.986000
10384.001000,1.961000,0.987000
10385.001000,1.961000,0.983000
10386.001000,1.961000,0.986000
10387.001000,1.961000,0.986000
10388.001000,1.961000,0.984000
10389.001000,1.961000,0.986000
10390.001000,1.961000,0.986000
10391.001000,1.962000,0.987000
10392.001000,1.962000,0.986000
10393.001000,1.962000,0.986000
10394.001000,1.962000,0.988000
10395.001000,1.962000,0.982000
10396.001000,1.962000,0.988000
10397.001000,1.962000,0.985000
10398.001000,1.962000,0.986000
10399.001000,1.962000,0.991000
10400.001000,1.963000,0.989000
10401.001000,1.963000,0.990000
10402.001000,1.963000,0.985000
10403.001000,1.963000,0.991000
10404.001000,1.963000,0.989000
10405.001000,1.964000,0.992000
10406.001000,1.964000,0.988000
10407.001000,1.964000,0.988000
10408.001000,1.964000,0.992000
10409.001000,1.965000,0.988000
10410.001000,1.965000,0.986000
10411.001000,1.966000,0.985000
10412.001000,1.966000,0.988000
10413.001000,1.967000,0.979000
10414.001000,1.967000,0.980000
10415.001000,1.967000,0.986000
10416.001000,1.967000,0.988000
10417.001000,1.967000,0.986000
10418.001000,1.967000,0.986000
10419.001000,1.967000,0.992000
10420.001000,1.967000,0.989000
10421.001000,1.967000,0.988000
10422.001000,1.967000,0.990000
10423.001000,1.967000,0.993000
10424.001000,1.967000,0.994000
10425.001000,1.967000,0.992000
10426.001000,1.967000,0.992000
10427.001000,1.967000,0.990000
10428.001000,1.967000,0.993000
10429.001000,1.967000,1.000000
10430.001000,1.966000,1.000000
10431.001000,1.967000,0.992000
10432.001000,1.967000,0.988000
10433.001000,1.967000,0.995000
10434.001000,1.967000,0.991000
10435.001000,1.967000,0.990000
10436.001000,1.966000,0.992000
10437.001000,1.967000,0.993000
10438.001000,1.967000,0.989000
10439.001000,1.967000,0.988000
10440.001000,1.967000,0.988000
10441.001000,1.967000,0.995000
10442.001000,1.967000,0.989000
10443.001000,1.967000,0.989000
10444.001000,1.967000,0.992000
10445.001000,1.967000,0.988000
10446.001000,1.967000,0.990000
10447.001000,1.968000,0.987000
10448.001000,1.968000,0.990000
10449.001000,1.968000,0.991000
10450.001000,1.968000,0.995000
10451.001000,1.968000,0.990000
10452.001000,1.967000,0.994000
10453.001000,1.967000,0.994000
10454.001000,1.967000,0.997000
10455.001000,1.968000,0.992000
10456.001000,1.968000,0.992000
10457.001000,1.968000,0.993000
10458.001000,1.968000,0.998000
10459.001000,1.968000,0.996000
10460.001000,1.968000,0.994000
10461.001000,1.967000,0.996000
10462.001000,1.967000,0.996000
10463.001000,1.967000,0.997000
10464.001000,1.967000,0.993000
10465.001000,1.967000,0.994000
10466.001000,1.967000,0.995000
10467.001000,1.967000,0.996000
10468.001000,1.967000,0.996000
10469.001000,1.967000,0.997000
10470.001000,1.967000,0.997000
10471.001000,1.967000,0.993000
10472.001000,1.966000,0.987000
10473.001000,1.967000,0.990000
10474.001000,1.967000,0.993000
10475.001000,1.967000,0.995000
10476.001000,1.967000,0.998000
10477.001000,1.967000,1.002000
10478.001000,1.967000,1.002000
10479.001000,1.966000,1.006000
10480.001000,1.966000,0.999000
10481.001000,1.966000,0.995000
10482.001000,1.966000,0.993000
10483.001000,1.967000,0.999000
10484.001000,1.967000,1.000000
10485.001000,1.967000,1.003000
10486.001000,1.967000,0.997000
10487.001000,1.967000,0.988000
10488.001000,1.967000,0.979000
10489.001000,1.967000,0.983000
10490.001000,1.967000,0.986000
10491.001000,1.967000,0.996000
10492.001000,1.967000,0.996000
10493.001000,1.967000,0.987000
10494.001000,1.968000,0.989000
10495.001000,1.968000,0.987000
10496.001000,1.967000,0.979000
10497.001000,1.967000,0.983000
10498.001000,1.967000,0.978000
10499.001000,1.967000,0.982000
10500.001000,1.968000,0.981000
10501.001000,1.968000,0.979000
10502.001000,1.968000,0.988000
10503.001000,1.968000,0.986000
10504.001000,1.968000,0.987000
10505.001000,1.968000,0.983000
10506.001000,1.968000,0.985000
10507.001000,1.968000,0.985000
10508.001000,1.968000,0.985000
10509.001000,1.968000,0.984000
10510.001000,1.968000,0.986000
10511.001000,1.968000,0.989000
10512.001000,1.968000,0.987000
10513.001000,1.968000,0.986000
10514.001000,1.967000,0.986000
10515.001000,1.967000,0.987000
10516.001000,1.967000,0.986000
10517.001000,1.968000,0.983000
10518.001000,1.968000,0.986000
10519.001000,1.968000,0.983000
10520.001000,1.968000,0.986000
10521.001000,1.967000,0.986000
10522.001000,1.967000,0.987000
10523.001000,1.967000,0.986000
10524.001000,1.968000,0.987000
10525.001000,1.968000,0.989000
10526.001000,1.968000,0.989000
10527.001000,1.968000,0.989000
10528.001000,1.968000,0.989000
10529.001000,1.968000,0.993000
10530.001000,1.968000,0.995000
10531.001000,1.969000,0.993000
10532.001000,1.969000,0.990000
10533.001000,1.969000,0.989000
10534.001000,1.969000,0.990000
10535.001000,1.969000,0.993000
10536.001000,1.969000,0.995000
10537.001000,1.968000,0.995000
10538.001000,1.968000,0.990000
10539.001000,1.968000,0.988000
10540.001000,1.967000,0.987000
10541.001000,1.968000,0.992000
10542.001000,1.968000,0.992000
10543.001000,1.968000,0.989000
10544.001000,1.968000,0.990000
10545.001000,1.968000,0.995000
10546.001000,1.968000,0.989000
10547.001000,1.968000,0.989000
10548.001000,1.968000,0.991000
10549.001000,1.968000,0.990000
10550.001000,1.968000,0.987000
10551.001000,1.968000,0.991000
10552.001000,1.968000,0.993000
10553.001000,1.968000,0.997000
10554.001000,1.968000,0.999000
10555.001000,1.968000,0.989000
10556.001000,1.968000,0.989000
10557.001000,1.968000,0.994000
10558.001000,1.968000,0.993000
10559.001000,1.969000,0.996000
10560.001000,1.968000,1.008000
10561.001000,1.969000,1.003000
10562.001000,1.969000,1.007000
10563.001000,1.969000,1.006000
10564.001000,1.968000,1.005000
10565.001000,1.968000,1.011000
10566.001000,1.968000,1.008000
10567.001000,1.968000,1.010000
10568.001000,1.968000,1.011000
10569.001000,1.968000,1.005000
10570.001000,1.967000,1.004000
10571.001000,1.967000,0.993000
10572.001000,1.968000,0.991000
10573.001000,1.968000,0.990000
10574.001000,1.967000,0.990000
10575.001000,1.967000,1.001000
10576.001000,1.967000,0.997000
10577.001000,1.967000,0.995000
10578.001000,1.967000,1.003000
10579.001000,1.967000,1.004000
10580.001000,1.967000,1.005000
10581.001000,1.967000,1.005000
10582.001000,1.967000,1.004000
10583.001000,1.967000,1.004000
10584.001000,1.967000,1.004000
10585.001000,1.968000,1.006000
10586.001000,1.968000,0.997000
10587.001000,1.968000,1.001000
10588.001000,1.968000,1.002000
10589.001000,1.969000,1.002000
10590.001000,1.969000,1.001000
10591.001000,1.970000,1.004000
10592.001000,1.970000,1.011000
10593.001000,1.970000,1.007000
10594.001000,1.971000,1.009000
10595.001000,1.971000,1.012000
10596.001000,1.971000,1.011000
10597.001000,1.971000,1.012000
10598.001000,1.972000,1.010000
10599.001000,1.972000,1.005000
10600.001000,1.971000,1.004000
10601.001000,1.972000,1.006000
10602.001000,1.972000,1.009000
10603.001000,1.972000,1.005000
10604.001000,1.972000,1.008000
10605.001000,1.972000,1.005000
10606.001000,1.972000,1.005000
10607.001000,1.971000,1.000000
10608.001000,1.971000,1.002000
10609.001000,1.971000,1.006000
10610.001000,1.971000,1.003000
10611.001000,1.972000,1.005000
10612.001000,1.972000,1.004000
10613.001000,1.971000,1.011000
10614.001000,1.971000,1.007000
10615.001000,1.971000,1.003000
10616.001000,1.971000,1.005000
10617.001000,1.972000,1.007000
10618.001000,1.971000,0.999000
10619.001000,1.971000,1.006000
10620.001000,1.971000,0.998000
10621.001000,1.971000,1.003000
10622.001000,1.971000,1.005000
10623.001000,1.971000,1.001000
10624.001000,1.971000,0.999000
10625.001000,1.972000,0.999000
10626.001000,1.972000,1.006000
10627.001000,1.971000,1.004000
10628.001000,1.972000,1.001000
10629.001000,1.972000,1.002000
10630.001000,1.972000,1.006000
10631.001000,1.972000,1.007000
10632.001000,1.971000,1.004000
10633.001000,1.971000,1.008000
10634.001000,1.971000,1.011000
10635.001000,1.972000,1.006000
10636.001000,1.972000,1.008000
10637.001000,1.972000,1.006000
10638.001000,1.971000,1.004000
10639.001000,1.971000,1.007000
10640.001000,1.971000,1.007000
10641.001000,1.971000,1.001000
10642.001000,1.971000,1.000000
10643.001000,1.971000,1.009000
10644.001000,1.971000,1.002000
10645.001000,1.971000,1.003000
10646.001000,1.971000,1.002000
10647.001000,1.970000,1.009000
10648.001000,1.970000,1.009000
10649.001000,1.970000,1.007000
10650.001000,1.971000,1.002000
10651.001000,1.971000,1.006000
10652.001000,1.972000,1.007000
10653.001000,1.972000,1.007000
10654.001000,1.971000,1.008000
10655.001000,1.971000,1.011000
10656.001000,1.972000,1.010000
10657.001000,1.972000,1.009000
10658.001000,1.972000,1.008000
10659.001000,1.972000,1.008000
10660.001000,1.973000,1.006000
10661.001000,1.973000,1.006000
10662.001000,1.972000,1.010000
10663.001000,1.972000,1.006000
10664.001000,1.972000,1.010000
10665.001000,1.972000,1.014000
10666.001000,1.973000,1.007000
10667.001000,1.973000,1.007000
10668.001000,1.974000,1.004000
10669.001000,1.974000,1.013000
10670.001000,1.974000,1.008000
10671.001000,1.974000,1.004000
10672.001000,1.974000,1.003000
10673.001000,1.974000,1.003000
10674.001000,1.974000,0.998000
10675.001000,1.974000,1.000000
10676.001000,1.973000,0.997000
10677.001000,1.974000,1.016000
10678.001000,1.974000,1.011000
10679.001000,1.974000,0.995000
10680.001000,1.974000,1.002000
10681.001000,1.975000,1.013000
10682.001000,1.975000,1.012000
10683.001000,1.975000,1.017000
10684.001000,1.975000,1.016000
10685.001000,1.975000,1.010000
10686.001000,1.975000,1.013000
10687.001000,1.975000,1.005000
10688.001000,1.975000,1.011000
10689.001000,1.975000,0.999000
10690.001000,1.975000,0.999000
10691.001000,1.975000,0.997000
10692.001000,1.975000,0.992000
10693.001000,1.975000,0.996000
10694.001000,1.975000,0.999000
10695.001000,1.975000,0.996000
10696.001000,1.975000,0.997000
10697.001000,1.975000,1.001000
10698.001000,1.975000,0.997000
10699.001000,1.975000,0.997000
10700.001000,1.974000,1.014000
10701.001000,1.974000,1.008000
10702.001000,1.974000,1.006000
10703.001000,1.974000,1.010000
10704.001000,1.974000,1.014000
10705.001000,1.974000,1.000000
10706.001000,1.975000,0.995000
10707.001000,1.974000,1.006000
10708.001000,1.975000,1.002000
10709.001000,1.974000,1.002000
10710.001000,1.974000,0.995000
10711.001000,1.974000,1.005000
10712.001000,1.974000,1.005000
10713.001000,1.974000,1.008000
10714.001000,1.974000,1.007000
10715.001000,1.975000,1.005000
10716.001000,1.975000,1.005000
10717.001000,1.975000,0.995000
10718.001000,1.975000,0.999000
10719.001000,1.975000,1.007000
10720.001000,1.975000,1.009000
10721.001000,1.975000,1.006000
10722.001000,1.976000,0.997000
10723.001000,1.975000,1.016000
10724.001000,1.976000,1.012000
10725.001000,1.976000,1.009000
10726.001000,1.976000,1.009000
10727.001000,1.976000,1.010000
10728.001000,1.976000,1.007000
10729.001000,1.977000,0.998000
10730.001000,1.977000,1.004000
10731.001000,1.976000,1.001000
10732.001000,1.977000,0.998000
10733.001000,1.977000,1.005000
10734.001000,1.977000,1.008000
10735.001000,1.977000,1.006000
10736.001000,1.977000,0.992000
10737.001000,1.977000,1.001000
10738.001000,1.976000,1.009000
10739.001000,1.976000,1.004000
10740.001000,1.977000,1.012000
10741.001000,1.976000,1.011000
10742.001000,1.976000,1.005000
10743.001000,1.977000,0.997000
10744.001000,1.977000,1.012000
10745.001000,1.977000,1.019000
10746.001000,1.977000,1.008000
10747.001000,1.977000,0.996000
10748.001000,1.977000,0.993000
10749.001000,1.978000,1.002000
10750.001000,1.978000,1.012000
10751.001000,1.978000,1.005000
10752.001000,1.978000,1.007000
10753.001000,1.978000,1.006000
10754.001000,1.978000,1.002000
10755.001000,1.978000,0.997000
10756.001000,1.978000,1.008000
10757.001000,1.978000,1.012000
10758.001000,1.978000,1.015000
10759.001000,1.978000,1.015000
10760.001000,1.978000,1.011000
10761.001000,1.978000,1.009000
10762.001000,1.978000,0.999000
10763.001000,1.978000,0.996000
10764.001000,1.977000,0.998000
10765.001000,1.978000,0.999000
10766.001000,1.977000,1.014000
10767.001000,1.977000,1.013000
10768.001000,1.977000,1.009000
10769.001000,1.977000,1.014000
10770.001000,1.977000,1.014000
10771.001000,1.977000,1.011000
10772.001000,1.977000,1.019000
10773.001000,1.977000,1.011000
10774.001000,1.977000,1.003000
10775.001000,1.977000,1.007000
10776.001000,1.978000,1.011000
10777.001000,1.978000,1.003000
10778.001000,1.978000,1.002000
10779.001000,1.978000,1.001000
10780.001000,1.978000,0.997000
10781.001000,1.978000,1.016000
10782.001000,1.978000,1.017000
10783.001000,1.978000,1.003000
10784.001000,1.979000,1.000000
10785.001000,1.978000,0.999000
10786.001000,1.979000,0.993000
10787.001000,1.979000,0.990000
10788.001000,1.979000,0.995000
10789.001000,1.979000,0.988000
10790.001000,1.979000,0.994000
10791.001000,1.979000,1.004000
10792.001000,1.978000,0.989000
10793.001000,1.979000,0.996000
10794.001000,1.979000,0.991000
10795.001000,1.979000,0.995000
10796.001000,1.979000,1.008000
10797.001000,1.979000,1.015000
10798.001000,1.979000,1.013000
10799.001000,1.979000,1.010000
10800.001000,1.979000,1.015000
10801.001000,1.979000,1.008000
10802.001000,1.979000,1.013000
10803.001000,1.978000,0.986000
10804.001000,1.978000,0.985000
10805.001000,1.978000,0.986000
10806.001000,1.978000,0.989000
10807.001000,1.978000,0.987000
10808.001000,1.978000,0.990000
10809.001000,1.978000,0.987000
10810.001000,1.979000,0.990000
10811.001000,1.979000,0.989000
10812.001000,1.978000,0.989000
10813.001000,1.979000,0.991000
10814.001000,1.979000,0.990000
10815.001000,1.979000,0.990000
10816.001000,1.979000,0.992000
10817.001000,1.980000,0.993000
10818.001000,1.980000,0.990000
10819.001000,1.980000,0.992000
10820.001000,1.980000,0.989000
10821.001000,1.980000,0.995000
10822.001000,1.980000,0.992000
10823.001000,1.981000,0.995000
10824.001000,1.981000,1.003000
10825.001000,1.980000,0.994000
10826.001000,1.981000,0.996000
10827.001000,1.981000,0.998000
10828.001000,1.981000,1.012000
10829.001000,1.981000,1.002000
10830.001000,1.981000,0.997000
10831.001000,1.981000,0.995000
10832.001000,1.980000,0.999000
10833.001000,1.980000,0.995000
10834.001000,1.980000,0.991000
10835.001000,1.980000,0.997000
10836.001000,1.981000,0.992000
10837.001000,1.981000,1.000000
10838.001000,1.981000,0.997000
10839.001000,1.982000,0.996000
10840.001000,1.982000,0.997000
10841.001000,1.982000,1.001000
10842.001000,1.983000,1.001000
10843.001000,1.983000,1.000000
10844.001000,1.983000,1.000000
10845.001000,1.984000,0.997000
10846.001000,1.984000,0.998000
10847.001000,1.985000,1.002000
10848.001000,1.985000,0.998000
10849.001000,1.986000,0.998000
10850.001000,1.986000,0.996000
10851.001000,1.987000,1.000000
10852.001000,1.987000,0.993000
10853.001000,1.987000,0.997000
10854.001000,1.987000,0.993000
10855.001000,1.987000,0.997000
10856.001000,1.988000,0.997000
10857.001000,1.988000,0.998000
10858.001000,1.988000,0.997000
10859.001000,1.988000,0.996000
10860.001000,1.989000,0.998000
10861.001000,1.989000,1.000000
10862.001000,1.989000,1.000000
10863.001000,1.989000,1.001000
10864.001000,1.989000,0.998000
10865.001000,1.989000,1.002000
10866.001000,1.988000,1.001000
10867.001000,1.989000,1.002000
10868.001000,1.989000,1.005000
10869.001000,1.989000,0.999000
10870.001000,1.990000,0.996000
10871.001000,1.990000,0.996000
10872.001000,1.990000,1.001000
10873.001000,1.991000,0.998000
10874.001000,1.991000,0.999000
10875.001000,1.991000,0.996000
10876.001000,1.992000,1.002000
10877.001000,1.992000,0.996000
10878.001000,1.992000,1.000000
10879.001000,1.993000,0.997000
10880.001000,1.993000,1.004000
10881.001000,1.993000,0.996000
10882.001000,1.992000,0.999000
10883.001000,1.993000,0.997000
10884.001000,1.993000,0.995000
10885.001000,1.993000,1.001000
10886.001000,1.993000,1.005000
10887.001000,1.994000,1.000000
10888.001000,1.994000,0.999000
10889.001000,1.994000,0.999000
10890.001000,1.994000,0.997000
10891.001000,1.994000,0.992000
10892.001000,1.995000,0.999000
10893.001000,1.994000,0.999000
10894.001000,1.994000,1.001000
10895.001000,1.994000,0.991000
10896.001000,1.994000,0.994000
10897.001000,1.994000,0.995000
10898.001000,1.995000,1.001000
10899.001000,1.995000,0.997000
10900.001000,1.994000,0.999000
10901.001000,1.994000,0.999000
10902.001000,1.994000,1.000000
10903.001000,1.994000,1.001000
10904.001000,1.993000,1.000000
10905.001000,1.994000,1.000000
10906.001000,1.994000,1.000000
10907.001000,1.994000,0.998000
10908.001000,1.994000,0.997000
10909.001000,1.995000,1.000000
10910.001000,1.994000,0.998000
10911.001000,1.994000,1.004000
10912.001000,1.994000,0.999000
10913.001000,1.994000,0.998000
10914.001000,1.994000,0.997000
10915.001000,1.994000,0.998000
10916.001000,1.994000,0.999000
10917.001000,1.995000,1.002000
10918.001000,1.995000,0.996000
10919.001000,1.995000,0.996000
10920.001000,1.995000,0.998000
10921.001000,1.994000,0.997000
10922.001000,1.993000,0.993000
10923.001000,1.993000,0.994000
10924.001000,1.993000,0.994000
10925.001000,1.993000,0.990000
10926.001000,1.993000,0.994000
10927.001000,1.993000,0.993000
10928.001000,1.993000,1.004000
10929.001000,1.993000,0.998000
10930.001000,1.993000,1.027000
10931.001000,1.993000,1.025000
10932.001000,1.993000,1.021000
10933.001000,1.993000,1.018000
10934.001000,1.993000,1.007000
10935.001000,1.994000,1.016000
10936.001000,1.994000,1.018000
10937.001000,1.993000,1.017000
10938.001000,1.994000,1.019000
10939.001000,1.994000,1.018000
10940.001000,1.993000,1.018000
10941.001000,1.993000,1.019000
10942.001000,1.994000,1.021000
10943.001000,1.994000,1.021000
10944.001000,1.995000,1.017000
10945.001000,1.995000,1.024000
10946.001000,1.995000,1.025000
10947.001000,1.995000,1.017000
10948.001000,1.995000,1.019000
10949.001000,1.995000,1.027000
10950.001000,1.995000,1.026000
10951.001000,1.995000,1.023000
10952.001000,1.995000,1.024000
10953.001000,1.995000,1.019000
10954.001000,1.995000,1.020000
10955.001000,1.995000,1.020000
10956.001000,1.995000,1.019000
10957.001000,1.995000,1.021000
10958.001000,1.995000,1.023000
10959.001000,1.995000,1.023000
10960.001000,1.995000,1.024000
10961.001000,1.994000,1.023000
10962.001000,1.994000,1.023000
10963.001000,1.995000,1.020000
10964.001000,1.995000,1.026000
10965.001000,1.995000,1.025000
10966.001000,1.993000,1.023000
10967.001000,1.993000,1.024000
10968.001000,1.992000,1.024000
10969.001000,1.993000,1.026000
10970.001000,1.993000,1.021000
10971.001000,1.992000,1.027000
10972.001000,1.992000,1.026000
10973.001000,1.992000,1.025000
10974.001000,1.992000,1.022000
10975.001000,1.992000,1.025000
10976.001000,1.993000,1.018000
10977.001000,1.993000,1.020000
10978.001000,1.993000,1.027000
10979.001000,1.993000,1.024000
10980.001000,1.994000,1.027000
10981.001000,1.994000,1.024000
10982.001000,1.995000,1.023000
10983.001000,1.995000,1.024000
10984.001000,1.995000,1.025000
10985.001000,1.996000,1.021000
10986.001000,1.996000,1.018000
10987.001000,1.996000,1.016000
10988.001000,1.996000,1.018000
10989.001000,1.996000,1.016000
10990.001000,1.995000,1.016000
10991.001000,1.995000,1.018000
10992.001000,1.994000,1.014000
10993.001000,1.994000,1.022000
10994.001000,1.994000,1.020000
10995.001000,1.994000,1.020000
10996.001000,1.994000,1.016000
10997.001000,1.993000,1.016000
10998.001000,1.993000,1.020000
10999.001000,1.993000,1.018000
11000.001000,1.993000,1.018000
11001.001000,1.993000,1.020000
11002.001000,1.994000,1.018000
11003.001000,1.994000,1.018000
11004.001000,1.994000,1.016000
11005.001000,1.994000,1.017000
11006.001000,1.994000,1.018000
11007.001000,1.994000,1.017000
11008.001000,1.994000,1.014000
11009.001000,1.994000,1.016000
11010.001000,1.994000,1.019000
11011.001000,1.995000,1.018000
11012.001000,1.995000,1.017000
11013.001000,1.996000,1.022000
11014.001000,1.996000,1.022000
11015.001000,1.996000,1.023000
11016.001000,1.996000,1.019000
11017.001000,1.996000,1.023000
11018.001000,1.996000,1.022000
11019.001000,1.995000,1.014000
11020.001000,1.995000,1.021000
11021.001000,1.994000,1.024000
11022.001000,1.994000,1.025000
11023.001000,1.995000,1.021000
11024.001000,1.994000,1.023000
11025.001000,1.994000,1.022000
11026.001000,1.994000,1.016000
11027.001000,1.993000,1.022000
11028.001000,1.994000,1.017000
11029.001000,1.994000,1.023000
11030.001000,1.995000,1.025000
11031.001000,1.995000,1.032000
11032.001000,1.995000,1.028000
11033.001000,1.995000,1.030000
11034.001000,1.995000,1.033000
11035.001000,1.995000,1.025000
11036.001000,1.994000,1.026000
11037.001000,1.994000,1.023000
11038.001000,1.995000,1.021000
11039.001000,1.995000,1.024000
11040.001000,1.995000,1.024000
11041.001000,1.995000,1.022000
11042.001000,1.995000,1.019000
11043.001000,1.995000,1.022000
11044.001000,1.995000,1.023000
11045.001000,1.994000,1.018000
11046.001000,1.995000,1.016000
11047.001000,1.995000,1.014000
11048.001000,1.995000,1.017000
11049.001000,1.995000,1.015000
11050.001000,1.995000,1.016000
11051.001000,1.994000,1.015000
11052.001000,1.995000,1.016000
11053.001000,1.994000,1.016000
11054.001000,1.994000,1.017000
11055.001000,1.993000,1.015000
11056.001000,1.993000,1.020000
11057.001000,1.994000,1.022000
11058.001000,1.994000,1.027000
11059.001000,1.994000,1.023000
11060.001000,1.994000,1.021000
11061.001000,1.994000,1.019000
11062.001000,1.994000,1.017000
11063.001000,1.995000,1.014000
11064.001000,1.995000,1.014000
11065.001000,1.995000,1.014000
11066.001000,1.995000,1.012000
11067.001000,1.995000,1.015000
11068.001000,1.995000,1.022000
11069.001000,1.995000,1.018000
11070.001000,1.995000,1.014000
11071.001000,1.995000,1.016000
11072.001000,1.995000,1.016000
11073.001000,1.994000,1.015000
11074.001000,1.994000,1.019000
11075.001000,1.995000,1.023000
11076.001000,1.995000,1.020000
11077.001000,1.995000,1.029000
11078.001000,1.995000,1.020000
11079.001000,1.995000,1.017000
11080.001000,1.995000,1.015000
11081.001000,1.995000,1.014000
11082.001000,1.994000,1.013000
11083.001000,1.994000,1.011000
11084.001000,1.994000,1.012000
11085.001000,1.994000,1.010000
11086.001000,1.994000,1.021000
11087.001000,1.994000,1.022000
11088.001000,1.994000,1.028000
11089.001000,1.994000,1.025000
11090.001000,1.994000,1.026000
11091.001000,1.994000,1.024000
11092.001000,1.994000,1.023000
11093.001000,1.995000,1.026000
11094.001000,1.995000,1.018000
11095.001000,1.995000,1.017000
11096.001000,1.995000,1.016000
11097.001000,1.994000,1.019000
11098.001000,1.995000,1.014000
11099.001000,1.995000,1.017000
11100.001000,1.995000,1.021000
11101.001000,1.995000,1.022000
11102.001000,1.995000,1.021000
11103.001000,1.995000,1.021000
11104.001000,1.995000,1.021000
11105.001000,1.995000,1.027000
11106.001000,1.995000,1.024000
11107.001000,1.995000,1.026000
11108.001000,1.996000,1.019000
11109.001000,1.995000,1.013000
11110.001000,1.994000,1.028000
11111.001000,1.995000,1.019000
11112.001000,1.995000,1.019000
11113.001000,1.995000,1.020000
11114.001000,1.995000,1.021000
11115.001000,1.994000,1.022000
11116.001000,1.994000,1.011000
11117.001000,1.994000,1.010000
11118.001000,1.995000,1.010000
11119.001000,1.995000,1.009000
11120.001000,1.994000,1.010000
11121.001000,1.994000,1.008000
11122.001000,1.994000,1.008000
11123.001000,1.994000,1.010000
11124.001000,1.995000,1.012000
11125.001000,1.995000,1.008000
11126.001000,1.995000,1.013000
11127.001000,1.995000,1.006000
11128.001000,1.996000,1.011000
11129.001000,1.996000,1.008000
11130.001000,1.996000,1.006000
11131.001000,1.995000,1.007000
11132.001000,1.995000,1.010000
11133.001000,1.994000,1.010000
11134.001000,1.994000,1.011000
11135.001000,1.994000,1.009000
11136.001000,1.994000,1.012000
11137.001000,1.994000,1.011000
11138.001000,1.994000,1.010000
11139.001000,1.995000,1.011000
11140.001000,1.995000,1.005000
11141.001000,1.995000,1.007000
11142.001000,1.994000,1.012000
11143.001000,1.994000,1.008000
11144.001000,1.994000,1.007000
11145.001000,1.994000,1.008000
11146.001000,1.994000,1.012000
11147.001000,1.993000,1.011000
11148.001000,1.993000,1.014000
11149.001000,1.993000,1.011000
11150.001000,1.993000,1.012000
11151.001000,1.993000,1.011000
11152.001000,1.993000,1.009000
11153.001000,1.994000,1.012000
11154.001000,1.994000,1.011000
11155.001000,1.993000,1.007000
11156.001000,1.993000,1.006000
11157.001000,1.994000,1.007000
11158.001000,1.994000,1.007000
11159.001000,1.994000,1.005000
11160.001000,1.994000,1.009000
11161.001000,1.994000,1.010000
11162.001000,1.994000,1.005000
11163.001000,1.994000,1.003000
11164.001000,1.994000,1.003000
11165.001000,1.994000,1.003000
11166.001000,1.995000,1.004000
11167.001000,1.995000,1.005000
11168.001000,1.995000,1.008000
11169.001000,1.995000,1.011000
11170.001000,1.995000,1.009000
11171.001000,1.995000,1.012000
11172.001000,1.995000,1.009000
11173.001000,1.995000,1.012000
11174.001000,1.995000,1.008000
11175.001000,1.994000,1.009000
11176.001000,1.995000,1.006000
11177.001000,1.994000,1.004000
11178.001000,1.994000,1.008000
11179.001000,1.994000,1.007000
11180.001000,1.994000,1.004000
11181.001000,1.994000,1.004000
11182.001000,1.994000,1.002000
11183.001000,1.994000,1.006000
11184.001000,1.994000,1.006000
11185.001000,1.994000,1.005000
11186.001000,1.994000,1.004000
11187.001000,1.993000,1.003000
11188.001000,1.993000,1.005000
11189.001000,1.994000,1.006000
11190.001000,1.993000,1.011000
11191.001000,1.994000,1.010000
11192.001000,1.993000,1.008000
11193.001000,1.994000,1.014000
11194.001000,1.994000,1.012000
11195.001000,1.994000,1.010000
11196.001000,1.994000,1.016000
11197.001000,1.994000,1.012000
11198.001000,1.994000,1.013000
11199.001000,1.994000,1.013000
11200.001000,1.994000,1.016000
11201.001000,1.994000,1.015000
11202.001000,1.994000,1.010000
11203.001000,1.994000,1.012000
11204.001000,1.995000,1.014000
11205.001000,1.995000,1.012000
11206.001000,1.995000,1.011000
11207.001000,1.995000,1.023000
11208.001000,1.995000,1.023000
11209.001000,1.995000,1.028000
11210.001000,1.995000,1.028000
11211.001000,1.995000,1.027000
11212.001000,1.995000,1.029000
11213.001000,1.995000,1.027000
11214.001000,1.995000,1.024000
11215.001000,1.995000,1.022000
11216.001000,1.995000,1.020000
11217.001000,1.995000,1.026000
11218.001000,1.995000,1.025000
11219.001000,1.995000,1.023000
11220.001000,1.995000,1.026000
11221.001000,1.994000,1.021000
11222.001000,1.994000,1.022000
11223.001000,1.994000,1.018000
11224.001000,1.994000,1.023000
11225.001000,1.994000,1.024000
11226.001000,1.994000,1.024000
11227.001000,1.994000,1.025000
11228.001000,1.995000,1.023000
11229.001000,1.995000,1.024000
11230.001000,1.995000,1.028000
11231.001000,1.995000,1.028000
11232.001000,1.995000,1.030000
11233.001000,1.995000,1.028000
11234.001000,1.995000,1.025000
11235.001000,1.995000,1.024000
11236.001000,1.996000,1.018000
11237.001000,1.996000,1.022000
11238.001000,1.996000,1.022000
11239.001000,1.996000,1.030000
11240.001000,1.995000,1.030000
11241.001000,1.995000,1.024000
11242.001000,1.995000,1.028000
11243.001000,1.995000,1.025000
11244.001000,1.996000,1.028000
11245.001000,1.996000,1.031000
11246.001000,1.996000,1.026000
11247.001000,1.996000,1.026000
11248.001000,1.996000,1.033000
11249.001000,1.996000,1.028000
11250.001000,1.996000,1.028000
11251.001000,1.996000,1.029000
11252.001000,1.995000,1.029000
11253.001000,1.995000,1.031000
11254.001000,1.995000,1.022000
11255.001000,1.996000,1.027000
11256.001000,1.995000,1.029000
11257.001000,1.996000,1.026000
11258.001000,1.995000,1.031000
11259.001000,1.995000,1.030000
11260.001000,1.996000,1.027000
11261.001000,1.996000,1.033000
11262.001000,1.995000,1.023000
11263.001000,1.995000,1.032000
11264.001000,1.995000,1.024000
11265.001000,1.995000,1.025000
11266.001000,1.995000,1.031000
11267.001000,1.996000,1.029000
11268.001000,1.996000,1.029000
11269.001000,1.995000,1.024000
11270.001000,1.995000,1.024000
11271.001000,1.996000,1.024000
11272.001000,1.996000,1.025000
11273.001000,1.996000,1.026000
11274.001000,1.996000,1.029000
11275.001000,1.996000,1.024000
11276.001000,1.996000,1.026000
11277.001000,1.995000,1.026000
11278.001000,1.995000,1.028000
11279.001000,1.996000,1.026000
11280.001000,1.995000,1.026000
11281.001000,1.995000,1.031000
11282.001000,1.995000,1.023000
11283.001000,1.995000,1.026000
11284.001000,1.995000,1.020000
11285.001000,1.995000,1.026000
11286.001000,1.996000,1.024000
11287.001000,1.995000,1.029000
11288.001000,1.995000,1.028000
11289.001000,1.995000,1.033000
11290.001000,1.995000,1.027000
11291.001000,1.995000,1.028000
11292.001000,1.996000,1.028000
11293.001000,1.996000,1.033000
11294.001000,1.996000,1.025000
11295.001000,1.996000,1.030000
11296.001000,1.997000,1.033000
11297.001000,1.996000,1.026000
11298.001000,1.997000,1.031000
11299.001000,1.997000,1.029000
11300.001000,1.997000,1.025000
11301.001000,1.997000,1.031000
11302.001000,1.996000,1.024000
11303.001000,1.996000,1.024000
11304.001000,1.996000,1.031000
11305.001000,1.995000,1.031000
11306.001000,1.996000,1.036000
11307.001000,1.996000,1.028000
11308.001000,1.996000,1.031000
11309.001000,1.996000,1.030000
11310.001000,1.995000,1.028000
11311.001000,1.995000,1.021000
11312.001000,1.995000,1.021000
11313.001000,1.996000,1.025000
11314.001000,1.996000,1.022000
11315.001000,1.996000,1.023000
11316.001000,1.996000,1.022000
11317.001000,1.997000,1.026000
11318.001000,1.997000,1.023000
11319.001000,1.997000,1.023000
11320.001000,1.997000,1.024000
11321.001000,1.997000,1.019000
11322.001000,1.997000,1.024000
11323.001000,1.997000,1.022000
11324.001000,1.997000,1.020000
11325.001000,1.997000,1.020000
11326.001000,1.997000,1.024000
11327.001000,1.998000,1.021000
11328.001000,1.998000,1.019000
11329.001000,1.998000,1.016000
11330.001000,1.998000,1.017000
11331.001000,1.997000,1.019000
11332.001000,1.997000,1.025000
11333.001000,1.998000,1.016000
11334.001000,1.997000,1.020000
11335.001000,1.997000,1.024000
11336.001000,1.998000,1.020000
11337.001000,1.998000,1.022000
11338.001000,1.998000,1.024000
11339.001000,1.998000,1.020000
11340.001000,1.999000,1.023000
11341.001000,1.999000,1.017000
11342.001000,1.999000,1.019000
11343.001000,1.999000,1.018000
11344.001000,1.999000,1.014000
11345.001000,1.999000,1.023000
11346.001000,1.999000,1.020000
11347.001000,2.000000,1.017000
11348.001000,2.000000,1.017000
11349.001000,2.000000,1.022000
11350.001000,2.000000,1.025000
11351.001000,2.000000,1.023000
11352.001000,1.999000,1.025000
11353.001000,1.998000,1.023000
11354.001000,1.998000,1.026000
11355.001000,1.998000,1.023000
11356.001000,1.998000,1.022000
11357.001000,1.998000,1.021000
11358.001000,1.998000,1.023000
11359.001000,1.997000,1.022000
11360.001000,1.997000,1.022000
11361.001000,1.997000,1.022000
11362.001000,1.997000,1.019000
11363.001000,1.997000,1.021000
11364.001000,1.997000,1.024000
11365.001000,1.997000,1.022000
11366.001000,1.997000,1.026000
11367.001000,1.997000,1.024000
11368.001000,1.997000,1.026000
11369.001000,1.997000,1.025000
11370.001000,1.998000,1.022000
11371.001000,1.997000,1.026000
11372.001000,1.997000,1.025000
11373.001000,1.997000,1.025000
11374.001000,1.996000,1.024000
11375.001000,1.997000,1.022000
11376.001000,1.997000,1.013000
11377.001000,1.997000,1.025000
11378.001000,1.998000,1.029000
11379.001000,1.997000,1.029000
11380.001000,1.997000,1.032000
11381.001000,1.997000,1.029000
11382.001000,1.997000,1.032000
11383.001000,1.996000,1.028000
11384.001000,1.996000,1.029000
11385.001000,1.995000,1.028000
11386.001000,1.995000,1.028000
11387.001000,1.995000,1.028000
11388.001000,1.995000,1.031000
11389.001000,1.995000,1.028000
11390.001000,1.995000,1.029000
11391.001000,1.995000,1.029000
11392.001000,1.995000,1.025000
11393.001000,1.995000,1.030000
11394.001000,1.995000,1.028000
11395.001000,1.995000,1.027000
11396.001000,1.996000,1.027000
11397.001000,1.995000,1.024000
11398.001000,1.996000,1.027000
11399.001000,1.996000,1.025000
11400.001000,1.996000,1.025000
11401.001000,1.996000,1.023000
11402.001000,1.996000,1.023000
11403.001000,1.996000,1.022000
11404.001000,1.995000,1.023000
11405.001000,1.995000,1.028000
11406.001000,1.995000,1.022000
11407.001000,1.995000,1.019000
11408.001000,1.995000,1.021000
11409.001000,1.995000,1.019000
11410.001000,1.995000,1.019000
11411.001000,1.995000,1.012000
11412.001000,1.995000,1.015000
11413.001000,1.995000,1.015000
11414.001000,1.995000,1.017000
11415.001000,1.995000,1.018000
11416.001000,1.995000,1.020000
11417.001000,1.994000,1.020000
11418.001000,1.994000,1.016000
11419.001000,1.995000,1.018000
11420.001000,1.995000,1.012000
11421.001000,1.995000,1.015000
11422.001000,1.995000,1.013000
11423.001000,1.995000,1.015000
11424.001000,1.995000,1.012000
11425.001000,1.995000,1.013000
11426.001000,1.995000,1.013000
11427.001000,1.995000,1.016000
11428.001000,1.995000,1.035000
11429.001000,1.995000,1.034000
11430.001000,1.995000,1.042000
11431.001000,1.995000,1.038000
11432.001000,1.995000,1.034000
11433.001000,1.995000,1.038000
11434.001000,1.995000,1.031000
11435.001000,1.995000,1.033000
11436.001000,1.995000,1.033000
11437.001000,1.995000,1.030000
11438.001000,1.995000,1.032000
11439.001000,1.996000,1.040000
11440.001000,1.996000,1.035000
11441.001000,1.996000,1.037000
11442.001000,1.994000,1.039000
11443.001000,1.994000,1.034000
11444.001000,1.993000,1.035000
11445.001000,1.993000,1.037000
11446.001000,1.993000,1.036000
11447.001000,1.993000,1.039000
11448.001000,1.994000,1.033000
11449.001000,1.994000,1.036000
11450.001000,1.993000,1.034000
11451.001000,1.993000,1.033000
11452.001000,1.993000,1.010000
11453.001000,1.993000,1.005000
11454.001000,1.994000,1.010000
11455.001000,1.994000,1.008000
11456.001000,1.994000,1.002000
11457.001000,1.994000,1.003000
11458.001000,1.993000,1.008000
11459.001000,1.993000,1.011000
11460.001000,1.993000,1.013000
11461.001000,1.993000,1.011000
11462.001000,1.994000,1.013000
11463.001000,1.994000,1.011000
11464.001000,1.994000,1.010000
11465.001000,1.994000,1.012000
11466.001000,1.993000,1.004000
11467.001000,1.992000,1.015000
11468.001000,1.992000,1.010000
11469.001000,1.992000,1.010000
11470.001000,1.992000,1.011000
11471.001000,1.992000,1.010000
11472.001000,1.992000,1.004000
11473.001000,1.992000,1.009000
11474.001000,1.992000,1.016000
11475.001000,1.993000,1.001000
11476.001000,1.993000,1.010000
11477.001000,1.992000,1.003000
11478.001000,1.992000,1.016000
11479.001000,1.991000,1.038000
11480.001000,1.992000,1.039000
11481.001000,1.992000,1.036000
11482.001000,1.991000,1.032000
11483.001000,1.990000,1.035000
11484.001000,1.990000,1.030000
11485.001000,1.991000,1.027000
11486.001000,1.991000,1.029000
11487.001000,1.991000,1.034000
11488.001000,1.992000,1.029000
11489.001000,1.992000,1.036000
11490.001000,1.992000,1.033000
11491.001000,1.992000,1.029000
11492.001000,1.993000,1.030000
11493.001000,1.993000,1.032000
11494.001000,1.993000,1.033000
11495.001000,1.993000,1.030000
11496.001000,1.993000,1.030000
11497.001000,1.992000,1.032000
11498.001000,1.992000,1.031000
11499.001000,1.992000,1.032000
11500.001000,1.992000,1.031000
11501.001000,1.992000,1.027000
11502.001000,1.992000,1.031000
11503.001000,1.992000,1.024000
11504.001000,1.992000,1.015000
11505.001000,1.992000,1.008000
11506.001000,1.992000,1.005000
11507.001000,1.992000,1.009000
11508.001000,1.992000,1.007000
11509.001000,1.992000,1.010000
11510.001000,1.992000,1.009000
11511.001000,1.992000,1.009000
11512.001000,1.990000,1.004000
11513.001000,1.990000,1.005000
11514.001000,1.990000,1.002000
11515.001000,1.990000,1.008000
11516.001000,1.989000,1.004000
11517.001000,1.989000,1.025000
11518.001000,1.989000,1.024000
11519.001000,1.989000,1.030000
11520.001000,1.989000,1.026000
11521.001000,1.989000,1.025000
11522.001000,1.989000,1.032000
11523.001000,1.988000,1.030000
11524.001000,1.987000,1.032000
11525.001000,1.987000,1.032000
11526.001000,1.987000,1.031000
11527.001000,1.987000,1.033000
11528.001000,1.987000,1.033000
11529.001000,1.987000,1.027000
11530.001000,1.987000,1.026000
11531.001000,1.986000,1.017000
11532.001000,1.986000,1.023000
11533.001000,1.985000,1.024000
11534.001000,1.985000,1.023000
11535.001000,1.984000,1.023000
11536.001000,1.984000,1.015000
11537.001000,1.982000,1.019000
11538.001000,1.982000,1.013000
11539.001000,1.981000,0.998000
11540.001000,1.980000,1.003000
11541.001000,1.980000,1.001000
11542.001000,1.977000,1.000000
11543.001000,1.976000,0.995000
11544.001000,1.974000,0.998000
11545.001000,1.972000,1.000000
11546.001000,1.972000,0.998000
11547.001000,1.972000,0.999000
11548.001000,1.971000,1.002000
11549.001000,1.971000,0.991000
11550.001000,1.971000,0.997000
11551.001000,1.972000,0.995000
11552.001000,1.972000,1.000000
11553.001000,1.972000,1.002000
11554.001000,1.972000,1.009000
11555.001000,1.972000,1.020000
11556.001000,1.972000,1.011000
11557.001000,1.971000,1.012000
11558.001000,1.971000,1.024000
11559.001000,1.972000,1.018000
11560.001000,1.971000,1.014000
11561.001000,1.972000,1.020000
11562.001000,1.971000,1.018000
11563.001000,1.972000,1.012000
11564.001000,1.972000,1.011000
11565.001000,1.972000,1.019000
11566.001000,1.972000,1.016000
11567.001000,1.973000,1.015000
11568.001000,1.973000,1.016000
11569.001000,1.972000,1.017000
11570.001000,1.972000,1.014000
11571.001000,1.972000,1.018000
11572.001000,1.972000,1.016000
11573.001000,1.972000,1.017000
11574.001000,1.972000,1.016000
11575.001000,1.972000,1.017000
11576.001000,1.972000,1.014000
11577.001000,1.972000,1.010000
11578.001000,1.973000,1.014000
11579.001000,1.973000,1.011000
11580.001000,1.972000,1.010000
11581.001000,1.973000,1.014000
11582.001000,1.973000,1.016000
11583.001000,1.973000,1.018000
11584.001000,1.973000,1.020000
11585.001000,1.973000,1.022000
11586.001000,1.973000,1.022000
11587.001000,1.973000,1.016000
11588.001000,1.973000,1.013000
11589.001000,1.973000,1.013000
11590.001000,1.972000,1.010000
11591.001000,1.971000,1.014000
11592.001000,1.970000,1.012000
11593.001000,1.970000,1.014000
11594.001000,1.970000,1.020000
11595.001000,1.970000,1.016000
11596.001000,1.970000,1.016000
11597.001000,1.971000,1.013000
11598.001000,1.972000,1.018000
11599.001000,1.971000,1.020000
11600.001000,1.971000,1.016000
11601.001000,1.971000,1.019000
11602.001000,1.972000,1.021000
11603.001000,1.972000,1.015000
11604.001000,1.971000,1.015000
11605.001000,1.972000,1.020000
11606.001000,1.972000,1.018000
11607.001000,1.972000,1.021000
11608.001000,1.972000,1.019000
11609.001000,1.972000,1.020000
11610.001000,1.972000,1.012000
11611.001000,1.972000,1.011000
11612.001000,1.972000,1.021000
11613.001000,1.972000,1.013000
11614.001000,1.971000,1.017000
11615.001000,1.971000,1.016000
11616.001000,1.971000,1.014000
11617.001000,1.971000,1.011000
11618.001000,1.971000,1.012000
11619.001000,1.972000,1.013000
11620.001000,1.971000,1.007000
11621.001000,1.972000,1.011000
11622.001000,1.971000,1.010000
11623.001000,1.971000,1.007000
11624.001000,1.971000,1.014000
11625.001000,1.973000,1.009000
11626.001000,1.973000,1.007000
11627.001000,1.973000,1.015000
11628.001000,1.974000,1.018000
11629.001000,1.974000,1.021000
11630.001000,1.974000,1.024000
11631.001000,1.974000,1.026000
11632.001000,1.975000,1.026000
11633.001000,1.974000,1.022000
11634.001000,1.974000,1.017000
11635.001000,1.974000,1.025000
11636.001000,1.975000,1.025000
11637.001000,1.974000,1.022000
11638.001000,1.974000,1.021000
11639.001000,1.973000,1.026000
11640.001000,1.973000,1.025000
11641.001000,1.974000,1.024000
11642.001000,1.973000,1.024000
11643.001000,1.973000,1.027000
11644.001000,1.973000,1.026000
11645.001000,1.974000,1.027000
11646.001000,1.973000,1.023000
11647.001000,1.974000,1.027000
11648.001000,1.974000,1.025000
11649.001000,1.974000,1.025000
11650.001000,1.974000,1.026000
11651.001000,1.974000,1.026000
11652.001000,1.973000,1.025000
11653.001000,1.974000,1.026000
11654.001000,1.974000,1.023000
11655.001000,1.975000,1.024000
11656.001000,1.974000,1.028000
11657.001000,1.974000,1.026000
11658.001000,1.975000,1.028000
11659.001000,1.975000,1.024000
11660.001000,1.975000,1.027000
11661.001000,1.975000,1.030000
11662.001000,1.975000,1.027000
11663.001000,1.976000,1.025000
11664.001000,1.975000,1.029000
11665.001000,1.976000,1.025000
11666.001000,1.976000,1.028000
11667.001000,1.975000,1.028000
11668.001000,1.976000,1.033000
11669.001000,1.976000,1.026000
11670.001000,1.976000,1.032000
11671.001000,1.976000,1.024000
11672.001000,1.975000,1.021000
11673.001000,1.975000,1.027000
11674.001000,1.975000,1.031000
11675.001000,1.975000,1.021000
11676.001000,1.975000,1.032000
11677.001000,1.975000,1.029000
11678.001000,1.975000,1.027000
11679.001000,1.974000,1.023000
11680.001000,1.974000,1.025000
11681.001000,1.974000,1.021000
11682.001000,1.973000,1.018000
11683.001000,1.974000,1.026000
11684.001000,1.974000,1.028000
11685.001000,1.974000,1.027000
11686.001000,1.974000,1.032000
11687.001000,1.974000,1.021000
11688.001000,1.974000,1.028000
11689.001000,1.974000,1.027000
11690.001000,1.974000,1.028000
11691.001000,1.974000,1.021000
11692.001000,1.974000,1.028000
11693.001000,1.974000,1.028000
11694.001000,1.974000,1.027000
11695.001000,1.973000,1.026000
11696.001000,1.975000,1.022000
11697.001000,1.974000,1.024000
11698.001000,1.973000,1.026000
11699.001000,1.974000,1.027000
11700.001000,1.975000,1.029000
11701.001000,1.974000,1.024000
11702.001000,1.974000,1.019000
11703.001000,1.975000,1.026000
11704.001000,1.974000,1.024000
11705.001000,1.974000,1.022000
11706.001000,1.974000,1.024000
11707.001000,1.974000,1.026000
11708.001000,1.974000,1.029000
11709.001000,1.974000,1.025000
11710.001000,1.973000,1.027000
11711.001000,1.973000,1.025000
11712.001000,1.973000,1.023000
11713.001000,1.974000,1.014000
11714.001000,1.974000,1.010000
11715.001000,1.973000,1.012000
11716.001000,1.974000,1.011000
11717.001000,1.974000,1.011000
11718.001000,1.973000,1.011000
11719.001000,1.973000,1.011000
11720.001000,1.973000,1.012000
11721.001000,1.973000,1.015000
11722.001000,1.974000,1.016000
11723.001000,1.974000,1.013000
11724.001000,1.974000,1.013000
11725.001000,1.974000,1.013000
11726.001000,1.974000,1.015000
11727.001000,1.975000,1.016000
11728.001000,1.975000,1.017000
11729.001000,1.974000,1.016000
11730.001000,1.975000,1.024000
11731.001000,1.975000,1.020000
11732.001000,1.974000,1.021000
11733.001000,1.975000,1.019000
11734.001000,1.975000,1.016000
11735.001000,1.975000,1.026000
11736.001000,1.975000,1.021000
11737.001000,1.976000,1.022000
11738.001000,1.975000,1.022000
11739.001000,1.975000,1.024000
11740.001000,1.975000,1.023000
11741.001000,1.976000,1.020000
11742.001000,1.975000,1.026000
11743.001000,1.976000,1.023000
11744.001000,1.975000,1.030000
11745.001000,1.975000,1.029000
11746.001000,1.976000,1.021000
11747.001000,1.975000,1.026000
11748.001000,1.975000,1.028000
11749.001000,1.976000,1.020000
11750.001000,1.975000,1.027000
11751.001000,1.976000,1.027000
11752.001000,1.976000,1.027000
11753.001000,1.976000,1.032000
11754.001000,1.976000,1.024000
11755.001000,1.977000,1.022000
11756.001000,1.976000,1.023000
11757.001000,1.976000,1.023000
11758.001000,1.977000,1.031000
11759.001000,1.977000,1.034000
11760.001000,1.977000,1.031000
11761.001000,1.977000,1.028000
11762.001000,1.978000,1.026000
11763.001000,1.977000,1.027000
11764.001000,1.977000,1.022000
11765.001000,1.978000,1.029000
11766.001000,1.977000,1.025000
11767.001000,1.978000,1.024000
11768.001000,1.978000,1.030000
11769.001000,1.978000,1.022000
11770.001000,1.977000,1.020000
11771.001000,1.978000,1.028000
11772.001000,1.978000,1.028000
11773.001000,1.978000,1.026000
11774.001000,1.978000,1.027000
11775.001000,1.977000,1.029000
11776.001000,1.978000,1.003000
11777.001000,1.979000,1.005000
11778.001000,1.978000,1.007000
11779.001000,1.978000,1.010000
11780.001000,1.978000,1.013000
11781.001000,1.978000,1.012000
11782.001000,1.978000,1.005000
11783.001000,1.978000,1.005000
11784.001000,1.978000,1.006000
11785.001000,1.978000,1.007000
11786.001000,1.978000,1.008000
11787.001000,1.977000,1.007000
11788.001000,1.977000,1.003000
11789.001000,1.977000,1.010000
11790.001000,1.978000,1.007000
11791.001000,1.977000,1.007000
11792.001000,1.977000,1.010000
11793.001000,1.978000,1.008000
11794.001000,1.978000,1.006000
11795.001000,1.978000,1.012000
11796.001000,1.977000,1.011000
11797.001000,1.977000,1.014000
11798.001000,1.977000,1.020000
11799.001000,1.978000,1.024000
11800.001000,1.977000,1.024000
11801.001000,1.977000,1.029000
11802.001000,1.977000,1.029000
11803.001000,1.977000,1.032000
11804.001000,1.978000,1.033000
11805.001000,1.978000,1.031000
11806.001000,1.978000,1.031000
11807.001000,1.978000,1.032000
11808.001000,1.980000,1.033000
11809.001000,1.981000,1.036000
11810.001000,1.980000,1.031000
11811.001000,1.980000,1.036000
11812.001000,1.981000,1.033000
11813.001000,1.981000,1.037000
11814.001000,1.981000,1.036000
11815.001000,1.981000,1.036000
11816.001000,1.981000,1.041000
11817.001000,1.982000,1.039000
11818.001000,1.982000,1.046000
11819.001000,1.981000,1.042000
11820.001000,1.981000,1.040000
11821.001000,1.982000,1.042000
11822.001000,1.982000,1.038000
11823.001000,1.982000,1.037000
11824.001000,1.982000,1.035000
11825.001000,1.983000,1.041000
11826.001000,1.984000,1.033000
11827.001000,1.985000,1.039000
11828.001000,1.985000,1.044000
11829.001000,1.985000,1.039000
11830.001000,1.985000,1.041000
11831.001000,1.986000,1.037000
11832.001000,1.986000,1.031000
11833.001000,1.987000,1.030000
11834.001000,1.987000,1.017000
11835.001000,1.987000,1.015000
11836.001000,1.987000,1.014000
11837.001000,1.988000,1.011000
11838.001000,1.988000,1.021000
11839.001000,1.987000,1.016000
11840.001000,1.988000,1.017000
11841.001000,1.988000,1.014000
11842.001000,1.987000,1.013000
11843.001000,1.986000,1.016000
11844.001000,1.986000,1.018000
11845.001000,1.986000,1.012000
11846.001000,1.986000,1.012000
11847.001000,1.985000,1.019000
11848.001000,1.986000,1.033000
11849.001000,1.986000,1.035000
11850.001000,1.987000,1.048000
11851.001000,1.987000,1.042000
11852.001000,1.987000,1.044000
11853.001000,1.988000,1.045000
11854.001000,1.988000,1.043000
11855.001000,1.988000,1.046000
11856.001000,1.988000,1.041000
11857.001000,1.988000,1.040000
11858.001000,1.989000,1.038000
11859.001000,1.989000,1.041000
11860.001000,1.990000,1.043000
11861.001000,1.989000,1.043000
11862.001000,1.989000,1.046000
11863.001000,1.990000,1.048000
11864.001000,1.990000,1.043000
11865.001000,1.989000,1.045000
11866.001000,1.989000,1.050000
11867.001000,1.989000,1.046000
11868.001000,1.989000,1.042000
11869.001000,1.990000,1.051000
11870.001000,1.990000,1.046000
11871.001000,1.990000,1.045000
11872.001000,1.990000,1.048000
11873.001000,1.989000,1.042000
11874.001000,1.989000,1.040000
11875.001000,1.988000,1.043000
11876.001000,1.988000,1.044000
11877.001000,1.988000,1.042000
11878.001000,1.988000,1.040000
11879.001000,1.987000,1.037000
11880.001000,1.987000,1.047000
11881.001000,1.988000,1.043000
11882.001000,1.988000,1.048000
11883.001000,1.988000,1.042000
11884.001000,1.989000,1.043000
11885.001000,1.989000,1.048000
11886.001000,1.990000,1.050000
11887.001000,1.990000,1.052000
11888.001000,1.991000,1.055000
11889.001000,1.992000,1.052000
11890.001000,1.992000,1.058000
11891.001000,1.992000,1.053000
11892.001000,1.992000,1.055000
11893.001000,1.993000,1.056000
11894.001000,1.993000,1.044000
11895.001000,1.993000,1.032000
11896.001000,1.993000,1.030000
11897.001000,1.993000,1.026000
11898.001000,1.994000,1.026000
11899.001000,1.994000,1.023000
11900.001000,1.994000,1.025000
11901.001000,1.994000,1.024000
11902.001000,1.995000,1.021000
11903.001000,1.995000,1.030000
11904.001000,1.995000,1.024000
11905.001000,1.996000,1.029000
11906.001000,1.996000,1.020000
11907.001000,1.996000,1.020000
11908.001000,1.997000,1.021000
11909.001000,1.997000,1.025000
11910.001000,1.997000,1.030000
11911.001000,1.998000,1.028000
11912.001000,1.998000,1.027000
11913.001000,1.998000,1.018000
11914.001000,1.998000,1.024000
11915.001000,1.999000,1.035000
11916.001000,1.999000,1.038000
11917.001000,1.999000,1.030000
11918.001000,2.000000,1.023000
11919.001000,2.000000,1.028000
11920.001000,2.000000,1.030000
11921.001000,2.001000,1.031000
11922.001000,2.001000,1.029000
11923.001000,2.001000,1.031000
11924.001000,2.002000,1.029000
11925.001000,2.002000,1.026000
11926.001000,2.002000,1.033000
11927.001000,2.002000,1.031000
11928.001000,2.003000,1.029000
11929.001000,2.003000,1.040000
11930.001000,2.003000,1.034000
11931.001000,2.004000,1.033000
11932.001000,2.004000,1.028000
11933.001000,2.004000,1.032000
11934.001000,2.004000,1.026000
11935.001000,2.004000,1.028000
11936.001000,2.004000,1.036000
11937.001000,2.005000,1.033000
11938.001000,2.005000,1.032000
11939.001000,2.005000,1.037000
11940.001000,2.006000,1.034000
11941.001000,2.006000,1.033000
11942.001000,2.006000,1.025000
11943.001000,2.006000,1.028000
11944.001000,2.007000,1.025000
11945.001000,2.007000,1.029000
11946.001000,2.007000,1.028000
11947.001000,2.007000,1.027000
11948.001000,2.007000,1.025000
11949.001000,2.007000,1.024000
11950.001000,2.007000,1.027000
11951.001000,2.007000,1.028000
11952.001000,2.007000,1.029000
11953.001000,2.007000,1.031000
11954.001000,2.008000,1.029000
11955.001000,2.008000,1.029000
11956.001000,2.009000,1.038000
11957.001000,2.009000,1.027000
11958.001000,2.009000,1.027000
11959.001000,2.009000,1.032000
11960.001000,2.010000,1.022000
11961.001000,2.010000,1.030000
11962.001000,2.010000,1.030000
11963.001000,2.010000,1.034000
11964.001000,2.010000,1.028000
11965.001000,2.010000,1.033000
11966.001000,2.010000,1.029000
11967.001000,2.011000,1.028000
11968.001000,2.011000,1.030000
11969.001000,2.011000,1.025000
11970.001000,2.011000,1.031000
11971.001000,2.011000,1.024000
11972.001000,2.011000,1.028000
11973.001000,2.011000,1.028000
11974.001000,2.010000,1.030000
11975.001000,2.010000,1.030000
11976.001000,2.010000,1.024000
11977.001000,2.011000,1.030000
11978.001000,2.011000,1.027000
11979.001000,2.011000,1.030000
11980.001000,2.011000,1.034000
11981.001000,2.011000,1.025000
11982.001000,2.012000,1.027000
11983.001000,2.012000,1.038000
11984.001000,2.012000,1.036000
11985.001000,2.012000,1.040000
11986.001000,2.012000,1.049000
11987.001000,2.012000,1.044000
11988.001000,2.012000,1.039000
11989.001000,2.012000,1.043000
11990.001000,2.012000,1.042000
11991.001000,2.012000,1.039000
11992.001000,2.011000,1.056000
11993.001000,2.011000,1.052000
11994.001000,2.011000,1.049000
11995.001000,2.012000,1.053000
11996.001000,2.012000,1.061000
11997.001000,2.011000,1.060000
11998.001000,2.011000,1.051000
11999.001000,2.011000,1.056000
12000.001000,2.011000,1.057000
12001.001000,2.011000,1.061000
12002.001000,2.011000,1.059000
12003.001000,2.011000,1.063000
12004.001000,2.012000,1.055000
12005.001000,2.012000,1.062000
12006.001000,2.012000,1.058000
12007.001000,2.012000,1.060000
12008.001000,2.012000,1.062000
12009.001000,2.013000,1.061000
12010.001000,2.013000,1.062000
12011.001000,2.013000,1.060000
12012.001000,2.013000,1.061000
12013.001000,2.014000,1.064000
12014.001000,2.014000,1.058000
12015.001000,2.014000,1.056000
12016.001000,2.015000,1.060000
12017.001000,2.015000,1.066000
12018.001000,2.015000,1.067000
12019.001000,2.014000,1.058000
12020.001000,2.015000,1.043000
12021.001000,2.015000,1.038000
12022.001000,2.015000,1.037000
12023.001000,2.015000,1.038000
12024.001000,2.014000,1.039000
12025.001000,2.014000,1.038000
12026.001000,2.015000,1.030000
12027.001000,2.014000,1.041000
12028.001000,2.015000,1.037000
12029.001000,2.014000,1.040000
12030.001000,2.014000,1.041000
12031.001000,2.014000,1.038000
12032.001000,2.015000,1.036000
12033.001000,2.014000,1.032000
12034.001000,2.014000,1.037000
12035.001000,2.015000,1.039000
12036.001000,2.015000,1.036000
12037.001000,2.015000,1.030000
12038.001000,2.015000,1.030000
12039.001000,2.016000,1.039000
12040.001000,2.015000,1.039000
12041.001000,2.015000,1.039000
12042.001000,2.015000,1.041000
12043.001000,2.015000,1.044000
12044.001000,2.015000,1.042000
12045.001000,2.014000,1.055000
12046.001000,2.014000,1.050000
12047.001000,2.013000,1.052000
12048.001000,2.014000,1.053000
12049.001000,2.014000,1.052000
12050.001000,2.014000,1.058000
12051.001000,2.014000,1.057000
12052.001000,2.015000,1.054000
12053.001000,2.014000,1.056000
12054.001000,2.015000,1.052000
12055.001000,2.015000,1.048000
12056.001000,2.015000,1.044000
12057.001000,2.015000,1.043000
12058.001000,2.016000,1.039000
12059.001000,2.016000,1.048000
12060.001000,2.016000,1.041000
12061.001000,2.016000,1.044000
12062.001000,2.017000,1.045000
12063.001000,2.017000,1.043000
12064.001000,2.016000,1.043000
12065.001000,2.016000,1.045000
12066.001000,2.017000,1.049000
12067.001000,2.017000,1.046000
12068.001000,2.017000,1.042000
12069.001000,2.016000,1.046000
12070.001000,2.016000,1.054000
12071.001000,2.015000,1.044000
12072.001000,2.015000,1.050000
12073.001000,2.015000,1.051000
12074.001000,2.015000,1.047000
12075.001000,2.015000,1.052000
12076.001000,2.015000,1.049000
12077.001000,2.015000,1.055000
12078.001000,2.015000,1.054000
12079.001000,2.015000,1.050000
12080.001000,2.015000,1.050000
12081.001000,2.015000,1.054000
12082.001000,2.015000,1.054000
12083.001000,2.015000,1.055000
12084.001000,2.015000,1.049000
12085.001000,2.015000,1.051000
12086.001000,2.015000,1.050000
12087.001000,2.016000,1.052000
12088.001000,2.015000,1.053000
12089.001000,2.015000,1.051000
12090.001000,2.015000,1.055000
12091.001000,2.015000,1.058000
12092.001000,2.015000,1.054000
12093.001000,2.015000,1.054000
12094.001000,2.016000,1.058000
12095.001000,2.016000,1.054000
12096.001000,2.016000,1.056000
12097.001000,2.016000,1.059000
12098.001000,2.016000,1.060000
12099.001000,2.016000,1.060000
12100.001000,2.016000,1.057000
12101.001000,2.015000,1.057000
12102.001000,2.015000,1.054000
12103.001000,2.015000,1.053000
12104.001000,2.015000,1.050000
12105.001000,2.015000,1.053000
12106.001000,2.015000,1.052000
12107.001000,2.015000,1.048000
12108.001000,2.014000,1.052000
12109.001000,2.014000,1.054000
12110.001000,2.015000,1.053000
12111.001000,2.015000,1.055000
12112.001000,2.015000,1.054000
12113.001000,2.014000,1.053000
12114.001000,2.014000,1.058000
12115.001000,2.014000,1.054000
12116.001000,2.014000,1.057000
12117.001000,2.014000,1.056000
12118.001000,2.015000,1.053000
12119.001000,2.015000,1.056000
12120.001000,2.015000,1.057000
12121.001000,2.015000,1.059000
12122.001000,2.016000,1.057000
12123.001000,2.016000,1.057000
12124.001000,2.016000,1.056000
12125.001000,2.016000,1.056000
12126.001000,2.017000,1.056000
12127.001000,2.017000,1.057000
12128.001000,2.018000,1.060000
12129.001000,2.018000,1.056000
12130.001000,2.018000,1.051000
12131.001000,2.018000,1.043000
12132.001000,2.018000,1.050000
12133.001000,2.019000,1.052000
12134.001000,2.019000,1.047000
12135.001000,2.019000,1.050000
12136.001000,2.019000,1.048000
12137.001000,2.019000,1.050000
12138.001000,2.019000,1.053000
12139.001000,2.019000,1.053000
12140.001000,2.019000,1.049000
12141.001000,2.019000,1.055000
12142.001000,2.018000,1.051000
12143.001000,2.018000,1.052000
12144.001000,2.018000,1.058000
12145.001000,2.019000,1.052000
12146.001000,2.019000,1.054000
12147.001000,2.019000,1.044000
12148.001000,2.019000,1.052000
12149.001000,2.019000,1.052000
12150.001000,2.020000,1.059000
12151.001000,2.019000,1.050000
12152.001000,2.020000,1.054000
12153.001000,2.020000,1.047000
12154.001000,2.020000,1.050000
12155.001000,2.020000,1.048000
12156.001000,2.020000,1.052000
12157.001000,2.020000,1.048000
12158.001000,2.020000,1.051000
12159.001000,2.020000,1.049000
12160.001000,2.020000,1.059000
12161.001000,2.020000,1.057000
12162.001000,2.020000,1.054000
12163.001000,2.020000,1.047000
12164.001000,2.020000,1.052000
12165.001000,2.020000,1.045000
12166.001000,2.019000,1.044000
12167.001000,2.020000,1.043000
12168.001000,2.020000,1.048000
12169.001000,2.019000,1.048000
12170.001000,2.019000,1.049000
12171.001000,2.019000,1.046000
12172.001000,2.019000,1.051000
12173.001000,2.019000,1.052000
12174.001000,2.019000,1.057000
12175.001000,2.019000,1.054000
12176.001000,2.019000,1.054000
12177.001000,2.019000,1.052000
12178.001000,2.019000,1.059000
12179.001000,2.020000,1.056000
12180.001000,2.019000,1.057000
12181.001000,2.019000,1.052000
12182.001000,2.019000,1.059000
12183.001000,2.019000,1.056000
12184.001000,2.019000,1.061000
12185.001000,2.019000,1.056000
12186.001000,2.020000,1.054000
12187.001000,2.019000,1.058000
12188.001000,2.020000,1.051000
12189.001000,2.020000,1.057000
12190.001000,2.020000,1.054000
12191.001000,2.020000,1.061000
12192.001000,2.020000,1.061000
12193.001000,2.021000,1.054000
12194.001000,2.021000,1.058000
12195.001000,2.021000,1.058000
12196.001000,2.021000,1.059000
12197.001000,2.022000,1.063000
12198.001000,2.022000,1.064000
12199.001000,2.023000,1.057000
12200.001000,2.023000,1.059000
12201.001000,2.024000,1.059000
12202.001000,2.024000,1.057000
12203.001000,2.025000,1.059000
12204.001000,2.025000,1.063000
12205.001000,2.025000,1.060000
12206.001000,2.025000,1.059000
12207.001000,2.025000,1.060000
12208.001000,2.025000,1.059000
12209.001000,2.026000,1.060000
12210.001000,2.026000,1.058000
12211.001000,2.026000,1.060000
12212.001000,2.026000,1.055000
12213.001000,2.026000,1.060000
12214.001000,2.026000,1.059000
12215.001000,2.026000,1.061000
12216.001000,2.026000,1.059000
12217.001000,2.026000,1.064000
12218.001000,2.026000,1.064000
12219.001000,2.026000,1.063000
12220.001000,2.026000,1.058000
12221.001000,2.026000,1.062000
12222.001000,2.026000,1.053000
12223.001000,2.026000,1.056000
12224.001000,2.026000,1.046000
12225.001000,2.026000,1.056000
12226.001000,2.026000,1.059000
12227.001000,2.026000,1.056000
12228.001000,2.026000,1.057000
12229.001000,2.026000,1.061000
12230.001000,2.026000,1.056000
12231.001000,2.026000,1.060000
12232.001000,2.025000,1.053000
12233.001000,2.026000,1.059000
12234.001000,2.026000,1.060000
12235.001000,2.026000,1.062000
12236.001000,2.026000,1.057000
12237.001000,2.026000,1.053000
12238.001000,2.026000,1.057000
12239.001000,2.026000,1.052000
12240.001000,2.026000,1.054000
12241.001000,2.026000,1.058000
12242.001000,2.026000,1.052000
12243.001000,2.026000,1.054000
12244.001000,2.026000,1.051000
12245.001000,2.026000,1.061000
12246.001000,2.027000,1.061000
12247.001000,2.027000,1.057000
12248.001000,2.027000,1.061000
12249.001000,2.027000,1.061000
12250.001000,2.027000,1.059000
12251.001000,2.027000,1.066000
12252.001000,2.027000,1.065000
12253.001000,2.027000,1.068000
12254.001000,2.027000,1.064000
12255.001000,2.027000,1.059000
12256.001000,2.027000,1.065000
12257.001000,2.027000,1.068000
12258.001000,2.027000,1.064000
12259.001000,2.028000,1.071000
12260.001000,2.028000,1.064000
12261.001000,2.028000,1.068000
12262.001000,2.028000,1.074000
12263.001000,2.028000,1.067000
12264.001000,2.027000,1.069000
12265.001000,2.026000,1.068000
12266.001000,2.027000,1.064000
12267.001000,2.027000,1.068000
12268.001000,2.027000,1.073000
12269.001000,2.028000,1.066000
12270.001000,2.028000,1.068000
12271.001000,2.028000,1.069000
12272.001000,2.028000,1.063000
12273.001000,2.028000,1.071000
12274.001000,2.028000,1.068000
12275.001000,2.028000,1.069000
12276.001000,2.028000,1.068000
12277.001000,2.028000,1.071000
12278.001000,2.028000,1.067000
12279.001000,2.028000,1.068000
12280.001000,2.028000,1.069000
12281.001000,2.029000,1.065000
12282.001000,2.029000,1.066000
12283.001000,2.028000,1.064000
12284.001000,2.028000,1.066000
12285.001000,2.028000,1.069000
12286.001000,2.028000,1.062000
12287.001000,2.028000,1.062000
12288.001000,2.028000,1.062000
12289.001000,2.028000,1.069000
12290.001000,2.027000,1.067000
12291.001000,2.028000,1.075000
12292.001000,2.027000,1.069000
12293.001000,2.027000,1.074000
12294.001000,2.028000,1.075000
12295.001000,2.028000,1.065000
12296.001000,2.028000,1.069000
12297.001000,2.029000,1.059000
12298.001000,2.028000,1.069000
12299.001000,2.028000,1.075000
12300.001000,2.028000,1.066000
12301.001000,2.027000,1.070000
12302.001000,2.028000,1.074000
12303.001000,2.028000,1.075000
12304.001000,2.028000,1.073000
12305.001000,2.029000,1.074000
12306.001000,2.028000,1.071000
12307.001000,2.028000,1.072000
12308.001000,2.028000,1.070000
12309.001000,2.029000,1.072000
12310.001000,2.029000,1.068000
12311.001000,2.029000,1.066000
12312.001000,2.029000,1.068000
12313.001000,2.029000,1.070000
12314.001000,2.029000,1.068000
12315.001000,2.029000,1.068000
12316.001000,2.029000,1.065000
12317.001000,2.029000,1.068000
12318.001000,2.029000,1.072000
12319.001000,2.029000,1.071000
12320.001000,2.028000,1.074000
12321.001000,2.028000,1.074000
12322.001000,2.028000,1.072000
12323.001000,2.028000,1.070000
12324.001000,2.028000,1.073000
12325.001000,2.028000,1.073000
12326.001000,2.028000,1.070000
12327.001000,2.028000,1.075000
12328.001000,2.028000,1.062000
12329.001000,2.028000,1.063000
12330.001000,2.028000,1.062000
12331.001000,2.028000,1.063000
12332.001000,2.029000,1.062000
12333.001000,2.029000,1.067000
12334.001000,2.029000,1.066000
12335.001000,2.029000,1.066000
12336.001000,2.028000,1.062000
12337.001000,2.028000,1.058000
12338.001000,2.028000,1.057000
12339.001000,2.029000,1.065000
12340.001000,2.029000,1.067000
12341.001000,2.029000,1.062000
12342.001000,2.029000,1.063000
12343.001000,2.029000,1.068000
12344.001000,2.029000,1.066000
12345.001000,2.029000,1.062000
12346.001000,2.029000,1.064000
12347.001000,2.029000,1.060000
12348.001000,2.029000,1.060000
12349.001000,2.028000,1.061000
12350.001000,2.028000,1.062000
12351.001000,2.028000,1.060000
12352.001000,2.029000,1.063000
12353.001000,2.029000,1.059000
12354.001000,2.029000,1.069000
12355.001000,2.029000,1.060000
12356.001000,2.029000,1.067000
12357.001000,2.029000,1.067000
12358.001000,2.029000,1.058000
12359.001000,2.029000,1.068000
12360.001000,2.028000,1.064000
12361.001000,2.028000,1.063000
12362.001000,2.028000,1.062000
12363.001000,2.028000,1.055000
12364.001000,2.028000,1.066000
12365.001000,2.028000,1.061000
12366.001000,2.028000,1.065000
12367.001000,2.029000,1.064000
12368.001000,2.029000,1.064000
12369.001000,2.029000,1.064000
12370.001000,2.029000,1.061000
12371.001000,2.029000,1.062000
12372.001000,2.029000,1.064000
12373.001000,2.029000,1.062000
12374.001000,2.028000,1.061000
12375.001000,2.028000,1.063000
12376.001000,2.028000,1.065000
12377.001000,2.029000,1.064000
12378.001000,2.029000,1.064000
12379.001000,2.028000,1.063000
12380.001000,2.029000,1.065000
12381.001000,2.029000,1.062000
12382.001000,2.029000,1.062000
12383.001000,2.029000,1.062000
12384.001000,2.029000,1.063000
12385.001000,2.029000,1.060000
12386.001000,2.028000,1.062000
12387.001000,2.028000,1.054000
12388.001000,2.028000,1.057000
12389.001000,2.028000,1.060000
12390.001000,2.029000,1.063000
12391.001000,2.029000,1.060000
12392.001000,2.028000,1.053000
12393.001000,2.028000,1.057000
12394.001000,2.028000,1.057000
12395.001000,2.029000,1.063000
12396.001000,2.029000,1.062000
12397.001000,2.029000,1.061000
12398.001000,2.029000,1.063000
12399.001000,2.029000,1.062000
12400.001000,2.029000,1.063000
12401.001000,2.028000,1.064000
12402.001000,2.028000,1.070000
12403.001000,2.029000,1.075000
12404.001000,2.029000,1.077000
12405.001000,2.029000,1.067000
12406.001000,2.029000,1.064000
12407.001000,2.030000,1.070000
12408.001000,2.030000,1.071000
12409.001000,2.029000,1.069000
12410.001000,2.029000,1.068000
12411.001000,2.028000,1.067000
12412.001000,2.029000,1.072000
12413.001000,2.029000,1.069000
12414.001000,2.029000,1.078000
12415.001000,2.029000,1.061000
12416.001000,2.029000,1.061000
12417.001000,2.029000,1.059000
12418.001000,2.029000,1.061000
12419.001000,2.028000,1.065000
12420.001000,2.028000,1.064000
12421.001000,2.028000,1.063000
12422.001000,2.028000,1.065000
12423.001000,2.027000,1.067000
12424.001000,2.028000,1.067000
12425.001000,2.028000,1.064000
12426.001000,2.028000,1.064000
12427.001000,2.028000,1.066000
12428.001000,2.029000,1.062000
12429.001000,2.029000,1.062000
12430.001000,2.028000,1.065000
12431.001000,2.028000,1.067000
12432.001000,2.028000,1.071000
12433.001000,2.028000,1.077000
12434.001000,2.028000,1.082000
12435.001000,2.029000,1.081000
12436.001000,2.029000,1.080000
12437.001000,2.029000,1.077000
12438.001000,2.030000,1.077000
12439.001000,2.030000,1.084000
12440.001000,2.029000,1.076000
12441.001000,2.030000,1.082000
12442.001000,2.029000,1.079000
12443.001000,2.030000,1.082000
12444.001000,2.030000,1.073000
12445.001000,2.030000,1.081000
12446.001000,2.030000,1.078000
12447.001000,2.030000,1.070000
12448.001000,2.030000,1.075000
12449.001000,2.030000,1.069000
12450.001000,2.030000,1.068000
12451.001000,2.030000,1.079000
12452.001000,2.030000,1.077000
12453.001000,2.030000,1.081000
12454.001000,2.030000,1.081000
12455.001000,2.030000,1.075000
12456.001000,2.030000,1.068000
12457.001000,2.030000,1.076000
12458.001000,2.030000,1.080000
12459.001000,2.030000,1.074000
12460.001000,2.030000,1.081000
12461.001000,2.030000,1.079000
12462.001000,2.030000,1.077000
12463.001000,2.030000,1.077000
12464.001000,2.031000,1.078000
12465.001000,2.031000,1.080000
12466.001000,2.031000,1.077000
12467.001000,2.031000,1.082000
12468.001000,2.031000,1.080000
12469.001000,2.031000,1.083000
12470.001000,2.031000,1.084000
12471.001000,2.031000,1.084000
12472.001000,2.031000,1.077000
12473.001000,2.031000,1.076000
12474.001000,2.031000,1.079000
12475.001000,2.032000,1.079000
12476.001000,2.031000,1.080000
12477.001000,2.031000,1.076000
12478.001000,2.031000,1.082000
12479.001000,2.032000,1.078000
12480.001000,2.031000,1.080000
12481.001000,2.032000,1.081000
12482.001000,2.031000,1.071000
12483.001000,2.031000,1.070000
12484.001000,2.031000,1.074000
12485.001000,2.031000,1.075000
12486.001000,2.032000,1.078000
12487.001000,2.032000,1.078000
12488.001000,2.032000,1.081000
12489.001000,2.033000,1.073000
12490.001000,2.032000,1.077000
12491.001000,2.032000,1.081000
12492.001000,2.032000,1.077000
12493.001000,2.032000,1.072000
12494.001000,2.032000,1.076000
12495.001000,2.032000,1.080000
12496.001000,2.032000,1.071000
12497.001000,2.033000,1.076000
12498.001000,2.033000,1.074000
12499.001000,2.033000,1.075000
12500.001000,2.033000,1.073000
12501.001000,2.033000,1.080000
12502.001000,2.033000,1.072000
12503.001000,2.033000,1.067000
12504.001000,2.034000,1.071000
12505.001000,2.034000,1.075000
12506.001000,2.034000,1.075000
12507.001000,2.034000,1.073000
12508.001000,2.034000,1.076000
12509.001000,2.034000,1.068000
12510.001000,2.034000,1.072000
12511.001000,2.034000,1.072000
12512.001000,2.034000,1.074000
12513.001000,2.034000,1.080000
12514.001000,2.034000,1.075000
12515.001000,2.034000,1.074000
12516.001000,2.034000,1.073000
12517.001000,2.034000,1.071000
12518.001000,2.034000,1.068000
12519.001000,2.034000,1.070000
12520.001000,2.033000,1.066000
12521.001000,2.033000,1.066000
12522.001000,2.034000,1.068000
12523.001000,2.034000,1.072000
12524.001000,2.034000,1.070000
12525.001000,2.034000,1.072000
12526.001000,2.034000,1.074000
12527.001000,2.034000,1.073000
12528.001000,2.033000,1.071000
12529.001000,2.034000,1.069000
12530.001000,2.034000,1.068000
12531.001000,2.033000,1.075000
12532.001000,2.034000,1.071000
12533.001000,2.034000,1.073000
12534.001000,2.034000,1.073000
12535.001000,2.034000,1.073000
12536.001000,2.034000,1.069000
12537.001000,2.034000,1.068000
12538.001000,2.034000,1.071000
12539.001000,2.034000,1.070000
12540.001000,2.033000,1.068000
12541.001000,2.034000,1.075000
12542.001000,2.034000,1.071000
12543.001000,2.034000,1.070000
12544.001000,2.034000,1.070000
12545.001000,2.034000,1.074000
12546.001000,2.034000,1.081000
12547.001000,2.034000,1.070000
12548.001000,2.033000,1.070000
12549.001000,2.033000,1.074000
12550.001000,2.033000,1.075000
12551.001000,2.033000,1.075000
12552.001000,2.032000,1.072000
12553.001000,2.032000,1.068000
12554.001000,2.032000,1.071000
12555.001000,2.032000,1.071000
12556.001000,2.032000,1.074000
12557.001000,2.032000,1.069000
12558.001000,2.032000,1.072000
12559.001000,2.032000,1.068000
12560.001000,2.032000,1.073000
12561.001000,2.033000,1.069000
12562.001000,2.032000,1.071000
12563.001000,2.033000,1.076000
12564.001000,2.033000,1.074000
12565.001000,2.032000,1.074000
12566.001000,2.032000,1.071000
12567.001000,2.032000,1.070000
12568.001000,2.032000,1.065000
12569.001000,2.032000,1.069000
12570.001000,2.032000,1.066000
12571.001000,2.032000,1.067000
12572.001000,2.032000,1.065000
12573.001000,2.031000,1.062000
12574.001000,2.031000,1.072000
12575.001000,2.032000,1.068000
12576.001000,2.032000,1.065000
12577.001000,2.032000,1.064000
12578.001000,2.032000,1.064000
12579.001000,2.032000,1.072000
12580.001000,2.032000,1.064000
12581.001000,2.032000,1.064000
12582.001000,2.031000,1.068000
12583.001000,2.031000,1.070000
12584.001000,2.031000,1.062000
12585.001000,2.031000,1.069000
12586.001000,2.031000,1.067000
12587.001000,2.030000,1.068000
12588.001000,2.030000,1.068000
12589.001000,2.030000,1.069000
12590.001000,2.030000,1.072000
12591.001000,2.031000,1.074000
12592.001000,2.031000,1.076000
12593.001000,2.031000,1.066000
12594.001000,2.031000,1.068000
12595.001000,2.031000,1.068000
12596.001000,2.031000,1.071000
12597.001000,2.031000,1.068000
12598.001000,2.031000,1.066000
12599.001000,2.032000,1.066000
12600.001000,2.032000,1.069000
12601.001000,2.032000,1.068000
12602.001000,2.032000,1.071000
12603.001000,2.032000,1.070000
12604.001000,2.032000,1.070000
12605.001000,2.032000,1.063000
12606.001000,2.033000,1.062000
12607.001000,2.033000,1.076000
12608.001000,2.033000,1.075000
12609.001000,2.033000,1.079000
12610.001000,2.033000,1.076000
12611.001000,2.033000,1.077000
12612.001000,2.033000,1.069000
12613.001000,2.033000,1.072000
12614.001000,2.033000,1.078000
12615.001000,2.033000,1.075000
12616.001000,2.033000,1.079000
12617.001000,2.033000,1.074000
12618.001000,2.033000,1.077000
12619.001000,2.034000,1.079000
12620.001000,2.033000,1.080000
12621.001000,2.033000,1.074000
12622.001000,2.033000,1.075000
12623.001000,2.033000,1.077000
12624.001000,2.033000,1.077000
12625.001000,2.033000,1.078000
12626.001000,2.032000,1.071000
12627.001000,2.032000,1.075000
12628.001000,2.032000,1.075000
12629.001000,2.033000,1.064000
12630.001000,2.033000,1.074000
12631.001000,2.033000,1.058000
12632.001000,2.033000,1.071000
12633.001000,2.033000,1.066000
12634.001000,2.033000,1.061000
12635.001000,2.033000,1.070000
12636.001000,2.034000,1.074000
12637.001000,2.034000,1.067000
12638.001000,2.034000,1.066000
12639.001000,2.034000,1.063000
12640.001000,2.034000,1.073000
12641.001000,2.034000,1.076000
12642.001000,2.035000,1.075000
12643.001000,2.035000,1.077000
12644.001000,2.035000,1.079000
12645.001000,2.035000,1.079000
12646.001000,2.036000,1.078000
12647.001000,2.036000,1.075000
12648.001000,2.036000,1.078000
12649.001000,2.036000,1.079000
12650.001000,2.036000,1.083000
12651.001000,2.036000,1.082000
12652.001000,2.036000,1.079000
12653.001000,2.034000,1.079000
12654.001000,2.035000,1.079000
12655.001000,2.035000,1.078000
12656.001000,2.035000,1.083000
12657.001000,2.035000,1.078000
12658.001000,2.035000,1.078000
12659.001000,2.034000,1.073000
12660.001000,2.034000,1.075000
12661.001000,2.033000,1.076000
12662.001000,2.033000,1.076000
12663.001000,2.033000,1.078000
12664.001000,2.033000,1.082000
12665.001000,2.033000,1.078000
12666.001000,2.033000,1.076000
12667.001000,2.033000,1.078000
12668.001000,2.033000,1.081000
12669.001000,2.034000,1.081000
12670.001000,2.034000,1.079000
12671.001000,2.034000,1.078000
12672.001000,2.033000,1.082000
12673.001000,2.033000,1.082000
12674.001000,2.033000,1.083000
12675.001000,2.033000,1.080000
12676.001000,2.034000,1.083000
12677.001000,2.034000,1.079000
12678.001000,2.034000,1.080000
12679.001000,2.034000,1.082000
12680.001000,2.033000,1.073000
12681.001000,2.033000,1.079000
12682.001000,2.033000,1.076000
12683.001000,2.033000,1.077000
12684.001000,2.033000,1.076000
12685.001000,2.033000,1.079000
12686.001000,2.033000,1.080000
12687.001000,2.033000,1.081000
12688.001000,2.033000,1.076000
12689.001000,2.033000,1.082000
12690.001000,2.033000,1.082000
12691.001000,2.033000,1.080000
12692.001000,2.033000,1.078000
12693.001000,2.033000,1.081000
12694.001000,2.033000,1.080000
12695.001000,2.033000,1.075000
12696.001000,2.034000,1.076000
12697.001000,2.033000,1.076000
12698.001000,2.033000,1.078000
12699.001000,2.033000,1.070000
12700.001000,2.034000,1.072000
12701.001000,2.034000,1.074000
12702.001000,2.034000,1.075000
12703.001000,2.034000,1.073000
12704.001000,2.034000,1.078000
12705.001000,2.034000,1.071000
12706.001000,2.034000,1.069000
12707.001000,2.034000,1.073000
12708.001000,2.034000,1.075000
12709.001000,2.035000,1.075000
12710.001000,2.035000,1.073000
12711.001000,2.035000,1.075000
12712.001000,2.035000,1.073000
12713.001000,2.035000,1.079000
12714.001000,2.034000,1.073000
12715.001000,2.034000,1.074000
12716.001000,2.035000,1.073000
12717.001000,2.035000,1.066000
12718.001000,2.035000,1.072000
12719.001000,2.035000,1.068000
12720.001000,2.035000,1.069000
12721.001000,2.035000,1.063000
12722.001000,2.035000,1.071000
12723.001000,2.035000,1.072000
12724.001000,2.035000,1.069000
12725.001000,2.034000,1.073000
12726.001000,2.034000,1.071000
12727.001000,2.034000,1.067000
12728.001000,2.034000,1.072000
12729.001000,2.035000,1.071000
12730.001000,2.035000,1.071000
12731.001000,2.035000,1.071000
12732.001000,2.035000,1.075000
12733.001000,2.035000,1.074000
12734.001000,2.035000,1.072000
12735.001000,2.035000,1.067000
12736.001000,2.035000,1.073000
12737.001000,2.035000,1.072000
12738.001000,2.035000,1.070000
12739.001000,2.035000,1.061000
12740.001000,2.036000,1.064000
12741.001000,2.036000,1.069000
12742.001000,2.036000,1.069000
12743.001000,2.036000,1.066000
12744.001000,2.036000,1.071000
12745.001000,2.036000,1.063000
12746.001000,2.036000,1.066000
12747.001000,2.036000,1.060000
12748.001000,2.036000,1.060000
12749.001000,2.035000,1.071000
12750.001000,2.035000,1.074000
12751.001000,2.035000,1.078000
12752.001000,2.035000,1.072000
12753.001000,2.035000,1.068000
12754.001000,2.035000,1.062000
12755.001000,2.035000,1.064000
12756.001000,2.035000,1.070000
12757.001000,2.034000,1.074000
12758.001000,2.034000,1.075000
12759.001000,2.034000,1.067000
12760.001000,2.035000,1.066000
12761.001000,2.035000,1.063000
12762.001000,2.035000,1.061000
12763.001000,2.035000,1.065000
12764.001000,2.035000,1.064000
12765.001000,2.035000,1.059000
12766.001000,2.035000,1.064000
12767.001000,2.035000,1.070000
12768.001000,2.035000,1.064000
12769.001000,2.035000,1.065000
12770.001000,2.036000,1.063000
12771.001000,2.036000,1.066000
12772.001000,2.036000,1.057000
12773.001000,2.036000,1.065000
12774.001000,2.036000,1.067000
12775.001000,2.036000,1.066000
12776.001000,2.036000,1.066000
12777.001000,2.036000,1.069000
12778.001000,2.036000,1.064000
12779.001000,2.036000,1.064000
12780.001000,2.036000,1.067000
12781.001000,2.035000,1.067000
12782.001000,2.034000,1.071000
12783.001000,2.034000,1.067000
12784.001000,2.034000,1.069000
12785.001000,2.034000,1.071000
12786.001000,2.034000,1.074000
12787.001000,2.034000,1.071000
12788.001000,2.034000,1.070000
12789.001000,2.034000,1.062000
12790.001000,2.033000,1.066000
12791.001000,2.033000,1.065000
12792.001000,2.033000,1.063000
12793.001000,2.033000,1.063000
12794.001000,2.034000,1.062000
12795.001000,2.034000,1.071000
12796.001000,2.034000,1.063000
12797.001000,2.034000,1.071000
12798.001000,2.033000,1.067000
12799.001000,2.033000,1.071000
12800.001000,2.033000,1.068000
12801.001000,2.033000,1.068000
12802.001000,2.033000,1.064000
12803.001000,2.034000,1.066000
12804.001000,2.033000,1.069000
12805.001000,2.033000,1.063000
12806.001000,2.033000,1.060000
12807.001000,2.033000,1.059000
12808.001000,2.033000,1.062000
12809.001000,2.034000,1.075000
12810.001000,2.034000,1.087000
12811.001000,2.033000,1.083000
12812.001000,2.033000,1.087000
12813.001000,2.033000,1.087000
12814.001000,2.033000,1.083000
12815.001000,2.033000,1.087000
12816.001000,2.034000,1.081000
12817.001000,2.034000,1.094000
12818.001000,2.033000,1.088000
12819.001000,2.033000,1.086000
12820.001000,2.033000,1.089000
12821.001000,2.033000,1.092000
12822.001000,2.032000,1.086000
12823.001000,2.032000,1.089000
12824.001000,2.033000,1.085000
12825.001000,2.033000,1.091000
12826.001000,2.033000,1.092000
12827.001000,2.033000,1.096000
12828.001000,2.033000,1.091000
12829.001000,2.033000,1.090000
12830.001000,2.033000,1.085000
12831.001000,2.033000,1.091000
12832.001000,2.032000,1.094000
12833.001000,2.032000,1.091000
12834.001000,2.032000,1.089000
12835.001000,2.032000,1.087000
12836.001000,2.033000,1.078000
12837.001000,2.033000,1.080000
12838.001000,2.033000,1.077000
12839.001000,2.033000,1.072000
12840.001000,2.033000,1.071000
12841.001000,2.032000,1.073000
12842.001000,2.032000,1.075000
12843.001000,2.032000,1.064000
12844.001000,2.032000,1.062000
12845.001000,2.031000,1.061000
12846.001000,2.032000,1.059000
12847.001000,2.032000,1.058000
12848.001000,2.031000,1.052000
12849.001000,2.031000,1.054000
12850.001000,2.031000,1.059000
12851.001000,2.031000,1.060000
12852.001000,2.031000,1.059000
12853.001000,2.031000,1.056000
12854.001000,2.031000,1.065000
12855.001000,2.031000,1.061000
12856.001000,2.031000,1.061000
12857.001000,2.031000,1.063000
12858.001000,2.031000,1.060000
12859.001000,2.031000,1.058000
12860.001000,2.031000,1.056000
12861.001000,2.031000,1.059000
12862.001000,2.031000,1.057000
12863.001000,2.031000,1.054000
12864.001000,2.031000,1.058000
12865.001000,2.031000,1.054000
12866.001000,2.032000,1.057000
12867.001000,2.032000,1.057000
12868.001000,2.032000,1.054000
12869.001000,2.032000,1.059000
12870.001000,2.032000,1.058000
12871.001000,2.032000,1.059000
12872.001000,2.032000,1.054000
12873.001000,2.031000,1.054000
12874.001000,2.030000,1.056000
12875.001000,2.030000,1.056000
12876.001000,2.031000,1.054000
12877.001000,2.031000,1.060000
12878.001000,2.031000,1.058000
12879.001000,2.032000,1.063000
12880.001000,2.032000,1.069000
12881.001000,2.032000,1.083000
12882.001000,2.033000,1.081000
12883.001000,2.032000,1.079000
12884.001000,2.033000,1.084000
12885.001000,2.033000,1.077000
12886.001000,2.033000,1.083000
12887.001000,2.033000,1.076000
12888.001000,2.032000,1.082000
12889.001000,2.032000,1.075000
12890.001000,2.032000,1.078000
12891.001000,2.033000,1.078000
12892.001000,2.032000,1.077000
12893.001000,2.032000,1.075000
12894.001000,2.032000,1.082000
12895.001000,2.032000,1.075000
12896.001000,2.032000,1.081000
12897.001000,2.032000,1.075000
12898.001000,2.032000,1.078000
12899.001000,2.030000,1.077000
12900.001000,2.029000,1.079000
12901.001000,2.030000,1.078000
12902.001000,2.029000,1.082000
12903.001000,2.029000,1.079000
12904.001000,2.029000,1.077000
12905.001000,2.029000,1.077000
12906.001000,2.029000,1.080000
12907.001000,2.029000,1.080000
12908.001000,2.029000,1.076000
12909.001000,2.027000,1.075000
12910.001000,2.027000,1.079000
12911.001000,2.027000,1.051000
12912.001000,2.026000,1.050000
12913.001000,2.025000,1.047000
12914.001000,2.024000,1.053000
12915.001000,2.024000,1.057000
12916.001000,2.024000,1.055000
12917.001000,2.023000,1.052000
12918.001000,2.021000,1.054000
12919.001000,2.021000,1.053000
12920.001000,2.021000,1.054000
12921.001000,2.020000,1.060000
12922.001000,2.018000,1.072000
12923.001000,2.017000,1.079000
12924.001000,2.016000,1.071000
12925.001000,2.016000,1.073000
12926.001000,2.015000,1.078000
12927.001000,2.016000,1.072000
12928.001000,2.016000,1.077000
12929.001000,2.016000,1.077000
12930.001000,2.016000,1.076000
12931.001000,2.017000,1.075000
12932.001000,2.016000,1.076000
12933.001000,2.016000,1.083000
12934.001000,2.016000,1.077000
12935.001000,2.017000,1.073000
12936.001000,2.018000,1.072000
12937.001000,2.017000,1.083000
12938.001000,2.017000,1.077000
12939.001000,2.016000,1.076000
12940.001000,2.015000,1.078000
12941.001000,2.015000,1.089000
12942.001000,2.015000,1.088000
12943.001000,2.015000,1.085000
12944.001000,2.015000,1.084000
12945.001000,2.015000,1.085000
12946.001000,2.015000,1.085000
12947.001000,2.014000,1.086000
12948.001000,2.015000,1.076000
12949.001000,2.014000,1.073000
12950.001000,2.014000,1.065000
12951.001000,2.012000,1.060000
12952.001000,2.011000,1.059000
12953.001000,2.011000,1.062000
12954.001000,2.011000,1.057000
12955.001000,2.011000,1.057000
12956.001000,2.011000,1.057000
12957.001000,2.012000,1.057000
12958.001000,2.011000,1.057000
12959.001000,2.011000,1.056000
12960.001000,2.011000,1.054000
12961.001000,2.012000,1.054000
12962.001000,2.012000,1.058000
12963.001000,2.011000,1.055000
12964.001000,2.011000,1.062000
12965.001000,2.011000,1.070000
12966.001000,2.012000,1.078000
12967.001000,2.011000,1.072000
12968.001000,2.010000,1.068000
12969.001000,2.011000,1.068000
12970.001000,2.012000,1.070000
12971.001000,2.011000,1.074000
12972.001000,2.012000,1.069000
12973.001000,2.012000,1.070000
12974.001000,2.013000,1.071000
12975.001000,2.011000,1.069000
12976.001000,2.010000,1.070000
12977.001000,2.009000,1.061000
12978.001000,2.009000,1.064000
12979.001000,2.008000,1.062000
12980.001000,2.009000,1.067000
12981.001000,2.009000,1.066000
12982.001000,2.009000,1.063000
12983.001000,2.009000,1.065000
12984.001000,2.008000,1.063000
12985.001000,2.008000,1.065000
12986.001000,2.009000,1.065000
12987.001000,2.009000,1.060000
12988.001000,2.009000,1.062000
12989.001000,2.009000,1.063000
12990.001000,2.009000,1.066000
12991.001000,2.009000,1.069000
12992.001000,2.008000,1.071000
12993.001000,2.009000,1.062000
12994.001000,2.009000,1.066000
12995.001000,2.009000,1.067000
12996.001000,2.008000,1.066000
12997.001000,2.009000,1.068000
12998.001000,2.009000,1.063000
12999.001000,2.008000,1.067000
13000.001000,2.009000,1.062000
13001.001000,2.009000,1.057000
13002.001000,2.009000,1.053000
13003.001000,2.009000,1.060000
13004.001000,2.009000,1.068000
13005.001000,2.010000,1.068000
13006.001000,2.009000,1.071000
13007.001000,2.009000,1.067000
13008.001000,2.009000,1.068000
13009.001000,2.010000,1.066000
13010.001000,2.010000,1.070000
13011.001000,2.010000,1.068000
13012.001000,2.010000,1.067000
13013.001000,2.010000,1.065000
13014.001000,2.010000,1.066000
13015.001000,2.011000,1.064000
13016.001000,2.011000,1.060000
13017.001000,2.011000,1.065000
13018.001000,2.012000,1.063000
13019.001000,2.011000,1.056000
13020.001000,2.012000,1.059000
13021.001000,2.012000,1.060000
13022.001000,2.012000,1.059000
13023.001000,2.012000,1.067000
13024.001000,2.012000,1.067000
13025.001000,2.012000,1.065000
13026.001000,2.013000,1.068000
13027.001000,2.013000,1.067000
13028.001000,2.013000,1.065000
13029.001000,2.013000,1.065000
13030.001000,2.013000,1.060000
13031.001000,2.012000,1.059000
13032.001000,2.013000,1.057000
13033.001000,2.013000,1.059000
13034.001000,2.013000,1.056000
13035.001000,2.013000,1.060000
13036.001000,2.012000,1.060000
13037.001000,2.013000,1.059000
13038.001000,2.013000,1.055000
13039.001000,2.014000,1.061000
13040.001000,2.014000,1.060000
13041.001000,2.013000,1.058000
13042.001000,2.012000,1.063000
13043.001000,2.011000,1.062000
13044.001000,2.011000,1.063000
13045.001000,2.011000,1.057000
13046.001000,2.011000,1.057000
13047.001000,2.012000,1.061000
13048.001000,2.011000,1.060000
13049.001000,2.011000,1.056000
13050.001000,2.011000,1.060000
13051.001000,2.011000,1.054000
13052.001000,2.012000,1.059000
13053.001000,2.012000,1.058000
13054.001000,2.012000,1.058000
13055.001000,2.013000,1.061000
13056.001000,2.012000,1.056000
13057.001000,2.012000,1.062000
13058.001000,2.012000,1.060000
13059.001000,2.012000,1.065000
13060.001000,2.011000,1.065000
13061.001000,2.010000,1.059000
13062.001000,2.010000,1.065000
13063.001000,2.010000,1.062000
13064.001000,2.009000,1.062000
13065.001000,2.010000,1.064000
13066.001000,2.010000,1.065000
13067.001000,2.009000,1.063000
13068.001000,2.010000,1.061000
13069.001000,2.010000,1.064000
13070.001000,2.011000,1.067000
13071.001000,2.011000,1.060000
13072.001000,2.013000,1.064000
13073.001000,2.013000,1.064000
13074.001000,2.013000,1.064000
13075.001000,2.014000,1.059000
13076.001000,2.013000,1.059000
13077.001000,2.014000,1.057000
13078.001000,2.013000,1.059000
13079.001000,2.013000,1.063000
13080.001000,2.013000,1.057000
13081.001000,2.013000,1.063000
13082.001000,2.014000,1.063000
13083.001000,2.014000,1.082000
13084.001000,2.014000,1.086000
13085.001000,2.015000,1.083000
13086.001000,2.015000,1.085000
13087.001000,2.015000,1.082000
13088.001000,2.016000,1.087000
13089.001000,2.016000,1.083000
13090.001000,2.015000,1.084000
13091.001000,2.015000,1.093000
13092.001000,2.015000,1.084000
13093.001000,2.015000,1.086000
13094.001000,2.016000,1.087000
13095.001000,2.015000,1.087000
13096.001000,2.015000,1.088000
13097.001000,2.015000,1.089000
13098.001000,2.015000,1.086000
13099.001000,2.015000,1.090000
13100.001000,2.015000,1.098000
13101.001000,2.015000,1.094000
13102.001000,2.015000,1.085000
13103.001000,2.015000,1.090000
13104.001000,2.015000,1.083000
13105.001000,2.014000,1.090000
13106.001000,2.013000,1.085000
13107.001000,2.015000,1.088000
13108.001000,2.015000,1.091000
13109.001000,2.014000,1.095000
13110.001000,2.013000,1.088000
13111.001000,2.013000,1.089000
13112.001000,2.012000,1.095000
13113.001000,2.013000,1.087000
13114.001000,2.012000,1.091000
13115.001000,2.012000,1.093000
13116.001000,2.012000,1.087000
13117.001000,2.012000,1.085000
13118.001000,2.012000,1.087000
13119.001000,2.012000,1.089000
13120.001000,2.012000,1.094000
13121.001000,2.012000,1.093000
13122.001000,2.011000,1.092000
13123.001000,2.011000,1.087000
13124.001000,2.011000,1.096000
13125.001000,2.011000,1.093000
13126.001000,2.011000,1.089000
13127.001000,2.010000,1.088000
13128.001000,2.010000,1.095000
13129.001000,2.011000,1.098000
13130.001000,2.011000,1.095000
13131.001000,2.012000,1.092000
13132.001000,2.011000,1.094000
13133.001000,2.011000,1.096000
13134.001000,2.011000,1.093000
13135.001000,2.010000,1.090000
13136.001000,2.010000,1.091000
13137.001000,2.010000,1.090000
13138.001000,2.010000,1.086000
13139.001000,2.010000,1.093000
13140.001000,2.011000,1.091000
13141.001000,2.011000,1.094000
13142.001000,2.011000,1.093000
13143.001000,2.011000,1.093000
13144.001000,2.012000,1.094000
13145.001000,2.012000,1.095000
13146.001000,2.012000,1.097000
13147.001000,2.012000,1.090000
13148.001000,2.013000,1.090000
13149.001000,2.013000,1.094000
13150.001000,2.013000,1.096000
13151.001000,2.013000,1.088000
13152.001000,2.013000,1.093000
13153.001000,2.013000,1.093000
13154.001000,2.011000,1.097000
13155.001000,2.011000,1.095000
13156.001000,2.011000,1.098000
13157.001000,2.011000,1.098000
13158.001000,2.012000,1.101000
13159.001000,2.012000,1.097000
13160.001000,2.013000,1.096000
13161.001000,2.013000,1.095000
13162.001000,2.014000,1.097000
13163.001000,2.014000,1.096000
13164.001000,2.012000,1.092000
13165.001000,2.013000,1.086000
13166.001000,2.014000,1.076000
13167.001000,2.014000,1.075000
13168.001000,2.014000,1.073000
13169.001000,2.014000,1.072000
13170.001000,2.015000,1.077000
13171.001000,2.015000,1.073000
13172.001000,2.015000,1.072000
13173.001000,2.015000,1.074000
13174.001000,2.014000,1.076000
13175.001000,2.015000,1.074000
13176.001000,2.014000,1.071000
13177.001000,2.013000,1.070000
13178.001000,2.014000,1.072000
13179.001000,2.013000,1.072000
13180.001000,2.012000,1.076000
13181.001000,2.012000,1.075000
13182.001000,2.011000,1.073000
13183.001000,2.011000,1.075000
13184.001000,2.011000,1.077000
13185.001000,2.010000,1.076000
13186.001000,2.010000,1.078000
13187.001000,2.010000,1.075000
13188.001000,2.009000,1.077000
13189.001000,2.010000,1.079000
13190.001000,2.009000,1.080000
13191.001000,2.009000,1.079000
13192.001000,2.010000,1.080000
13193.001000,2.010000,1.078000
13194.001000,2.011000,1.073000
13195.001000,2.011000,1.079000
13196.001000,2.011000,1.080000
13197.001000,2.011000,1.081000
13198.001000,2.011000,1.077000
13199.001000,2.011000,1.077000
13200.001000,2.010000,1.078000
13201.001000,2.011000,1.073000
13202.001000,2.010000,1.080000
13203.001000,2.010000,1.077000
13204.001000,2.011000,1.075000
13205.001000,2.012000,1.067000
13206.001000,2.012000,1.074000
13207.001000,2.012000,1.076000
13208.001000,2.012000,1.078000
13209.001000,2.011000,1.082000
13210.001000,2.013000,1.078000
13211.001000,2.013000,1.080000
13212.001000,2.014000,1.088000
13213.001000,2.014000,1.086000
13214.001000,2.015000,1.091000
13215.001000,2.015000,1.084000
13216.001000,2.016000,1.091000
13217.001000,2.016000,1.093000
13218.001000,2.017000,1.091000
13219.001000,2.016000,1.090000
13220.001000,2.016000,1.088000
13221.001000,2.017000,1.089000
13222.001000,2.017000,1.087000
13223.001000,2.017000,1.089000
13224.001000,2.017000,1.086000
13225.001000,2.016000,1.092000
13226.001000,2.018000,1.091000
13227.001000,2.017000,1.091000
13228.001000,2.017000,1.088000
13229.001000,2.017000,1.089000
13230.001000,2.017000,1.088000
13231.001000,2.017000,1.086000
13232.001000,2.016000,1.085000
13233.001000,2.017000,1.079000
13234.001000,2.017000,1.080000
13235.001000,2.017000,1.078000
13236.001000,2.018000,1.076000
13237.001000,2.018000,1.075000
13238.001000,2.017000,1.071000
13239.001000,2.018000,1.080000
13240.001000,2.017000,1.083000
13241.001000,2.017000,1.083000
13242.001000,2.016000,1.085000
13243.001000,2.017000,1.085000
13244.001000,2.018000,1.077000
13245.001000,2.017000,1.073000
13246.001000,2.018000,1.077000
13247.001000,2.018000,1.079000
13248.001000,2.019000,1.079000
13249.001000,2.019000,1.078000
13250.001000,2.017000,1.084000
13251.001000,2.018000,1.084000
13252.001000,2.018000,1.080000
13253.001000,2.018000,1.080000
13254.001000,2.019000,1.080000
13255.001000,2.019000,1.084000
13256.001000,2.019000,1.078000
13257.001000,2.019000,1.082000
13258.001000,2.019000,1.084000
13259.001000,2.019000,1.086000
13260.001000,2.020000,1.091000
13261.001000,2.020000,1.088000
13262.001000,2.019000,1.084000
13263.001000,2.019000,1.084000
13264.001000,2.020000,1.082000
13265.001000,2.020000,1.088000
13266.001000,2.022000,1.089000
13267.001000,2.022000,1.088000
13268.001000,2.022000,1.089000
13269.001000,2.022000,1.087000
13270.001000,2.023000,1.083000
13271.001000,2.023000,1.088000
13272.001000,2.022000,1.089000
13273.001000,2.023000,1.085000
13274.001000,2.023000,1.087000
13275.001000,2.025000,1.091000
13276.001000,2.025000,1.086000
13277.001000,2.024000,1.091000
13278.001000,2.025000,1.094000
13279.001000,2.024000,1.094000
13280.001000,2.025000,1.093000
13281.001000,2.025000,1.090000
13282.001000,2.025000,1.090000
13283.001000,2.024000,1.087000
13284.001000,2.024000,1.088000
13285.001000,2.024000,1.086000
13286.001000,2.025000,1.088000
13287.001000,2.025000,1.086000
13288.001000,2.024000,1.093000
13289.001000,2.024000,1.095000
13290.001000,2.024000,1.091000
13291.001000,2.023000,1.094000
13292.001000,2.023000,1.091000
13293.001000,2.024000,1.086000
13294.001000,2.024000,1.072000
13295.001000,2.024000,1.073000
13296.001000,2.024000,1.074000
13297.001000,2.023000,1.074000
13298.001000,2.025000,1.074000
13299.001000,2.023000,1.075000
13300.001000,2.023000,1.080000
13301.001000,2.024000,1.079000
13302.001000,2.024000,1.077000
13303.001000,2.024000,1.078000
13304.001000,2.024000,1.079000
13305.001000,2.025000,1.081000
13306.001000,2.024000,1.075000
13307.001000,2.024000,1.076000
13308.001000,2.024000,1.075000
13309.001000,2.024000,1.080000
13310.001000,2.024000,1.082000
13311.001000,2.024000,1.077000
13312.001000,2.025000,1.083000
13313.001000,2.025000,1.084000
13314.001000,2.024000,1.091000
13315.001000,2.024000,1.094000
13316.001000,2.023000,1.096000
13317.001000,2.025000,1.101000
13318.001000,2.026000,1.108000
13319.001000,2.026000,1.104000
13320.001000,2.026000,1.107000
13321.001000,2.025000,1.099000
13322.001000,2.026000,1.104000
13323.001000,2.027000,1.101000
13324.001000,2.027000,1.104000
13325.001000,2.027000,1.102000
13326.001000,2.027000,1.102000
13327.001000,2.028000,1.110000
13328.001000,2.027000,1.106000
13329.001000,2.028000,1.099000
13330.001000,2.028000,1.098000
13331.001000,2.028000,1.102000
13332.001000,2.028000,1.103000
13333.001000,2.028000,1.105000
13334.001000,2.028000,1.104000
13335.001000,2.027000,1.101000
13336.001000,2.028000,1.108000
13337.001000,2.028000,1.108000
13338.001000,2.029000,1.103000
13339.001000,2.029000,1.103000
13340.001000,2.029000,1.100000
13341.001000,2.030000,1.102000
13342.001000,2.031000,1.100000
13343.001000,2.031000,1.101000
13344.001000,2.031000,1.098000
13345.001000,2.031000,1.100000
13346.001000,2.031000,1.100000
13347.001000,2.032000,1.100000
13348.001000,2.031000,1.097000
13349.001000,2.032000,1.103000
13350.001000,2.032000,1.101000
13351.001000,2.032000,1.106000
13352.001000,2.031000,1.102000
13353.001000,2.031000,1.105000
13354.001000,2.031000,1.109000
13355.001000,2.032000,1.105000
13356.001000,2.031000,1.100000
13357.001000,2.032000,1.101000
13358.001000,2.032000,1.101000
13359.001000,2.032000,1.102000
13360.001000,2.032000,1.093000
13361.001000,2.032000,1.102000
13362.001000,2.033000,1.105000
13363.001000,2.033000,1.101000
13364.001000,2.033000,1.096000
13365.001000,2.033000,1.104000
13366.001000,2.033000,1.098000
13367.001000,2.033000,1.095000
13368.001000,2.033000,1.083000
13369.001000,2.033000,1.084000
13370.001000,2.033000,1.083000
13371.001000,2.033000,1.089000
13372.001000,2.033000,1.084000
13373.001000,2.033000,1.085000
13374.001000,2.033000,1.083000
13375.001000,2.033000,1.082000
13376.001000,2.033000,1.083000
13377.001000,2.033000,1.081000
13378.001000,2.033000,1.079000
13379.001000,2.033000,1.081000
13380.001000,2.033000,1.097000
13381.001000,2.033000,1.104000
13382.001000,2.033000,1.105000
13383.001000,2.033000,1.106000
13384.001000,2.032000,1.101000
13385.001000,2.033000,1.099000
13386.001000,2.032000,1.108000
13387.001000,2.033000,1.110000
13388.001000,2.033000,1.106000
13389.001000,2.033000,1.112000
13390.001000,2.033000,1.106000
13391.001000,2.033000,1.109000
13392.001000,2.033000,1.106000
13393.001000,2.034000,1.112000
13394.001000,2.034000,1.107000
13395.001000,2.033000,1.109000
13396.001000,2.033000,1.112000
13397.001000,2.033000,1.108000
13398.001000,2.034000,1.110000
13399.001000,2.034000,1.111000
13400.001000,2.034000,1.115000
13401.001000,2.034000,1.110000
13402.001000,2.034000,1.112000
13403.001000,2.034000,1.115000
13404.001000,2.035000,1.112000
13405.001000,2.035000,1.115000
13406.001000,2.035000,1.115000
13407.001000,2.035000,1.112000
13408.001000,2.035000,1.112000
13409.001000,2.035000,1.109000
13410.001000,2.036000,1.108000
13411.001000,2.036000,1.118000
13412.001000,2.036000,1.115000
13413.001000,2.036000,1.112000
13414.001000,2.036000,1.114000
13415.001000,2.037000,1.112000
13416.001000,2.037000,1.115000
13417.001000,2.037000,1.112000
13418.001000,2.037000,1.112000
13419.001000,2.037000,1.114000
13420.001000,2.037000,1.116000
13421.001000,2.037000,1.116000
13422.001000,2.037000,1.111000
13423.001000,2.037000,1.114000
13424.001000,2.037000,1.119000
13425.001000,2.037000,1.115000
13426.001000,2.037000,1.116000
13427.001000,2.037000,1.111000
13428.001000,2.037000,1.115000
13429.001000,2.037000,1.117000
13430.001000,2.037000,1.117000
13431.001000,2.037000,1.118000
13432.001000,2.037000,1.119000
13433.001000,2.038000,1.117000
13434.001000,2.038000,1.113000
13435.001000,2.038000,1.123000
13436.001000,2.038000,1.118000
13437.001000,2.038000,1.117000
13438.001000,2.038000,1.111000
13439.001000,2.037000,1.116000
13440.001000,2.037000,1.116000
13441.001000,2.037000,1.116000
13442.001000,2.037000,1.115000
13443.001000,2.037000,1.117000
13444.001000,2.037000,1.122000
13445.001000,2.038000,1.100000
13446.001000,2.038000,1.094000
13447.001000,2.038000,1.090000
13448.001000,2.038000,1.085000
13449.001000,2.038000,1.089000
13450.001000,2.038000,1.093000
13451.001000,2.038000,1.094000
13452.001000,2.038000,1.091000
13453.001000,2.039000,1.090000
13454.001000,2.039000,1.091000
13455.001000,2.039000,1.093000
13456.001000,2.039000,1.094000
13457.001000,2.039000,1.096000
13458.001000,2.039000,1.098000
13459.001000,2.039000,1.095000
13460.001000,2.039000,1.098000
13461.001000,2.038000,1.092000
13462.001000,2.038000,1.100000
13463.001000,2.038000,1.090000
13464.001000,2.039000,1.093000
13465.001000,2.039000,1.089000
13466.001000,2.039000,1.090000
13467.001000,2.039000,1.093000
13468.001000,2.040000,1.095000
13469.001000,2.040000,1.086000
13470.001000,2.040000,1.088000
13471.001000,2.040000,1.091000
13472.001000,2.040000,1.089000
13473.001000,2.040000,1.088000
13474.001000,2.040000,1.097000
13475.001000,2.040000,1.092000
13476.001000,2.041000,1.091000
13477.001000,2.041000,1.097000
13478.001000,2.041000,1.092000
13479.001000,2.041000,1.093000
13480.001000,2.040000,1.096000
13481.001000,2.040000,1.099000
13482.001000,2.040000,1.097000
13483.001000,2.040000,1.096000
13484.001000,2.040000,1.099000
13485.001000,2.039000,1.096000
13486.001000,2.039000,1.095000
13487.001000,2.040000,1.092000
13488.001000,2.040000,1.096000
13489.001000,2.040000,1.102000
13490.001000,2.041000,1.097000
13491.001000,2.041000,1.102000
13492.001000,2.041000,1.098000
13493.001000,2.041000,1.096000
13494.001000,2.041000,1.099000
13495.001000,2.042000,1.093000
13496.001000,2.042000,1.098000
13497.001000,2.042000,1.094000
13498.001000,2.042000,1.099000
13499.001000,2.043000,1.104000
13500.001000,2.043000,1.099000
13501.001000,2.043000,1.097000
13502.001000,2.043000,1.098000
13503.001000,2.043000,1.095000
13504.001000,2.044000,1.086000
13505.001000,2.044000,1.095000
13506.001000,2.044000,1.094000
13507.001000,2.045000,1.099000
13508.001000,2.045000,1.096000
13509.001000,2.045000,1.093000
13510.001000,2.045000,1.099000
13511.001000,2.045000,1.095000
13512.001000,2.046000,1.100000
13513.001000,2.046000,1.095000
13514.001000,2.046000,1.099000
13515.001000,2.046000,1.098000
13516.001000,2.046000,1.105000
13517.001000,2.047000,1.101000
13518.001000,2.047000,1.099000
13519.001000,2.047000,1.102000
13520.001000,2.047000,1.108000
13521.001000,2.047000,1.105000
13522.001000,2.048000,1.094000
13523.001000,2.048000,1.103000
13524.001000,2.048000,1.100000
13525.001000,2.048000,1.101000
13526.001000,2.049000,1.103000
13527.001000,2.049000,1.104000
13528.001000,2.049000,1.104000
13529.001000,2.049000,1.121000
13530.001000,2.049000,1.123000
13531.001000,2.049000,1.118000
13532.001000,2.049000,1.118000
13533.001000,2.049000,1.119000
13534.001000,2.049000,1.125000
13535.001000,2.049000,1.127000
13536.001000,2.049000,1.127000
13537.001000,2.049000,1.126000
13538.001000,2.049000,1.124000
13539.001000,2.050000,1.126000
13540.001000,2.049000,1.126000
13541.001000,2.049000,1.132000
13542.001000,2.049000,1.131000
13543.001000,2.049000,1.131000
13544.001000,2.049000,1.128000
13545.001000,2.049000,1.127000
13546.001000,2.049000,1.128000
13547.001000,2.049000,1.125000
13548.001000,2.049000,1.126000
13549.001000,2.050000,1.130000
13550.001000,2.050000,1.132000
13551.001000,2.050000,1.134000
13552.001000,2.050000,1.127000
13553.001000,2.050000,1.130000
13554.001000,2.050000,1.130000
13555.001000,2.050000,1.130000
13556.001000,2.051000,1.128000
13557.001000,2.050000,1.122000
13558.001000,2.050000,1.116000
13559.001000,2.050000,1.105000
13560.001000,2.050000,1.107000
13561.001000,2.050000,1.103000
13562.001000,2.050000,1.102000
13563.001000,2.050000,1.107000
13564.001000,2.050000,1.108000
13565.001000,2.050000,1.102000
13566.001000,2.049000,1.098000
13567.001000,2.049000,1.113000
13568.001000,2.049000,1.119000
13569.001000,2.050000,1.107000
13570.001000,2.050000,1.112000
13571.001000,2.050000,1.125000
13572.001000,2.050000,1.124000
13573.001000,2.050000,1.128000
13574.001000,2.050000,1.129000
13575.001000,2.050000,1.124000
13576.001000,2.050000,1.125000
13577.001000,2.050000,1.125000
13578.001000,2.050000,1.109000
13579.001000,2.051000,1.114000
13580.001000,2.051000,1.118000
13581.001000,2.051000,1.113000
13582.001000,2.051000,1.107000
13583.001000,2.051000,1.106000
13584.001000,2.051000,1.111000
13585.001000,2.051000,1.104000
13586.001000,2.051000,1.106000
13587.001000,2.051000,1.103000
13588.001000,2.051000,1.101000
13589.001000,2.052000,1.105000
13590.001000,2.052000,1.102000
13591.001000,2.050000,1.099000
13592.001000,2.050000,1.098000
13593.001000,2.050000,1.096000
13594.001000,2.050000,1.109000
13595.001000,2.050000,1.107000
13596.001000,2.050000,1.105000
13597.001000,2.050000,1.110000
13598.001000,2.051000,1.109000
13599.001000,2.051000,1.111000
13600.001000,2.051000,1.106000
13601.001000,2.051000,1.100000
13602.001000,2.051000,1.103000
13603.001000,2.051000,1.099000
13604.001000,2.052000,1.106000
13605.001000,2.052000,1.106000
13606.001000,2.052000,1.111000
13607.001000,2.053000,1.106000
13608.001000,2.053000,1.108000
13609.001000,2.052000,1.103000
13610.001000,2.053000,1.107000
13611.001000,2.052000,1.109000
13612.001000,2.053000,1.107000
13613.001000,2.053000,1.106000
13614.001000,2.053000,1.106000
13615.001000,2.053000,1.099000
13616.001000,2.053000,1.106000
13617.001000,2.054000,1.106000
13618.001000,2.054000,1.108000
13619.001000,2.054000,1.108000
13620.001000,2.054000,1.103000
13621.001000,2.055000,1.108000
13622.001000,2.055000,1.110000
13623.001000,2.055000,1.104000
13624.001000,2.055000,1.099000
13625.001000,2.055000,1.107000
13626.001000,2.055000,1.102000
13627.001000,2.056000,1.106000
13628.001000,2.055000,1.098000
13629.001000,2.055000,1.104000
13630.001000,2.055000,1.107000
13631.001000,2.055000,1.100000
13632.001000,2.055000,1.103000
13633.001000,2.056000,1.105000
13634.001000,2.055000,1.104000
13635.001000,2.055000,1.101000
13636.001000,2.055000,1.103000
13637.001000,2.055000,1.100000
13638.001000,2.054000,1.103000
13639.001000,2.054000,1.104000
13640.001000,2.054000,1.102000
13641.001000,2.055000,1.107000
13642.001000,2.055000,1.108000
13643.001000,2.055000,1.104000
13644.001000,2.055000,1.101000
13645.001000,2.055000,1.104000
13646.001000,2.055000,1.111000
13647.001000,2.055000,1.107000
13648.001000,2.055000,1.107000
13649.001000,2.055000,1.109000
13650.001000,2.055000,1.108000
13651.001000,2.056000,1.108000
13652.001000,2.056000,1.107000
13653.001000,2.056000,1.112000
13654.001000,2.056000,1.106000
13655.001000,2.056000,1.114000
13656.001000,2.056000,1.114000
13657.001000,2.056000,1.117000
13658.001000,2.056000,1.116000
13659.001000,2.056000,1.119000
13660.001000,2.055000,1.119000
13661.001000,2.055000,1.121000
13662.001000,2.055000,1.117000
13663.001000,2.055000,1.120000
13664.001000,2.055000,1.118000
13665.001000,2.054000,1.118000
13666.001000,2.054000,1.117000
13667.001000,2.053000,1.116000
13668.001000,2.053000,1.114000
13669.001000,2.054000,1.115000
13670.001000,2.054000,1.117000
13671.001000,2.054000,1.119000
13672.001000,2.055000,1.116000
13673.001000,2.055000,1.119000
13674.001000,2.055000,1.117000
13675.001000,2.055000,1.115000
13676.001000,2.055000,1.117000
13677.001000,2.055000,1.119000
13678.001000,2.055000,1.116000
13679.001000,2.055000,1.116000
13680.001000,2.056000,1.117000
13681.001000,2.056000,1.115000
13682.001000,2.056000,1.108000
13683.001000,2.056000,1.113000
13684.001000,2.056000,1.116000
13685.001000,2.056000,1.115000
13686.001000,2.056000,1.116000
13687.001000,2.056000,1.112000
13688.001000,2.056000,1.111000
13689.001000,2.057000,1.117000
13690.001000,2.056000,1.113000
13691.001000,2.057000,1.112000
13692.001000,2.057000,1.118000
13693.001000,2.057000,1.116000
13694.001000,2.056000,1.121000
13695.001000,2.056000,1.113000
13696.001000,2.056000,1.118000
13697.001000,2.056000,1.118000
13698.001000,2.056000,1.118000
13699.001000,2.056000,1.114000
13700.001000,2.056000,1.113000
13701.001000,2.056000,1.118000
13702.001000,2.056000,1.116000
13703.001000,2.057000,1.116000
13704.001000,2.056000,1.121000
13705.001000,2.056000,1.116000
13706.001000,2.057000,1.120000
13707.001000,2.057000,1.120000
13708.001000,2.057000,1.119000
13709.001000,2.057000,1.120000
13710.001000,2.058000,1.124000
13711.001000,2.058000,1.128000
13712.001000,2.058000,1.127000
13713.001000,2.057000,1.120000
13714.001000,2.058000,1.120000
13715.001000,2.058000,1.116000
13716.001000,2.058000,1.116000
13717.001000,2.058000,1.119000
13718.001000,2.058000,1.117000
13719.001000,2.059000,1.122000
13720.001000,2.059000,1.121000
13721.001000,2.058000,1.118000
13722.001000,2.058000,1.122000
13723.001000,2.058000,1.121000
13724.001000,2.058000,1.121000
13725.001000,2.058000,1.125000
13726.001000,2.058000,1.128000
13727.001000,2.058000,1.125000
13728.001000,2.058000,1.126000
13729.001000,2.057000,1.119000
13730.001000,2.057000,1.119000
13731.001000,2.058000,1.120000
13732.001000,2.058000,1.118000
13733.001000,2.058000,1.124000
13734.001000,2.058000,1.119000
13735.001000,2.058000,1.119000
13736.001000,2.057000,1.122000
13737.001000,2.058000,1.122000
13738.001000,2.058000,1.120000
13739.001000,2.058000,1.119000
13740.001000,2.058000,1.121000
13741.001000,2.059000,1.122000
13742.001000,2.059000,1.127000
13743.001000,2.059000,1.122000
13744.001000,2.059000,1.127000
13745.001000,2.059000,1.131000
13746.001000,2.059000,1.125000
13747.001000,2.059000,1.123000
13748.001000,2.060000,1.125000
13749.001000,2.060000,1.119000
13750.001000,2.060000,1.120000
13751.001000,2.060000,1.122000
13752.001000,2.060000,1.120000
13753.001000,2.060000,1.121000
13754.001000,2.060000,1.123000
13755.001000,2.060000,1.121000
13756.001000,2.060000,1.123000
13757.001000,2.060000,1.128000
13758.001000,2.060000,1.126000
13759.001000,2.061000,1.123000
13760.001000,2.060000,1.122000
13761.001000,2.060000,1.122000
13762.001000,2.060000,1.122000
13763.001000,2.060000,1.125000
13764.001000,2.061000,1.126000
13765.001000,2.061000,1.124000
13766.001000,2.061000,1.114000
13767.001000,2.060000,1.112000
13768.001000,2.060000,1.118000
13769.001000,2.060000,1.123000
13770.001000,2.061000,1.113000
13771.001000,2.061000,1.112000
13772.001000,2.061000,1.122000
13773.001000,2.061000,1.123000
13774.001000,2.062000,1.124000
13775.001000,2.062000,1.124000
13776.001000,2.062000,1.115000
13777.001000,2.062000,1.114000
13778.001000,2.063000,1.116000
13779.001000,2.063000,1.111000
13780.001000,2.063000,1.113000
13781.001000,2.062000,1.106000
13782.001000,2.062000,1.117000
13783.001000,2.062000,1.112000
13784.001000,2.062000,1.112000
13785.001000,2.062000,1.118000
13786.001000,2.063000,1.121000
13787.001000,2.063000,1.115000
13788.001000,2.063000,1.118000
13789.001000,2.062000,1.115000
13790.001000,2.063000,1.121000
13791.001000,2.063000,1.118000
13792.001000,2.063000,1.115000
13793.001000,2.063000,1.106000
13794.001000,2.064000,1.113000
13795.001000,2.064000,1.113000
13796.001000,2.064000,1.110000
13797.001000,2.064000,1.102000
13798.001000,2.064000,1.104000
13799.001000,2.064000,1.114000
13800.001000,2.064000,1.113000
13801.001000,2.064000,1.116000
13802.001000,2.064000,1.116000
13803.001000,2.064000,1.115000
13804.001000,2.065000,1.124000
13805.001000,2.065000,1.122000
13806.001000,2.065000,1.120000
13807.001000,2.065000,1.124000
13808.001000,2.065000,1.116000
13809.001000,2.065000,1.124000
13810.001000,2.065000,1.120000
13811.001000,2.065000,1.111000
13812.001000,2.065000,1.120000
13813.001000,2.066000,1.116000
13814.001000,2.066000,1.110000
13815.001000,2.066000,1.110000
13816.001000,2.066000,1.120000
13817.001000,2.066000,1.110000
13818.001000,2.066000,1.114000
13819.001000,2.065000,1.117000
13820.001000,2.066000,1.110000
13821.001000,2.066000,1.116000
13822.001000,2.065000,1.119000
13823.001000,2.066000,1.116000
13824.001000,2.066000,1.115000
13825.001000,2.066000,1.117000
13826.001000,2.066000,1.113000
13827.001000,2.066000,1.118000
13828.001000,2.066000,1.106000
13829.001000,2.066000,1.117000
13830.001000,2.066000,1.116000
13831.001000,2.066000,1.119000
13832.001000,2.066000,1.116000
13833.001000,2.066000,1.122000
13834.001000,2.067000,1.118000
13835.001000,2.066000,1.116000
13836.001000,2.066000,1.119000
13837.001000,2.066000,1.113000
13838.001000,2.067000,1.116000
13839.001000,2.067000,1.113000
13840.001000,2.066000,1.110000
13841.001000,2.066000,1.113000
13842.001000,2.066000,1.115000
13843.001000,2.066000,1.115000
13844.001000,2.066000,1.116000
13845.001000,2.066000,1.115000
13846.001000,2.066000,1.113000
13847.001000,2.066000,1.114000
13848.001000,2.067000,1.118000
13849.001000,2.067000,1.122000
13850.001000,2.067000,1.120000
13851.001000,2.067000,1.119000
13852.001000,2.067000,1.115000
13853.001000,2.067000,1.115000
13854.001000,2.067000,1.119000
13855.001000,2.067000,1.120000
13856.001000,2.067000,1.120000
13857.001000,2.067000,1.116000
13858.001000,2.068000,1.122000
13859.001000,2.067000,1.124000
13860.001000,2.067000,1.120000
13861.001000,2.066000,1.120000
13862.001000,2.066000,1.120000
13863.001000,2.066000,1.118000
13864.001000,2.066000,1.121000
13865.001000,2.066000,1.114000
13866.001000,2.065000,1.118000
13867.001000,2.065000,1.122000
13868.001000,2.065000,1.121000
13869.001000,2.065000,1.122000
13870.001000,2.065000,1.119000
13871.001000,2.066000,1.115000
13872.001000,2.065000,1.110000
13873.001000,2.065000,1.112000
13874.001000,2.064000,1.118000
13875.001000,2.064000,1.115000
13876.001000,2.064000,1.122000
13877.001000,2.064000,1.118000
13878.001000,2.064000,1.113000
13879.001000,2.064000,1.116000
13880.001000,2.065000,1.118000
13881.001000,2.065000,1.121000
13882.001000,2.065000,1.119000
13883.001000,2.065000,1.121000
13884.001000,2.066000,1.120000
13885.001000,2.066000,1.118000
13886.001000,2.066000,1.120000
13887.001000,2.066000,1.122000
13888.001000,2.066000,1.120000
13889.001000,2.066000,1.111000
13890.001000,2.066000,1.114000
13891.001000,2.065000,1.125000
13892.001000,2.065000,1.117000
13893.001000,2.065000,1.118000
13894.001000,2.065000,1.117000
13895.001000,2.065000,1.122000
13896.001000,2.065000,1.114000
13897.001000,2.065000,1.119000
13898.001000,2.064000,1.116000
13899.001000,2.064000,1.123000
13900.001000,2.064000,1.120000
13901.001000,2.064000,1.117000
13902.001000,2.064000,1.126000
13903.001000,2.065000,1.120000
13904.001000,2.065000,1.127000
13905.001000,2.065000,1.131000
13906.001000,2.064000,1.132000
13907.001000,2.065000,1.130000
13908.001000,2.064000,1.129000
13909.001000,2.065000,1.128000
13910.001000,2.065000,1.129000
13911.001000,2.065000,1.130000
13912.001000,2.064000,1.129000
13913.001000,2.065000,1.128000
13914.001000,2.065000,1.123000
13915.001000,2.065000,1.126000
13916.001000,2.064000,1.129000
13917.001000,2.064000,1.120000
13918.001000,2.064000,1.124000
13919.001000,2.064000,1.123000
13920.001000,2.063000,1.120000
13921.001000,2.064000,1.125000
13922.001000,2.064000,1.122000
13923.001000,2.063000,1.118000
13924.001000,2.063000,1.121000
13925.001000,2.064000,1.124000
13926.001000,2.064000,1.129000
13927.001000,2.064000,1.128000
13928.001000,2.064000,1.124000
13929.001000,2.064000,1.128000
13930.001000,2.064000,1.127000
13931.001000,2.064000,1.126000
13932.001000,2.064000,1.126000
13933.001000,2.064000,1.124000
13934.001000,2.064000,1.128000
13935.001000,2.064000,1.124000
13936.001000,2.065000,1.126000
13937.001000,2.065000,1.127000
13938.001000,2.065000,1.128000
13939.001000,2.065000,1.126000
13940.001000,2.065000,1.129000
13941.001000,2.065000,1.128000
13942.001000,2.065000,1.130000
13943.001000,2.065000,1.124000
13944.001000,2.066000,1.132000
13945.001000,2.066000,1.129000
13946.001000,2.066000,1.129000
13947.001000,2.065000,1.129000
13948.001000,2.065000,1.128000
13949.001000,2.065000,1.125000
13950.001000,2.065000,1.130000
13951.001000,2.065000,1.129000
13952.001000,2.064000,1.128000
13953.001000,2.064000,1.126000
13954.001000,2.064000,1.126000
13955.001000,2.064000,1.130000
13956.001000,2.064000,1.124000
13957.001000,2.064000,1.128000
13958.001000,2.065000,1.131000
13959.001000,2.065000,1.128000
13960.001000,2.065000,1.130000
13961.001000,2.065000,1.127000
13962.001000,2.065000,1.125000
13963.001000,2.065000,1.125000
13964.001000,2.064000,1.123000
13965.001000,2.065000,1.120000
13966.001000,2.065000,1.125000
13967.001000,2.065000,1.124000
13968.001000,2.065000,1.126000
13969.001000,2.066000,1.125000
13970.001000,2.066000,1.122000
13971.001000,2.066000,1.123000
13972.001000,2.066000,1.124000
13973.001000,2.066000,1.120000
13974.001000,2.065000,1.120000
13975.001000,2.065000,1.124000
13976.001000,2.065000,1.123000
13977.001000,2.065000,1.125000
13978.001000,2.065000,1.124000
13979.001000,2.065000,1.125000
13980.001000,2.066000,1.122000
13981.001000,2.066000,1.118000
13982.001000,2.066000,1.114000
13983.001000,2.065000,1.112000
13984.001000,2.065000,1.122000
13985.001000,2.065000,1.124000
13986.001000,2.065000,1.119000
13987.001000,2.064000,1.115000
13988.001000,2.064000,1.114000
13989.001000,2.065000,1.114000
13990.001000,2.065000,1.108000
13991.001000,2.065000,1.110000
13992.001000,2.064000,1.109000
13993.001000,2.065000,1.108000
13994.001000,2.065000,1.110000
13995.001000,2.065000,1.106000
13996.001000,2.065000,1.110000
13997.001000,2.065000,1.112000
13998.001000,2.066000,1.114000
13999.001000,2.066000,1.116000
14000.001000,2.066000,1.115000
14001.001000,2.066000,1.116000
14002.001000,2.066000,1.118000
14003.001000,2.064000,1.109000
14004.001000,2.064000,1.121000
14005.001000,2.064000,1.120000
14006.001000,2.065000,1.126000
14007.001000,2.065000,1.115000
14008.001000,2.066000,1.116000
14009.001000,2.066000,1.109000
14010.001000,2.066000,1.114000
14011.001000,2.066000,1.117000
14012.001000,2.066000,1.115000
14013.001000,2.065000,1.115000
14014.001000,2.065000,1.124000
14015.001000,2.065000,1.122000
14016.001000,2.065000,1.121000
14017.001000,2.065000,1.122000
14018.001000,2.065000,1.114000
14019.001000,2.066000,1.119000
14020.001000,2.065000,1.118000
14021.001000,2.066000,1.115000
14022.001000,2.066000,1.111000
14023.001000,2.066000,1.116000
14024.001000,2.066000,1.114000
14025.001000,2.066000,1.117000
14026.001000,2.065000,1.114000
14027.001000,2.066000,1.120000
14028.001000,2.066000,1.117000
14029.001000,2.065000,1.121000
14030.001000,2.066000,1.127000
14031.001000,2.066000,1.131000
14032.001000,2.067000,1.128000
14033.001000,2.067000,1.132000
14034.001000,2.067000,1.131000
14035.001000,2.068000,1.125000
14036.001000,2.067000,1.126000
14037.001000,2.067000,1.114000
14038.001000,2.067000,1.112000
14039.001000,2.068000,1.119000
14040.001000,2.067000,1.115000
14041.001000,2.067000,1.112000
14042.001000,2.067000,1.119000
14043.001000,2.067000,1.108000
14044.001000,2.067000,1.116000
14045.001000,2.067000,1.112000
14046.001000,2.067000,1.117000
14047.001000,2.067000,1.116000
14048.001000,2.067000,1.115000
14049.001000,2.066000,1.122000
14050.001000,2.066000,1.121000
14051.001000,2.066000,1.124000
14052.001000,2.066000,1.110000
14053.001000,2.066000,1.109000
14054.001000,2.066000,1.123000
14055.001000,2.065000,1.123000
14056.001000,2.065000,1.125000
14057.001000,2.066000,1.122000
14058.001000,2.066000,1.122000
14059.001000,2.066000,1.125000
14060.001000,2.065000,1.127000
14061.001000,2.066000,1.130000
14062.001000,2.065000,1.129000
14063.001000,2.065000,1.132000
14064.001000,2.065000,1.130000
14065.001000,2.065000,1.123000
14066.001000,2.065000,1.126000
14067.001000,2.065000,1.126000
14068.001000,2.065000,1.125000
14069.001000,2.065000,1.125000
14070.001000,2.065000,1.126000
14071.001000,2.065000,1.123000
14072.001000,2.065000,1.124000
14073.001000,2.066000,1.130000
14074.001000,2.065000,1.127000
14075.001000,2.066000,1.125000
14076.001000,2.066000,1.129000
14077.001000,2.066000,1.129000
14078.001000,2.066000,1.124000
14079.001000,2.066000,1.123000
14080.001000,2.066000,1.119000
14081.001000,2.066000,1.119000
14082.001000,2.066000,1.122000
14083.001000,2.066000,1.123000
14084.001000,2.066000,1.121000
14085.001000,2.066000,1.119000
14086.001000,2.066000,1.118000
14087.001000,2.067000,1.122000
14088.001000,2.066000,1.109000
14089.001000,2.066000,1.115000
14090.001000,2.066000,1.113000
14091.001000,2.066000,1.111000
14092.001000,2.066000,1.116000
14093.001000,2.066000,1.117000
14094.001000,2.066000,1.114000
14095.001000,2.066000,1.120000
14096.001000,2.066000,1.117000
14097.001000,2.066000,1.114000
14098.001000,2.066000,1.119000
14099.001000,2.066000,1.126000
14100.001000,2.066000,1.123000
14101.001000,2.066000,1.125000
14102.001000,2.065000,1.121000
14103.001000,2.065000,1.127000
14104.001000,2.066000,1.124000
14105.001000,2.066000,1.130000
14106.001000,2.066000,1.119000
14107.001000,2.067000,1.121000
14108.001000,2.066000,1.121000
14109.001000,2.066000,1.116000
14110.001000,2.066000,1.109000
14111.001000,2.066000,1.111000
14112.001000,2.066000,1.115000
14113.001000,2.066000,1.119000
14114.001000,2.066000,1.118000
14115.001000,2.066000,1.120000
14116.001000,2.066000,1.124000
14117.001000,2.066000,1.125000
14118.001000,2.066000,1.126000
14119.001000,2.066000,1.127000
14120.001000,2.066000,1.128000
14121.001000,2.066000,1.124000
14122.001000,2.066000,1.126000
14123.001000,2.067000,1.128000
14124.001000,2.067000,1.123000
14125.001000,2.066000,1.123000
14126.001000,2.067000,1.128000
14127.001000,2.067000,1.127000
14128.001000,2.067000,1.132000
14129.001000,2.067000,1.127000
14130.001000,2.067000,1.127000
14131.001000,2.068000,1.129000
14132.001000,2.068000,1.130000
14133.001000,2.068000,1.131000
14134.001000,2.068000,1.128000
14135.001000,2.068000,1.129000
14136.001000,2.069000,1.124000
14137.001000,2.069000,1.122000
14138.001000,2.069000,1.124000
14139.001000,2.069000,1.126000
14140.001000,2.069000,1.126000
14141.001000,2.068000,1.123000
14142.001000,2.067000,1.126000
14143.001000,2.067000,1.119000
14144.001000,2.067000,1.116000
14145.001000,2.066000,1.121000
14146.001000,2.066000,1.124000
14147.001000,2.066000,1.114000
14148.001000,2.066000,1.116000
14149.001000,2.067000,1.121000
14150.001000,2.067000,1.119000
14151.001000,2.066000,1.108000
14152.001000,2.067000,1.114000
14153.001000,2.067000,1.112000
14154.001000,2.067000,1.117000
14155.001000,2.067000,1.118000
14156.001000,2.068000,1.115000
14157.001000,2.067000,1.116000
14158.001000,2.068000,1.120000
14159.001000,2.068000,1.118000
14160.001000,2.068000,1.118000
14161.001000,2.068000,1.118000
14162.001000,2.068000,1.118000
14163.001000,2.067000,1.116000
14164.001000,2.067000,1.123000
14165.001000,2.068000,1.120000
14166.001000,2.068000,1.123000
14167.001000,2.068000,1.119000
14168.001000,2.068000,1.121000
14169.001000,2.068000,1.123000
14170.001000,2.067000,1.119000
14171.001000,2.067000,1.119000
14172.001000,2.067000,1.113000
14173.001000,2.068000,1.118000
14174.001000,2.067000,1.117000
14175.001000,2.067000,1.114000
14176.001000,2.068000,1.122000
14177.001000,2.068000,1.119000
14178.001000,2.069000,1.127000
14179.001000,2.069000,1.125000
14180.001000,2.069000,1.122000
14181.001000,2.069000,1.121000
14182.001000,2.070000,1.128000
14183.001000,2.069000,1.126000
14184.001000,2.069000,1.122000
14185.001000,2.069000,1.128000
14186.001000,2.069000,1.118000
14187.001000,2.069000,1.127000
14188.001000,2.069000,1.131000
14189.001000,2.069000,1.141000
14190.001000,2.069000,1.137000
14191.001000,2.069000,1.146000
14192.001000,2.069000,1.132000
14193.001000,2.068000,1.143000
14194.001000,2.069000,1.138000
14195.001000,2.069000,1.138000
14196.001000,2.068000,1.118000
14197.001000,2.068000,1.110000
14198.001000,2.068000,1.102000
14199.001000,2.068000,1.122000
14200.001000,2.069000,1.130000
14201.001000,2.069000,1.131000
14202.001000,2.068000,1.138000
14203.001000,2.068000,1.137000
14204.001000,2.068000,1.139000
14205.001000,2.068000,1.137000
14206.001000,2.068000,1.142000
14207.001000,2.068000,1.136000
14208.001000,2.068000,1.139000
14209.001000,2.068000,1.141000
14210.001000,2.068000,1.137000
14211.001000,2.068000,1.145000
14212.001000,2.068000,1.143000
14213.001000,2.069000,1.145000
14214.001000,2.069000,1.145000
14215.001000,2.069000,1.142000
14216.001000,2.069000,1.141000
14217.001000,2.070000,1.140000
14218.001000,2.070000,1.142000
14219.001000,2.070000,1.143000
14220.001000,2.070000,1.143000
14221.001000,2.070000,1.142000
14222.001000,2.070000,1.142000
14223.001000,2.070000,1.150000
14224.001000,2.071000,1.145000
14225.001000,2.070000,1.144000
14226.001000,2.070000,1.147000
14227.001000,2.070000,1.145000
14228.001000,2.070000,1.146000
14229.001000,2.069000,1.145000
14230.001000,2.069000,1.136000
14231.001000,2.069000,1.134000
14232.001000,2.069000,1.133000
14233.001000,2.068000,1.140000
14234.001000,2.068000,1.131000
14235.001000,2.068000,1.117000
14236.001000,2.068000,1.117000
14237.001000,2.068000,1.116000
14238.001000,2.068000,1.120000
14239.001000,2.068000,1.117000
14240.001000,2.067000,1.120000
14241.001000,2.067000,1.119000
14242.001000,2.068000,1.121000
14243.001000,2.068000,1.118000
14244.001000,2.068000,1.120000
14245.001000,2.068000,1.114000
14246.001000,2.067000,1.117000
14247.001000,2.068000,1.116000
14248.001000,2.068000,1.121000
14249.001000,2.068000,1.120000
14250.001000,2.068000,1.122000
14251.001000,2.068000,1.120000
14252.001000,2.068000,1.121000
14253.001000,2.068000,1.117000
14254.001000,2.068000,1.120000
14255.001000,2.067000,1.118000
14256.001000,2.067000,1.122000
14257.001000,2.067000,1.119000
14258.001000,2.067000,1.114000
14259.001000,2.067000,1.118000
14260.001000,2.067000,1.117000
14261.001000,2.067000,1.116000
14262.001000,2.068000,1.111000
14263.001000,2.067000,1.114000
14264.001000,2.067000,1.118000
14265.001000,2.067000,1.117000
14266.001000,2.067000,1.118000
14267.001000,2.068000,1.112000
14268.001000,2.066000,1.116000
14269.001000,2.067000,1.115000
14270.001000,2.067000,1.111000
14271.001000,2.067000,1.112000
14272.001000,2.067000,1.117000
14273.001000,2.067000,1.110000
14274.001000,2.067000,1.109000
14275.001000,2.067000,1.111000
14276.001000,2.067000,1.114000
14277.001000,2.068000,1.108000
14278.001000,2.068000,1.112000
14279.001000,2.068000,1.110000
14280.001000,2.068000,1.115000
14281.001000,2.068000,1.118000
14282.001000,2.068000,1.122000
14283.001000,2.069000,1.134000
14284.001000,2.068000,1.132000
14285.001000,2.068000,1.140000
14286.001000,2.068000,1.137000
14287.001000,2.067000,1.135000
14288.001000,2.067000,1.143000
14289.001000,2.067000,1.139000
14290.001000,2.067000,1.139000
14291.001000,2.066000,1.137000
14292.001000,2.065000,1.135000
14293.001000,2.065000,1.133000
14294.001000,2.065000,1.137000
14295.001000,2.065000,1.137000
14296.001000,2.065000,1.138000
14297.001000,2.065000,1.137000
14298.001000,2.065000,1.140000
14299.001000,2.066000,1.133000
14300.001000,2.065000,1.140000
14301.001000,2.064000,1.133000
14302.001000,2.064000,1.129000
14303.001000,2.064000,1.135000
14304.001000,2.065000,1.133000
14305.001000,2.065000,1.132000
14306.001000,2.065000,1.132000
14307.001000,2.065000,1.135000
14308.001000,2.065000,1.136000
14309.001000,2.066000,1.137000
14310.001000,2.065000,1.137000
14311.001000,2.064000,1.138000
14312.001000,2.064000,1.133000
14313.001000,2.064000,1.134000
14314.001000,2.065000,1.132000
14315.001000,2.065000,1.128000
14316.001000,2.064000,1.133000
14317.001000,2.063000,1.137000
14318.001000,2.061000,1.134000
14319.001000,2.060000,1.134000
14320.001000,2.060000,1.133000
14321.001000,2.060000,1.132000
14322.001000,2.060000,1.132000
14323.001000,2.059000,1.135000
14324.001000,2.059000,1.130000
14325.001000,2.056000,1.137000
14326.001000,2.056000,1.133000
14327.001000,2.054000,1.131000
14328.001000,2.053000,1.134000
14329.001000,2.053000,1.129000
14330.001000,2.052000,1.134000
14331.001000,2.051000,1.125000
14332.001000,2.050000,1.114000
14333.001000,2.049000,1.108000
14334.001000,2.048000,1.107000
14335.001000,2.048000,1.100000
14336.001000,2.048000,1.103000
14337.001000,2.047000,1.106000
14338.001000,2.047000,1.105000
14339.001000,2.047000,1.108000
14340.001000,2.048000,1.099000
14341.001000,2.047000,1.096000
14342.001000,2.047000,1.096000
14343.001000,2.048000,1.096000
14344.001000,2.048000,1.101000
14345.001000,2.048000,1.098000
14346.001000,2.049000,1.099000
14347.001000,2.048000,1.097000
14348.001000,2.048000,1.092000
14349.001000,2.049000,1.093000
14350.001000,2.049000,1.098000
14351.001000,2.050000,1.104000
14352.001000,2.050000,1.104000
14353.001000,2.049000,1.099000
14354.001000,2.048000,1.107000
14355.001000,2.048000,1.109000
14356.001000,2.048000,1.118000
14357.001000,2.048000,1.124000
14358.001000,2.048000,1.124000
14359.001000,2.047000,1.131000
14360.001000,2.046000,1.127000
14361.001000,2.046000,1.127000
14362.001000,2.047000,1.123000
14363.001000,2.046000,1.122000
14364.001000,2.047000,1.119000
14365.001000,2.047000,1.121000
14366.001000,2.048000,1.124000
14367.001000,2.048000,1.119000
14368.001000,2.047000,1.126000
14369.001000,2.047000,1.129000
14370.001000,2.048000,1.129000
14371.001000,2.048000,1.124000
14372.001000,2.049000,1.127000
14373.001000,2.049000,1.121000
14374.001000,2.049000,1.124000
14375.001000,2.049000,1.119000
14376.001000,2.049000,1.122000
14377.001000,2.049000,1.122000
14378.001000,2.049000,1.130000
14379.001000,2.048000,1.126000
14380.001000,2.049000,1.126000
14381.001000,2.049000,1.126000
14382.001000,2.048000,1.121000
14383.001000,2.048000,1.124000
14384.001000,2.047000,1.124000
14385.001000,2.048000,1.117000
14386.001000,2.047000,1.120000
14387.001000,2.047000,1.120000
14388.001000,2.048000,1.123000
14389.001000,2.047000,1.121000
14390.001000,2.047000,1.114000
14391.001000,2.048000,1.110000
14392.001000,2.047000,1.106000
14393.001000,2.047000,1.108000
14394.001000,2.047000,1.110000
14395.001000,2.047000,1.111000
14396.001000,2.046000,1.112000
14397.001000,2.045000,1.105000
14398.001000,2.043000,1.106000
14399.001000,2.043000,1.106000
14400.001000,2.044000,1.103000
14401.001000,2.044000,1.103000
14402.001000,2.044000,1.103000
14403.001000,2.045000,1.105000
14404.001000,2.045000,1.107000
14405.001000,2.045000,1.107000
14406.001000,2.044000,1.105000
14407.001000,2.045000,1.103000
14408.001000,2.045000,1.103000
14409.001000,2.046000,1.104000
14410.001000,2.045000,1.101000
14411.001000,2.045000,1.120000
14412.001000,2.045000,1.120000
14413.001000,2.046000,1.125000
14414.001000,2.046000,1.122000
14415.001000,2.047000,1.124000
14416.001000,2.047000,1.120000
14417.001000,2.047000,1.118000
14418.001000,2.046000,1.119000
14419.001000,2.046000,1.123000
14420.001000,2.047000,1.122000
14421.001000,2.047000,1.128000
14422.001000,2.046000,1.125000
14423.001000,2.046000,1.121000
14424.001000,2.047000,1.117000
14425.001000,2.047000,1.130000
14426.001000,2.046000,1.125000
14427.001000,2.047000,1.122000
14428.001000,2.047000,1.124000
14429.001000,2.047000,1.117000
14430.001000,2.046000,1.123000
14431.001000,2.047000,1.117000
14432.001000,2.047000,1.121000
14433.001000,2.047000,1.121000
14434.001000,2.046000,1.125000
14435.001000,2.047000,1.118000
14436.001000,2.046000,1.121000
14437.001000,2.047000,1.119000
14438.001000,2.047000,1.126000
14439.001000,2.047000,1.121000
14440.001000,2.045000,1.122000
14441.001000,2.044000,1.127000
14442.001000,2.044000,1.127000
14443.001000,2.044000,1.122000
14444.001000,2.044000,1.123000
14445.001000,2.045000,1.112000
14446.001000,2.045000,1.113000
14447.001000,2.044000,1.115000
14448.001000,2.044000,1.119000
14449.001000,2.044000,1.119000
14450.001000,2.044000,1.121000
14451.001000,2.044000,1.122000
14452.001000,2.044000,1.124000
14453.001000,2.044000,1.123000
14454.001000,2.044000,1.122000
14455.001000,2.044000,1.124000
14456.001000,2.044000,1.120000
14457.001000,2.044000,1.126000
14458.001000,2.045000,1.130000
14459.001000,2.045000,1.128000
14460.001000,2.045000,1.119000
14461.001000,2.045000,1.117000
14462.001000,2.045000,1.122000
14463.001000,2.045000,1.122000
14464.001000,2.045000,1.127000
14465.001000,2.044000,1.126000
14466.001000,2.045000,1.123000
14467.001000,2.045000,1.122000
14468.001000,2.044000,1.126000
14469.001000,2.044000,1.123000
14470.001000,2.044000,1.128000
14471.001000,2.045000,1.123000
14472.001000,2.045000,1.122000
14473.001000,2.044000,1.123000
14474.001000,2.045000,1.122000
14475.001000,2.044000,1.120000
14476.001000,2.045000,1.119000
14477.001000,2.044000,1.122000
14478.001000,2.044000,1.121000
14479.001000,2.045000,1.118000
14480.001000,2.045000,1.121000
14481.001000,2.045000,1.121000
14482.001000,2.045000,1.125000
14483.001000,2.045000,1.123000
14484.001000,2.045000,1.120000
14485.001000,2.046000,1.121000
14486.001000,2.046000,1.120000
14487.001000,2.046000,1.120000
14488.001000,2.047000,1.117000
14489.001000,2.046000,1.116000
14490.001000,2.046000,1.122000
14491.001000,2.046000,1.123000
14492.001000,2.047000,1.121000
14493.001000,2.046000,1.119000
14494.001000,2.048000,1.123000
14495.001000,2.047000,1.120000
14496.001000,2.047000,1.119000
14497.001000,2.047000,1.121000
14498.001000,2.046000,1.117000
14499.001000,2.046000,1.121000
14500.001000,2.046000,1.122000
14501.001000,2.046000,1.120000
14502.001000,2.044000,1.126000
14503.001000,2.044000,1.121000
14504.001000,2.044000,1.117000
14505.001000,2.044000,1.117000
14506.001000,2.045000,1.119000
14507.001000,2.044000,1.125000
14508.001000,2.044000,1.113000
14509.001000,2.045000,1.119000
14510.001000,2.044000,1.111000
14511.001000,2.043000,1.109000
14512.001000,2.044000,1.113000
14513.001000,2.044000,1.114000
14514.001000,2.045000,1.118000
14515.001000,2.045000,1.118000
14516.001000,2.045000,1.113000
14517.001000,2.045000,1.116000
14518.001000,2.045000,1.112000
14519.001000,2.045000,1.109000
14520.001000,2.044000,1.111000
14521.001000,2.045000,1.111000
14522.001000,2.044000,1.108000
14523.001000,2.045000,1.109000
14524.001000,2.045000,1.104000
14525.001000,2.044000,1.110000
14526.001000,2.045000,1.110000
14527.001000,2.045000,1.109000
14528.001000,2.046000,1.111000
14529.001000,2.046000,1.105000
14530.001000,2.045000,1.105000
14531.001000,2.046000,1.115000
14532.001000,2.045000,1.111000
14533.001000,2.046000,1.113000
14534.001000,2.045000,1.115000
14535.001000,2.046000,1.109000
14536.001000,2.045000,1.114000
14537.001000,2.046000,1.110000
14538.001000,2.045000,1.107000
14539.001000,2.046000,1.120000
14540.001000,2.046000,1.121000
14541.001000,2.046000,1.136000
14542.001000,2.045000,1.137000
14543.001000,2.044000,1.134000
14544.001000,2.043000,1.131000
14545.001000,2.043000,1.129000
14546.001000,2.043000,1.136000
14547.001000,2.042000,1.136000
14548.001000,2.043000,1.135000
14549.001000,2.041000,1.133000
14550.001000,2.042000,1.136000
14551.001000,2.042000,1.130000
14552.001000,2.041000,1.140000
14553.001000,2.041000,1.140000
14554.001000,2.040000,1.135000
14555.001000,2.041000,1.130000
14556.001000,2.040000,1.134000
14557.001000,2.041000,1.144000
14558.001000,2.042000,1.139000
14559.001000,2.042000,1.140000
14560.001000,2.043000,1.140000
14561.001000,2.043000,1.138000
14562.001000,2.043000,1.135000
14563.001000,2.043000,1.132000
14564.001000,2.043000,1.135000
14565.001000,2.043000,1.140000
14566.001000,2.042000,1.139000
14567.001000,2.042000,1.135000
14568.001000,2.043000,1.136000
14569.001000,2.043000,1.140000
14570.001000,2.043000,1.138000
14571.001000,2.043000,1.142000
14572.001000,2.043000,1.142000
14573.001000,2.043000,1.137000
14574.001000,2.042000,1.135000
14575.001000,2.042000,1.135000
14576.001000,2.042000,1.134000
14577.001000,2.042000,1.134000
14578.001000,2.042000,1.139000
14579.001000,2.042000,1.134000
14580.001000,2.042000,1.135000
14581.001000,2.042000,1.133000
14582.001000,2.042000,1.134000
14583.001000,2.042000,1.134000
14584.001000,2.041000,1.136000
14585.001000,2.041000,1.135000
14586.001000,2.041000,1.138000
14587.001000,2.041000,1.138000
14588.001000,2.040000,1.141000
14589.001000,2.042000,1.141000
14590.001000,2.041000,1.134000
14591.001000,2.041000,1.131000
14592.001000,2.041000,1.135000
14593.001000,2.042000,1.141000
14594.001000,2.042000,1.132000
14595.001000,2.042000,1.134000
14596.001000,2.042000,1.131000
14597.001000,2.043000,1.135000
14598.001000,2.043000,1.134000
14599.001000,2.043000,1.141000
14600.001000,2.043000,1.141000
14601.001000,2.043000,1.141000
14602.001000,2.043000,1.140000
14603.001000,2.043000,1.135000
14604.001000,2.042000,1.139000
14605.001000,2.041000,1.140000
14606.001000,2.040000,1.139000
14607.001000,2.040000,1.140000
14608.001000,2.040000,1.139000
14609.001000,2.040000,1.137000
14610.001000,2.040000,1.138000
14611.001000,2.040000,1.140000
14612.001000,2.040000,1.140000
14613.001000,2.042000,1.138000
14614.001000,2.042000,1.135000
14615.001000,2.041000,1.136000
14616.001000,2.041000,1.138000
14617.001000,2.042000,1.128000
14618.001000,2.042000,1.117000
14619.001000,2.042000,1.110000
14620.001000,2.042000,1.111000
14621.001000,2.042000,1.116000
14622.001000,2.043000,1.112000
14623.001000,2.043000,1.113000
14624.001000,2.043000,1.112000
14625.001000,2.043000,1.112000
14626.001000,2.043000,1.113000
14627.001000,2.043000,1.112000
14628.001000,2.043000,1.116000
14629.001000,2.042000,1.112000
14630.001000,2.042000,1.113000
14631.001000,2.042000,1.110000
14632.001000,2.042000,1.115000
14633.001000,2.042000,1.117000
14634.001000,2.042000,1.108000
14635.001000,2.042000,1.119000
14636.001000,2.042000,1.117000
14637.001000,2.042000,1.118000
14638.001000,2.042000,1.112000
14639.001000,2.043000,1.113000
14640.001000,2.045000,1.115000
14641.001000,2.045000,1.116000
14642.001000,2.044000,1.113000
14643.001000,2.045000,1.115000
14644.001000,2.045000,1.129000
14645.001000,2.045000,1.127000
14646.001000,2.045000,1.127000
14647.001000,2.045000,1.128000
14648.001000,2.046000,1.126000
14649.001000,2.046000,1.124000
14650.001000,2.046000,1.127000
14651.001000,2.046000,1.130000
14652.001000,2.047000,1.131000
14653.001000,2.047000,1.134000
14654.001000,2.047000,1.128000
14655.001000,2.047000,1.210000
14656.001000,2.047000,1.208000
14657.001000,2.047000,1.203000
14658.001000,2.047000,1.208000
14659.001000,2.047000,1.211000
14660.001000,2.048000,1.210000
14661.001000,2.047000,1.209000
14662.001000,2.048000,1.208000
14663.001000,2.048000,1.212000
14664.001000,2.048000,1.212000
14665.001000,2.048000,1.206000
14666.001000,2.048000,1.196000
14667.001000,2.048000,1.194000
14668.001000,2.049000,1.202000
14669.001000,2.049000,1.202000
14670.001000,2.049000,1.199000
14671.001000,2.049000,1.201000
14672.001000,2.049000,1.199000
14673.001000,2.050000,1.199000
14674.001000,2.049000,1.197000
14675.001000,2.050000,1.200000
14676.001000,2.050000,1.202000
14677.001000,2.050000,1.205000
14678.001000,2.050000,1.200000
14679.001000,2.050000,1.194000
14680.001000,2.050000,1.201000
14681.001000,2.050000,1.199000
14682.001000,2.050000,1.196000
14683.001000,2.050000,1.198000
14684.001000,2.049000,1.201000
14685.001000,2.050000,1.200000
14686.001000,2.050000,1.201000
14687.001000,2.050000,1.202000
14688.001000,2.050000,1.203000
14689.001000,2.051000,1.202000
14690.001000,2.051000,1.205000
14691.001000,2.051000,1.206000
14692.001000,2.051000,1.206000
14693.001000,2.051000,1.204000
14694.001000,2.051000,1.204000
14695.001000,2.051000,1.205000
14696.001000,2.051000,1.204000
14697.001000,2.051000,1.209000
14698.001000,2.051000,1.205000
14699.001000,2.051000,1.206000
14700.001000,2.051000,1.208000
14701.001000,2.051000,1.206000
14702.001000,2.052000,1.204000
14703.001000,2.052000,1.203000
14704.001000,2.052000,1.208000
14705.001000,2.052000,1.208000
14706.001000,2.052000,1.207000
14707.001000,2.052000,1.207000
14708.001000,2.052000,1.208000
14709.001000,2.053000,1.208000
14710.001000,2.054000,1.208000
14711.001000,2.054000,1.208000
14712.001000,2.054000,1.217000
14713.001000,2.054000,1.213000
14714.001000,2.054000,1.211000
14715.001000,2.055000,1.213000
14716.001000,2.055000,1.206000
14717.001000,2.055000,1.211000
14718.001000,2.055000,1.199000
14719.001000,2.055000,1.197000
14720.001000,2.055000,1.200000
14721.001000,2.055000,1.198000
14722.001000,2.055000,1.195000
14723.001000,2.055000,1.194000
14724.001000,2.055000,1.198000
14725.001000,2.056000,1.192000
14726.001000,2.055000,1.194000
14727.001000,2.056000,1.191000
14728.001000,2.056000,1.193000
14729.001000,2.056000,1.196000
14730.001000,2.057000,1.193000
14731.001000,2.057000,1.195000
14732.001000,2.057000,1.195000
14733.001000,2.056000,1.196000
14734.001000,2.056000,1.198000
14735.001000,2.056000,1.202000
14736.001000,2.056000,1.204000
14737.001000,2.056000,1.196000
14738.001000,2.056000,1.197000
14739.001000,2.057000,1.203000
14740.001000,2.057000,1.201000
14741.001000,2.057000,1.202000
14742.001000,2.056000,1.205000
14743.001000,2.056000,1.209000
14744.001000,2.055000,1.210000
14745.001000,2.056000,1.214000
14746.001000,2.056000,1.216000
14747.001000,2.056000,1.214000
14748.001000,2.056000,1.219000
14749.001000,2.056000,1.217000
14750.001000,2.056000,1.214000
14751.001000,2.056000,1.217000
14752.001000,2.056000,1.220000
14753.001000,2.056000,1.217000
14754.001000,2.056000,1.217000
14755.001000,2.056000,1.210000
14756.001000,2.057000,1.212000
14757.001000,2.056000,1.216000
14758.001000,2.057000,1.217000
14759.001000,2.058000,1.221000
14760.001000,2.058000,1.219000
14761.001000,2.058000,1.224000
14762.001000,2.059000,1.225000
14763.001000,2.059000,1.219000
14764.001000,2.059000,1.219000
14765.001000,2.058000,1.222000
14766.001000,2.058000,1.225000
14767.001000,2.058000,1.226000
14768.001000,2.058000,1.221000
14769.001000,2.059000,1.220000
14770.001000,2.059000,1.216000
14771.001000,2.059000,1.216000
14772.001000,2.059000,1.223000
14773.001000,2.060000,1.224000
14774.001000,2.060000,1.217000
14775.001000,2.061000,1.216000
14776.001000,2.061000,1.224000
14777.001000,2.062000,1.216000
14778.001000,2.062000,1.215000
14779.001000,2.062000,1.217000
14780.001000,2.062000,1.218000
14781.001000,2.062000,1.220000
14782.001000,2.062000,1.218000
14783.001000,2.063000,1.217000
14784.001000,2.063000,1.219000
14785.001000,2.063000,1.202000
14786.001000,2.064000,1.213000
14787.001000,2.063000,1.211000
14788.001000,2.064000,1.201000
14789.001000,2.063000,1.199000
14790.001000,2.063000,1.195000
14791.001000,2.064000,1.202000
14792.001000,2.063000,1.202000
14793.001000,2.063000,1.199000
14794.001000,2.064000,1.203000
14795.001000,2.064000,1.202000
14796.001000,2.064000,1.196000
14797.001000,2.064000,1.204000
14798.001000,2.063000,1.208000
14799.001000,2.063000,1.204000
14800.001000,2.063000,1.206000
14801.001000,2.064000,1.203000
14802.001000,2.063000,1.203000
14803.001000,2.063000,1.204000
14804.001000,2.062000,1.204000
14805.001000,2.062000,1.197000
14806.001000,2.062000,1.197000
14807.001000,2.063000,1.204000
14808.001000,2.062000,1.205000
14809.001000,2.062000,1.204000
14810.001000,2.060000,1.218000
14811.001000,2.059000,1.226000
14812.001000,2.059000,1.224000
14813.001000,2.059000,1.207000
14814.001000,2.060000,1.212000
14815.001000,2.059000,1.212000
14816.001000,2.060000,1.209000
14817.001000,2.060000,1.217000
14818.001000,2.061000,1.220000
14819.001000,2.062000,1.230000
14820.001000,2.061000,1.230000
14821.001000,2.060000,1.232000
14822.001000,2.060000,1.230000
14823.001000,2.061000,1.230000
14824.001000,2.062000,1.228000
14825.001000,2.062000,1.232000
14826.001000,2.062000,1.230000
14827.001000,2.061000,1.233000
14828.001000,2.061000,1.232000
14829.001000,2.061000,1.234000
14830.001000,2.061000,1.230000
14831.001000,2.061000,1.234000
14832.001000,2.061000,1.221000
14833.001000,2.063000,1.231000
14834.001000,2.063000,1.232000
14835.001000,2.064000,1.223000
14836.001000,2.065000,1.237000
14837.001000,2.062000,1.236000
14838.001000,2.063000,1.234000
14839.001000,2.062000,1.231000
14840.001000,2.063000,1.229000
14841.001000,2.062000,1.234000
14842.001000,2.063000,1.243000
14843.001000,2.062000,1.238000
14844.001000,2.062000,1.234000
14845.001000,2.063000,1.228000
14846.001000,2.064000,1.232000
14847.001000,2.064000,1.235000
14848.001000,2.063000,1.234000
14849.001000,2.062000,1.237000
14850.001000,2.062000,1.238000
14851.001000,2.061000,1.236000
14852.001000,2.063000,1.235000
14853.001000,2.063000,1.233000
14854.001000,2.063000,1.238000
14855.001000,2.062000,1.233000
14856.001000,2.061000,1.227000
14857.001000,2.063000,1.230000
14858.001000,2.064000,1.234000
14859.001000,2.064000,1.239000
14860.001000,2.064000,1.241000
14861.001000,2.063000,1.235000
14862.001000,2.062000,1.229000
14863.001000,2.062000,1.238000
14864.001000,2.062000,1.236000
14865.001000,2.064000,1.237000
14866.001000,2.065000,1.241000
14867.001000,2.066000,1.241000
14868.001000,2.065000,1.240000
14869.001000,2.065000,1.241000
14870.001000,2.065000,1.238000
14871.001000,2.065000,1.241000
14872.001000,2.065000,1.237000
14873.001000,2.064000,1.233000
14874.001000,2.065000,1.231000
14875.001000,2.065000,1.232000
14876.001000,2.064000,1.236000
14877.001000,2.063000,1.231000
14878.001000,2.063000,1.232000
14879.001000,2.063000,1.238000
14880.001000,2.063000,1.238000
14881.001000,2.063000,1.209000
14882.001000,2.063000,1.214000
14883.001000,2.064000,1.217000
14884.001000,2.065000,1.214000
14885.001000,2.065000,1.215000
14886.001000,2.064000,1.214000
14887.001000,2.064000,1.219000
14888.001000,2.065000,1.211000
14889.001000,2.065000,1.205000
14890.001000,2.066000,1.212000
14891.001000,2.066000,1.217000
14892.001000,2.066000,1.209000
14893.001000,2.066000,1.213000
14894.001000,2.066000,1.214000
14895.001000,2.065000,1.215000
14896.001000,2.065000,1.216000
14897.001000,2.064000,1.214000
14898.001000,2.064000,1.217000
14899.001000,2.064000,1.211000
14900.001000,2.065000,1.213000
14901.001000,2.065000,1.211000
14902.001000,2.065000,1.208000
14903.001000,2.064000,1.211000
14904.001000,2.064000,1.215000
14905.001000,2.064000,1.207000
14906.001000,2.064000,1.210000
14907.001000,2.064000,1.208000
14908.001000,2.065000,1.216000
14909.001000,2.064000,1.211000
14910.001000,2.063000,1.210000
14911.001000,2.063000,1.217000
14912.001000,2.063000,1.211000
14913.001000,2.063000,1.213000
14914.001000,2.064000,1.213000
14915.001000,2.063000,1.213000
14916.001000,2.063000,1.215000
14917.001000,2.063000,1.213000
14918.001000,2.064000,1.213000
14919.001000,2.063000,1.219000
14920.001000,2.064000,1.213000
14921.001000,2.064000,1.214000
14922.001000,2.064000,1.214000
14923.001000,2.064000,1.214000
14924.001000,2.064000,1.218000
14925.001000,2.064000,1.217000
14926.001000,2.064000,1.217000
14927.001000,2.064000,1.222000
14928.001000,2.064000,1.220000
14929.001000,2.065000,1.221000
14930.001000,2.064000,1.219000
14931.001000,2.065000,1.221000
14932.001000,2.065000,1.224000
14933.001000,2.065000,1.215000
14934.001000,2.065000,1.219000
14935.001000,2.065000,1.221000
14936.001000,2.065000,1.219000
14937.001000,2.066000,1.218000
14938.001000,2.066000,1.221000
14939.001000,2.067000,1.216000
14940.001000,2.067000,1.214000
14941.001000,2.068000,1.217000
14942.001000,2.068000,1.213000
14943.001000,2.068000,1.221000
14944.001000,2.068000,1.216000
14945.001000,2.069000,1.211000
14946.001000,2.069000,1.217000
14947.001000,2.069000,1.213000
14948.001000,2.069000,1.213000
14949.001000,2.069000,1.214000
14950.001000,2.070000,1.215000
14951.001000,2.069000,1.213000
14952.001000,2.069000,1.220000
14953.001000,2.069000,1.220000
14954.001000,2.070000,1.218000
14955.001000,2.071000,1.224000
14956.001000,2.070000,1.226000
14957.001000,2.070000,1.224000
14958.001000,2.070000,1.226000
14959.001000,2.070000,1.250000
14960.001000,2.070000,1.244000
14961.001000,2.070000,1.247000
14962.001000,2.070000,1.241000
14963.001000,2.071000,1.244000
14964.001000,2.072000,1.245000
14965.001000,2.072000,1.247000
14966.001000,2.073000,1.241000
14967.001000,2.073000,1.249000
14968.001000,2.073000,1.244000
14969.001000,2.073000,1.244000
14970.001000,2.073000,1.248000
14971.001000,2.073000,1.246000
14972.001000,2.073000,1.245000
14973.001000,2.073000,1.244000
14974.001000,2.073000,1.245000
14975.001000,2.073000,1.248000
14976.001000,2.073000,1.250000
14977.001000,2.073000,1.247000
14978.001000,2.073000,1.251000
14979.001000,2.073000,1.249000
14980.001000,2.073000,1.249000
14981.001000,2.073000,1.245000
14982.001000,2.072000,1.249000
14983.001000,2.073000,1.250000
14984.001000,2.073000,1.242000
14985.001000,2.074000,1.255000
14986.001000,2.074000,1.254000
14987.001000,2.073000,1.245000
14988.001000,2.073000,1.249000
14989.001000,2.073000,1.246000
14990.001000,2.073000,1.231000
14991.001000,2.073000,1.235000
14992.001000,2.073000,1.232000
14993.001000,2.074000,1.245000
14994.001000,2.074000,1.244000
14995.001000,2.074000,1.244000
14996.001000,2.075000,1.234000
14997.001000,2.075000,1.243000
14998.001000,2.075000,1.245000
14999.001000,2.075000,1.224000
15000.001000,2.075000,1.219000
15001.001000,2.075000,1.220000
15002.001000,2.076000,1.228000
15003.001000,2.076000,1.226000
15004.001000,2.076000,1.228000
15005.001000,2.077000,1.222000
15006.001000,2.077000,1.218000
15007.001000,2.078000,1.232000
15008.001000,2.078000,1.221000
15009.001000,2.078000,1.219000
15010.001000,2.079000,1.229000
15011.001000,2.079000,1.223000
15012.001000,2.080000,1.232000
15013.001000,2.080000,1.223000
15014.001000,2.080000,1.218000
15015.001000,2.081000,1.224000
15016.001000,2.081000,1.226000
15017.001000,2.081000,1.224000
15018.001000,2.082000,1.227000
15019.001000,2.082000,1.223000
15020.001000,2.082000,1.227000
15021.001000,2.082000,1.225000
15022.001000,2.083000,1.224000
15023.001000,2.083000,1.231000
15024.001000,2.084000,1.223000
15025.001000,2.084000,1.218000
15026.001000,2.084000,1.224000
15027.001000,2.085000,1.222000
15028.001000,2.085000,1.223000
15029.001000,2.085000,1.229000
15030.001000,2.086000,1.228000
15031.001000,2.086000,1.230000
15032.001000,2.086000,1.226000
15033.001000,2.085000,1.230000
15034.001000,2.085000,1.230000
15035.001000,2.085000,1.226000
15036.001000,2.085000,1.222000
15037.001000,2.086000,1.226000
15038.001000,2.086000,1.232000
15039.001000,2.086000,1.227000
15040.001000,2.086000,1.227000
15041.001000,2.087000,1.227000
15042.001000,2.087000,1.226000
15043.001000,2.087000,1.227000
15044.001000,2.087000,1.221000
15045.001000,2.088000,1.224000
15046.001000,2.087000,1.224000
15047.001000,2.088000,1.227000
15048.001000,2.088000,1.223000
15049.001000,2.088000,1.231000
15050.001000,2.089000,1.223000
15051.001000,2.088000,1.227000
15052.001000,2.088000,1.222000
15053.001000,2.088000,1.229000
15054.001000,2.088000,1.229000
15055.001000,2.088000,1.232000
15056.001000,2.088000,1.230000
15057.001000,2.088000,1.232000
15058.001000,2.089000,1.228000
15059.001000,2.089000,1.232000
15060.001000,2.089000,1.232000
15061.001000,2.090000,1.227000
15062.001000,2.091000,1.230000
15063.001000,2.091000,1.230000
15064.001000,2.090000,1.220000
15065.001000,2.090000,1.226000
15066.001000,2.090000,1.229000
15067.001000,2.090000,1.223000
15068.001000,2.090000,1.229000
15069.001000,2.090000,1.229000
15070.001000,2.091000,1.229000
15071.001000,2.091000,1.231000
15072.001000,2.091000,1.226000
15073.001000,2.090000,1.231000
15074.001000,2.090000,1.226000
15075.001000,2.090000,1.232000
15076.001000,2.090000,1.230000
15077.001000,2.090000,1.228000
15078.001000,2.090000,1.228000
15079.001000,2.090000,1.226000
15080.001000,2.090000,1.223000
15081.001000,2.090000,1.228000
15082.001000,2.090000,1.224000
15083.001000,2.091000,1.225000
15084.001000,2.091000,1.230000
15085.001000,2.091000,1.235000
15086.001000,2.091000,1.232000
15087.001000,2.091000,1.217000
15088.001000,2.091000,1.232000
15089.001000,2.090000,1.229000
15090.001000,2.090000,1.232000
15091.001000,2.090000,1.230000
15092.001000,2.090000,1.231000
15093.001000,2.090000,1.231000
15094.001000,2.090000,1.230000
15095.001000,2.091000,1.233000
15096.001000,2.091000,1.234000
15097.001000,2.092000,1.231000
15098.001000,2.092000,1.235000
15099.001000,2.091000,1.231000
15100.001000,2.091000,1.232000
15101.001000,2.091000,1.238000
15102.001000,2.091000,1.234000
15103.001000,2.091000,1.231000
15104.001000,2.091000,1.218000
15105.001000,2.091000,1.224000
15106.001000,2.091000,1.230000
15107.001000,2.092000,1.228000
15108.001000,2.092000,1.229000
15109.001000,2.092000,1.231000
15110.001000,2.092000,1.230000
15111.001000,2.092000,1.236000
15112.001000,2.092000,1.237000
15113.001000,2.092000,1.234000
15114.001000,2.092000,1.237000
15115.001000,2.091000,1.232000
15116.001000,2.091000,1.228000
15117.001000,2.091000,1.227000
15118.001000,2.092000,1.229000
15119.001000,2.092000,1.226000
15120.001000,2.092000,1.231000
15121.001000,2.092000,1.233000
15122.001000,2.092000,1.229000
15123.001000,2.092000,1.226000
15124.001000,2.092000,1.224000
15125.001000,2.092000,1.225000
15126.001000,2.092000,1.229000
15127.001000,2.092000,1.227000
15128.001000,2.092000,1.223000
15129.001000,2.091000,1.226000
15130.001000,2.091000,1.228000
15131.001000,2.092000,1.226000
15132.001000,2.092000,1.223000
15133.001000,2.092000,1.227000
15134.001000,2.092000,1.226000
15135.001000,2.092000,1.225000
15136.001000,2.092000,1.226000
15137.001000,2.092000,1.230000
15138.001000,2.092000,1.232000
15139.001000,2.092000,1.234000
15140.001000,2.092000,1.229000
15141.001000,2.092000,1.229000
15142.001000,2.093000,1.231000
15143.001000,2.093000,1.235000
15144.001000,2.093000,1.229000
15145.001000,2.093000,1.228000
15146.001000,2.093000,1.232000
15147.001000,2.093000,1.231000
15148.001000,2.093000,1.233000
15149.001000,2.093000,1.235000
15150.001000,2.093000,1.228000
15151.001000,2.092000,1.224000
15152.001000,2.092000,1.230000
15153.001000,2.092000,1.229000
15154.001000,2.092000,1.234000
15155.001000,2.093000,1.231000
15156.001000,2.092000,1.230000
15157.001000,2.092000,1.232000
15158.001000,2.092000,1.228000
15159.001000,2.092000,1.229000
15160.001000,2.092000,1.233000
15161.001000,2.092000,1.230000
15162.001000,2.092000,1.232000
15163.001000,2.093000,1.239000
15164.001000,2.092000,1.239000
15165.001000,2.093000,1.241000
15166.001000,2.093000,1.246000
15167.001000,2.093000,1.245000
15168.001000,2.093000,1.239000
15169.001000,2.093000,1.243000
15170.001000,2.093000,1.239000
15171.001000,2.094000,1.246000
15172.001000,2.094000,1.242000
15173.001000,2.094000,1.245000
15174.001000,2.094000,1.243000
15175.001000,2.094000,1.244000
15176.001000,2.094000,1.241000
15177.001000,2.094000,1.243000
15178.001000,2.094000,1.238000
15179.001000,2.094000,1.238000
15180.001000,2.095000,1.239000
15181.001000,2.095000,1.245000
15182.001000,2.095000,1.241000
15183.001000,2.095000,1.246000
15184.001000,2.095000,1.244000
15185.001000,2.095000,1.246000
15186.001000,2.093000,1.239000
15187.001000,2.093000,1.244000
15188.001000,2.094000,1.242000
15189.001000,2.094000,1.244000
15190.001000,2.094000,1.247000
15191.001000,2.093000,1.244000
15192.001000,2.094000,1.246000
15193.001000,2.094000,1.247000
15194.001000,2.093000,1.242000
15195.001000,2.093000,1.245000
15196.001000,2.094000,1.246000
15197.001000,2.094000,1.244000
15198.001000,2.094000,1.245000
15199.001000,2.094000,1.244000
15200.001000,2.094000,1.246000
15201.001000,2.094000,1.238000
15202.001000,2.095000,1.239000
15203.001000,2.095000,1.241000
15204.001000,2.095000,1.241000
15205.001000,2.095000,1.243000
15206.001000,2.095000,1.241000
15207.001000,2.096000,1.241000
15208.001000,2.096000,1.240000
15209.001000,2.096000,1.243000
15210.001000,2.096000,1.242000
15211.001000,2.096000,1.242000
15212.001000,2.097000,1.242000
15213.001000,2.096000,1.242000
15214.001000,2.096000,1.247000
15215.001000,2.097000,1.249000
15216.001000,2.096000,1.244000
15217.001000,2.096000,1.243000
15218.001000,2.096000,1.244000
15219.001000,2.096000,1.248000
15220.001000,2.096000,1.246000
15221.001000,2.095000,1.239000
15222.001000,2.095000,1.246000
15223.001000,2.095000,1.243000
15224.001000,2.095000,1.240000
15225.001000,2.095000,1.244000
15226.001000,2.096000,1.242000
15227.001000,2.096000,1.235000
15228.001000,2.096000,1.239000
15229.001000,2.097000,1.246000
15230.001000,2.097000,1.243000
15231.001000,2.097000,1.243000
15232.001000,2.097000,1.245000
15233.001000,2.098000,1.245000
15234.001000,2.098000,1.245000
15235.001000,2.098000,1.243000
15236.001000,2.099000,1.240000
15237.001000,2.099000,1.244000
15238.001000,2.099000,1.243000
15239.001000,2.099000,1.244000
15240.001000,2.100000,1.243000
15241.001000,2.100000,1.247000
15242.001000,2.099000,1.248000
15243.001000,2.099000,1.248000
15244.001000,2.099000,1.246000
15245.001000,2.098000,1.244000
15246.001000,2.099000,1.248000
15247.001000,2.098000,1.248000
15248.001000,2.098000,1.243000
15249.001000,2.098000,1.244000
15250.001000,2.098000,1.247000
15251.001000,2.097000,1.246000
15252.001000,2.097000,1.245000
15253.001000,2.098000,1.246000
15254.001000,2.098000,1.244000
15255.001000,2.097000,1.249000
15256.001000,2.097000,1.246000
15257.001000,2.097000,1.245000
15258.001000,2.097000,1.247000
15259.001000,2.098000,1.251000
15260.001000,2.098000,1.247000
15261.001000,2.098000,1.249000
15262.001000,2.098000,1.241000
15263.001000,2.098000,1.247000
15264.001000,2.098000,1.249000
15265.001000,2.099000,1.248000
15266.001000,2.099000,1.248000
15267.001000,2.099000,1.248000
15268.001000,2.099000,1.251000
15269.001000,2.100000,1.252000
15270.001000,2.100000,1.248000
15271.001000,2.100000,1.248000
15272.001000,2.101000,1.249000
15273.001000,2.101000,1.251000
15274.001000,2.101000,1.250000
15275.001000,2.102000,1.256000
15276.001000,2.102000,1.251000
15277.001000,2.102000,1.253000
15278.001000,2.102000,1.252000
15279.001000,2.102000,1.254000
15280.001000,2.102000,1.249000
15281.001000,2.102000,1.249000
15282.001000,2.102000,1.250000
15283.001000,2.102000,1.247000
15284.001000,2.102000,1.254000
15285.001000,2.101000,1.253000
15286.001000,2.101000,1.250000
15287.001000,2.101000,1.250000
15288.001000,2.101000,1.252000
15289.001000,2.101000,1.249000
15290.001000,2.101000,1.247000
15291.001000,2.101000,1.245000
15292.001000,2.101000,1.244000
15293.001000,2.101000,1.244000
15294.001000,2.101000,1.246000
15295.001000,2.101000,1.249000
15296.001000,2.101000,1.252000
15297.001000,2.101000,1.252000
15298.001000,2.101000,1.252000
15299.001000,2.101000,1.253000
15300.001000,2.102000,1.249000
15301.001000,2.102000,1.247000
15302.001000,2.102000,1.234000
15303.001000,2.102000,1.233000
15304.001000,2.102000,1.249000
15305.001000,2.102000,1.253000
15306.001000,2.102000,1.250000
15307.001000,2.103000,1.252000
15308.001000,2.103000,1.248000
15309.001000,2.102000,1.244000
15310.001000,2.102000,1.242000
15311.001000,2.101000,1.238000
15312.001000,2.101000,1.238000
15313.001000,2.101000,1.237000
15314.001000,2.101000,1.237000
15315.001000,2.102000,1.237000
15316.001000,2.101000,1.244000
15317.001000,2.101000,1.249000
15318.001000,2.101000,1.249000
15319.001000,2.101000,1.245000
15320.001000,2.101000,1.240000
15321.001000,2.101000,1.240000
15322.001000,2.101000,1.251000
15323.001000,2.101000,1.234000
15324.001000,2.101000,1.249000
15325.001000,2.101000,1.236000
15326.001000,2.101000,1.240000
15327.001000,2.101000,1.235000
15328.001000,2.101000,1.239000
15329.001000,2.101000,1.240000
15330.001000,2.101000,1.236000
15331.001000,2.101000,1.236000
15332.001000,2.101000,1.244000
15333.001000,2.101000,1.244000
15334.001000,2.101000,1.245000
15335.001000,2.101000,1.240000
15336.001000,2.101000,1.238000
15337.001000,2.101000,1.242000
15338.001000,2.101000,1.244000
15339.001000,2.101000,1.241000
15340.001000,2.101000,1.241000
15341.001000,2.101000,1.236000
15342.001000,2.101000,1.258000
15343.001000,2.101000,1.249000
15344.001000,2.101000,1.253000
15345.001000,2.101000,1.244000
15346.001000,2.102000,1.252000
15347.001000,2.102000,1.245000
15348.001000,2.102000,1.255000
15349.001000,2.101000,1.255000
15350.001000,2.102000,1.253000
15351.001000,2.102000,1.253000
15352.001000,2.102000,1.239000
15353.001000,2.101000,1.243000
15354.001000,2.101000,1.235000
15355.001000,2.101000,1.237000
15356.001000,2.101000,1.236000
15357.001000,2.101000,1.239000
15358.001000,2.101000,1.228000
15359.001000,2.101000,1.231000
15360.001000,2.101000,1.228000
15361.001000,2.101000,1.242000
15362.001000,2.101000,1.232000
15363.001000,2.101000,1.235000
15364.001000,2.100000,1.240000
15365.001000,2.100000,1.237000
15366.001000,2.100000,1.232000
15367.001000,2.101000,1.233000
15368.001000,2.101000,1.240000
15369.001000,2.101000,1.248000
15370.001000,2.101000,1.250000
15371.001000,2.101000,1.246000
15372.001000,2.101000,1.242000
15373.001000,2.101000,1.248000
15374.001000,2.101000,1.252000
15375.001000,2.100000,1.255000
15376.001000,2.100000,1.249000
15377.001000,2.101000,1.247000
15378.001000,2.101000,1.250000
15379.001000,2.101000,1.252000
15380.001000,2.102000,1.255000
15381.001000,2.101000,1.254000
15382.001000,2.101000,1.249000
15383.001000,2.101000,1.249000
15384.001000,2.101000,1.245000
15385.001000,2.101000,1.244000
15386.001000,2.101000,1.242000
15387.001000,2.101000,1.236000
15388.001000,2.100000,1.244000
15389.001000,2.100000,1.245000
15390.001000,2.101000,1.233000
15391.001000,2.101000,1.235000
15392.001000,2.100000,1.239000
15393.001000,2.100000,1.240000
15394.001000,2.100000,1.236000
15395.001000,2.100000,1.238000
15396.001000,2.099000,1.233000
15397.001000,2.100000,1.235000
15398.001000,2.100000,1.240000
15399.001000,2.100000,1.241000
15400.001000,2.100000,1.246000
15401.001000,2.100000,1.245000
15402.001000,2.100000,1.245000
15403.001000,2.100000,1.240000
15404.001000,2.101000,1.244000
15405.001000,2.101000,1.248000
15406.001000,2.100000,1.239000
15407.001000,2.100000,1.237000
15408.001000,2.100000,1.238000
15409.001000,2.100000,1.242000
15410.001000,2.100000,1.233000
15411.001000,2.100000,1.243000
15412.001000,2.100000,1.244000
15413.001000,2.100000,1.247000
15414.001000,2.100000,1.249000
15415.001000,2.100000,1.243000
15416.001000,2.101000,1.246000
15417.001000,2.101000,1.246000
15418.001000,2.101000,1.251000
15419.001000,2.101000,1.252000
15420.001000,2.101000,1.252000
15421.001000,2.100000,1.247000
15422.001000,2.100000,1.248000
15423.001000,2.100000,1.248000
15424.001000,2.100000,1.247000
15425.001000,2.101000,1.244000
15426.001000,2.100000,1.237000
15427.001000,2.100000,1.253000
15428.001000,2.100000,1.253000
15429.001000,2.100000,1.253000
15430.001000,2.101000,1.255000
15431.001000,2.101000,1.255000
15432.001000,2.101000,1.251000
15433.001000,2.101000,1.251000
15434.001000,2.102000,1.248000
15435.001000,2.101000,1.250000
15436.001000,2.102000,1.255000
15437.001000,2.102000,1.249000
15438.001000,2.102000,1.255000
15439.001000,2.102000,1.256000
15440.001000,2.101000,1.256000
15441.001000,2.101000,1.259000
15442.001000,2.101000,1.239000
15443.001000,2.101000,1.248000
15444.001000,2.101000,1.238000
15445.001000,2.102000,1.239000
15446.001000,2.102000,1.239000
15447.001000,2.102000,1.242000
15448.001000,2.101000,1.239000
15449.001000,2.102000,1.247000
15450.001000,2.102000,1.247000
15451.001000,2.101000,1.241000
15452.001000,2.101000,1.244000
15453.001000,2.101000,1.240000
15454.001000,2.101000,1.254000
15455.001000,2.101000,1.256000
15456.001000,2.102000,1.258000
15457.001000,2.102000,1.258000
15458.001000,2.102000,1.253000
15459.001000,2.102000,1.254000
15460.001000,2.102000,1.248000
15461.001000,2.102000,1.248000
15462.001000,2.102000,1.240000
15463.001000,2.102000,1.238000
15464.001000,2.102000,1.242000
15465.001000,2.102000,1.240000
15466.001000,2.102000,1.240000
15467.001000,2.102000,1.248000
15468.001000,2.102000,1.238000
15469.001000,2.102000,1.235000
15470.001000,2.102000,1.247000
15471.001000,2.103000,1.257000
15472.001000,2.101000,1.248000
15473.001000,2.102000,1.250000
15474.001000,2.102000,1.246000
15475.001000,2.102000,1.246000
15476.001000,2.102000,1.239000
15477.001000,2.102000,1.240000
15478.001000,2.101000,1.238000
15479.001000,2.101000,1.240000
15480.001000,2.101000,1.238000
15481.001000,2.101000,1.238000
15482.001000,2.101000,1.237000
15483.001000,2.101000,1.233000
15484.001000,2.101000,1.240000
15485.001000,2.101000,1.240000
15486.001000,2.101000,1.247000
15487.001000,2.101000,1.251000
15488.001000,2.101000,1.237000
15489.001000,2.100000,1.242000
15490.001000,2.101000,1.242000
15491.001000,2.101000,1.236000
15492.001000,2.101000,1.239000
15493.001000,2.101000,1.242000
15494.001000,2.101000,1.239000
15495.001000,2.101000,1.248000
15496.001000,2.101000,1.245000
15497.001000,2.101000,1.248000
15498.001000,2.101000,1.249000
15499.001000,2.101000,1.237000
15500.001000,2.102000,1.238000
15501.001000,2.102000,1.247000
15502.001000,2.102000,1.243000
15503.001000,2.102000,1.251000
15504.001000,2.102000,1.249000
15505.001000,2.102000,1.244000
15506.001000,2.102000,1.242000
15507.001000,2.103000,1.241000
15508.001000,2.103000,1.258000
15509.001000,2.103000,1.254000
15510.001000,2.103000,1.253000
15511.001000,2.102000,1.240000
15512.001000,2.102000,1.242000
15513.001000,2.102000,1.249000
15514.001000,2.102000,1.243000
15515.001000,2.102000,1.239000
15516.001000,2.102000,1.246000
15517.001000,2.103000,1.249000
15518.001000,2.103000,1.257000
15519.001000,2.103000,1.247000
15520.001000,2.103000,1.244000
15521.001000,2.103000,1.238000
15522.001000,2.103000,1.244000
15523.001000,2.103000,1.250000
15524.001000,2.104000,1.257000
15525.001000,2.104000,1.256000
15526.001000,2.104000,1.257000
15527.001000,2.103000,1.252000
15528.001000,2.103000,1.246000
15529.001000,2.103000,1.248000
15530.001000,2.102000,1.246000
15531.001000,2.102000,1.255000
15532.001000,2.102000,1.248000
15533.001000,2.102000,1.250000
15534.001000,2.102000,1.254000
15535.001000,2.102000,1.251000
15536.001000,2.102000,1.248000
15537.001000,2.102000,1.248000
15538.001000,2.102000,1.249000
15539.001000,2.102000,1.252000
15540.001000,2.102000,1.254000
15541.001000,2.103000,1.247000
15542.001000,2.103000,1.249000
15543.001000,2.103000,1.248000
15544.001000,2.103000,1.249000
15545.001000,2.103000,1.252000
15546.001000,2.103000,1.251000
15547.001000,2.102000,1.251000
15548.001000,2.103000,1.250000
15549.001000,2.102000,1.247000
15550.001000,2.103000,1.247000
15551.001000,2.103000,1.248000
15552.001000,2.103000,1.254000
15553.001000,2.103000,1.257000
15554.001000,2.103000,1.255000
15555.001000,2.103000,1.251000
15556.001000,2.104000,1.252000
15557.001000,2.104000,1.253000
15558.001000,2.104000,1.247000
15559.001000,2.104000,1.253000
15560.001000,2.104000,1.254000
15561.001000,2.105000,1.253000
15562.001000,2.104000,1.255000
15563.001000,2.105000,1.252000
15564.001000,2.104000,1.254000
15565.001000,2.104000,1.248000
15566.001000,2.104000,1.250000
15567.001000,2.104000,1.249000
15568.001000,2.104000,1.253000
15569.001000,2.104000,1.249000
15570.001000,2.104000,1.255000
15571.001000,2.103000,1.251000
15572.001000,2.103000,1.249000
15573.001000,2.104000,1.247000
15574.001000,2.104000,1.249000
15575.001000,2.104000,1.249000
15576.001000,2.105000,1.247000
15577.001000,2.105000,1.239000
15578.001000,2.105000,1.245000
15579.001000,2.105000,1.259000
15580.001000,2.105000,1.260000
15581.001000,2.105000,1.257000
15582.001000,2.104000,1.257000
15583.001000,2.105000,1.255000
15584.001000,2.104000,1.254000
15585.001000,2.104000,1.256000
15586.001000,2.104000,1.253000
15587.001000,2.104000,1.256000
15588.001000,2.105000,1.256000
15589.001000,2.104000,1.256000
15590.001000,2.105000,1.256000
15591.001000,2.105000,1.259000
15592.001000,2.104000,1.255000
15593.001000,2.104000,1.255000
15594.001000,2.104000,1.251000
15595.001000,2.104000,1.252000
15596.001000,2.103000,1.247000
15597.001000,2.103000,1.244000
15598.001000,2.103000,1.247000
15599.001000,2.103000,1.253000
15600.001000,2.103000,1.249000
15601.001000,2.103000,1.253000
15602.001000,2.104000,1.244000
15603.001000,2.103000,1.251000
15604.001000,2.103000,1.252000
15605.001000,2.103000,1.252000
15606.001000,2.103000,1.250000
15607.001000,2.103000,1.247000
15608.001000,2.103000,1.252000
15609.001000,2.102000,1.259000
15610.001000,2.102000,1.257000
15611.001000,2.102000,1.255000
15612.001000,2.103000,1.252000
15613.001000,2.103000,1.246000
15614.001000,2.103000,1.247000
15615.001000,2.103000,1.245000
15616.001000,2.103000,1.250000
15617.001000,2.103000,1.246000
15618.001000,2.103000,1.247000
15619.001000,2.103000,1.245000
15620.001000,2.103000,1.243000
15621.001000,2.103000,1.245000
15622.001000,2.103000,1.241000
15623.001000,2.103000,1.247000
15624.001000,2.103000,1.242000
15625.001000,2.104000,1.245000
15626.001000,2.104000,1.240000
15627.001000,2.104000,1.253000
15628.001000,2.104000,1.243000
15629.001000,2.104000,1.248000
15630.001000,2.104000,1.241000
15631.001000,2.105000,1.243000
15632.001000,2.105000,1.239000
15633.001000,2.104000,1.249000
15634.001000,2.105000,1.248000
15635.001000,2.105000,1.243000
15636.001000,2.105000,1.247000
15637.001000,2.105000,1.240000
15638.001000,2.105000,1.247000
15639.001000,2.105000,1.246000
15640.001000,2.105000,1.249000
15641.001000,2.105000,1.250000
15642.001000,2.105000,1.250000
15643.001000,2.105000,1.252000
15644.001000,2.105000,1.252000
15645.001000,2.106000,1.253000
15646.001000,2.106000,1.252000
15647.001000,2.106000,1.251000
15648.001000,2.106000,1.251000
15649.001000,2.105000,1.248000
15650.001000,2.105000,1.249000
15651.001000,2.105000,1.249000
15652.001000,2.105000,1.249000
15653.001000,2.105000,1.256000
15654.001000,2.105000,1.245000
15655.001000,2.105000,1.251000
15656.001000,2.105000,1.257000
15657.001000,2.105000,1.263000
15658.001000,2.105000,1.254000
15659.001000,2.105000,1.246000
15660.001000,2.106000,1.245000
15661.001000,2.106000,1.244000
15662.001000,2.105000,1.246000
15663.001000,2.104000,1.251000
15664.001000,2.104000,1.248000
15665.001000,2.104000,1.249000
15666.001000,2.105000,1.250000
15667.001000,2.105000,1.251000
15668.001000,2.105000,1.257000
15669.001000,2.105000,1.256000
15670.001000,2.105000,1.268000
15671.001000,2.105000,1.267000
15672.001000,2.105000,1.268000
15673.001000,2.106000,1.272000
15674.001000,2.106000,1.278000
15675.001000,2.104000,1.275000
15676.001000,2.104000,1.278000
15677.001000,2.104000,1.275000
15678.001000,2.104000,1.275000
15679.001000,2.104000,1.274000
15680.001000,2.104000,1.274000
15681.001000,2.104000,1.274000
15682.001000,2.103000,1.275000
15683.001000,2.103000,1.270000
15684.001000,2.103000,1.272000
15685.001000,2.104000,1.272000
15686.001000,2.104000,1.271000
15687.001000,2.104000,1.271000
15688.001000,2.104000,1.272000
15689.001000,2.104000,1.276000
15690.001000,2.104000,1.274000
15691.001000,2.102000,1.268000
15692.001000,2.103000,1.268000
15693.001000,2.103000,1.270000
15694.001000,2.103000,1.265000
15695.001000,2.104000,1.267000
15696.001000,2.104000,1.275000
15697.001000,2.104000,1.272000
15698.001000,2.104000,1.269000
15699.001000,2.104000,1.271000
15700.001000,2.105000,1.271000
15701.001000,2.105000,1.271000
15702.001000,2.105000,1.264000
15703.001000,2.105000,1.265000
15704.001000,2.104000,1.251000
15705.001000,2.105000,1.246000
15706.001000,2.105000,1.244000
15707.001000,2.105000,1.242000
15708.001000,2.105000,1.244000
15709.001000,2.103000,1.235000
15710.001000,2.104000,1.239000
15711.001000,2.104000,1.244000
15712.001000,2.104000,1.239000
15713.001000,2.104000,1.240000
15714.001000,2.104000,1.245000
15715.001000,2.104000,1.243000
15716.001000,2.103000,1.237000
15717.001000,2.104000,1.244000
15718.001000,2.104000,1.242000
15719.001000,2.104000,1.246000
15720.001000,2.103000,1.238000
15721.001000,2.103000,1.240000
15722.001000,2.102000,1.244000
15723.001000,2.102000,1.236000
15724.001000,2.102000,1.239000
15725.001000,2.102000,1.244000
15726.001000,2.102000,1.244000
15727.001000,2.102000,1.241000
15728.001000,2.102000,1.241000
15729.001000,2.102000,1.236000
15730.001000,2.103000,1.245000
15731.001000,2.103000,1.236000
15732.001000,2.103000,1.236000
15733.001000,2.103000,1.244000
15734.001000,2.103000,1.241000
15735.001000,2.102000,1.242000
15736.001000,2.102000,1.239000
15737.001000,2.102000,1.236000
15738.001000,2.102000,1.239000
15739.001000,2.101000,1.240000
15740.001000,2.101000,1.239000
15741.001000,2.101000,1.242000
15742.001000,2.101000,1.240000
15743.001000,2.100000,1.236000
15744.001000,2.099000,1.237000
15745.001000,2.099000,1.234000
15746.001000,2.099000,1.236000
15747.001000,2.099000,1.238000
15748.001000,2.098000,1.246000
15749.001000,2.099000,1.241000
15750.001000,2.099000,1.242000
15751.001000,2.099000,1.240000
15752.001000,2.100000,1.241000
15753.001000,2.100000,1.235000
15754.001000,2.100000,1.239000
15755.001000,2.101000,1.246000
15756.001000,2.101000,1.245000
15757.001000,2.101000,1.250000
15758.001000,2.101000,1.257000
15759.001000,2.101000,1.261000
15760.001000,2.101000,1.263000
15761.001000,2.101000,1.270000
15762.001000,2.101000,1.267000
15763.001000,2.101000,1.267000
15764.001000,2.100000,1.265000
15765.001000,2.100000,1.267000
15766.001000,2.100000,1.257000
15767.001000,2.100000,1.258000
15768.001000,2.099000,1.262000
15769.001000,2.098000,1.261000
15770.001000,2.098000,1.259000
15771.001000,2.097000,1.263000
15772.001000,2.097000,1.265000
15773.001000,2.097000,1.268000
15774.001000,2.097000,1.265000
15775.001000,2.096000,1.261000
15776.001000,2.096000,1.264000
15777.001000,2.096000,1.251000
15778.001000,2.095000,1.257000
15779.001000,2.095000,1.254000
15780.001000,2.095000,1.255000
15781.001000,2.095000,1.259000
15782.001000,2.095000,1.263000
15783.001000,2.095000,1.263000
15784.001000,2.095000,1.261000
15785.001000,2.095000,1.264000
15786.001000,2.093000,1.266000
15787.001000,2.093000,1.261000
15788.001000,2.092000,1.260000
15789.001000,2.092000,1.263000
15790.001000,2.091000,1.262000
15791.001000,2.091000,1.267000
15792.001000,2.090000,1.251000
15793.001000,2.090000,1.253000
15794.001000,2.089000,1.264000
15795.001000,2.088000,1.256000
15796.001000,2.088000,1.246000
15797.001000,2.087000,1.230000
15798.001000,2.087000,1.227000
15799.001000,2.086000,1.231000
15800.001000,2.085000,1.232000
15801.001000,2.084000,1.225000
15802.001000,2.085000,1.237000
15803.001000,2.084000,1.229000
15804.001000,2.084000,1.237000
15805.001000,2.084000,1.235000
15806.001000,2.085000,1.232000
15807.001000,2.085000,1.236000
15808.001000,2.085000,1.254000
15809.001000,2.085000,1.254000
15810.001000,2.084000,1.259000
15811.001000,2.083000,1.257000
15812.001000,2.082000,1.257000
15813.001000,2.081000,1.258000
15814.001000,2.082000,1.261000
15815.001000,2.082000,1.262000
15816.001000,2.082000,1.256000
15817.001000,2.083000,1.260000
15818.001000,2.084000,1.260000
15819.001000,2.084000,1.254000
15820.001000,2.084000,1.256000
15821.001000,2.084000,1.254000
15822.001000,2.084000,1.253000
15823.001000,2.084000,1.252000
15824.001000,2.084000,1.248000
15825.001000,2.084000,1.254000
15826.001000,2.085000,1.250000
15827.001000,2.085000,1.252000
15828.001000,2.084000,1.251000
15829.001000,2.083000,1.254000
15830.001000,2.083000,1.257000
15831.001000,2.083000,1.258000
15832.001000,2.083000,1.260000
15833.001000,2.083000,1.260000
15834.001000,2.082000,1.257000
15835.001000,2.084000,1.256000
15836.001000,2.083000,1.253000
15837.001000,2.084000,1.258000
15838.001000,2.082000,1.246000
15839.001000,2.082000,1.240000
15840.001000,2.081000,1.234000
15841.001000,2.080000,1.235000
15842.001000,2.081000,1.232000
15843.001000,2.079000,1.228000
15844.001000,2.080000,1.238000
15845.001000,2.079000,1.232000
15846.001000,2.080000,1.231000
15847.001000,2.079000,1.233000
15848.001000,2.080000,1.230000
15849.001000,2.080000,1.236000
15850.001000,2.080000,1.239000
15851.001000,2.080000,1.234000
15852.001000,2.081000,1.234000
15853.001000,2.081000,1.234000
15854.001000,2.082000,1.236000
15855.001000,2.082000,1.250000
15856.001000,2.082000,1.245000
15857.001000,2.082000,1.249000
15858.001000,2.082000,1.250000
15859.001000,2.082000,1.249000
15860.001000,2.081000,1.249000
15861.001000,2.081000,1.253000
15862.001000,2.081000,1.253000
15863.001000,2.082000,1.246000
15864.001000,2.082000,1.241000
15865.001000,2.082000,1.248000
15866.001000,2.082000,1.253000
15867.001000,2.082000,1.243000
15868.001000,2.082000,1.248000
15869.001000,2.083000,1.245000
15870.001000,2.082000,1.246000
15871.001000,2.083000,1.245000
15872.001000,2.083000,1.241000
15873.001000,2.083000,1.241000
15874.001000,2.083000,1.240000
15875.001000,2.083000,1.236000
15876.001000,2.083000,1.247000
15877.001000,2.083000,1.240000
15878.001000,2.082000,1.238000
15879.001000,2.082000,1.233000
15880.001000,2.082000,1.240000
15881.001000,2.082000,1.239000
15882.001000,2.082000,1.241000
15883.001000,2.082000,1.243000
15884.001000,2.081000,1.241000
15885.001000,2.081000,1.239000
15886.001000,2.081000,1.241000
15887.001000,2.081000,1.243000
15888.001000,2.082000,1.246000
15889.001000,2.082000,1.236000
15890.001000,2.080000,1.242000
15891.001000,2.081000,1.241000
15892.001000,2.081000,1.238000
15893.001000,2.081000,1.254000
15894.001000,2.079000,1.247000
15895.001000,2.079000,1.249000
15896.001000,2.081000,1.249000
15897.001000,2.081000,1.255000
15898.001000,2.080000,1.251000
15899.001000,2.079000,1.249000
15900.001000,2.079000,1.250000
15901.001000,2.079000,1.250000
15902.001000,2.079000,1.252000
15903.001000,2.079000,1.247000
15904.001000,2.078000,1.245000
15905.001000,2.079000,1.248000
15906.001000,2.079000,1.249000
15907.001000,2.078000,1.246000
15908.001000,2.079000,1.246000
15909.001000,2.079000,1.248000
15910.001000,2.079000,1.245000
15911.001000,2.079000,1.245000
15912.001000,2.079000,1.245000
15913.001000,2.079000,1.244000
15914.001000,2.080000,1.247000
15915.001000,2.080000,1.244000
15916.001000,2.080000,1.248000
15917.001000,2.080000,1.246000
15918.001000,2.079000,1.244000
15919.001000,2.080000,1.245000
15920.001000,2.079000,1.247000
15921.001000,2.080000,1.245000
15922.001000,2.080000,1.246000
15923.001000,2.080000,1.249000
15924.001000,2.080000,1.248000
15925.001000,2.081000,1.247000
15926.001000,2.081000,1.243000
15927.001000,2.081000,1.247000
15928.001000,2.081000,1.234000
15929.001000,2.080000,1.237000
15930.001000,2.079000,1.237000
15931.001000,2.079000,1.240000
15932.001000,2.079000,1.236000
15933.001000,2.079000,1.237000
15934.001000,2.080000,1.236000
15935.001000,2.080000,1.238000
15936.001000,2.080000,1.240000
15937.001000,2.080000,1.238000
15938.001000,2.081000,1.237000
15939.001000,2.079000,1.246000
15940.001000,2.079000,1.236000
15941.001000,2.080000,1.233000
15942.001000,2.080000,1.237000
15943.001000,2.080000,1.233000
15944.001000,2.080000,1.239000
15945.001000,2.080000,1.236000
15946.001000,2.080000,1.240000
15947.001000,2.080000,1.240000
15948.001000,2.081000,1.236000
15949.001000,2.081000,1.237000
15950.001000,2.081000,1.238000
15951.001000,2.081000,1.237000
15952.001000,2.081000,1.241000
15953.001000,2.079000,1.242000
15954.001000,2.079000,1.241000
15955.001000,2.079000,1.243000
15956.001000,2.080000,1.242000
15957.001000,2.081000,1.247000
15958.001000,2.081000,1.243000
15959.001000,2.082000,1.238000
15960.001000,2.082000,1.241000
15961.001000,2.082000,1.235000
15962.001000,2.082000,1.240000
15963.001000,2.083000,1.245000
15964.001000,2.082000,1.241000
15965.001000,2.082000,1.248000
15966.001000,2.081000,1.245000
15967.001000,2.081000,1.243000
15968.001000,2.081000,1.239000
15969.001000,2.082000,1.240000
15970.001000,2.082000,1.237000
15971.001000,2.082000,1.242000
15972.001000,2.080000,1.240000
15973.001000,2.080000,1.241000
15974.001000,2.080000,1.243000
15975.001000,2.080000,1.241000
15976.001000,2.079000,1.244000
15977.001000,2.079000,1.247000
15978.001000,2.079000,1.242000
15979.001000,2.079000,1.245000
15980.001000,2.079000,1.240000
15981.001000,2.080000,1.249000
15982.001000,2.080000,1.241000
15983.001000,2.080000,1.238000
15984.001000,2.080000,1.242000
15985.001000,2.079000,1.244000
15986.001000,2.079000,1.238000
15987.001000,2.079000,1.238000
15988.001000,2.079000,1.240000
15989.001000,2.080000,1.246000
15990.001000,2.081000,1.247000
15991.001000,2.082000,1.255000
15992.001000,2.082000,1.245000
15993.001000,2.082000,1.243000
15994.001000,2.082000,1.253000
15995.001000,2.082000,1.244000
15996.001000,2.082000,1.243000
15997.001000,2.083000,1.243000
15998.001000,2.083000,1.249000
15999.001000,2.082000,1.247000
16000.001000,2.083000,1.243000
16001.001000,2.083000,1.246000
16002.001000,2.083000,1.252000
16003.001000,2.083000,1.259000
16004.001000,2.083000,1.252000
16005.001000,2.083000,1.252000
16006.001000,2.084000,1.252000
16007.001000,2.084000,1.246000
16008.001000,2.084000,1.250000
16009.001000,2.084000,1.257000
16010.001000,2.084000,1.250000
16011.001000,2.084000,1.251000
16012.001000,2.084000,1.253000
16013.001000,2.083000,1.252000
16014.001000,2.084000,1.257000
16015.001000,2.084000,1.253000
16016.001000,2.084000,1.262000
16017.001000,2.085000,1.264000
16018.001000,2.084000,1.256000
16019.001000,2.084000,1.257000
16020.001000,2.083000,1.256000
16021.001000,2.084000,1.263000
16022.001000,2.084000,1.262000
16023.001000,2.084000,1.266000
16024.001000,2.084000,1.264000
16025.001000,2.083000,1.254000
16026.001000,2.083000,1.262000
16027.001000,2.083000,1.263000
16028.001000,2.083000,1.259000
16029.001000,2.082000,1.257000
16030.001000,2.082000,1.247000
16031.001000,2.082000,1.244000
16032.001000,2.082000,1.243000
16033.001000,2.082000,1.244000
16034.001000,2.082000,1.245000
16035.001000,2.082000,1.245000
16036.001000,2.081000,1.252000
16037.001000,2.081000,1.257000
16038.001000,2.082000,1.253000
16039.001000,2.081000,1.248000
16040.001000,2.081000,1.252000
16041.001000,2.083000,1.246000
16042.001000,2.084000,1.253000
16043.001000,2.084000,1.253000
16044.001000,2.084000,1.251000
16045.001000,2.084000,1.251000
16046.001000,2.084000,1.254000
16047.001000,2.084000,1.257000
16048.001000,2.084000,1.259000
16049.001000,2.085000,1.253000
16050.001000,2.086000,1.251000
16051.001000,2.085000,1.250000
16052.001000,2.085000,1.254000
16053.001000,2.086000,1.255000
16054.001000,2.086000,1.251000
16055.001000,2.087000,1.256000
16056.001000,2.087000,1.258000
16057.001000,2.086000,1.259000
16058.001000,2.086000,1.253000
16059.001000,2.086000,1.260000
16060.001000,2.085000,1.256000
16061.001000,2.084000,1.260000
16062.001000,2.085000,1.255000
16063.001000,2.085000,1.258000
16064.001000,2.085000,1.256000
16065.001000,2.086000,1.258000
16066.001000,2.086000,1.266000
16067.001000,2.086000,1.256000
16068.001000,2.085000,1.257000
16069.001000,2.085000,1.264000
16070.001000,2.085000,1.255000
16071.001000,2.086000,1.260000
16072.001000,2.086000,1.263000
16073.001000,2.085000,1.254000
16074.001000,2.085000,1.265000
16075.001000,2.086000,1.261000
16076.001000,2.086000,1.259000
16077.001000,2.086000,1.262000
16078.001000,2.086000,1.247000
16079.001000,2.086000,1.246000
16080.001000,2.087000,1.247000
16081.001000,2.086000,1.244000
16082.001000,2.086000,1.243000
16083.001000,2.086000,1.245000
16084.001000,2.086000,1.244000
16085.001000,2.087000,1.244000
16086.001000,2.087000,1.242000
16087.001000,2.087000,1.243000
16088.001000,2.087000,1.243000
16089.001000,2.087000,1.241000
16090.001000,2.086000,1.241000
16091.001000,2.086000,1.241000
16092.001000,2.087000,1.245000
16093.001000,2.087000,1.241000
16094.001000,2.087000,1.249000
16095.001000,2.087000,1.243000
16096.001000,2.086000,1.244000
16097.001000,2.086000,1.245000
16098.001000,2.087000,1.248000
16099.001000,2.087000,1.238000
16100.001000,2.086000,1.245000
16101.001000,2.087000,1.249000
16102.001000,2.086000,1.249000
16103.001000,2.086000,1.245000
16104.001000,2.086000,1.244000
16105.001000,2.087000,1.246000
16106.001000,2.087000,1.244000
16107.001000,2.087000,1.246000
16108.001000,2.086000,1.251000
16109.001000,2.087000,1.252000
16110.001000,2.087000,1.254000
16111.001000,2.086000,1.255000
16112.001000,2.087000,1.255000
16113.001000,2.087000,1.248000
16114.001000,2.088000,1.250000
16115.001000,2.086000,1.251000
16116.001000,2.087000,1.256000
16117.001000,2.087000,1.257000
16118.001000,2.087000,1.259000
16119.001000,2.087000,1.263000
16120.001000,2.086000,1.259000
16121.001000,2.087000,1.261000
16122.001000,2.087000,1.264000
16123.001000,2.087000,1.260000
16124.001000,2.086000,1.260000
16125.001000,2.087000,1.267000
16126.001000,2.086000,1.260000
16127.001000,2.086000,1.263000
16128.001000,2.087000,1.260000
16129.001000,2.086000,1.261000
16130.001000,2.086000,1.258000
16131.001000,2.085000,1.262000
16132.001000,2.086000,1.263000
16133.001000,2.086000,1.255000
16134.001000,2.086000,1.264000
16135.001000,2.086000,1.263000
16136.001000,2.088000,1.261000
16137.001000,2.088000,1.257000
16138.001000,2.088000,1.266000
16139.001000,2.089000,1.262000
16140.001000,2.089000,1.265000
16141.001000,2.088000,1.266000
16142.001000,2.089000,1.263000
16143.001000,2.090000,1.267000
16144.001000,2.089000,1.268000
16145.001000,2.090000,1.264000
16146.001000,2.090000,1.263000
16147.001000,2.090000,1.265000
16148.001000,2.089000,1.268000
16149.001000,2.090000,1.273000
16150.001000,2.090000,1.272000
16151.001000,2.090000,1.273000
16152.001000,2.090000,1.273000
16153.001000,2.090000,1.272000
16154.001000,2.090000,1.272000
16155.001000,2.090000,1.271000
16156.001000,2.090000,1.276000
16157.001000,2.090000,1.273000
16158.001000,2.090000,1.271000
16159.001000,2.090000,1.270000
16160.001000,2.090000,1.269000
16161.001000,2.090000,1.274000
16162.001000,2.091000,1.271000
16163.001000,2.091000,1.270000
16164.001000,2.092000,1.274000
16165.001000,2.093000,1.275000
16166.001000,2.094000,1.269000
16167.001000,2.095000,1.258000
16168.001000,2.095000,1.265000
16169.001000,2.095000,1.261000
16170.001000,2.096000,1.259000
16171.001000,2.095000,1.251000
16172.001000,2.095000,1.249000
16173.001000,2.094000,1.250000
16174.001000,2.095000,1.250000
16175.001000,2.095000,1.252000
16176.001000,2.095000,1.256000
16177.001000,2.095000,1.251000
16178.001000,2.094000,1.251000
16179.001000,2.094000,1.253000
16180.001000,2.094000,1.252000
16181.001000,2.093000,1.254000
16182.001000,2.093000,1.257000
16183.001000,2.092000,1.254000
16184.001000,2.092000,1.253000
16185.001000,2.093000,1.254000
16186.001000,2.094000,1.254000
16187.001000,2.094000,1.255000
16188.001000,2.095000,1.257000
16189.001000,2.095000,1.255000
16190.001000,2.094000,1.269000
16191.001000,2.093000,1.275000
16192.001000,2.094000,1.275000
16193.001000,2.093000,1.276000
16194.001000,2.093000,1.283000
16195.001000,2.093000,1.276000
16196.001000,2.093000,1.279000
16197.001000,2.094000,1.278000
16198.001000,2.094000,1.275000
16199.001000,2.094000,1.277000
16200.001000,2.093000,1.287000
16201.001000,2.094000,1.280000
16202.001000,2.094000,1.283000
16203.001000,2.094000,1.281000
16204.001000,2.093000,1.285000
16205.001000,2.094000,1.281000
16206.001000,2.093000,1.279000
16207.001000,2.093000,1.281000
16208.001000,2.093000,1.282000
16209.001000,2.094000,1.285000
16210.001000,2.094000,1.281000
16211.001000,2.095000,1.283000
16212.001000,2.095000,1.283000
16213.001000,2.095000,1.282000
16214.001000,2.095000,1.281000
16215.001000,2.095000,1.278000
16216.001000,2.095000,1.280000
16217.001000,2.095000,1.278000
16218.001000,2.096000,1.275000
16219.001000,2.097000,1.275000
16220.001000,2.097000,1.274000
16221.001000,2.096000,1.281000
16222.001000,2.096000,1.289000
16223.001000,2.096000,1.285000
16224.001000,2.096000,1.277000
16225.001000,2.096000,1.276000
16226.001000,2.096000,1.283000
16227.001000,2.096000,1.283000
16228.001000,2.096000,1.287000
16229.001000,2.095000,1.285000
16230.001000,2.095000,1.282000
16231.001000,2.095000,1.286000
16232.001000,2.095000,1.280000
16233.001000,2.094000,1.282000
16234.001000,2.095000,1.283000
16235.001000,2.096000,1.284000
16236.001000,2.096000,1.280000
16237.001000,2.096000,1.275000
16238.001000,2.097000,1.278000
16239.001000,2.097000,1.287000
16240.001000,2.097000,1.286000
16241.001000,2.097000,1.286000
16242.001000,2.098000,1.280000
16243.001000,2.097000,1.286000
16244.001000,2.098000,1.281000
16245.001000,2.098000,1.290000
16246.001000,2.098000,1.284000
16247.001000,2.097000,1.287000
16248.001000,2.097000,1.289000
16249.001000,2.097000,1.279000
16250.001000,2.097000,1.283000
16251.001000,2.097000,1.283000
16252.001000,2.097000,1.287000
16253.001000,2.097000,1.287000
16254.001000,2.097000,1.284000
16255.001000,2.098000,1.283000
16256.001000,2.098000,1.281000
16257.001000,2.098000,1.285000
16258.001000,2.097000,1.286000
16259.001000,2.096000,1.279000
16260.001000,2.096000,1.287000
16261.001000,2.097000,1.283000
16262.001000,2.096000,1.284000
16263.001000,2.096000,1.280000
16264.001000,2.097000,1.283000
16265.001000,2.096000,1.279000
16266.001000,2.096000,1.284000
16267.001000,2.097000,1.288000
16268.001000,2.097000,1.280000
16269.001000,2.097000,1.285000
16270.001000,2.097000,1.284000
16271.001000,2.097000,1.284000
16272.001000,2.097000,1.289000
16273.001000,2.097000,1.280000
16274.001000,2.097000,1.277000
16275.001000,2.097000,1.266000
16276.001000,2.097000,1.270000
16277.001000,2.097000,1.279000
16278.001000,2.096000,1.255000
16279.001000,2.096000,1.261000
16280.001000,2.097000,1.255000
16281.001000,2.097000,1.255000
16282.001000,2.097000,1.263000
16283.001000,2.097000,1.257000
16284.001000,2.097000,1.264000
16285.001000,2.098000,1.262000
16286.001000,2.097000,1.261000
16287.001000,2.097000,1.259000
16288.001000,2.097000,1.259000
16289.001000,2.097000,1.259000
16290.001000,2.097000,1.264000
16291.001000,2.098000,1.264000
16292.001000,2.098000,1.267000
16293.001000,2.098000,1.264000
16294.001000,2.098000,1.269000
16295.001000,2.098000,1.265000
16296.001000,2.099000,1.274000
16297.001000,2.098000,1.268000
16298.001000,2.098000,1.267000
16299.001000,2.098000,1.268000
16300.001000,2.098000,1.267000
16301.001000,2.098000,1.266000
16302.001000,2.098000,1.265000
16303.001000,2.098000,1.263000
16304.001000,2.098000,1.261000
16305.001000,2.098000,1.266000
16306.001000,2.098000,1.265000
16307.001000,2.098000,1.262000
16308.001000,2.098000,1.267000
16309.001000,2.099000,1.262000
16310.001000,2.099000,1.267000
16311.001000,2.099000,1.261000
16312.001000,2.099000,1.265000
16313.001000,2.099000,1.267000
16314.001000,2.099000,1.273000
16315.001000,2.099000,1.264000
16316.001000,2.100000,1.263000
16317.001000,2.099000,1.272000
16318.001000,2.099000,1.264000
16319.001000,2.100000,1.265000
16320.001000,2.100000,1.268000
16321.001000,2.099000,1.262000
16322.001000,2.099000,1.259000
16323.001000,2.100000,1.263000
16324.001000,2.100000,1.264000
16325.001000,2.101000,1.267000
16326.001000,2.100000,1.267000
16327.001000,2.101000,1.266000
16328.001000,2.101000,1.271000
16329.001000,2.101000,1.264000
16330.001000,2.101000,1.264000
16331.001000,2.101000,1.260000
16332.001000,2.100000,1.265000
16333.001000,2.101000,1.268000
16334.001000,2.101000,1.265000
16335.001000,2.101000,1.265000
16336.001000,2.101000,1.270000
16337.001000,2.101000,1.265000
16338.001000,2.101000,1.263000
16339.001000,2.101000,1.260000
16340.001000,2.101000,1.266000
16341.001000,2.101000,1.265000
16342.001000,2.101000,1.268000
16343.001000,2.102000,1.265000
16344.001000,2.102000,1.266000
16345.001000,2.102000,1.263000
16346.001000,2.102000,1.260000
16347.001000,2.102000,1.265000
16348.001000,2.103000,1.270000
16349.001000,2.103000,1.268000
16350.001000,2.103000,1.263000
16351.001000,2.104000,1.269000
16352.001000,2.104000,1.265000
16353.001000,2.105000,1.262000
16354.001000,2.105000,1.261000
16355.001000,2.105000,1.264000
16356.001000,2.106000,1.262000
16357.001000,2.106000,1.263000
16358.001000,2.106000,1.263000
16359.001000,2.107000,1.270000
16360.001000,2.107000,1.266000
16361.001000,2.107000,1.268000
16362.001000,2.108000,1.272000
16363.001000,2.108000,1.279000
16364.001000,2.108000,1.275000
16365.001000,2.108000,1.273000
16366.001000,2.108000,1.284000
16367.001000,2.108000,1.279000
16368.001000,2.108000,1.283000
16369.001000,2.108000,1.286000
16370.001000,2.108000,1.277000
16371.001000,2.109000,1.282000
16372.001000,2.109000,1.281000
16373.001000,2.109000,1.288000
16374.001000,2.109000,1.290000
16375.001000,2.109000,1.292000
16376.001000,2.109000,1.294000
16377.001000,2.109000,1.295000
16378.001000,2.109000,1.292000
16379.001000,2.110000,1.294000
16380.001000,2.110000,1.292000
16381.001000,2.110000,1.296000
16382.001000,2.110000,1.299000
16383.001000,2.110000,1.304000
16384.001000,2.111000,1.293000
16385.001000,2.111000,1.304000
16386.001000,2.111000,1.299000
16387.001000,2.111000,1.307000
16388.001000,2.111000,1.300000
16389.001000,2.111000,1.301000
16390.001000,2.111000,1.296000
16391.001000,2.112000,1.300000
16392.001000,2.112000,1.280000
16393.001000,2.113000,1.279000
16394.001000,2.113000,1.281000
16395.001000,2.114000,1.290000
16396.001000,2.114000,1.286000
16397.001000,2.114000,1.275000
16398.001000,2.114000,1.280000
16399.001000,2.114000,1.276000
16400.001000,2.114000,1.277000
16401.001000,2.115000,1.276000
16402.001000,2.115000,1.276000
16403.001000,2.115000,1.277000
16404.001000,2.116000,1.272000
16405.001000,2.116000,1.280000
16406.001000,2.116000,1.279000
16407.001000,2.117000,1.280000
16408.001000,2.117000,1.276000
16409.001000,2.117000,1.275000
16410.001000,2.117000,1.274000
16411.001000,2.117000,1.276000
16412.001000,2.117000,1.274000
16413.001000,2.117000,1.275000
16414.001000,2.117000,1.278000
16415.001000,2.117000,1.279000
16416.001000,2.118000,1.281000
16417.001000,2.118000,1.279000
16418.001000,2.118000,1.274000
16419.001000,2.118000,1.279000
16420.001000,2.118000,1.273000
16421.001000,2.119000,1.279000
16422.001000,2.119000,1.272000
16423.001000,2.119000,1.277000
16424.001000,2.119000,1.277000
16425.001000,2.120000,1.273000
16426.001000,2.120000,1.275000
16427.001000,2.120000,1.276000
16428.001000,2.120000,1.270000
16429.001000,2.120000,1.269000
16430.001000,2.120000,1.277000
16431.001000,2.120000,1.270000
16432.001000,2.120000,1.281000
16433.001000,2.120000,1.281000
16434.001000,2.120000,1.274000
16435.001000,2.120000,1.276000
16436.001000,2.120000,1.274000
16437.001000,2.120000,1.280000
16438.001000,2.120000,1.276000
16439.001000,2.120000,1.276000
16440.001000,2.120000,1.275000
16441.001000,2.119000,1.281000
16442.001000,2.119000,1.276000
16443.001000,2.119000,1.273000
16444.001000,2.119000,1.273000
16445.001000,2.119000,1.276000
16446.001000,2.120000,1.279000
16447.001000,2.120000,1.276000
16448.001000,2.120000,1.277000
16449.001000,2.120000,1.277000
16450.001000,2.120000,1.277000
16451.001000,2.119000,1.276000
16452.001000,2.120000,1.271000
16453.001000,2.120000,1.276000
16454.001000,2.120000,1.272000
16455.001000,2.120000,1.274000
16456.001000,2.120000,1.275000
16457.001000,2.120000,1.271000
16458.001000,2.120000,1.274000
16459.001000,2.120000,1.274000
16460.001000,2.120000,1.277000
16461.001000,2.120000,1.281000
16462.001000,2.119000,1.277000
16463.001000,2.120000,1.278000
16464.001000,2.119000,1.279000
16465.001000,2.120000,1.279000
16466.001000,2.120000,1.283000
16467.001000,2.120000,1.293000
16468.001000,2.120000,1.288000
16469.001000,2.120000,1.290000
16470.001000,2.120000,1.287000
16471.001000,2.120000,1.286000
16472.001000,2.120000,1.286000
16473.001000,2.120000,1.284000
16474.001000,2.121000,1.284000
16475.001000,2.121000,1.284000
16476.001000,2.120000,1.283000
16477.001000,2.120000,1.286000
16478.001000,2.120000,1.280000
16479.001000,2.120000,1.283000
16480.001000,2.120000,1.285000
16481.001000,2.120000,1.279000
16482.001000,2.120000,1.281000
16483.001000,2.120000,1.287000
16484.001000,2.120000,1.282000
16485.001000,2.121000,1.281000
16486.001000,2.121000,1.273000
16487.001000,2.121000,1.279000
16488.001000,2.121000,1.282000
16489.001000,2.121000,1.284000
16490.001000,2.121000,1.282000
16491.001000,2.121000,1.277000
16492.001000,2.120000,1.278000
16493.001000,2.121000,1.279000
16494.001000,2.121000,1.282000
16495.001000,2.121000,1.279000
16496.001000,2.121000,1.273000
16497.001000,2.121000,1.284000
16498.001000,2.121000,1.289000
16499.001000,2.121000,1.287000
16500.001000,2.121000,1.283000
16501.001000,2.121000,1.281000
16502.001000,2.122000,1.286000
16503.001000,2.121000,1.289000
16504.001000,2.122000,1.289000
16505.001000,2.121000,1.288000
16506.001000,2.121000,1.288000
16507.001000,2.120000,1.289000
16508.001000,2.121000,1.290000
16509.001000,2.120000,1.292000
16510.001000,2.121000,1.291000
16511.001000,2.121000,1.292000
16512.001000,2.121000,1.294000
16513.001000,2.121000,1.292000
16514.001000,2.121000,1.290000
16515.001000,2.121000,1.292000
16516.001000,2.121000,1.290000
16517.001000,2.122000,1.290000
16518.001000,2.122000,1.293000
16519.001000,2.122000,1.291000
16520.001000,2.122000,1.294000
16521.001000,2.121000,1.294000
16522.001000,2.122000,1.292000
16523.001000,2.122000,1.294000
16524.001000,2.122000,1.300000
16525.001000,2.122000,1.298000
16526.001000,2.121000,1.293000
16527.001000,2.122000,1.294000
16528.001000,2.122000,1.289000
16529.001000,2.122000,1.288000
16530.001000,2.120000,1.295000
16531.001000,2.121000,1.289000
16532.001000,2.121000,1.297000
16533.001000,2.121000,1.296000
16534.001000,2.121000,1.298000
16535.001000,2.121000,1.297000
16536.001000,2.121000,1.298000
16537.001000,2.121000,1.300000
16538.001000,2.121000,1.297000
16539.001000,2.121000,1.301000
16540.001000,2.120000,1.298000
16541.001000,2.120000,1.294000
16542.001000,2.120000,1.293000
16543.001000,2.121000,1.294000
16544.001000,2.121000,1.295000
16545.001000,2.121000,1.290000
16546.001000,2.121000,1.290000
16547.001000,2.121000,1.290000
16548.001000,2.121000,1.290000
16549.001000,2.121000,1.293000
16550.001000,2.121000,1.289000
16551.001000,2.121000,1.292000
16552.001000,2.121000,1.288000
16553.001000,2.121000,1.297000
16554.001000,2.120000,1.294000
16555.001000,2.121000,1.293000
16556.001000,2.121000,1.297000
16557.001000,2.121000,1.296000
16558.001000,2.121000,1.298000
16559.001000,2.121000,1.291000
16560.001000,2.122000,1.298000
16561.001000,2.122000,1.299000
16562.001000,2.122000,1.304000
16563.001000,2.121000,1.300000
16564.001000,2.121000,1.299000
16565.001000,2.122000,1.293000
16566.001000,2.122000,1.297000
16567.001000,2.122000,1.295000
16568.001000,2.122000,1.297000
16569.001000,2.122000,1.292000
16570.001000,2.123000,1.296000
16571.001000,2.123000,1.296000
16572.001000,2.123000,1.296000
16573.001000,2.124000,1.297000
16574.001000,2.124000,1.298000
16575.001000,2.124000,1.298000
16576.001000,2.124000,1.296000
16577.001000,2.124000,1.298000
16578.001000,2.125000,1.297000
16579.001000,2.125000,1.294000
16580.001000,2.125000,1.293000
16581.001000,2.126000,1.295000
16582.001000,2.126000,1.296000
16583.001000,2.126000,1.301000
16584.001000,2.126000,1.301000
16585.001000,2.126000,1.293000
16586.001000,2.126000,1.299000
16587.001000,2.127000,1.295000
16588.001000,2.127000,1.296000
16589.001000,2.127000,1.299000
16590.001000,2.127000,1.287000
16591.001000,2.127000,1.296000
16592.001000,2.127000,1.296000
16593.001000,2.128000,1.296000
16594.001000,2.128000,1.295000
16595.001000,2.128000,1.290000
16596.001000,2.128000,1.291000
16597.001000,2.128000,1.283000
16598.001000,2.128000,1.281000
16599.001000,2.127000,1.291000
16600.001000,2.128000,1.284000
16601.001000,2.127000,1.281000
16602.001000,2.127000,1.280000
16603.001000,2.127000,1.281000
16604.001000,2.128000,1.286000
16605.001000,2.128000,1.287000
16606.001000,2.127000,1.285000
16607.001000,2.127000,1.284000
16608.001000,2.127000,1.292000
16609.001000,2.127000,1.295000
16610.001000,2.127000,1.290000
16611.001000,2.127000,1.289000
16612.001000,2.127000,1.294000
16613.001000,2.127000,1.299000
16614.001000,2.127000,1.290000
16615.001000,2.128000,1.305000
16616.001000,2.128000,1.306000
16617.001000,2.128000,1.303000
16618.001000,2.128000,1.302000
16619.001000,2.128000,1.302000
16620.001000,2.128000,1.306000
16621.001000,2.128000,1.304000
16622.001000,2.129000,1.303000
16623.001000,2.129000,1.302000
16624.001000,2.129000,1.303000
16625.001000,2.129000,1.299000
16626.001000,2.129000,1.301000
16627.001000,2.129000,1.297000
16628.001000,2.130000,1.297000
16629.001000,2.129000,1.300000
16630.001000,2.129000,1.305000
16631.001000,2.129000,1.296000
16632.001000,2.130000,1.294000
16633.001000,2.129000,1.291000
16634.001000,2.129000,1.298000
16635.001000,2.129000,1.287000
16636.001000,2.129000,1.288000
16637.001000,2.129000,1.283000
16638.001000,2.129000,1.288000
16639.001000,2.129000,1.288000
16640.001000,2.128000,1.288000
16641.001000,2.129000,1.288000
16642.001000,2.129000,1.287000
16643.001000,2.129000,1.281000
16644.001000,2.129000,1.290000
16645.001000,2.129000,1.292000
16646.001000,2.129000,1.296000
16647.001000,2.129000,1.297000
16648.001000,2.130000,1.294000
16649.001000,2.129000,1.296000
16650.001000,2.130000,1.295000
16651.001000,2.130000,1.289000
16652.001000,2.130000,1.296000
16653.001000,2.130000,1.297000
16654.001000,2.130000,1.296000
16655.001000,2.131000,1.294000
16656.001000,2.131000,1.288000
16657.001000,2.131000,1.289000
16658.001000,2.131000,1.285000
16659.001000,2.131000,1.291000
16660.001000,2.131000,1.297000
16661.001000,2.131000,1.302000
16662.001000,2.131000,1.293000
16663.001000,2.130000,1.297000
16664.001000,2.130000,1.287000
16665.001000,2.131000,1.286000
16666.001000,2.130000,1.287000
16667.001000,2.130000,1.287000
16668.001000,2.130000,1.293000
16669.001000,2.130000,1.288000
16670.001000,2.130000,1.291000
16671.001000,2.130000,1.293000
16672.001000,2.130000,1.298000
16673.001000,2.129000,1.285000
16674.001000,2.130000,1.291000
16675.001000,2.130000,1.286000
16676.001000,2.130000,1.298000
16677.001000,2.130000,1.298000
16678.001000,2.130000,1.296000
16679.001000,2.130000,1.297000
16680.001000,2.131000,1.297000
16681.001000,2.131000,1.302000
16682.001000,2.131000,1.296000
16683.001000,2.131000,1.303000
16684.001000,2.131000,1.302000
16685.001000,2.131000,1.299000
16686.001000,2.131000,1.302000
16687.001000,2.131000,1.305000
16688.001000,2.131000,1.297000
16689.001000,2.131000,1.298000
16690.001000,2.131000,1.295000
16691.001000,2.131000,1.296000
16692.001000,2.131000,1.299000
16693.001000,2.131000,1.299000
16694.001000,2.131000,1.298000
16695.001000,2.131000,1.300000
16696.001000,2.131000,1.293000
16697.001000,2.130000,1.290000
16698.001000,2.131000,1.296000
16699.001000,2.131000,1.289000
16700.001000,2.131000,1.292000
16701.001000,2.132000,1.291000
16702.001000,2.131000,1.295000
16703.001000,2.131000,1.292000
16704.001000,2.131000,1.293000
16705.001000,2.131000,1.291000
16706.001000,2.132000,1.298000
16707.001000,2.132000,1.293000
16708.001000,2.132000,1.291000
16709.001000,2.132000,1.297000
16710.001000,2.132000,1.294000
16711.001000,2.131000,1.289000
16712.001000,2.131000,1.294000
16713.001000,2.131000,1.287000
16714.001000,2.131000,1.285000
16715.001000,2.130000,1.291000
16716.001000,2.131000,1.290000
16717.001000,2.131000,1.291000
16718.001000,2.131000,1.292000
16719.001000,2.131000,1.292000
16720.001000,2.132000,1.293000
16721.001000,2.131000,1.290000
16722.001000,2.131000,1.293000
16723.001000,2.132000,1.292000
16724.001000,2.132000,1.297000
16725.001000,2.132000,1.294000
16726.001000,2.132000,1.295000
16727.001000,2.132000,1.295000
16728.001000,2.132000,1.296000
16729.001000,2.132000,1.297000
16730.001000,2.132000,1.293000
16731.001000,2.132000,1.289000
16732.001000,2.132000,1.295000
16733.001000,2.132000,1.293000
16734.001000,2.132000,1.289000
16735.001000,2.132000,1.298000
16736.001000,2.132000,1.298000
16737.001000,2.132000,1.289000
16738.001000,2.133000,1.289000
16739.001000,2.132000,1.298000
16740.001000,2.132000,1.295000
16741.001000,2.132000,1.294000
16742.001000,2.132000,1.293000
16743.001000,2.132000,1.295000
16744.001000,2.132000,1.291000
16745.001000,2.133000,1.299000
16746.001000,2.133000,1.289000
16747.001000,2.132000,1.290000
16748.001000,2.132000,1.295000
16749.001000,2.132000,1.296000
16750.001000,2.132000,1.299000
16751.001000,2.132000,1.296000
16752.001000,2.132000,1.300000
16753.001000,2.132000,1.300000
16754.001000,2.132000,1.297000
16755.001000,2.132000,1.297000
16756.001000,2.132000,1.299000
16757.001000,2.133000,1.299000
16758.001000,2.132000,1.304000
16759.001000,2.133000,1.303000
16760.001000,2.133000,1.308000
16761.001000,2.133000,1.306000
16762.001000,2.133000,1.302000
16763.001000,2.133000,1.298000
16764.001000,2.133000,1.304000
16765.001000,2.134000,1.303000
16766.001000,2.133000,1.298000
16767.001000,2.134000,1.298000
16768.001000,2.134000,1.299000
16769.001000,2.133000,1.305000
16770.001000,2.133000,1.305000
16771.001000,2.133000,1.305000
16772.001000,2.134000,1.301000
16773.001000,2.134000,1.299000
16774.001000,2.133000,1.302000
16775.001000,2.133000,1.298000
16776.001000,2.133000,1.295000
16777.001000,2.133000,1.299000
16778.001000,2.133000,1.297000
16779.001000,2.133000,1.301000
16780.001000,2.133000,1.297000
16781.001000,2.133000,1.296000
16782.001000,2.133000,1.300000
16783.001000,2.132000,1.300000
16784.001000,2.132000,1.299000
16785.001000,2.132000,1.302000
16786.001000,2.132000,1.295000
16787.001000,2.132000,1.296000
16788.001000,2.132000,1.293000
16789.001000,2.133000,1.296000
16790.001000,2.133000,1.295000
16791.001000,2.132000,1.293000
16792.001000,2.132000,1.298000
16793.001000,2.132000,1.297000
16794.001000,2.132000,1.293000
16795.001000,2.133000,1.294000
16796.001000,2.133000,1.292000
16797.001000,2.133000,1.304000
16798.001000,2.133000,1.300000
16799.001000,2.133000,1.296000
16800.001000,2.133000,1.300000
16801.001000,2.133000,1.300000
16802.001000,2.133000,1.299000
16803.001000,2.133000,1.297000
16804.001000,2.133000,1.294000
16805.001000,2.134000,1.292000
16806.001000,2.134000,1.300000
16807.001000,2.134000,1.294000
16808.001000,2.135000,1.294000
16809.001000,2.135000,1.294000
16810.001000,2.134000,1.296000
16811.001000,2.134000,1.294000
16812.001000,2.135000,1.299000
16813.001000,2.135000,1.299000
16814.001000,2.135000,1.296000
16815.001000,2.135000,1.296000
16816.001000,2.135000,1.298000
16817.001000,2.134000,1.296000
16818.001000,2.134000,1.298000
16819.001000,2.134000,1.296000
16820.001000,2.134000,1.303000
16821.001000,2.134000,1.300000
16822.001000,2.134000,1.299000
16823.001000,2.134000,1.291000
16824.001000,2.134000,1.295000
16825.001000,2.134000,1.298000
16826.001000,2.134000,1.291000
16827.001000,2.134000,1.292000
16828.001000,2.133000,1.291000
16829.001000,2.133000,1.294000
16830.001000,2.133000,1.295000
16831.001000,2.133000,1.293000
16832.001000,2.133000,1.290000
16833.001000,2.133000,1.294000
16834.001000,2.133000,1.292000
16835.001000,2.133000,1.300000
16836.001000,2.134000,1.296000
16837.001000,2.134000,1.295000
16838.001000,2.134000,1.297000
16839.001000,2.134000,1.298000
16840.001000,2.134000,1.300000
16841.001000,2.134000,1.301000
16842.001000,2.134000,1.299000
16843.001000,2.134000,1.305000
16844.001000,2.134000,1.303000
16845.001000,2.134000,1.300000
16846.001000,2.134000,1.303000
16847.001000,2.134000,1.297000
16848.001000,2.134000,1.305000
16849.001000,2.134000,1.297000
16850.001000,2.134000,1.297000
16851.001000,2.133000,1.295000
16852.001000,2.133000,1.293000
16853.001000,2.133000,1.298000
16854.001000,2.133000,1.300000
16855.001000,2.133000,1.296000
16856.001000,2.133000,1.294000
16857.001000,2.133000,1.291000
16858.001000,2.133000,1.295000
16859.001000,2.132000,1.292000
16860.001000,2.132000,1.298000
16861.001000,2.132000,1.296000
16862.001000,2.132000,1.297000
16863.001000,2.132000,1.300000
16864.001000,2.132000,1.297000
16865.001000,2.132000,1.298000
16866.001000,2.132000,1.298000
16867.001000,2.132000,1.291000
16868.001000,2.132000,1.289000
16869.001000,2.133000,1.293000
16870.001000,2.132000,1.291000
16871.001000,2.133000,1.293000
16872.001000,2.133000,1.290000
16873.001000,2.133000,1.294000
16874.001000,2.134000,1.297000
16875.001000,2.134000,1.291000
16876.001000,2.134000,1.294000
16877.001000,2.134000,1.295000
16878.001000,2.134000,1.293000
16879.001000,2.134000,1.295000
16880.001000,2.133000,1.297000
16881.001000,2.133000,1.295000
16882.001000,2.134000,1.296000
16883.001000,2.134000,1.294000
16884.001000,2.134000,1.295000
16885.001000,2.134000,1.297000
16886.001000,2.134000,1.297000
16887.001000,2.134000,1.297000
16888.001000,2.134000,1.296000
16889.001000,2.134000,1.301000
16890.001000,2.135000,1.301000
16891.001000,2.135000,1.296000
16892.001000,2.134000,1.294000
16893.001000,2.134000,1.297000
16894.001000,2.134000,1.296000
16895.001000,2.133000,1.298000
16896.001000,2.132000,1.293000
16897.001000,2.133000,1.295000
16898.001000,2.133000,1.294000
16899.001000,2.134000,1.292000
16900.001000,2.134000,1.291000
16901.001000,2.134000,1.290000
16902.001000,2.133000,1.289000
16903.001000,2.134000,1.293000
16904.001000,2.134000,1.293000
16905.001000,2.134000,1.303000
16906.001000,2.134000,1.298000
16907.001000,2.134000,1.298000
16908.001000,2.134000,1.294000
16909.001000,2.135000,1.298000
16910.001000,2.134000,1.299000
16911.001000,2.135000,1.298000
16912.001000,2.135000,1.298000
16913.001000,2.135000,1.294000
16914.001000,2.135000,1.298000
16915.001000,2.135000,1.298000
16916.001000,2.135000,1.299000
16917.001000,2.135000,1.297000
16918.001000,2.134000,1.296000
16919.001000,2.134000,1.294000
16920.001000,2.134000,1.289000
16921.001000,2.134000,1.293000
16922.001000,2.135000,1.297000
16923.001000,2.135000,1.295000
16924.001000,2.135000,1.288000
16925.001000,2.135000,1.297000
16926.001000,2.135000,1.304000
16927.001000,2.135000,1.305000
16928.001000,2.134000,1.310000
16929.001000,2.134000,1.303000
16930.001000,2.134000,1.301000
16931.001000,2.135000,1.301000
16932.001000,2.135000,1.298000
16933.001000,2.135000,1.303000
16934.001000,2.135000,1.302000
16935.001000,2.135000,1.302000
16936.001000,2.135000,1.304000
16937.001000,2.136000,1.306000
16938.001000,2.134000,1.301000
16939.001000,2.134000,1.303000
16940.001000,2.134000,1.304000
16941.001000,2.134000,1.304000
16942.001000,2.134000,1.308000
16943.001000,2.134000,1.300000
16944.001000,2.134000,1.300000
16945.001000,2.134000,1.305000
16946.001000,2.134000,1.307000
16947.001000,2.134000,1.305000
16948.001000,2.134000,1.305000
16949.001000,2.133000,1.308000
16950.001000,2.133000,1.307000
16951.001000,2.133000,1.302000
16952.001000,2.134000,1.304000
16953.001000,2.134000,1.300000
16954.001000,2.134000,1.295000
16955.001000,2.133000,1.297000
16956.001000,2.134000,1.298000
16957.001000,2.134000,1.300000
16958.001000,2.134000,1.299000
16959.001000,2.134000,1.299000
16960.001000,2.134000,1.298000
16961.001000,2.134000,1.295000
16962.001000,2.134000,1.297000
16963.001000,2.135000,1.301000
16964.001000,2.135000,1.299000
16965.001000,2.135000,1.298000
16966.001000,2.135000,1.299000
16967.001000,2.135000,1.292000
16968.001000,2.135000,1.297000
16969.001000,2.135000,1.295000
16970.001000,2.134000,1.296000
16971.001000,2.135000,1.292000
16972.001000,2.135000,1.293000
16973.001000,2.134000,1.294000
16974.001000,2.134000,1.291000
16975.001000,2.135000,1.290000
16976.001000,2.134000,1.293000
16977.001000,2.135000,1.294000
16978.001000,2.135000,1.286000
16979.001000,2.135000,1.284000
16980.001000,2.135000,1.289000
16981.001000,2.135000,1.290000
16982.001000,2.135000,1.293000
16983.001000,2.136000,1.292000
16984.001000,2.136000,1.294000
16985.001000,2.136000,1.293000
16986.001000,2.136000,1.295000
16987.001000,2.136000,1.293000
16988.001000,2.136000,1.292000
16989.001000,2.136000,1.296000
16990.001000,2.135000,1.291000
16991.001000,2.136000,1.293000
16992.001000,2.136000,1.298000
16993.001000,2.136000,1.296000
16994.001000,2.136000,1.298000
16995.001000,2.136000,1.293000
16996.001000,2.136000,1.295000
16997.001000,2.136000,1.289000
16998.001000,2.136000,1.292000
16999.001000,2.136000,1.290000
17000.001000,2.136000,1.295000
17001.001000,2.137000,1.289000
17002.001000,2.137000,1.286000
17003.001000,2.137000,1.296000
17004.001000,2.136000,1.296000
17005.001000,2.136000,1.299000
17006.001000,2.136000,1.300000
17007.001000,2.136000,1.293000
17008.001000,2.136000,1.292000
17009.001000,2.137000,1.295000
17010.001000,2.137000,1.297000
17011.001000,2.137000,1.293000
17012.001000,2.137000,1.298000
17013.001000,2.137000,1.312000
17014.001000,2.137000,1.319000
17015.001000,2.137000,1.317000
17016.001000,2.136000,1.307000
17017.001000,2.136000,1.312000
17018.001000,2.136000,1.305000
17019.001000,2.136000,1.323000
17020.001000,2.136000,1.308000
17021.001000,2.135000,1.318000
17022.001000,2.135000,1.315000
17023.001000,2.135000,1.315000
17024.001000,2.135000,1.311000
17025.001000,2.134000,1.316000
17026.001000,2.133000,1.305000
17027.001000,2.134000,1.314000
17028.001000,2.134000,1.313000
17029.001000,2.134000,1.315000
17030.001000,2.134000,1.321000
17031.001000,2.135000,1.322000
17032.001000,2.135000,1.313000
17033.001000,2.134000,1.318000
17034.001000,2.134000,1.315000
17035.001000,2.134000,1.316000
17036.001000,2.134000,1.313000
17037.001000,2.135000,1.316000
17038.001000,2.135000,1.316000
17039.001000,2.135000,1.310000
17040.001000,2.135000,1.313000
17041.001000,2.136000,1.317000
17042.001000,2.136000,1.321000
17043.001000,2.136000,1.315000
17044.001000,2.135000,1.317000
17045.001000,2.134000,1.319000
17046.001000,2.135000,1.317000
17047.001000,2.135000,1.314000
17048.001000,2.136000,1.308000
17049.001000,2.136000,1.309000
17050.001000,2.134000,1.314000
17051.001000,2.134000,1.312000
17052.001000,2.134000,1.311000
17053.001000,2.132000,1.313000
17054.001000,2.130000,1.304000
17055.001000,2.130000,1.305000
17056.001000,2.130000,1.310000
17057.001000,2.130000,1.312000
17058.001000,2.131000,1.309000
17059.001000,2.130000,1.311000
17060.001000,2.130000,1.312000
17061.001000,2.130000,1.317000
17062.001000,2.131000,1.318000
17063.001000,2.131000,1.320000
17064.001000,2.131000,1.314000
17065.001000,2.131000,1.312000
17066.001000,2.131000,1.317000
17067.001000,2.131000,1.314000
17068.001000,2.132000,1.321000
17069.001000,2.132000,1.317000
17070.001000,2.132000,1.316000
17071.001000,2.132000,1.314000
17072.001000,2.133000,1.317000
17073.001000,2.133000,1.316000
17074.001000,2.132000,1.306000
17075.001000,2.133000,1.309000
17076.001000,2.133000,1.314000
17077.001000,2.133000,1.313000
17078.001000,2.133000,1.314000
17079.001000,2.133000,1.314000
17080.001000,2.134000,1.310000
17081.001000,2.134000,1.314000
17082.001000,2.134000,1.310000
17083.001000,2.134000,1.315000
17084.001000,2.134000,1.314000
17085.001000,2.134000,1.310000
17086.001000,2.134000,1.313000
17087.001000,2.133000,1.308000
17088.001000,2.133000,1.314000
17089.001000,2.133000,1.319000
17090.001000,2.133000,1.317000
17091.001000,2.133000,1.318000
17092.001000,2.133000,1.312000
17093.001000,2.134000,1.319000
17094.001000,2.134000,1.318000
17095.001000,2.134000,1.320000
17096.001000,2.134000,1.316000
17097.001000,2.134000,1.318000
17098.001000,2.134000,1.320000
17099.001000,2.134000,1.315000
17100.001000,2.134000,1.316000
17101.001000,2.134000,1.317000
17102.001000,2.134000,1.316000
17103.001000,2.134000,1.316000
17104.001000,2.134000,1.314000
17105.001000,2.134000,1.318000
17106.001000,2.135000,1.315000
17107.001000,2.135000,1.315000
17108.001000,2.135000,1.310000
17109.001000,2.135000,1.305000
17110.001000,2.135000,1.309000
17111.001000,2.135000,1.313000
17112.001000,2.135000,1.308000
17113.001000,2.135000,1.299000
17114.001000,2.135000,1.286000
17115.001000,2.134000,1.289000
17116.001000,2.134000,1.285000
17117.001000,2.134000,1.289000
17118.001000,2.133000,1.299000
17119.001000,2.134000,1.295000
17120.001000,2.134000,1.303000
17121.001000,2.134000,1.304000
17122.001000,2.134000,1.283000
17123.001000,2.134000,1.293000
17124.001000,2.134000,1.287000
17125.001000,2.134000,1.284000
17126.001000,2.134000,1.292000
17127.001000,2.134000,1.292000
17128.001000,2.134000,1.299000
17129.001000,2.134000,1.290000
17130.001000,2.134000,1.289000
17131.001000,2.133000,1.296000
17132.001000,2.133000,1.292000
17133.001000,2.133000,1.291000
17134.001000,2.133000,1.291000
17135.001000,2.133000,1.285000
17136.001000,2.133000,1.297000
17137.001000,2.133000,1.302000
17138.001000,2.133000,1.287000
17139.001000,2.133000,1.291000
17140.001000,2.133000,1.294000
17141.001000,2.133000,1.285000
17142.001000,2.133000,1.283000
17143.001000,2.133000,1.283000
17144.001000,2.133000,1.291000
17145.001000,2.133000,1.288000
17146.001000,2.133000,1.288000
17147.001000,2.133000,1.286000
17148.001000,2.133000,1.289000
17149.001000,2.132000,1.289000
17150.001000,2.132000,1.293000
17151.001000,2.132000,1.286000
17152.001000,2.132000,1.292000
17153.001000,2.132000,1.293000
17154.001000,2.132000,1.288000
17155.001000,2.132000,1.284000
17156.001000,2.132000,1.291000
17157.001000,2.132000,1.289000
17158.001000,2.132000,1.288000
17159.001000,2.132000,1.288000
17160.001000,2.131000,1.288000
17161.001000,2.132000,1.289000
17162.001000,2.131000,1.289000
17163.001000,2.131000,1.291000
17164.001000,2.131000,1.292000
17165.001000,2.130000,1.292000
17166.001000,2.130000,1.292000
17167.001000,2.130000,1.288000
17168.001000,2.130000,1.289000
17169.001000,2.130000,1.287000
17170.001000,2.130000,1.287000
17171.001000,2.130000,1.287000
17172.001000,2.130000,1.288000
17173.001000,2.129000,1.291000
17174.001000,2.129000,1.293000
17175.001000,2.130000,1.285000
17176.001000,2.129000,1.288000
17177.001000,2.129000,1.289000
17178.001000,2.128000,1.293000
17179.001000,2.128000,1.292000
17180.001000,2.128000,1.289000
17181.001000,2.128000,1.291000
17182.001000,2.128000,1.295000
17183.001000,2.128000,1.292000
17184.001000,2.128000,1.292000
17185.001000,2.129000,1.291000
17186.001000,2.129000,1.293000
17187.001000,2.128000,1.294000
17188.001000,2.126000,1.290000
17189.001000,2.126000,1.287000
17190.001000,2.126000,1.291000
17191.001000,2.126000,1.293000
17192.001000,2.126000,1.285000
17193.001000,2.125000,1.287000
17194.001000,2.125000,1.287000
17195.001000,2.125000,1.283000
17196.001000,2.125000,1.288000
17197.001000,2.125000,1.287000
17198.001000,2.125000,1.289000
17199.001000,2.125000,1.290000
17200.001000,2.125000,1.293000
17201.001000,2.126000,1.291000
17202.001000,2.125000,1.289000
17203.001000,2.125000,1.285000
17204.001000,2.125000,1.290000
17205.001000,2.125000,1.291000
17206.001000,2.125000,1.291000
17207.001000,2.126000,1.287000
17208.001000,2.125000,1.292000
17209.001000,2.125000,1.291000
17210.001000,2.125000,1.288000
17211.001000,2.125000,1.282000
17212.001000,2.124000,1.285000
17213.001000,2.125000,1.284000
17214.001000,2.124000,1.288000
17215.001000,2.124000,1.285000
17216.001000,2.124000,1.281000
17217.001000,2.123000,1.281000
17218.001000,2.123000,1.281000
17219.001000,2.123000,1.285000
17220.001000,2.123000,1.287000
17221.001000,2.122000,1.286000
17222.001000,2.121000,1.288000
17223.001000,2.121000,1.290000
17224.001000,2.120000,1.280000
17225.001000,2.120000,1.282000
17226.001000,2.119000,1.283000
17227.001000,2.119000,1.279000
17228.001000,2.119000,1.283000
17229.001000,2.119000,1.284000
17230.001000,2.119000,1.279000
17231.001000,2.119000,1.280000
17232.001000,2.119000,1.282000
17233.001000,2.120000,1.290000
17234.001000,2.119000,1.284000
17235.001000,2.120000,1.283000
17236.001000,2.119000,1.285000
17237.001000,2.119000,1.285000
17238.001000,2.119000,1.284000
17239.001000,2.119000,1.291000
17240.001000,2.119000,1.292000
17241.001000,2.119000,1.292000
17242.001000,2.119000,1.286000
17243.001000,2.119000,1.294000
17244.001000,2.119000,1.297000
17245.001000,2.119000,1.296000
17246.001000,2.118000,1.292000
17247.001000,2.118000,1.293000
17248.001000,2.119000,1.289000
17249.001000,2.119000,1.292000
17250.001000,2.119000,1.293000
17251.001000,2.119000,1.298000
17252.001000,2.119000,1.297000
17253.001000,2.119000,1.291000
17254.001000,2.120000,1.296000
17255.001000,2.120000,1.294000
17256.001000,2.119000,1.287000
17257.001000,2.119000,1.287000
17258.001000,2.119000,1.294000
17259.001000,2.118000,1.288000
17260.001000,2.117000,1.289000
17261.001000,2.117000,1.291000
17262.001000,2.118000,1.291000
17263.001000,2.118000,1.290000
17264.001000,2.118000,1.291000
17265.001000,2.118000,1.286000
17266.001000,2.118000,1.289000
17267.001000,2.118000,1.292000
17268.001000,2.118000,1.291000
17269.001000,2.118000,1.290000
17270.001000,2.118000,1.299000
17271.001000,2.118000,1.303000
17272.001000,2.118000,1.295000
17273.001000,2.118000,1.294000
17274.001000,2.117000,1.292000
17275.001000,2.117000,1.297000
17276.001000,2.118000,1.290000
17277.001000,2.119000,1.293000
17278.001000,2.118000,1.299000
17279.001000,2.118000,1.300000
17280.001000,2.118000,1.299000
17281.001000,2.119000,1.309000
17282.001000,2.119000,1.306000
17283.001000,2.119000,1.291000
17284.001000,2.118000,1.291000
17285.001000,2.117000,1.301000
17286.001000,2.118000,1.301000
17287.001000,2.119000,1.309000
17288.001000,2.120000,1.317000
17289.001000,2.119000,1.313000
17290.001000,2.119000,1.317000
17291.001000,2.120000,1.314000
17292.001000,2.120000,1.324000
17293.001000,2.119000,1.314000
17294.001000,2.119000,1.312000
17295.001000,2.119000,1.318000
17296.001000,2.119000,1.316000
17297.001000,2.120000,1.319000
17298.001000,2.120000,1.314000
17299.001000,2.120000,1.314000
17300.001000,2.121000,1.313000
17301.001000,2.120000,1.312000
17302.001000,2.120000,1.312000
17303.001000,2.119000,1.311000
17304.001000,2.120000,1.308000
17305.001000,2.120000,1.311000
17306.001000,2.119000,1.316000
17307.001000,2.120000,1.316000
17308.001000,2.120000,1.312000
17309.001000,2.120000,1.317000
17310.001000,2.120000,1.316000
17311.001000,2.120000,1.318000
17312.001000,2.120000,1.315000
17313.001000,2.119000,1.318000
17314.001000,2.119000,1.325000
17315.001000,2.120000,1.313000
17316.001000,2.120000,1.313000
17317.001000,2.119000,1.315000
17318.001000,2.119000,1.313000
17319.001000,2.118000,1.314000
17320.001000,2.119000,1.314000
17321.001000,2.120000,1.313000
17322.001000,2.119000,1.309000
17323.001000,2.120000,1.312000
17324.001000,2.119000,1.306000
17325.001000,2.119000,1.319000
17326.001000,2.119000,1.320000
17327.001000,2.120000,1.319000
17328.001000,2.119000,1.323000
17329.001000,2.120000,1.320000
17330.001000,2.119000,1.316000
17331.001000,2.119000,1.314000
17332.001000,2.118000,1.318000
17333.001000,2.118000,1.318000
17334.001000,2.119000,1.315000
17335.001000,2.120000,1.314000
17336.001000,2.120000,1.315000
17337.001000,2.119000,1.320000
17338.001000,2.120000,1.306000
17339.001000,2.119000,1.313000
17340.001000,2.118000,1.317000
17341.001000,2.120000,1.317000
17342.001000,2.118000,1.312000
17343.001000,2.118000,1.313000
17344.001000,2.119000,1.319000
17345.001000,2.119000,1.312000
17346.001000,2.120000,1.313000
17347.001000,2.120000,1.324000
17348.001000,2.120000,1.316000
17349.001000,2.118000,1.314000
17350.001000,2.119000,1.310000
17351.001000,2.119000,1.310000
17352.001000,2.119000,1.311000
17353.001000,2.119000,1.308000
17354.001000,2.119000,1.306000
17355.001000,2.119000,1.309000
17356.001000,2.119000,1.310000
17357.001000,2.119000,1.310000
17358.001000,2.119000,1.314000
17359.001000,2.119000,1.307000
17360.001000,2.118000,1.303000
17361.001000,2.119000,1.305000
17362.001000,2.119000,1.310000
17363.001000,2.120000,1.304000
17364.001000,2.120000,1.308000
17365.001000,2.120000,1.301000
17366.001000,2.120000,1.305000
17367.001000,2.121000,1.300000
17368.001000,2.121000,1.307000
17369.001000,2.121000,1.310000
17370.001000,2.121000,1.310000
17371.001000,2.121000,1.310000
17372.001000,2.121000,1.306000
17373.001000,2.121000,1.310000
17374.001000,2.122000,1.313000
17375.001000,2.122000,1.320000
17376.001000,2.122000,1.309000
17377.001000,2.122000,1.310000
17378.001000,2.122000,1.306000
17379.001000,2.123000,1.307000
17380.001000,2.122000,1.309000
17381.001000,2.121000,1.308000
17382.001000,2.121000,1.303000
17383.001000,2.120000,1.308000
17384.001000,2.121000,1.306000
17385.001000,2.121000,1.310000
17386.001000,2.121000,1.309000
17387.001000,2.121000,1.313000
17388.001000,2.121000,1.313000
17389.001000,2.121000,1.310000
17390.001000,2.121000,1.309000
17391.001000,2.121000,1.316000
17392.001000,2.121000,1.322000
17393.001000,2.122000,1.313000
17394.001000,2.121000,1.312000
17395.001000,2.120000,1.316000
17396.001000,2.119000,1.317000
17397.001000,2.118000,1.319000
17398.001000,2.118000,1.316000
17399.001000,2.120000,1.320000
17400.001000,2.121000,1.317000
17401.001000,2.121000,1.313000
17402.001000,2.121000,1.317000
17403.001000,2.120000,1.317000
17404.001000,2.121000,1.316000
17405.001000,2.121000,1.313000
17406.001000,2.122000,1.316000
17407.001000,2.122000,1.312000
17408.001000,2.121000,1.316000
17409.001000,2.121000,1.315000
17410.001000,2.121000,1.319000
17411.001000,2.121000,1.312000
17412.001000,2.122000,1.319000
17413.001000,2.121000,1.311000
17414.001000,2.121000,1.313000
17415.001000,2.121000,1.316000
17416.001000,2.122000,1.314000
17417.001000,2.122000,1.312000
17418.001000,2.121000,1.318000
17419.001000,2.121000,1.313000
17420.001000,2.122000,1.319000
17421.001000,2.123000,1.313000
17422.001000,2.122000,1.317000
17423.001000,2.122000,1.310000
17424.001000,2.122000,1.311000
17425.001000,2.123000,1.314000
17426.001000,2.123000,1.317000
17427.001000,2.123000,1.316000
17428.001000,2.123000,1.319000
17429.001000,2.123000,1.322000
17430.001000,2.123000,1.319000
17431.001000,2.123000,1.320000
17432.001000,2.123000,1.315000
17433.001000,2.122000,1.324000
17434.001000,2.122000,1.321000
17435.001000,2.123000,1.327000
17436.001000,2.123000,1.321000
17437.001000,2.123000,1.320000
17438.001000,2.123000,1.323000
17439.001000,2.123000,1.316000
17440.001000,2.123000,1.322000
17441.001000,2.124000,1.322000
17442.001000,2.123000,1.321000
17443.001000,2.123000,1.318000
17444.001000,2.123000,1.320000
17445.001000,2.123000,1.318000
17446.001000,2.123000,1.323000
17447.001000,2.123000,1.316000
17448.001000,2.123000,1.318000
17449.001000,2.123000,1.324000
17450.001000,2.123000,1.325000
17451.001000,2.123000,1.315000
17452.001000,2.124000,1.324000
17453.001000,2.124000,1.324000
17454.001000,2.124000,1.322000
17455.001000,2.124000,1.326000
17456.001000,2.124000,1.322000
17457.001000,2.124000,1.318000
17458.001000,2.124000,1.315000
17459.001000,2.123000,1.317000
17460.001000,2.123000,1.316000
17461.001000,2.123000,1.318000
17462.001000,2.123000,1.319000
17463.001000,2.123000,1.313000
17464.001000,2.122000,1.318000
17465.001000,2.123000,1.316000
17466.001000,2.123000,1.312000
17467.001000,2.123000,1.321000
17468.001000,2.123000,1.317000
17469.001000,2.124000,1.314000
17470.001000,2.124000,1.318000
17471.001000,2.124000,1.307000
17472.001000,2.124000,1.315000
17473.001000,2.123000,1.312000
17474.001000,2.124000,1.317000
17475.001000,2.124000,1.315000
17476.001000,2.124000,1.318000
17477.001000,2.124000,1.312000
17478.001000,2.124000,1.316000
17479.001000,2.124000,1.317000
17480.001000,2.124000,1.317000
17481.001000,2.125000,1.318000
17482.001000,2.125000,1.323000
17483.001000,2.125000,1.307000
17484.001000,2.125000,1.310000
17485.001000,2.125000,1.298000
17486.001000,2.125000,1.304000
17487.001000,2.125000,1.309000
17488.001000,2.125000,1.313000
17489.001000,2.125000,1.312000
17490.001000,2.125000,1.323000
17491.001000,2.126000,1.325000
17492.001000,2.125000,1.315000
17493.001000,2.125000,1.322000
17494.001000,2.125000,1.315000
17495.001000,2.125000,1.309000
17496.001000,2.125000,1.302000
17497.001000,2.125000,1.291000
17498.001000,2.125000,1.291000
17499.001000,2.124000,1.289000
17500.001000,2.124000,1.294000
17501.001000,2.124000,1.293000
17502.001000,2.125000,1.293000
17503.001000,2.125000,1.295000
17504.001000,2.124000,1.292000
17505.001000,2.124000,1.297000
17506.001000,2.124000,1.294000
17507.001000,2.123000,1.300000
17508.001000,2.123000,1.293000
17509.001000,2.123000,1.294000
17510.001000,2.123000,1.293000
17511.001000,2.123000,1.298000
17512.001000,2.124000,1.293000
17513.001000,2.124000,1.301000
17514.001000,2.124000,1.295000
17515.001000,2.124000,1.293000
17516.001000,2.124000,1.300000
17517.001000,2.125000,1.299000
17518.001000,2.125000,1.303000
17519.001000,2.125000,1.304000
17520.001000,2.125000,1.306000
17521.001000,2.125000,1.298000
17522.001000,2.125000,1.303000
17523.001000,2.125000,1.296000
17524.001000,2.126000,1.302000
17525.001000,2.126000,1.298000
17526.001000,2.125000,1.300000
17527.001000,2.124000,1.296000
17528.001000,2.125000,1.303000
17529.001000,2.125000,1.300000
17530.001000,2.125000,1.298000
17531.001000,2.126000,1.304000
17532.001000,2.126000,1.305000
17533.001000,2.126000,1.308000
17534.001000,2.126000,1.307000
17535.001000,2.127000,1.305000
17536.001000,2.127000,1.303000
17537.001000,2.127000,1.301000
17538.001000,2.127000,1.301000
17539.001000,2.127000,1.305000
17540.001000,2.127000,1.304000
17541.001000,2.127000,1.303000
17542.001000,2.127000,1.305000
17543.001000,2.127000,1.300000
17544.001000,2.128000,1.298000
17545.001000,2.128000,1.300000
17546.001000,2.128000,1.297000
17547.001000,2.128000,1.296000
17548.001000,2.128000,1.297000
17549.001000,2.129000,1.300000
17550.001000,2.129000,1.299000
17551.001000,2.129000,1.299000
17552.001000,2.129000,1.303000
17553.001000,2.130000,1.307000
17554.001000,2.130000,1.303000
17555.001000,2.130000,1.300000
17556.001000,2.130000,1.304000
17557.001000,2.130000,1.297000
17558.001000,2.130000,1.298000
17559.001000,2.130000,1.303000
17560.001000,2.130000,1.300000
17561.001000,2.129000,1.302000
17562.001000,2.130000,1.307000
17563.001000,2.130000,1.303000
17564.001000,2.130000,1.303000
17565.001000,2.130000,1.306000
17566.001000,2.130000,1.300000
17567.001000,2.129000,1.307000
17568.001000,2.129000,1.305000
17569.001000,2.129000,1.301000
17570.001000,2.129000,1.300000
17571.001000,2.129000,1.296000
17572.001000,2.129000,1.300000
17573.001000,2.129000,1.300000
17574.001000,2.129000,1.303000
17575.001000,2.129000,1.295000
17576.001000,2.130000,1.304000
17577.001000,2.129000,1.299000
17578.001000,2.130000,1.299000
17579.001000,2.130000,1.306000
17580.001000,2.130000,1.305000
17581.001000,2.130000,1.302000
17582.001000,2.130000,1.302000
17583.001000,2.130000,1.296000
17584.001000,2.130000,1.303000
17585.001000,2.130000,1.305000
17586.001000,2.130000,1.307000
17587.001000,2.130000,1.306000
17588.001000,2.130000,1.308000
17589.001000,2.130000,1.313000
17590.001000,2.129000,1.304000
17591.001000,2.129000,1.305000
17592.001000,2.130000,1.308000
17593.001000,2.130000,1.306000
17594.001000,2.129000,1.309000
17595.001000,2.129000,1.311000
17596.001000,2.129000,1.309000
17597.001000,2.129000,1.308000
17598.001000,2.130000,1.309000
17599.001000,2.130000,1.306000
17600.001000,2.130000,1.310000
17601.001000,2.130000,1.327000
17602.001000,2.130000,1.332000
17603.001000,2.130000,1.333000
17604.001000,2.131000,1.336000
17605.001000,2.131000,1.334000
17606.001000,2.131000,1.340000
17607.001000,2.131000,1.328000
17608.001000,2.128000,1.314000
17609.001000,2.128000,1.328000
17610.001000,2.129000,1.322000
17611.001000,2.129000,1.314000
17612.001000,2.129000,1.317000
17613.001000,2.129000,1.326000
17614.001000,2.129000,1.334000
17615.001000,2.130000,1.330000
17616.001000,2.130000,1.332000
17617.001000,2.130000,1.332000
17618.001000,2.130000,1.327000
17619.001000,2.131000,1.330000
17620.001000,2.131000,1.332000
17621.001000,2.131000,1.340000
17622.001000,2.131000,1.325000
17623.001000,2.132000,1.325000
17624.001000,2.132000,1.323000
17625.001000,2.133000,1.318000
17626.001000,2.133000,1.330000
17627.001000,2.133000,1.327000
17628.001000,2.133000,1.331000
17629.001000,2.133000,1.323000
17630.001000,2.133000,1.317000
17631.001000,2.134000,1.311000
17632.001000,2.134000,1.313000
17633.001000,2.134000,1.313000
17634.001000,2.134000,1.308000
17635.001000,2.133000,1.326000
17636.001000,2.134000,1.323000
17637.001000,2.134000,1.325000
17638.001000,2.134000,1.316000
17639.001000,2.134000,1.321000
17640.001000,2.134000,1.328000
17641.001000,2.134000,1.337000
17642.001000,2.134000,1.330000
17643.001000,2.134000,1.338000
17644.001000,2.134000,1.334000
17645.001000,2.135000,1.336000
17646.001000,2.135000,1.337000
17647.001000,2.135000,1.340000
17648.001000,2.136000,1.337000
17649.001000,2.136000,1.340000
17650.001000,2.136000,1.339000
17651.001000,2.136000,1.345000
17652.001000,2.137000,1.336000
17653.001000,2.137000,1.336000
17654.001000,2.137000,1.338000
17655.001000,2.137000,1.338000
17656.001000,2.137000,1.318000
17657.001000,2.138000,1.316000
17658.001000,2.138000,1.317000
17659.001000,2.138000,1.318000
17660.001000,2.138000,1.315000
17661.001000,2.138000,1.310000
17662.001000,2.138000,1.311000
17663.001000,2.139000,1.314000
17664.001000,2.139000,1.315000
17665.001000,2.139000,1.320000
17666.001000,2.139000,1.323000
17667.001000,2.140000,1.325000
17668.001000,2.140000,1.321000
17669.001000,2.140000,1.321000
17670.001000,2.140000,1.319000
17671.001000,2.141000,1.318000
17672.001000,2.141000,1.310000
17673.001000,2.142000,1.322000
17674.001000,2.142000,1.325000
17675.001000,2.143000,1.323000
17676.001000,2.143000,1.317000
17677.001000,2.143000,1.319000
17678.001000,2.143000,1.329000
17679.001000,2.144000,1.324000
17680.001000,2.144000,1.323000
17681.001000,2.144000,1.326000
17682.001000,2.144000,1.324000
17683.001000,2.145000,1.322000
17684.001000,2.145000,1.329000
17685.001000,2.145000,1.318000
17686.001000,2.145000,1.322000
17687.001000,2.146000,1.322000
17688.001000,2.146000,1.320000
17689.001000,2.146000,1.328000
17690.001000,2.146000,1.321000
17691.001000,2.146000,1.323000
17692.001000,2.146000,1.318000
17693.001000,2.146000,1.317000
17694.001000,2.147000,1.318000
17695.001000,2.147000,1.319000
17696.001000,2.147000,1.322000
17697.001000,2.148000,1.316000
17698.001000,2.148000,1.323000
17699.001000,2.148000,1.324000
17700.001000,2.148000,1.321000
17701.001000,2.149000,1.321000
17702.001000,2.149000,1.324000
17703.001000,2.149000,1.319000
17704.001000,2.149000,1.318000
17705.001000,2.149000,1.317000
17706.001000,2.150000,1.326000
17707.001000,2.150000,1.323000
17708.001000,2.149000,1.325000
17709.001000,2.149000,1.330000
17710.001000,2.149000,1.331000
17711.001000,2.150000,1.321000
17712.001000,2.150000,1.331000
17713.001000,2.150000,1.325000
17714.001000,2.150000,1.327000
17715.001000,2.150000,1.329000
17716.001000,2.150000,1.329000
17717.001000,2.151000,1.329000
17718.001000,2.151000,1.328000
17719.001000,2.151000,1.328000
17720.001000,2.151000,1.326000
17721.001000,2.152000,1.327000
17722.001000,2.152000,1.328000
17723.001000,2.152000,1.324000
17724.001000,2.152000,1.322000
17725.001000,2.152000,1.327000
17726.001000,2.153000,1.323000
17727.001000,2.153000,1.330000
17728.001000,2.153000,1.327000
17729.001000,2.153000,1.330000
17730.001000,2.153000,1.330000
17731.001000,2.153000,1.331000
17732.001000,2.152000,1.326000
17733.001000,2.152000,1.327000
17734.001000,2.152000,1.336000
17735.001000,2.152000,1.328000
17736.001000,2.153000,1.331000
17737.001000,2.153000,1.325000
17738.001000,2.153000,1.322000
17739.001000,2.154000,1.330000
17740.001000,2.154000,1.329000
17741.001000,2.154000,1.329000
17742.001000,2.154000,1.327000
17743.001000,2.155000,1.331000
17744.001000,2.155000,1.328000
17745.001000,2.155000,1.330000
17746.001000,2.155000,1.335000
17747.001000,2.155000,1.333000
17748.001000,2.155000,1.336000
17749.001000,2.155000,1.332000
17750.001000,2.155000,1.330000
17751.001000,2.155000,1.331000
17752.001000,2.155000,1.331000
17753.001000,2.155000,1.327000
17754.001000,2.156000,1.333000
17755.001000,2.156000,1.329000
17756.001000,2.156000,1.325000
17757.001000,2.156000,1.319000
17758.001000,2.156000,1.326000
17759.001000,2.156000,1.324000
17760.001000,2.156000,1.333000
17761.001000,2.156000,1.329000
17762.001000,2.156000,1.325000
17763.001000,2.157000,1.324000
17764.001000,2.156000,1.332000
17765.001000,2.156000,1.319000
17766.001000,2.156000,1.327000
17767.001000,2.156000,1.332000
17768.001000,2.156000,1.325000
17769.001000,2.156000,1.343000
17770.001000,2.156000,1.343000
17771.001000,2.157000,1.339000
17772.001000,2.157000,1.335000
17773.001000,2.155000,1.339000
17774.001000,2.156000,1.335000
17775.001000,2.155000,1.341000
17776.001000,2.155000,1.338000
17777.001000,2.155000,1.335000
17778.001000,2.156000,1.331000
17779.001000,2.155000,1.331000
17780.001000,2.154000,1.334000
17781.001000,2.155000,1.340000
17782.001000,2.154000,1.335000
17783.001000,2.154000,1.334000
17784.001000,2.154000,1.334000
17785.001000,2.155000,1.334000
17786.001000,2.155000,1.333000
17787.001000,2.155000,1.337000
17788.001000,2.155000,1.333000
17789.001000,2.155000,1.334000
17790.001000,2.155000,1.334000
17791.001000,2.154000,1.330000
17792.001000,2.155000,1.329000
17793.001000,2.155000,1.326000
17794.001000,2.155000,1.327000
17795.001000,2.155000,1.329000
17796.001000,2.155000,1.329000
17797.001000,2.155000,1.333000
17798.001000,2.155000,1.334000
17799.001000,2.155000,1.337000
17800.001000,2.155000,1.330000
17801.001000,2.155000,1.329000
17802.001000,2.155000,1.325000
17803.001000,2.155000,1.333000
17804.001000,2.155000,1.329000
17805.001000,2.155000,1.333000
17806.001000,2.155000,1.330000
17807.001000,2.155000,1.328000
17808.001000,2.155000,1.324000
17809.001000,2.155000,1.333000
17810.001000,2.155000,1.327000
17811.001000,2.153000,1.327000
17812.001000,2.154000,1.327000
17813.001000,2.154000,1.331000
17814.001000,2.154000,1.330000
17815.001000,2.154000,1.334000
17816.001000,2.154000,1.333000
17817.001000,2.154000,1.338000
17818.001000,2.154000,1.338000
17819.001000,2.154000,1.340000
17820.001000,2.154000,1.334000
17821.001000,2.154000,1.337000
17822.001000,2.154000,1.339000
17823.001000,2.153000,1.335000
17824.001000,2.153000,1.337000
17825.001000,2.153000,1.337000
17826.001000,2.153000,1.338000
17827.001000,2.153000,1.340000
17828.001000,2.153000,1.338000
17829.001000,2.153000,1.340000
17830.001000,2.153000,1.336000
17831.001000,2.154000,1.333000
17832.001000,2.154000,1.337000
17833.001000,2.153000,1.338000
17834.001000,2.153000,1.336000
17835.001000,2.153000,1.339000
17836.001000,2.153000,1.338000
17837.001000,2.153000,1.341000
17838.001000,2.153000,1.336000
17839.001000,2.153000,1.342000
17840.001000,2.153000,1.340000
17841.001000,2.153000,1.342000
17842.001000,2.152000,1.342000
17843.001000,2.152000,1.342000
17844.001000,2.152000,1.338000
17845.001000,2.151000,1.340000
17846.001000,2.152000,1.341000
17847.001000,2.152000,1.335000
17848.001000,2.153000,1.336000
17849.001000,2.153000,1.337000
17850.001000,2.153000,1.335000
17851.001000,2.153000,1.333000
17852.001000,2.153000,1.337000
17853.001000,2.153000,1.336000
17854.001000,2.154000,1.337000
17855.001000,2.154000,1.337000
17856.001000,2.154000,1.335000
17857.001000,2.155000,1.340000
17858.001000,2.155000,1.340000
17859.001000,2.154000,1.339000
17860.001000,2.155000,1.324000
17861.001000,2.155000,1.325000
17862.001000,2.155000,1.328000
17863.001000,2.155000,1.329000
17864.001000,2.156000,1.331000
17865.001000,2.156000,1.328000
17866.001000,2.156000,1.330000
17867.001000,2.156000,1.329000
17868.001000,2.155000,1.332000
17869.001000,2.156000,1.331000
17870.001000,2.156000,1.330000
17871.001000,2.156000,1.330000
17872.001000,2.155000,1.326000
17873.001000,2.156000,1.329000
17874.001000,2.155000,1.324000
17875.001000,2.155000,1.327000
17876.001000,2.155000,1.323000
17877.001000,2.155000,1.323000
17878.001000,2.155000,1.330000
17879.001000,2.155000,1.326000
17880.001000,2.154000,1.330000
17881.001000,2.154000,1.331000
17882.001000,2.155000,1.328000
17883.001000,2.155000,1.321000
17884.001000,2.155000,1.324000
17885.001000,2.155000,1.326000
17886.001000,2.155000,1.327000
17887.001000,2.155000,1.325000
17888.001000,2.155000,1.334000
17889.001000,2.155000,1.330000
17890.001000,2.155000,1.335000
17891.001000,2.155000,1.332000
17892.001000,2.155000,1.330000
17893.001000,2.155000,1.330000
17894.001000,2.155000,1.335000
17895.001000,2.155000,1.334000
17896.001000,2.155000,1.335000
17897.001000,2.155000,1.337000
17898.001000,2.155000,1.335000
17899.001000,2.156000,1.335000
17900.001000,2.156000,1.336000
17901.001000,2.156000,1.336000
17902.001000,2.156000,1.329000
17903.001000,2.156000,1.332000
17904.001000,2.156000,1.332000
17905.001000,2.156000,1.333000
17906.001000,2.156000,1.335000
17907.001000,2.155000,1.332000
17908.001000,2.155000,1.336000
17909.001000,2.155000,1.329000
17910.001000,2.155000,1.336000
17911.001000,2.155000,1.334000
17912.001000,2.155000,1.337000
17913.001000,2.155000,1.330000
17914.001000,2.156000,1.325000
17915.001000,2.156000,1.334000
17916.001000,2.156000,1.330000
17917.001000,2.156000,1.332000
17918.001000,2.156000,1.334000
17919.001000,2.156000,1.334000
17920.001000,2.155000,1.336000
17921.001000,2.156000,1.332000
17922.001000,2.156000,1.331000
17923.001000,2.156000,1.325000
17924.001000,2.156000,1.337000
17925.001000,2.156000,1.325000
17926.001000,2.156000,1.326000
17927.001000,2.156000,1.329000
17928.001000,2.156000,1.322000
17929.001000,2.156000,1.335000
17930.001000,2.156000,1.332000
17931.001000,2.156000,1.325000
17932.001000,2.156000,1.331000
17933.001000,2.156000,1.333000
17934.001000,2.156000,1.337000
17935.001000,2.156000,1.328000
17936.001000,2.156000,1.326000
17937.001000,2.156000,1.332000
17938.001000,2.156000,1.334000
17939.001000,2.156000,1.331000
17940.001000,2.156000,1.338000
17941.001000,2.156000,1.340000
17942.001000,2.156000,1.340000
17943.001000,2.157000,1.337000
17944.001000,2.157000,1.338000
17945.001000,2.157000,1.336000
17946.001000,2.157000,1.337000
17947.001000,2.157000,1.345000
17948.001000,2.157000,1.340000
17949.001000,2.157000,1.340000
17950.001000,2.158000,1.332000
17951.001000,2.158000,1.331000
17952.001000,2.157000,1.334000
17953.001000,2.157000,1.333000
17954.001000,2.157000,1.336000
17955.001000,2.157000,1.335000
17956.001000,2.156000,1.335000
17957.001000,2.156000,1.338000
17958.001000,2.157000,1.334000
17959.001000,2.156000,1.339000
17960.001000,2.156000,1.336000
17961.001000,2.156000,1.337000
17962.001000,2.156000,1.342000
17963.001000,2.156000,1.340000
17964.001000,2.157000,1.342000
17965.001000,2.157000,1.344000
17966.001000,2.157000,1.340000
17967.001000,2.156000,1.339000
17968.001000,2.156000,1.343000
17969.001000,2.156000,1.334000
17970.001000,2.157000,1.345000
17971.001000,2.157000,1.341000
17972.001000,2.157000,1.343000
17973.001000,2.157000,1.342000
17974.001000,2.158000,1.340000
17975.001000,2.158000,1.334000
17976.001000,2.158000,1.335000
17977.001000,2.158000,1.341000
17978.001000,2.158000,1.339000
17979.001000,2.157000,1.342000
17980.001000,2.157000,1.339000
17981.001000,2.157000,1.342000
17982.001000,2.158000,1.342000
17983.001000,2.158000,1.342000
17984.001000,2.157000,1.334000
17985.001000,2.158000,1.345000
17986.001000,2.157000,1.345000
17987.001000,2.157000,1.336000
17988.001000,2.158000,1.336000
17989.001000,2.158000,1.343000
17990.001000,2.157000,1.347000
17991.001000,2.157000,1.344000
17992.001000,2.158000,1.338000
17993.001000,2.158000,1.339000
17994.001000,2.158000,1.339000
17995.001000,2.158000,1.342000
17996.001000,2.159000,1.338000
17997.001000,2.159000,1.345000
17998.001000,2.159000,1.334000
17999.001000,2.159000,1.339000
18000.001000,2.160000,1.340000
18001.001000,2.160000,1.338000
18002.001000,2.160000,1.336000
18003.001000,2.161000,1.337000
18004.001000,2.161000,1.335000
18005.001000,2.161000,1.335000
18006.001000,2.161000,1.332000
18007.001000,2.161000,1.330000
18008.001000,2.160000,1.340000
18009.001000,2.161000,1.338000
18010.001000,2.161000,1.334000
18011.001000,2.161000,1.343000
18012.001000,2.161000,1.341000
18013.001000,2.162000,1.338000
18014.001000,2.162000,1.344000
18015.001000,2.162000,1.342000
18016.001000,2.163000,1.341000
18017.001000,2.163000,1.348000
18018.001000,2.163000,1.341000
18019.001000,2.164000,1.344000
18020.001000,2.164000,1.350000
18021.001000,2.164000,1.345000
18022.001000,2.165000,1.341000
18023.001000,2.165000,1.346000
18024.001000,2.165000,1.349000
18025.001000,2.166000,1.341000
18026.001000,2.166000,1.344000
18027.001000,2.166000,1.343000
18028.001000,2.166000,1.343000
18029.001000,2.167000,1.344000
18030.001000,2.167000,1.348000
18031.001000,2.167000,1.345000
18032.001000,2.167000,1.348000
18033.001000,2.167000,1.342000
18034.001000,2.167000,1.344000
18035.001000,2.167000,1.347000
18036.001000,2.167000,1.350000
18037.001000,2.167000,1.345000
18038.001000,2.167000,1.344000
18039.001000,2.167000,1.356000
18040.001000,2.168000,1.347000
18041.001000,2.168000,1.348000
18042.001000,2.168000,1.344000
18043.001000,2.168000,1.349000
18044.001000,2.168000,1.346000
18045.001000,2.168000,1.345000
18046.001000,2.168000,1.347000
18047.001000,2.168000,1.347000
18048.001000,2.168000,1.345000
18049.001000,2.169000,1.342000
18050.001000,2.169000,1.345000
18051.001000,2.169000,1.351000
18052.001000,2.169000,1.343000
18053.001000,2.169000,1.347000
18054.001000,2.169000,1.349000
18055.001000,2.169000,1.344000
18056.001000,2.169000,1.344000
18057.001000,2.170000,1.346000
18058.001000,2.170000,1.339000
18059.001000,2.170000,1.344000
18060.001000,2.170000,1.352000
18061.001000,2.169000,1.347000
18062.001000,2.170000,1.347000
18063.001000,2.170000,1.352000
18064.001000,2.170000,1.349000
18065.001000,2.170000,1.351000
18066.001000,2.170000,1.346000
18067.001000,2.170000,1.348000
18068.001000,2.170000,1.349000
18069.001000,2.170000,1.353000
18070.001000,2.170000,1.353000
18071.001000,2.170000,1.352000
18072.001000,2.170000,1.346000
18073.001000,2.170000,1.350000
18074.001000,2.170000,1.351000
18075.001000,2.170000,1.351000
18076.001000,2.170000,1.358000
18077.001000,2.171000,1.350000
18078.001000,2.171000,1.354000
18079.001000,2.170000,1.358000
18080.001000,2.170000,1.351000
18081.001000,2.171000,1.346000
18082.001000,2.170000,1.347000
18083.001000,2.170000,1.346000
18084.001000,2.171000,1.353000
18085.001000,2.171000,1.346000
18086.001000,2.171000,1.348000
18087.001000,2.171000,1.356000
18088.001000,2.171000,1.354000
18089.001000,2.170000,1.354000
18090.001000,2.170000,1.349000
18091.001000,2.171000,1.351000
18092.001000,2.171000,1.349000
18093.001000,2.170000,1.354000
18094.001000,2.170000,1.356000
18095.001000,2.170000,1.356000
18096.001000,2.170000,1.350000
18097.001000,2.170000,1.357000
18098.001000,2.170000,1.354000
18099.001000,2.170000,1.349000
18100.001000,2.170000,1.349000
18101.001000,2.170000,1.352000
18102.001000,2.170000,1.354000
18103.001000,2.170000,1.354000
18104.001000,2.170000,1.356000
18105.001000,2.170000,1.352000
18106.001000,2.170000,1.350000
18107.001000,2.170000,1.351000
18108.001000,2.170000,1.353000
18109.001000,2.170000,1.356000
18110.001000,2.170000,1.357000
18111.001000,2.171000,1.356000
18112.001000,2.171000,1.359000
18113.001000,2.171000,1.358000
18114.001000,2.171000,1.356000
18115.001000,2.171000,1.361000
18116.001000,2.171000,1.356000
18117.001000,2.171000,1.355000
18118.001000,2.171000,1.355000
18119.001000,2.171000,1.355000
18120.001000,2.171000,1.355000
18121.001000,2.170000,1.355000
18122.001000,2.171000,1.353000
18123.001000,2.171000,1.359000
18124.001000,2.171000,1.360000
18125.001000,2.171000,1.349000
18126.001000,2.170000,1.357000
18127.001000,2.170000,1.349000
18128.001000,2.170000,1.354000
18129.001000,2.170000,1.352000
18130.001000,2.170000,1.350000
18131.001000,2.170000,1.348000
18132.001000,2.170000,1.352000
18133.001000,2.171000,1.351000
18134.001000,2.171000,1.345000
18135.001000,2.171000,1.355000
18136.001000,2.170000,1.353000
18137.001000,2.171000,1.348000
18138.001000,2.171000,1.355000
18139.001000,2.171000,1.356000
18140.001000,2.171000,1.351000
18141.001000,2.170000,1.349000
18142.001000,2.171000,1.348000
18143.001000,2.171000,1.352000
18144.001000,2.171000,1.350000
18145.001000,2.171000,1.348000
18146.001000,2.171000,1.357000
18147.001000,2.171000,1.358000
18148.001000,2.171000,1.355000
18149.001000,2.171000,1.354000
18150.001000,2.172000,1.353000
18151.001000,2.172000,1.355000
18152.001000,2.172000,1.354000
18153.001000,2.172000,1.352000
18154.001000,2.172000,1.355000
18155.001000,2.172000,1.344000
18156.001000,2.172000,1.349000
18157.001000,2.172000,1.350000
18158.001000,2.172000,1.355000
18159.001000,2.172000,1.352000
18160.001000,2.171000,1.351000
18161.001000,2.171000,1.344000
18162.001000,2.171000,1.347000
18163.001000,2.171000,1.341000
18164.001000,2.171000,1.345000
18165.001000,2.171000,1.343000
18166.001000,2.171000,1.342000
18167.001000,2.171000,1.351000
18168.001000,2.170000,1.342000
18169.001000,2.171000,1.339000
18170.001000,2.171000,1.339000
18171.001000,2.171000,1.342000
18172.001000,2.171000,1.346000
18173.001000,2.172000,1.346000
18174.001000,2.171000,1.350000
18175.001000,2.171000,1.343000
18176.001000,2.171000,1.343000
18177.001000,2.171000,1.346000
18178.001000,2.171000,1.347000
18179.001000,2.171000,1.341000
18180.001000,2.171000,1.343000
18181.001000,2.171000,1.346000
18182.001000,2.171000,1.346000
18183.001000,2.171000,1.349000
18184.001000,2.171000,1.348000
18185.001000,2.171000,1.347000
18186.001000,2.171000,1.346000
18187.001000,2.171000,1.345000
18188.001000,2.171000,1.349000
18189.001000,2.171000,1.350000
18190.001000,2.171000,1.346000
18191.001000,2.171000,1.345000
18192.001000,2.171000,1.347000
18193.001000,2.171000,1.346000
18194.001000,2.171000,1.346000
18195.001000,2.171000,1.351000
18196.001000,2.171000,1.354000
18197.001000,2.171000,1.349000
18198.001000,2.171000,1.351000
18199.001000,2.171000,1.345000
18200.001000,2.171000,1.346000
18201.001000,2.171000,1.343000
18202.001000,2.170000,1.343000
18203.001000,2.170000,1.344000
18204.001000,2.170000,1.351000
18205.001000,2.170000,1.350000
18206.001000,2.171000,1.349000
18207.001000,2.171000,1.349000
18208.001000,2.171000,1.350000
18209.001000,2.171000,1.348000
18210.001000,2.171000,1.347000
18211.001000,2.171000,1.346000
18212.001000,2.171000,1.352000
18213.001000,2.171000,1.345000
18214.001000,2.171000,1.348000
18215.001000,2.172000,1.351000
18216.001000,2.171000,1.349000
18217.001000,2.171000,1.346000
18218.001000,2.171000,1.344000
18219.001000,2.172000,1.348000
18220.001000,2.172000,1.349000
18221.001000,2.172000,1.351000
18222.001000,2.171000,1.352000
18223.001000,2.171000,1.347000
18224.001000,2.171000,1.349000
18225.001000,2.171000,1.351000
18226.001000,2.171000,1.342000
18227.001000,2.171000,1.345000
18228.001000,2.171000,1.349000
18229.001000,2.171000,1.351000
18230.001000,2.171000,1.348000
18231.001000,2.171000,1.351000
18232.001000,2.172000,1.353000
18233.001000,2.171000,1.351000
18234.001000,2.171000,1.355000
18235.001000,2.171000,1.346000
18236.001000,2.171000,1.348000
18237.001000,2.171000,1.351000
18238.001000,2.171000,1.349000
18239.001000,2.171000,1.344000
18240.001000,2.171000,1.347000
18241.001000,2.171000,1.345000
18242.001000,2.171000,1.348000
18243.001000,2.171000,1.350000
18244.001000,2.171000,1.350000
18245.001000,2.171000,1.346000
18246.001000,2.171000,1.351000
18247.001000,2.171000,1.350000
18248.001000,2.170000,1.346000
18249.001000,2.170000,1.352000
18250.001000,2.170000,1.347000
18251.001000,2.170000,1.340000
18252.001000,2.169000,1.347000
18253.001000,2.169000,1.346000
18254.001000,2.170000,1.344000
18255.001000,2.170000,1.348000
18256.001000,2.170000,1.350000
18257.001000,2.170000,1.350000
18258.001000,2.169000,1.355000
18259.001000,2.169000,1.349000
18260.001000,2.169000,1.351000
18261.001000,2.169000,1.344000
18262.001000,2.170000,1.352000
18263.001000,2.170000,1.357000
18264.001000,2.170000,1.358000
18265.001000,2.170000,1.355000
18266.001000,2.170000,1.353000
18267.001000,2.170000,1.356000
18268.001000,2.170000,1.356000
18269.001000,2.170000,1.355000
18270.001000,2.169000,1.358000
18271.001000,2.169000,1.358000
18272.001000,2.169000,1.357000
18273.001000,2.170000,1.358000
18274.001000,2.170000,1.355000
18275.001000,2.170000,1.355000
18276.001000,2.170000,1.359000
18277.001000,2.169000,1.357000
18278.001000,2.169000,1.354000
18279.001000,2.169000,1.353000
18280.001000,2.169000,1.341000
18281.001000,2.169000,1.345000
18282.001000,2.169000,1.347000
18283.001000,2.169000,1.349000
18284.001000,2.169000,1.349000
18285.001000,2.169000,1.352000
18286.001000,2.169000,1.347000
18287.001000,2.168000,1.350000
18288.001000,2.169000,1.349000
18289.001000,2.169000,1.351000
18290.001000,2.169000,1.349000
18291.001000,2.169000,1.353000
18292.001000,2.170000,1.348000
18293.001000,2.170000,1.350000
18294.001000,2.170000,1.353000
18295.001000,2.171000,1.354000
18296.001000,2.171000,1.351000
18297.001000,2.171000,1.353000
18298.001000,2.172000,1.351000
18299.001000,2.171000,1.352000
18300.001000,2.170000,1.355000
18301.001000,2.170000,1.353000
18302.001000,2.170000,1.351000
18303.001000,2.170000,1.349000
18304.001000,2.171000,1.352000
18305.001000,2.171000,1.354000
18306.001000,2.171000,1.350000
18307.001000,2.171000,1.355000
18308.001000,2.172000,1.359000
18309.001000,2.172000,1.345000
18310.001000,2.170000,1.352000
18311.001000,2.170000,1.351000
18312.001000,2.170000,1.353000
18313.001000,2.169000,1.351000
18314.001000,2.170000,1.351000
18315.001000,2.169000,1.350000
18316.001000,2.170000,1.347000
18317.001000,2.170000,1.354000
18318.001000,2.169000,1.352000
18319.001000,2.169000,1.352000
18320.001000,2.169000,1.354000
18321.001000,2.170000,1.355000
18322.001000,2.170000,1.356000
18323.001000,2.170000,1.359000
18324.001000,2.170000,1.360000
18325.001000,2.170000,1.359000
18326.001000,2.170000,1.355000
18327.001000,2.170000,1.356000
18328.001000,2.170000,1.350000
18329.001000,2.171000,1.354000
18330.001000,2.171000,1.348000
18331.001000,2.171000,1.349000
18332.001000,2.171000,1.348000
18333.001000,2.171000,1.344000
18334.001000,2.171000,1.342000
18335.001000,2.171000,1.343000
18336.001000,2.171000,1.349000
18337.001000,2.171000,1.359000
18338.001000,2.171000,1.359000
18339.001000,2.170000,1.350000
18340.001000,2.170000,1.351000
18341.001000,2.170000,1.344000
18342.001000,2.171000,1.349000
18343.001000,2.171000,1.347000
18344.001000,2.170000,1.360000
18345.001000,2.170000,1.362000
18346.001000,2.170000,1.360000
18347.001000,2.170000,1.361000
18348.001000,2.170000,1.368000
18349.001000,2.170000,1.365000
18350.001000,2.170000,1.362000
18351.001000,2.170000,1.361000
18352.001000,2.170000,1.363000
18353.001000,2.169000,1.365000
18354.001000,2.168000,1.365000
18355.001000,2.169000,1.362000
18356.001000,2.168000,1.361000
18357.001000,2.168000,1.360000
18358.001000,2.167000,1.356000
18359.001000,2.167000,1.360000
18360.001000,2.167000,1.354000
18361.001000,2.168000,1.350000
18362.001000,2.168000,1.347000
18363.001000,2.168000,1.351000
18364.001000,2.168000,1.349000
18365.001000,2.168000,1.348000
18366.001000,2.169000,1.343000
18367.001000,2.168000,1.354000
18368.001000,2.168000,1.355000
18369.001000,2.168000,1.360000
18370.001000,2.167000,1.359000
18371.001000,2.168000,1.359000
18372.001000,2.168000,1.354000
18373.001000,2.168000,1.360000
18374.001000,2.169000,1.363000
18375.001000,2.169000,1.355000
18376.001000,2.169000,1.352000
18377.001000,2.169000,1.349000
18378.001000,2.169000,1.351000
18379.001000,2.169000,1.351000
18380.001000,2.170000,1.350000
18381.001000,2.169000,1.348000
18382.001000,2.170000,1.348000
18383.001000,2.169000,1.348000
18384.001000,2.169000,1.348000
18385.001000,2.169000,1.348000
18386.001000,2.169000,1.345000
18387.001000,2.169000,1.349000
18388.001000,2.169000,1.350000
18389.001000,2.169000,1.348000
18390.001000,2.169000,1.348000
18391.001000,2.169000,1.348000
18392.001000,2.169000,1.349000
18393.001000,2.169000,1.350000
18394.001000,2.169000,1.343000
18395.001000,2.168000,1.349000
18396.001000,2.169000,1.345000
18397.001000,2.169000,1.348000
18398.001000,2.169000,1.347000
18399.001000,2.169000,1.350000
18400.001000,2.170000,1.344000
18401.001000,2.170000,1.347000
18402.001000,2.169000,1.342000
18403.001000,2.170000,1.347000
18404.001000,2.170000,1.346000
18405.001000,2.170000,1.348000
18406.001000,2.170000,1.344000
18407.001000,2.169000,1.349000
18408.001000,2.169000,1.347000
18409.001000,2.169000,1.348000
18410.001000,2.169000,1.349000
18411.001000,2.169000,1.347000
18412.001000,2.169000,1.343000
18413.001000,2.169000,1.342000
18414.001000,2.169000,1.342000
18415.001000,2.170000,1.347000
18416.001000,2.170000,1.344000
18417.001000,2.170000,1.347000
18418.001000,2.170000,1.345000
18419.001000,2.170000,1.351000
18420.001000,2.170000,1.350000
18421.001000,2.170000,1.345000
18422.001000,2.170000,1.356000
18423.001000,2.170000,1.354000
18424.001000,2.170000,1.350000
18425.001000,2.171000,1.349000
18426.001000,2.171000,1.352000
18427.001000,2.171000,1.352000
18428.001000,2.171000,1.351000
18429.001000,2.171000,1.348000
18430.001000,2.171000,1.348000
18431.001000,2.171000,1.352000
18432.001000,2.172000,1.359000
18433.001000,2.172000,1.360000
18434.001000,2.172000,1.364000
18435.001000,2.172000,1.375000
18436.001000,2.172000,1.368000
18437.001000,2.172000,1.365000
18438.001000,2.172000,1.365000
18439.001000,2.171000,1.362000
18440.001000,2.171000,1.361000
18441.001000,2.171000,1.364000
18442.001000,2.171000,1.368000
18443.001000,2.170000,1.364000
18444.001000,2.170000,1.363000
18445.001000,2.171000,1.363000
18446.001000,2.170000,1.362000
18447.001000,2.170000,1.363000
18448.001000,2.170000,1.365000
18449.001000,2.171000,1.362000
18450.001000,2.171000,1.360000
18451.001000,2.170000,1.368000
18452.001000,2.171000,1.366000
18453.001000,2.171000,1.366000
18454.001000,2.169000,1.367000
18455.001000,2.169000,1.362000
18456.001000,2.169000,1.364000
18457.001000,2.169000,1.369000
18458.001000,2.170000,1.363000
18459.001000,2.170000,1.360000
18460.001000,2.170000,1.362000
18461.001000,2.170000,1.359000
18462.001000,2.170000,1.364000
18463.001000,2.170000,1.363000
18464.001000,2.170000,1.355000
18465.001000,2.170000,1.364000
18466.001000,2.171000,1.367000
18467.001000,2.171000,1.370000
18468.001000,2.171000,1.371000
18469.001000,2.170000,1.367000
18470.001000,2.170000,1.361000
18471.001000,2.170000,1.359000
18472.001000,2.169000,1.362000
18473.001000,2.169000,1.355000
18474.001000,2.168000,1.362000
18475.001000,2.167000,1.361000
18476.001000,2.167000,1.353000
18477.001000,2.168000,1.349000
18478.001000,2.168000,1.361000
18479.001000,2.168000,1.357000
18480.001000,2.168000,1.344000
18481.001000,2.168000,1.351000
18482.001000,2.169000,1.349000
18483.001000,2.169000,1.345000
18484.001000,2.169000,1.349000
18485.001000,2.169000,1.351000
18486.001000,2.169000,1.342000
18487.001000,2.169000,1.350000
18488.001000,2.169000,1.350000
18489.001000,2.170000,1.344000
18490.001000,2.169000,1.350000
18491.001000,2.169000,1.346000
18492.001000,2.168000,1.354000
18493.001000,2.168000,1.345000
18494.001000,2.167000,1.349000
18495.001000,2.166000,1.347000
18496.001000,2.166000,1.362000
18497.001000,2.165000,1.359000
18498.001000,2.165000,1.341000
18499.001000,2.165000,1.337000
18500.001000,2.165000,1.342000
18501.001000,2.165000,1.344000
18502.001000,2.165000,1.346000
18503.001000,2.165000,1.346000
18504.001000,2.165000,1.349000
18505.001000,2.165000,1.344000
18506.001000,2.165000,1.346000
18507.001000,2.165000,1.347000
18508.001000,2.166000,1.346000
18509.001000,2.166000,1.343000
18510.001000,2.166000,1.342000
18511.001000,2.166000,1.346000
18512.001000,2.166000,1.339000
18513.001000,2.166000,1.344000
18514.001000,2.166000,1.337000
18515.001000,2.166000,1.340000
18516.001000,2.165000,1.337000
18517.001000,2.164000,1.339000
18518.001000,2.164000,1.338000
18519.001000,2.164000,1.342000
18520.001000,2.165000,1.339000
18521.001000,2.165000,1.339000
18522.001000,2.165000,1.340000
18523.001000,2.164000,1.331000
18524.001000,2.164000,1.339000
18525.001000,2.165000,1.339000
18526.001000,2.165000,1.339000
18527.001000,2.165000,1.335000
18528.001000,2.165000,1.335000
18529.001000,2.165000,1.337000
18530.001000,2.166000,1.346000
18531.001000,2.166000,1.342000
18532.001000,2.166000,1.339000
18533.001000,2.167000,1.342000
18534.001000,2.167000,1.342000
18535.001000,2.167000,1.341000
18536.001000,2.166000,1.349000
18537.001000,2.166000,1.343000
18538.001000,2.166000,1.340000
18539.001000,2.166000,1.337000
18540.001000,2.166000,1.339000
18541.001000,2.167000,1.340000
18542.001000,2.167000,1.337000
18543.001000,2.167000,1.341000
18544.001000,2.167000,1.340000
18545.001000,2.168000,1.343000
18546.001000,2.166000,1.344000
18547.001000,2.166000,1.345000
18548.001000,2.166000,1.346000
18549.001000,2.166000,1.348000
18550.001000,2.166000,1.342000
18551.001000,2.166000,1.344000
18552.001000,2.166000,1.339000
18553.001000,2.166000,1.344000
18554.001000,2.167000,1.343000
18555.001000,2.167000,1.341000
18556.001000,2.167000,1.343000
18557.001000,2.167000,1.350000
18558.001000,2.168000,1.346000
18559.001000,2.168000,1.343000
18560.001000,2.168000,1.344000
18561.001000,2.168000,1.345000
18562.001000,2.168000,1.344000
18563.001000,2.168000,1.333000
18564.001000,2.168000,1.343000
18565.001000,2.168000,1.341000
18566.001000,2.167000,1.346000
18567.001000,2.167000,1.337000
18568.001000,2.166000,1.344000
18569.001000,2.166000,1.346000
18570.001000,2.166000,1.341000
18571.001000,2.167000,1.341000
18572.001000,2.166000,1.348000
18573.001000,2.166000,1.344000
18574.001000,2.164000,1.342000
18575.001000,2.164000,1.344000
18576.001000,2.163000,1.347000
18577.001000,2.162000,1.347000
18578.001000,2.161000,1.343000
18579.001000,2.161000,1.344000
18580.001000,2.160000,1.347000
18581.001000,2.159000,1.346000
18582.001000,2.159000,1.347000
18583.001000,2.159000,1.342000
18584.001000,2.159000,1.344000
18585.001000,2.159000,1.335000
18586.001000,2.159000,1.343000
18587.001000,2.159000,1.342000
18588.001000,2.158000,1.340000
18589.001000,2.157000,1.340000
18590.001000,2.158000,1.340000
18591.001000,2.158000,1.340000
18592.001000,2.158000,1.341000
18593.001000,2.158000,1.337000
18594.001000,2.158000,1.339000
18595.001000,2.157000,1.332000
18596.001000,2.157000,1.340000
18597.001000,2.156000,1.343000
18598.001000,2.156000,1.344000
18599.001000,2.156000,1.348000
18600.001000,2.156000,1.348000
18601.001000,2.156000,1.349000
18602.001000,2.157000,1.347000
18603.001000,2.157000,1.346000
18604.001000,2.157000,1.345000
18605.001000,2.157000,1.346000
18606.001000,2.157000,1.343000
18607.001000,2.157000,1.345000
18608.001000,2.157000,1.348000
18609.001000,2.158000,1.346000
18610.001000,2.158000,1.345000
18611.001000,2.158000,1.347000
18612.001000,2.158000,1.342000
18613.001000,2.157000,1.348000
18614.001000,2.157000,1.341000
18615.001000,2.157000,1.347000
18616.001000,2.158000,1.350000
18617.001000,2.158000,1.348000
18618.001000,2.157000,1.353000
18619.001000,2.157000,1.366000
18620.001000,2.157000,1.371000
18621.001000,2.157000,1.371000
18622.001000,2.156000,1.369000
18623.001000,2.157000,1.374000
18624.001000,2.157000,1.374000
18625.001000,2.157000,1.372000
18626.001000,2.157000,1.368000
18627.001000,2.157000,1.369000
18628.001000,2.157000,1.373000
18629.001000,2.157000,1.371000
18630.001000,2.157000,1.368000
18631.001000,2.157000,1.369000
18632.001000,2.155000,1.368000
18633.001000,2.156000,1.365000
18634.001000,2.156000,1.369000
18635.001000,2.156000,1.366000
18636.001000,2.156000,1.368000
18637.001000,2.156000,1.368000
18638.001000,2.156000,1.370000
18639.001000,2.156000,1.368000
18640.001000,2.156000,1.366000
18641.001000,2.156000,1.365000
18642.001000,2.156000,1.364000
18643.001000,2.156000,1.360000
18644.001000,2.155000,1.365000
18645.001000,2.155000,1.362000
18646.001000,2.155000,1.369000
18647.001000,2.156000,1.368000
18648.001000,2.155000,1.368000
18649.001000,2.155000,1.376000
18650.001000,2.156000,1.362000
18651.001000,2.155000,1.366000
18652.001000,2.156000,1.368000
18653.001000,2.156000,1.367000
18654.001000,2.156000,1.363000
18655.001000,2.155000,1.363000
18656.001000,2.156000,1.367000
18657.001000,2.156000,1.366000
18658.001000,2.156000,1.365000
18659.001000,2.156000,1.362000
18660.001000,2.156000,1.363000
18661.001000,2.156000,1.368000
18662.001000,2.156000,1.368000
18663.001000,2.156000,1.367000
18664.001000,2.156000,1.372000
18665.001000,2.155000,1.361000
18666.001000,2.156000,1.367000
18667.001000,2.155000,1.366000
18668.001000,2.156000,1.363000
18669.001000,2.154000,1.362000
18670.001000,2.155000,1.362000
18671.001000,2.155000,1.360000
18672.001000,2.155000,1.359000
18673.001000,2.156000,1.360000
18674.001000,2.154000,1.365000
18675.001000,2.154000,1.363000
18676.001000,2.155000,1.360000
18677.001000,2.155000,1.356000
18678.001000,2.155000,1.361000
18679.001000,2.155000,1.361000
18680.001000,2.155000,1.365000
18681.001000,2.155000,1.369000
18682.001000,2.154000,1.368000
18683.001000,2.153000,1.361000
18684.001000,2.153000,1.369000
18685.001000,2.153000,1.360000
18686.001000,2.152000,1.364000
18687.001000,2.153000,1.369000
18688.001000,2.152000,1.367000
18689.001000,2.152000,1.363000
18690.001000,2.152000,1.367000
18691.001000,2.152000,1.366000
18692.001000,2.152000,1.366000
18693.001000,2.152000,1.364000
18694.001000,2.152000,1.361000
18695.001000,2.152000,1.371000
18696.001000,2.151000,1.366000
18697.001000,2.151000,1.361000
18698.001000,2.151000,1.360000
18699.001000,2.152000,1.357000
18700.001000,2.152000,1.341000
18701.001000,2.153000,1.338000
18702.001000,2.152000,1.336000
18703.001000,2.152000,1.332000
18704.001000,2.151000,1.332000
18705.001000,2.151000,1.331000
18706.001000,2.151000,1.335000
18707.001000,2.152000,1.337000
18708.001000,2.152000,1.338000
18709.001000,2.152000,1.339000
18710.001000,2.152000,1.343000
18711.001000,2.152000,1.338000
18712.001000,2.152000,1.334000
18713.001000,2.152000,1.339000
18714.001000,2.152000,1.330000
18715.001000,2.152000,1.338000
18716.001000,2.151000,1.345000
18717.001000,2.151000,1.358000
18718.001000,2.150000,1.358000
18719.001000,2.150000,1.360000
18720.001000,2.151000,1.358000
18721.001000,2.152000,1.362000
18722.001000,2.153000,1.366000
18723.001000,2.153000,1.363000
18724.001000,2.153000,1.360000
18725.001000,2.153000,1.363000
18726.001000,2.153000,1.360000
18727.001000,2.153000,1.365000
18728.001000,2.153000,1.363000
18729.001000,2.153000,1.360000
18730.001000,2.154000,1.367000
18731.001000,2.154000,1.361000
18732.001000,2.154000,1.361000
18733.001000,2.154000,1.366000
18734.001000,2.153000,1.365000
18735.001000,2.151000,1.370000
18736.001000,2.151000,1.363000
18737.001000,2.151000,1.363000
18738.001000,2.150000,1.366000
18739.001000,2.150000,1.359000
18740.001000,2.151000,1.359000
18741.001000,2.150000,1.358000
18742.001000,2.151000,1.361000
18743.001000,2.150000,1.359000
18744.001000,2.150000,1.352000
18745.001000,2.151000,1.361000
18746.001000,2.150000,1.363000
18747.001000,2.151000,1.365000
18748.001000,2.149000,1.361000
18749.001000,2.151000,1.358000
18750.001000,2.151000,1.358000
18751.001000,2.151000,1.359000
18752.001000,2.150000,1.349000
18753.001000,2.150000,1.347000
18754.001000,2.150000,1.342000
18755.001000,2.150000,1.343000
18756.001000,2.150000,1.346000
18757.001000,2.150000,1.341000
18758.001000,2.150000,1.342000
18759.001000,2.151000,1.338000
18760.001000,2.150000,1.339000
18761.001000,2.149000,1.340000
18762.001000,2.149000,1.346000
18763.001000,2.148000,1.341000
18764.001000,2.148000,1.342000
18765.001000,2.148000,1.345000
18766.001000,2.147000,1.337000
18767.001000,2.148000,1.340000
18768.001000,2.148000,1.341000
18769.001000,2.148000,1.344000
18770.001000,2.148000,1.342000
18771.001000,2.148000,1.343000
18772.001000,2.148000,1.346000
18773.001000,2.147000,1.362000
18774.001000,2.148000,1.365000
18775.001000,2.149000,1.357000
18776.001000,2.149000,1.359000
18777.001000,2.149000,1.360000
18778.001000,2.148000,1.358000
18779.001000,2.149000,1.357000
18780.001000,2.149000,1.356000
18781.001000,2.149000,1.361000
18782.001000,2.150000,1.362000
18783.001000,2.150000,1.362000
18784.001000,2.150000,1.354000
18785.001000,2.150000,1.359000
18786.001000,2.149000,1.356000
18787.001000,2.149000,1.360000
18788.001000,2.149000,1.362000
18789.001000,2.150000,1.360000
18790.001000,2.150000,1.355000
18791.001000,2.149000,1.355000
18792.001000,2.150000,1.354000
18793.001000,2.150000,1.355000
18794.001000,2.150000,1.364000
18795.001000,2.150000,1.356000
18796.001000,2.151000,1.348000
18797.001000,2.151000,1.358000
18798.001000,2.150000,1.360000
18799.001000,2.150000,1.350000
18800.001000,2.151000,1.356000
18801.001000,2.151000,1.350000
18802.001000,2.150000,1.357000
18803.001000,2.151000,1.352000
18804.001000,2.151000,1.355000
18805.001000,2.151000,1.350000
18806.001000,2.151000,1.357000
18807.001000,2.151000,1.363000
18808.001000,2.152000,1.363000
18809.001000,2.152000,1.362000
18810.001000,2.152000,1.356000
18811.001000,2.152000,1.361000
18812.001000,2.153000,1.353000
18813.001000,2.152000,1.359000
18814.001000,2.153000,1.360000
18815.001000,2.151000,1.358000
18816.001000,2.150000,1.355000
18817.001000,2.150000,1.355000
18818.001000,2.150000,1.355000
18819.001000,2.149000,1.358000
18820.001000,2.150000,1.364000
18821.001000,2.149000,1.355000
18822.001000,2.149000,1.354000
18823.001000,2.149000,1.366000
18824.001000,2.149000,1.361000
18825.001000,2.150000,1.356000
18826.001000,2.151000,1.357000
18827.001000,2.152000,1.359000
18828.001000,2.151000,1.362000
18829.001000,2.152000,1.363000
18830.001000,2.153000,1.359000
18831.001000,2.152000,1.356000
18832.001000,2.152000,1.358000
18833.001000,2.151000,1.350000
18834.001000,2.151000,1.358000
18835.001000,2.151000,1.355000
18836.001000,2.151000,1.356000
18837.001000,2.151000,1.357000
18838.001000,2.152000,1.364000
18839.001000,2.151000,1.364000
18840.001000,2.151000,1.351000
18841.001000,2.151000,1.356000
18842.001000,2.151000,1.359000
18843.001000,2.151000,1.362000
18844.001000,2.151000,1.351000
18845.001000,2.151000,1.351000
18846.001000,2.151000,1.356000
18847.001000,2.152000,1.353000
18848.001000,2.152000,1.364000
18849.001000,2.151000,1.355000
18850.001000,2.153000,1.358000
18851.001000,2.153000,1.353000
18852.001000,2.153000,1.352000
18853.001000,2.153000,1.354000
18854.001000,2.153000,1.360000
18855.001000,2.154000,1.358000
18856.001000,2.154000,1.356000
18857.001000,2.154000,1.356000
18858.001000,2.153000,1.359000
18859.001000,2.152000,1.363000
18860.001000,2.154000,1.366000
18861.001000,2.154000,1.366000
18862.001000,2.155000,1.363000
18863.001000,2.155000,1.369000
18864.001000,2.155000,1.360000
18865.001000,2.154000,1.364000
18866.001000,2.154000,1.361000
18867.001000,2.154000,1.362000
18868.001000,2.154000,1.364000
18869.001000,2.154000,1.369000
18870.001000,2.154000,1.368000
18871.001000,2.153000,1.364000
18872.001000,2.153000,1.364000
18873.001000,2.153000,1.358000
18874.001000,2.153000,1.365000
18875.001000,2.153000,1.367000
18876.001000,2.153000,1.365000
18877.001000,2.153000,1.365000
18878.001000,2.153000,1.366000
18879.001000,2.154000,1.362000
18880.001000,2.154000,1.369000
18881.001000,2.154000,1.364000
18882.001000,2.153000,1.369000
18883.001000,2.154000,1.368000
18884.001000,2.154000,1.350000
18885.001000,2.154000,1.358000
18886.001000,2.153000,1.352000
18887.001000,2.154000,1.347000
18888.001000,2.154000,1.351000
18889.001000,2.154000,1.351000
18890.001000,2.154000,1.353000
18891.001000,2.154000,1.354000
18892.001000,2.154000,1.356000
18893.001000,2.155000,1.355000
18894.001000,2.154000,1.354000
18895.001000,2.154000,1.358000
18896.001000,2.154000,1.355000
18897.001000,2.155000,1.353000
18898.001000,2.155000,1.348000
18899.001000,2.155000,1.350000
18900.001000,2.154000,1.350000
18901.001000,2.154000,1.355000
18902.001000,2.154000,1.351000
18903.001000,2.154000,1.354000
18904.001000,2.153000,1.354000
18905.001000,2.153000,1.350000
18906.001000,2.153000,1.355000
18907.001000,2.153000,1.358000
18908.001000,2.153000,1.361000
18909.001000,2.154000,1.361000
18910.001000,2.153000,1.368000
18911.001000,2.153000,1.369000
18912.001000,2.153000,1.373000
18913.001000,2.153000,1.381000
18914.001000,2.152000,1.375000
18915.001000,2.154000,1.374000
18916.001000,2.154000,1.371000
18917.001000,2.154000,1.377000
18918.001000,2.153000,1.376000
18919.001000,2.154000,1.375000
18920.001000,2.153000,1.372000
18921.001000,2.155000,1.373000
18922.001000,2.156000,1.377000
18923.001000,2.156000,1.378000
18924.001000,2.157000,1.380000
18925.001000,2.156000,1.382000
18926.001000,2.157000,1.380000
18927.001000,2.157000,1.377000
18928.001000,2.156000,1.377000
18929.001000,2.157000,1.376000
18930.001000,2.157000,1.373000
18931.001000,2.156000,1.377000
18932.001000,2.156000,1.369000
18933.001000,2.157000,1.377000
18934.001000,2.156000,1.368000
18935.001000,2.156000,1.378000
18936.001000,2.157000,1.373000
18937.001000,2.157000,1.381000
18938.001000,2.157000,1.376000
18939.001000,2.156000,1.375000
18940.001000,2.156000,1.379000
18941.001000,2.156000,1.383000
18942.001000,2.156000,1.381000
18943.001000,2.156000,1.379000
18944.001000,2.156000,1.384000
18945.001000,2.156000,1.377000
18946.001000,2.157000,1.378000
18947.001000,2.157000,1.374000
18948.001000,2.158000,1.382000
18949.001000,2.159000,1.376000
18950.001000,2.159000,1.377000
18951.001000,2.159000,1.374000
18952.001000,2.159000,1.377000
18953.001000,2.159000,1.373000
18954.001000,2.159000,1.370000
18955.001000,2.160000,1.370000
18956.001000,2.160000,1.375000
18957.001000,2.159000,1.374000
18958.001000,2.160000,1.379000
18959.001000,2.160000,1.373000
18960.001000,2.160000,1.376000
18961.001000,2.159000,1.378000
18962.001000,2.159000,1.374000
18963.001000,2.160000,1.373000
18964.001000,2.160000,1.373000
18965.001000,2.159000,1.373000
18966.001000,2.159000,1.375000
18967.001000,2.159000,1.375000
18968.001000,2.159000,1.374000
18969.001000,2.160000,1.376000
18970.001000,2.158000,1.370000
18971.001000,2.157000,1.363000
18972.001000,2.158000,1.360000
18973.001000,2.158000,1.361000
18974.001000,2.157000,1.349000
18975.001000,2.158000,1.350000
18976.001000,2.157000,1.350000
18977.001000,2.158000,1.350000
18978.001000,2.158000,1.350000
18979.001000,2.158000,1.357000
18980.001000,2.158000,1.360000
18981.001000,2.159000,1.357000
18982.001000,2.160000,1.362000
18983.001000,2.160000,1.352000
18984.001000,2.161000,1.356000
18985.001000,2.161000,1.354000
18986.001000,2.161000,1.361000
18987.001000,2.162000,1.360000
18988.001000,2.161000,1.354000
18989.001000,2.162000,1.361000
18990.001000,2.161000,1.361000
18991.001000,2.161000,1.361000
18992.001000,2.161000,1.357000
18993.001000,2.161000,1.360000
18994.001000,2.160000,1.362000
18995.001000,2.160000,1.357000
18996.001000,2.159000,1.355000
18997.001000,2.159000,1.359000
18998.001000,2.159000,1.363000
18999.001000,2.160000,1.361000
19000.001000,2.159000,1.363000
19001.001000,2.159000,1.373000
19002.001000,2.159000,1.363000
19003.001000,2.159000,1.363000
19004.001000,2.158000,1.368000
19005.001000,2.158000,1.371000
19006.001000,2.158000,1.383000
19007.001000,2.158000,1.383000
19008.001000,2.158000,1.383000
19009.001000,2.159000,1.383000
19010.001000,2.159000,1.389000
19011.001000,2.160000,1.390000
19012.001000,2.160000,1.389000
19013.001000,2.160000,1.386000
19014.001000,2.160000,1.391000
19015.001000,2.160000,1.396000
19016.001000,2.161000,1.392000
19017.001000,2.161000,1.393000
19018.001000,2.161000,1.395000
19019.001000,2.161000,1.396000
19020.001000,2.160000,1.390000
19021.001000,2.160000,1.391000
19022.001000,2.161000,1.392000
19023.001000,2.161000,1.383000
19024.001000,2.162000,1.387000
19025.001000,2.161000,1.391000
19026.001000,2.160000,1.390000
19027.001000,2.161000,1.389000
19028.001000,2.162000,1.391000
19029.001000,2.162000,1.389000
19030.001000,2.160000,1.388000
19031.001000,2.161000,1.391000
19032.001000,2.161000,1.387000
19033.001000,2.161000,1.387000
19034.001000,2.161000,1.390000
19035.001000,2.162000,1.390000
19036.001000,2.162000,1.392000
19037.001000,2.162000,1.388000
19038.001000,2.162000,1.389000
19039.001000,2.163000,1.392000
19040.001000,2.163000,1.396000
19041.001000,2.164000,1.391000
19042.001000,2.164000,1.392000
19043.001000,2.163000,1.398000
19044.001000,2.164000,1.391000
19045.001000,2.164000,1.389000
19046.001000,2.164000,1.394000
19047.001000,2.164000,1.393000
19048.001000,2.164000,1.392000
19049.001000,2.165000,1.394000
19050.001000,2.165000,1.395000
19051.001000,2.164000,1.395000
19052.001000,2.165000,1.393000
19053.001000,2.165000,1.398000
19054.001000,2.164000,1.396000
19055.001000,2.165000,1.396000
19056.001000,2.164000,1.388000
19057.001000,2.165000,1.395000
19058.001000,2.164000,1.385000
19059.001000,2.164000,1.387000
19060.001000,2.164000,1.388000
19061.001000,2.164000,1.390000
19062.001000,2.164000,1.394000
19063.001000,2.164000,1.395000
19064.001000,2.165000,1.387000
19065.001000,2.165000,1.391000
19066.001000,2.165000,1.390000
19067.001000,2.164000,1.387000
19068.001000,2.164000,1.388000
19069.001000,2.164000,1.389000
19070.001000,2.165000,1.389000
19071.001000,2.165000,1.389000
19072.001000,2.164000,1.382000
19073.001000,2.163000,1.365000
19074.001000,2.163000,1.368000
19075.001000,2.164000,1.368000
19076.001000,2.163000,1.370000
19077.001000,2.163000,1.370000
19078.001000,2.163000,1.376000
19079.001000,2.164000,1.375000
19080.001000,2.165000,1.372000
19081.001000,2.165000,1.373000
19082.001000,2.165000,1.376000
19083.001000,2.165000,1.373000
19084.001000,2.164000,1.378000
19085.001000,2.165000,1.373000
19086.001000,2.164000,1.370000
19087.001000,2.163000,1.372000
19088.001000,2.164000,1.369000
19089.001000,2.165000,1.365000
19090.001000,2.165000,1.376000
19091.001000,2.165000,1.369000
19092.001000,2.165000,1.372000
19093.001000,2.164000,1.373000
19094.001000,2.165000,1.375000
19095.001000,2.166000,1.373000
19096.001000,2.166000,1.370000
19097.001000,2.165000,1.376000
19098.001000,2.165000,1.374000
19099.001000,2.165000,1.372000
19100.001000,2.165000,1.375000
19101.001000,2.165000,1.369000
19102.001000,2.165000,1.372000
19103.001000,2.165000,1.372000
19104.001000,2.166000,1.377000
19105.001000,2.166000,1.378000
19106.001000,2.166000,1.374000
19107.001000,2.166000,1.378000
19108.001000,2.167000,1.371000
19109.001000,2.166000,1.371000
19110.001000,2.166000,1.375000
19111.001000,2.166000,1.376000
19112.001000,2.165000,1.374000
19113.001000,2.165000,1.373000
19114.001000,2.165000,1.370000
19115.001000,2.165000,1.377000
19116.001000,2.165000,1.371000
19117.001000,2.164000,1.373000
19118.001000,2.165000,1.368000
19119.001000,2.166000,1.371000
19120.001000,2.165000,1.367000
19121.001000,2.164000,1.375000
19122.001000,2.163000,1.372000
19123.001000,2.164000,1.372000
19124.001000,2.164000,1.371000
19125.001000,2.164000,1.374000
19126.001000,2.165000,1.372000
19127.001000,2.166000,1.371000
19128.001000,2.166000,1.371000
19129.001000,2.165000,1.372000
19130.001000,2.165000,1.368000
19131.001000,2.165000,1.370000
19132.001000,2.165000,1.367000
19133.001000,2.165000,1.370000
19134.001000,2.165000,1.370000
19135.001000,2.166000,1.372000
19136.001000,2.166000,1.375000
19137.001000,2.166000,1.370000
19138.001000,2.166000,1.374000
19139.001000,2.166000,1.375000
19140.001000,2.165000,1.374000
19141.001000,2.165000,1.374000
19142.001000,2.166000,1.376000
19143.001000,2.165000,1.373000
19144.001000,2.165000,1.379000
19145.001000,2.165000,1.378000
19146.001000,2.166000,1.371000
19147.001000,2.166000,1.376000
19148.001000,2.167000,1.368000
19149.001000,2.167000,1.377000
19150.001000,2.166000,1.370000
19151.001000,2.167000,1.377000
19152.001000,2.165000,1.375000
19153.001000,2.166000,1.380000
19154.001000,2.166000,1.379000
19155.001000,2.167000,1.381000
19156.001000,2.166000,1.382000
19157.001000,2.167000,1.386000
19158.001000,2.166000,1.400000
19159.001000,2.167000,1.397000
19160.001000,2.166000,1.401000
19161.001000,2.166000,1.401000
19162.001000,2.167000,1.401000
19163.001000,2.167000,1.397000
19164.001000,2.166000,1.402000
19165.001000,2.165000,1.409000
19166.001000,2.166000,1.404000
19167.001000,2.166000,1.407000
19168.001000,2.166000,1.398000
19169.001000,2.166000,1.410000
19170.001000,2.166000,1.407000
19171.001000,2.166000,1.404000
19172.001000,2.166000,1.406000
19173.001000,2.166000,1.406000
19174.001000,2.166000,1.408000
19175.001000,2.166000,1.402000
19176.001000,2.167000,1.399000
19177.001000,2.167000,1.401000
19178.001000,2.166000,1.403000
19179.001000,2.167000,1.406000
19180.001000,2.166000,1.399000
19181.001000,2.166000,1.400000
19182.001000,2.167000,1.401000
19183.001000,2.168000,1.406000
19184.001000,2.168000,1.395000
19185.001000,2.168000,1.405000
19186.001000,2.169000,1.402000
19187.001000,2.169000,1.401000
19188.001000,2.169000,1.405000
19189.001000,2.169000,1.408000
19190.001000,2.169000,1.407000
19191.001000,2.169000,1.404000
19192.001000,2.169000,1.405000
19193.001000,2.168000,1.405000
19194.001000,2.168000,1.406000
19195.001000,2.169000,1.408000
19196.001000,2.169000,1.403000
19197.001000,2.168000,1.388000
19198.001000,2.168000,1.381000
19199.001000,2.168000,1.390000
19200.001000,2.169000,1.385000
19201.001000,2.169000,1.381000
19202.001000,2.169000,1.383000
19203.001000,2.169000,1.382000
19204.001000,2.169000,1.381000
19205.001000,2.169000,1.383000
19206.001000,2.169000,1.382000
19207.001000,2.169000,1.386000
19208.001000,2.168000,1.379000
19209.001000,2.168000,1.380000
19210.001000,2.169000,1.377000
19211.001000,2.169000,1.380000
19212.001000,2.169000,1.379000
19213.001000,2.169000,1.382000
19214.001000,2.170000,1.381000
19215.001000,2.170000,1.375000
19216.001000,2.170000,1.378000
19217.001000,2.170000,1.377000
19218.001000,2.170000,1.377000
19219.001000,2.169000,1.376000
19220.001000,2.168000,1.382000
19221.001000,2.168000,1.386000
19222.001000,2.169000,1.382000
19223.001000,2.169000,1.382000
19224.001000,2.169000,1.382000
19225.001000,2.169000,1.377000
19226.001000,2.170000,1.379000
19227.001000,2.169000,1.380000
19228.001000,2.168000,1.380000
19229.001000,2.167000,1.382000
19230.001000,2.167000,1.382000
19231.001000,2.167000,1.382000
19232.001000,2.167000,1.376000
19233.001000,2.167000,1.374000
19234.001000,2.167000,1.378000
19235.001000,2.167000,1.380000
19236.001000,2.167000,1.379000
19237.001000,2.167000,1.376000
19238.001000,2.167000,1.380000
19239.001000,2.167000,1.377000
19240.001000,2.168000,1.379000
19241.001000,2.168000,1.380000
19242.001000,2.167000,1.383000
19243.001000,2.167000,1.385000
19244.001000,2.167000,1.384000
19245.001000,2.167000,1.386000
19246.001000,2.167000,1.389000
19247.001000,2.168000,1.390000
19248.001000,2.168000,1.388000
19249.001000,2.168000,1.381000
19250.001000,2.169000,1.388000
19251.001000,2.169000,1.385000
19252.001000,2.169000,1.391000
19253.001000,2.170000,1.387000
19254.001000,2.169000,1.381000
19255.001000,2.169000,1.377000
19256.001000,2.169000,1.382000
19257.001000,2.169000,1.379000
19258.001000,2.169000,1.381000
19259.001000,2.169000,1.382000
19260.001000,2.169000,1.380000
19261.001000,2.169000,1.386000
19262.001000,2.169000,1.384000
19263.001000,2.169000,1.381000
19264.001000,2.168000,1.386000
19265.001000,2.168000,1.386000
19266.001000,2.168000,1.382000
19267.001000,2.168000,1.383000
19268.001000,2.168000,1.385000
19269.001000,2.168000,1.384000
19270.001000,2.168000,1.387000
19271.001000,2.168000,1.385000
19272.001000,2.168000,1.384000
19273.001000,2.168000,1.385000
19274.001000,2.168000,1.382000
19275.001000,2.168000,1.382000
19276.001000,2.167000,1.386000
19277.001000,2.167000,1.380000
19278.001000,2.166000,1.388000
19279.001000,2.167000,1.386000
19280.001000,2.167000,1.383000
19281.001000,2.167000,1.386000
19282.001000,2.167000,1.387000
19283.001000,2.166000,1.385000
19284.001000,2.167000,1.388000
19285.001000,2.167000,1.383000
19286.001000,2.167000,1.383000
19287.001000,2.167000,1.382000
19288.001000,2.166000,1.381000
19289.001000,2.167000,1.381000
19290.001000,2.166000,1.380000
19291.001000,2.166000,1.382000
19292.001000,2.166000,1.383000
19293.001000,2.167000,1.385000
19294.001000,2.166000,1.379000
19295.001000,2.167000,1.378000
19296.001000,2.166000,1.386000
19297.001000,2.167000,1.379000
19298.001000,2.168000,1.379000
19299.001000,2.168000,1.381000
19300.001000,2.168000,1.384000
19301.001000,2.168000,1.382000
19302.001000,2.168000,1.386000
19303.001000,2.169000,1.385000
19304.001000,2.169000,1.375000
19305.001000,2.170000,1.380000
19306.001000,2.170000,1.388000
19307.001000,2.171000,1.385000
19308.001000,2.171000,1.386000
19309.001000,2.171000,1.387000
19310.001000,2.172000,1.385000
19311.001000,2.172000,1.388000
19312.001000,2.172000,1.387000
19313.001000,2.173000,1.386000
19314.001000,2.173000,1.384000
19315.001000,2.173000,1.389000
19316.001000,2.173000,1.393000
19317.001000,2.174000,1.391000
19318.001000,2.174000,1.393000
19319.001000,2.174000,1.393000
19320.001000,2.174000,1.387000
19321.001000,2.174000,1.386000
19322.001000,2.174000,1.390000
19323.001000,2.174000,1.395000
19324.001000,2.175000,1.394000
19325.001000,2.174000,1.393000
19326.001000,2.174000,1.396000
19327.001000,2.175000,1.399000
19328.001000,2.174000,1.394000
19329.001000,2.174000,1.391000
19330.001000,2.175000,1.388000
19331.001000,2.175000,1.389000
19332.001000,2.175000,1.391000
19333.001000,2.175000,1.393000
19334.001000,2.176000,1.397000
19335.001000,2.176000,1.395000
19336.001000,2.176000,1.393000
19337.001000,2.176000,1.394000
19338.001000,2.177000,1.394000
19339.001000,2.177000,1.389000
19340.001000,2.177000,1.392000
19341.001000,2.177000,1.395000
19342.001000,2.178000,1.395000
19343.001000,2.178000,1.392000
19344.001000,2.178000,1.396000
19345.001000,2.178000,1.396000
19346.001000,2.178000,1.395000
19347.001000,2.178000,1.397000
19348.001000,2.179000,1.402000
19349.001000,2.179000,1.401000
19350.001000,2.178000,1.399000
19351.001000,2.178000,1.400000
19352.001000,2.178000,1.399000
19353.001000,2.178000,1.399000
19354.001000,2.177000,1.399000
19355.001000,2.177000,1.396000
19356.001000,2.178000,1.400000
19357.001000,2.178000,1.397000
19358.001000,2.178000,1.399000
19359.001000,2.178000,1.397000
19360.001000,2.178000,1.400000
19361.001000,2.178000,1.398000
19362.001000,2.178000,1.400000
19363.001000,2.178000,1.401000
19364.001000,2.179000,1.398000
19365.001000,2.179000,1.395000
19366.001000,2.178000,1.395000
19367.001000,2.178000,1.395000
19368.001000,2.178000,1.397000
19369.001000,2.179000,1.396000
19370.001000,2.179000,1.396000
19371.001000,2.180000,1.396000
19372.001000,2.180000,1.400000
19373.001000,2.180000,1.400000
19374.001000,2.180000,1.399000
19375.001000,2.180000,1.398000
19376.001000,2.180000,1.398000
19377.001000,2.180000,1.398000
19378.001000,2.180000,1.400000
19379.001000,2.180000,1.400000
19380.001000,2.180000,1.402000
19381.001000,2.181000,1.403000
19382.001000,2.181000,1.404000
19383.001000,2.181000,1.403000
19384.001000,2.182000,1.403000
19385.001000,2.182000,1.403000
19386.001000,2.182000,1.406000
19387.001000,2.183000,1.400000
19388.001000,2.183000,1.398000
19389.001000,2.184000,1.401000
19390.001000,2.184000,1.404000
19391.001000,2.184000,1.403000
19392.001000,2.184000,1.394000
19393.001000,2.185000,1.401000
19394.001000,2.185000,1.404000
19395.001000,2.185000,1.402000
19396.001000,2.185000,1.400000
19397.001000,2.185000,1.402000
19398.001000,2.186000,1.403000
19399.001000,2.186000,1.405000
19400.001000,2.186000,1.403000
19401.001000,2.186000,1.403000
19402.001000,2.186000,1.401000
19403.001000,2.187000,1.406000
19404.001000,2.187000,1.400000
19405.001000,2.187000,1.398000
19406.001000,2.187000,1.398000
19407.001000,2.188000,1.398000
19408.001000,2.188000,1.386000
19409.001000,2.188000,1.389000
19410.001000,2.188000,1.386000
19411.001000,2.188000,1.393000
19412.001000,2.188000,1.392000
19413.001000,2.187000,1.393000
19414.001000,2.188000,1.392000
19415.001000,2.187000,1.391000
19416.001000,2.188000,1.398000
19417.001000,2.188000,1.386000
19418.001000,2.188000,1.399000
19419.001000,2.188000,1.385000
19420.001000,2.188000,1.389000
19421.001000,2.187000,1.385000
19422.001000,2.187000,1.387000
19423.001000,2.188000,1.392000
19424.001000,2.187000,1.386000
19425.001000,2.188000,1.389000
19426.001000,2.188000,1.389000
19427.001000,2.189000,1.391000
19428.001000,2.189000,1.388000
19429.001000,2.189000,1.386000
19430.001000,2.189000,1.389000
19431.001000,2.190000,1.389000
19432.001000,2.190000,1.388000
19433.001000,2.190000,1.390000
19434.001000,2.190000,1.389000
19435.001000,2.190000,1.389000
19436.001000,2.190000,1.394000
19437.001000,2.191000,1.390000
19438.001000,2.191000,1.390000
19439.001000,2.191000,1.387000
19440.001000,2.191000,1.383000
19441.001000,2.191000,1.386000
19442.001000,2.191000,1.385000
19443.001000,2.191000,1.390000
19444.001000,2.192000,1.386000
19445.001000,2.192000,1.385000
19446.001000,2.192000,1.388000
19447.001000,2.192000,1.389000
19448.001000,2.192000,1.388000
19449.001000,2.192000,1.387000
19450.001000,2.192000,1.389000
19451.001000,2.192000,1.390000
19452.001000,2.193000,1.389000
19453.001000,2.193000,1.397000
19454.001000,2.193000,1.389000
19455.001000,2.193000,1.387000
19456.001000,2.193000,1.393000
19457.001000,2.193000,1.395000
19458.001000,2.193000,1.396000
19459.001000,2.193000,1.396000
19460.001000,2.193000,1.396000
19461.001000,2.193000,1.399000
19462.001000,2.193000,1.396000
19463.001000,2.193000,1.395000
19464.001000,2.193000,1.394000
19465.001000,2.193000,1.395000
19466.001000,2.193000,1.395000
19467.001000,2.192000,1.397000
19468.001000,2.192000,1.398000
19469.001000,2.192000,1.389000
19470.001000,2.192000,1.396000
19471.001000,2.192000,1.394000
19472.001000,2.192000,1.393000
19473.001000,2.192000,1.393000
19474.001000,2.193000,1.393000
19475.001000,2.193000,1.398000
19476.001000,2.193000,1.396000
19477.001000,2.193000,1.399000
19478.001000,2.193000,1.392000
19479.001000,2.193000,1.393000
19480.001000,2.193000,1.399000
19481.001000,2.193000,1.394000
19482.001000,2.193000,1.395000
19483.001000,2.193000,1.392000
19484.001000,2.193000,1.397000
19485.001000,2.194000,1.389000
19486.001000,2.194000,1.394000
19487.001000,2.194000,1.396000
19488.001000,2.194000,1.398000
19489.001000,2.195000,1.393000
19490.001000,2.195000,1.395000
19491.001000,2.196000,1.393000
19492.001000,2.196000,1.396000
19493.001000,2.197000,1.400000
19494.001000,2.197000,1.397000
19495.001000,2.198000,1.399000
19496.001000,2.197000,1.396000
19497.001000,2.198000,1.398000
19498.001000,2.198000,1.400000
19499.001000,2.198000,1.389000
19500.001000,2.198000,1.393000
19501.001000,2.197000,1.394000
19502.001000,2.197000,1.397000
19503.001000,2.197000,1.396000
19504.001000,2.197000,1.400000
19505.001000,2.198000,1.404000
19506.001000,2.198000,1.402000
19507.001000,2.198000,1.405000
19508.001000,2.198000,1.401000
19509.001000,2.198000,1.399000
19510.001000,2.198000,1.394000
19511.001000,2.198000,1.398000
19512.001000,2.198000,1.397000
19513.001000,2.197000,1.401000
19514.001000,2.197000,1.397000
19515.001000,2.198000,1.397000
19516.001000,2.198000,1.397000
19517.001000,2.198000,1.397000
19518.001000,2.198000,1.397000
19519.001000,2.198000,1.397000
19520.001000,2.198000,1.400000
19521.001000,2.198000,1.401000
19522.001000,2.198000,1.398000
19523.001000,2.199000,1.397000
19524.001000,2.198000,1.391000
19525.001000,2.198000,1.395000
19526.001000,2.198000,1.390000
19527.001000,2.198000,1.393000
19528.001000,2.198000,1.397000
19529.001000,2.198000,1.399000
19530.001000,2.198000,1.400000
19531.001000,2.197000,1.401000
19532.001000,2.198000,1.402000
19533.001000,2.198000,1.402000
19534.001000,2.199000,1.398000
19535.001000,2.199000,1.400000
19536.001000,2.199000,1.402000
19537.001000,2.199000,1.400000
19538.001000,2.198000,1.400000
19539.001000,2.198000,1.401000
19540.001000,2.198000,1.403000
19541.001000,2.198000,1.398000
19542.001000,2.198000,1.403000
19543.001000,2.199000,1.401000
19544.001000,2.199000,1.403000
19545.001000,2.199000,1.403000
19546.001000,2.199000,1.400000
19547.001000,2.199000,1.398000
19548.001000,2.199000,1.399000
19549.001000,2.200000,1.400000
19550.001000,2.200000,1.400000
19551.001000,2.200000,1.400000
19552.001000,2.200000,1.408000
19553.001000,2.200000,1.400000
19554.001000,2.199000,1.402000
19555.001000,2.200000,1.406000
19556.001000,2.200000,1.408000
19557.001000,2.201000,1.408000
19558.001000,2.200000,1.400000
19559.001000,2.200000,1.398000
19560.001000,2.200000,1.400000
19561.001000,2.200000,1.400000
19562.001000,2.199000,1.403000
19563.001000,2.199000,1.400000
19564.001000,2.199000,1.398000
19565.001000,2.199000,1.399000
19566.001000,2.199000,1.397000
19567.001000,2.198000,1.400000
19568.001000,2.198000,1.397000
19569.001000,2.199000,1.398000
19570.001000,2.200000,1.398000
19571.001000,2.200000,1.391000
19572.001000,2.200000,1.397000
19573.001000,2.200000,1.397000
19574.001000,2.201000,1.400000
19575.001000,2.200000,1.395000
19576.001000,2.200000,1.393000
19577.001000,2.200000,1.399000
19578.001000,2.201000,1.394000
19579.001000,2.201000,1.396000
19580.001000,2.201000,1.394000
19581.001000,2.201000,1.393000
19582.001000,2.201000,1.391000
19583.001000,2.201000,1.390000
19584.001000,2.201000,1.391000
19585.001000,2.201000,1.394000
19586.001000,2.201000,1.397000
19587.001000,2.201000,1.398000
19588.001000,2.202000,1.396000
19589.001000,2.202000,1.399000
19590.001000,2.202000,1.397000
19591.001000,2.202000,1.396000
19592.001000,2.202000,1.404000
19593.001000,2.202000,1.405000
19594.001000,2.202000,1.401000
19595.001000,2.202000,1.402000
19596.001000,2.202000,1.400000
19597.001000,2.203000,1.397000
19598.001000,2.203000,1.403000
19599.001000,2.203000,1.398000
19600.001000,2.202000,1.398000
19601.001000,2.202000,1.394000
19602.001000,2.202000,1.395000
19603.001000,2.203000,1.399000
19604.001000,2.203000,1.397000
19605.001000,2.203000,1.400000
19606.001000,2.203000,1.401000
19607.001000,2.203000,1.399000
19608.001000,2.203000,1.396000
19609.001000,2.203000,1.400000
19610.001000,2.203000,1.399000
19611.001000,2.203000,1.402000
19612.001000,2.203000,1.405000
19613.001000,2.203000,1.399000
19614.001000,2.203000,1.400000
19615.001000,2.203000,1.402000
19616.001000,2.203000,1.396000
19617.001000,2.202000,1.401000
19618.001000,2.203000,1.403000
19619.001000,2.203000,1.401000
19620.001000,2.203000,1.403000
19621.001000,2.203000,1.399000
19622.001000,2.203000,1.398000
19623.001000,2.203000,1.396000
19624.001000,2.204000,1.402000
19625.001000,2.204000,1.403000
19626.001000,2.204000,1.402000
19627.001000,2.203000,1.403000
19628.001000,2.204000,1.403000
19629.001000,2.204000,1.405000
19630.001000,2.204000,1.398000
19631.001000,2.204000,1.405000
19632.001000,2.205000,1.402000
19633.001000,2.205000,1.398000
19634.001000,2.205000,1.397000
19635.001000,2.205000,1.399000
19636.001000,2.205000,1.397000
19637.001000,2.205000,1.402000
19638.001000,2.205000,1.403000
19639.001000,2.205000,1.398000
19640.001000,2.205000,1.404000
19641.001000,2.205000,1.404000
19642.001000,2.205000,1.407000
19643.001000,2.205000,1.400000
19644.001000,2.205000,1.397000
19645.001000,2.205000,1.398000
19646.001000,2.206000,1.401000
19647.001000,2.206000,1.402000
19648.001000,2.206000,1.401000
19649.001000,2.206000,1.400000
19650.001000,2.206000,1.400000
19651.001000,2.206000,1.403000
19652.001000,2.206000,1.405000
19653.001000,2.206000,1.404000
19654.001000,2.206000,1.402000
19655.001000,2.206000,1.401000
19656.001000,2.205000,1.402000
19657.001000,2.205000,1.409000
19658.001000,2.205000,1.409000
19659.001000,2.204000,1.404000
19660.001000,2.204000,1.398000
19661.001000,2.205000,1.398000
19662.001000,2.204000,1.402000
19663.001000,2.204000,1.395000
19664.001000,2.204000,1.396000
19665.001000,2.204000,1.395000
19666.001000,2.204000,1.398000
19667.001000,2.204000,1.394000
19668.001000,2.204000,1.394000
19669.001000,2.204000,1.398000
19670.001000,2.204000,1.405000
19671.001000,2.204000,1.402000
19672.001000,2.204000,1.407000
19673.001000,2.204000,1.402000
19674.001000,2.204000,1.408000
19675.001000,2.204000,1.400000
19676.001000,2.204000,1.400000
19677.001000,2.204000,1.404000
19678.001000,2.204000,1.403000
19679.001000,2.204000,1.402000
