0.002000,5.677731,5.975759
1.001000,5.682876,5.966549
2.001000,5.686167,5.965122
3.001000,5.687989,5.958906
4.001000,5.688941,5.953977
5.001000,5.689540,5.942135
6.001000,5.679413,5.943996
7.001000,5.665414,5.926229
8.001000,5.646558,5.906407
9.001000,5.625415,5.885868
10.001000,5.601285,5.858709
11.001000,5.574596,5.831266
12.001000,5.547435,5.804514
13.001000,5.520897,5.776282
14.001000,5.490241,5.742432
15.001000,5.460175,5.709718
16.001000,5.428395,5.681285
17.001000,5.395301,5.647344
18.001000,5.364603,5.612608
19.001000,5.334459,5.578593
20.001000,5.302577,5.544948
21.001000,5.268673,5.513183
22.001000,5.233250,5.485771
23.001000,5.204918,5.454333
24.001000,5.177828,5.426037
25.001000,5.152384,5.392879
26.001000,5.125939,5.365758
27.001000,5.100944,5.341870
28.001000,5.073993,5.311829
29.001000,5.049453,5.289539
30.001000,5.027107,5.265901
31.001000,5.003372,5.240470
32.001000,4.980633,5.221223
33.001000,4.959618,5.200256
34.001000,4.937180,5.179838
35.001000,4.913574,5.159021
36.001000,4.897595,5.144656
37.001000,4.877618,5.122098
38.001000,4.860561,5.097354
39.001000,4.845140,5.086308
40.001000,4.828948,5.072888
41.001000,4.813309,5.060121
42.001000,4.800157,5.046478
43.001000,4.786343,5.033430
44.001000,4.772724,5.021908
45.001000,4.760683,5.006559
46.001000,4.747255,4.991283
47.001000,4.735589,4.980751
48.001000,4.724681,4.963719
49.001000,4.714787,4.952616
50.001000,4.703249,4.940657
51.001000,4.692186,4.931812
52.001000,4.682313,4.923701
53.001000,4.672260,4.912871
54.001000,4.659896,4.905346
55.001000,4.651350,4.897004
56.001000,4.641058,4.887146
57.001000,4.631259,4.875072
58.001000,4.620547,4.861632
59.001000,4.611982,4.855699
60.001000,4.602131,4.844073
61.001000,4.590475,4.837335
62.001000,4.578202,4.822931
63.001000,4.568149,4.813564
64.001000,4.557096,4.804133
65.001000,4.546035,4.790759
66.001000,4.534111,4.779369
67.001000,4.522651,4.768977
68.001000,4.510679,4.758636
69.001000,4.500181,4.746456
70.001000,4.488906,4.734241
71.001000,4.475260,4.724337
72.001000,4.469774,4.727591
73.001000,4.457848,4.713163
74.001000,4.441604,4.706409
75.001000,4.430898,4.694273
76.001000,4.419394,4.684221
77.001000,4.409648,4.673403
78.001000,4.398123,4.661130
79.001000,4.390539,4.662013
80.001000,4.382722,4.656749
81.001000,4.371826,4.647915
82.001000,4.362138,4.637191
83.001000,4.353383,4.627413
84.001000,4.343277,4.614528
85.001000,4.333692,4.596183
86.001000,4.324858,4.590547
87.001000,4.316357,4.581585
88.001000,4.308559,4.574062
89.001000,4.300251,4.566125
90.001000,4.291846,4.554615
91.001000,4.284623,4.552753
92.001000,4.276292,4.541987
93.001000,4.269969,4.537352
94.001000,4.262015,4.529510
95.001000,4.254679,4.524283
96.001000,4.246283,4.520758
97.001000,4.240804,4.515999
98.001000,4.234135,4.510693
99.001000,4.228456,4.502886
100.001000,4.220494,4.499270
101.001000,4.215830,4.493270
102.001000,4.208717,4.488549
103.001000,4.202569,4.480791
104.001000,4.197338,4.479406
105.001000,4.190926,4.472920
106.001000,4.185355,4.467780
107.001000,4.179963,4.461222
108.001000,4.175405,4.453963
109.001000,4.169272,4.446925
110.001000,4.163771,4.442840
111.001000,4.158752,4.439291
112.001000,4.153200,4.434376
113.001000,4.148038,4.431452
114.001000,4.143440,4.427953
115.001000,4.137553,4.419217
116.001000,4.130268,4.415421
117.001000,4.125930,4.410964
118.001000,4.119814,4.407739
119.001000,4.111808,4.404885
120.001000,4.107005,4.397650
121.001000,4.103001,4.391075
122.001000,4.098270,4.388636
123.001000,4.093352,4.385699
124.001000,4.087279,4.379710
125.001000,4.082449,4.376871
126.001000,4.078331,4.374938
127.001000,4.073867,4.370148
128.001000,4.069122,4.366247
129.001000,4.064347,4.362247
130.001000,4.060313,4.359999
131.001000,4.056146,4.354187
132.001000,4.050737,4.349925
133.001000,4.046934,4.346055
134.001000,4.044036,4.341946
135.001000,4.039325,4.339173
136.001000,4.035562,4.335288
137.001000,4.032633,4.333669
138.001000,4.027565,4.330439
139.001000,4.023695,4.327375
140.001000,4.019354,4.322302
141.001000,4.016612,4.320658
142.001000,4.012503,4.315661
143.001000,4.008885,4.315616
144.001000,4.005828,4.311226
145.001000,4.002458,4.308503
146.001000,3.998133,4.305171
147.001000,3.995187,4.303671
148.001000,3.991814,4.302944
149.001000,3.988054,4.300160
150.001000,3.985946,4.295747
151.001000,3.983192,4.291054
152.001000,3.978894,4.291108
153.001000,3.976757,4.286861
154.001000,3.972895,4.284104
155.001000,3.971002,4.280388
156.001000,3.967490,4.277570
157.001000,3.964542,4.275201
158.001000,3.962811,4.273254
159.001000,3.962678,4.273346
160.001000,3.961637,4.270249
161.001000,3.959119,4.267905
162.001000,3.956294,4.264648
163.001000,3.953244,4.261024
164.001000,3.950993,4.262064
165.001000,3.948884,4.258372
166.001000,3.946602,4.258534
167.001000,3.944537,4.255813
168.001000,3.942123,4.252930
169.001000,3.939915,4.252625
170.001000,3.938040,4.252840
171.001000,3.936733,4.249006
172.001000,3.934659,4.248514
173.001000,3.932504,4.247114
174.001000,3.930316,4.245786
175.001000,3.928718,4.247005
176.001000,3.926465,4.239572
177.001000,3.925187,4.240745
178.001000,3.923054,4.240918
179.001000,3.921853,4.239372
180.001000,3.920120,4.236316
181.001000,3.918130,4.235148
182.001000,3.916543,4.233835
183.001000,3.914694,4.231671
184.001000,3.912417,4.231286
185.001000,3.910093,4.230175
186.001000,3.907661,4.227865
187.001000,3.906339,4.227167
188.001000,3.903831,4.225487
189.001000,3.901577,4.224381
190.001000,3.900605,4.222515
191.001000,3.898607,4.223579
192.001000,3.899035,4.221695
193.001000,3.898401,4.222529
194.001000,3.894341,4.218760
195.001000,3.892831,4.217685
196.001000,3.891170,4.218221
197.001000,3.890197,4.219007
198.001000,3.890271,4.217643
199.001000,3.888545,4.217914
200.001000,3.886648,4.214045
201.001000,3.885491,4.214470
202.001000,3.884518,4.213715
203.001000,3.882337,4.212194
204.001000,3.881783,4.211301
205.001000,3.880834,4.211562
206.001000,3.879459,4.211591
207.001000,3.878154,4.207980
208.001000,3.877679,4.209623
209.001000,3.876683,4.207413
210.001000,3.876325,4.207414
211.001000,3.875052,4.204677
212.001000,3.874217,4.205186
213.001000,3.873235,4.203311
214.001000,3.872021,4.201187
215.001000,3.871796,4.200513
216.001000,3.871182,4.202604
217.001000,3.869859,4.203388
218.001000,3.870548,4.204438
219.001000,3.869365,4.201799
220.001000,3.867791,4.204306
221.001000,3.867144,4.206300
222.001000,3.866865,4.205187
223.001000,3.865795,4.202085
224.001000,3.864967,4.201348
225.001000,3.864765,4.199344
226.001000,3.864356,4.198604
227.001000,3.865023,4.196665
228.001000,3.864472,4.196559
229.001000,3.863311,4.196223
230.001000,3.862665,4.195569
231.001000,3.862355,4.195907
232.001000,3.861602,4.195707
233.001000,3.861061,4.197728
234.001000,3.860165,4.194254
235.001000,3.859929,4.192165
236.001000,3.858402,4.190402
237.001000,3.858349,4.193102
238.001000,3.856156,4.189353
239.001000,3.856345,4.192569
240.001000,3.857400,4.192398
241.001000,3.857793,4.191105
242.001000,3.857369,4.194220
243.001000,3.856908,4.192799
244.001000,3.855404,4.194103
245.001000,3.854857,4.194813
246.001000,3.855069,4.193551
247.001000,3.854269,4.189415
248.001000,3.854186,4.191412
249.001000,3.853663,4.189347
250.001000,3.852574,4.187747
251.001000,3.851687,4.187929
252.001000,3.851284,4.187992
253.001000,3.850783,4.186339
254.001000,3.850554,4.189803
255.001000,3.850038,4.188664
256.001000,3.849061,4.187877
257.001000,3.848141,4.186825
258.001000,3.847245,4.187947
259.001000,3.847298,4.187843
260.001000,3.848112,4.187805
261.001000,3.848541,4.188681
262.001000,3.848393,4.187599
263.001000,3.848327,4.185312
264.001000,3.845207,4.188999
265.001000,3.844880,4.186849
266.001000,3.844623,4.188597
267.001000,3.842809,4.186371
268.001000,3.842385,4.187243
269.001000,3.843671,4.185588
270.001000,3.845027,4.186942
271.001000,3.846212,4.186602
272.001000,3.846937,4.185807
273.001000,3.844623,4.187882
274.001000,3.844150,4.190398
275.001000,3.845085,4.188756
276.001000,3.845793,4.186949
277.001000,3.846509,4.188184
278.001000,3.846540,4.187102
279.001000,3.847167,4.185995
280.001000,3.847584,4.184502
281.001000,3.844279,4.186608
282.001000,3.843585,4.189297
283.001000,3.843708,4.188078
284.001000,3.844275,4.189179
285.001000,3.844296,4.190936
286.001000,3.843918,4.191757
287.001000,3.843552,4.192579
288.001000,3.843017,4.191732
289.001000,3.843335,4.190461
290.001000,3.843955,4.192528
291.001000,3.844382,4.191497
292.001000,3.844465,4.189058
293.001000,3.845717,4.194057
294.001000,3.846495,4.194711
295.001000,3.846390,4.193402
296.001000,3.846092,4.195491
297.001000,3.845666,4.194596
298.001000,3.845342,4.194747
299.001000,3.845427,4.193192
300.001000,3.844775,4.193106
301.001000,3.844761,4.193683
302.001000,3.845657,4.194777
303.001000,3.846272,4.195529
304.001000,3.846745,4.193935
305.001000,3.847255,4.193877
306.001000,3.846961,4.194758
307.001000,3.847239,4.196301
308.001000,3.846125,4.194131
309.001000,3.845220,4.193900
310.001000,3.846082,4.193820
311.001000,3.845026,4.196271
312.001000,3.845905,4.195150
313.001000,3.846755,4.196353
314.001000,3.846481,4.197604
315.001000,3.847606,4.195393
316.001000,3.848821,4.196447
317.001000,3.849672,4.197464
318.001000,3.847096,4.197165
319.001000,3.845818,4.196807
320.001000,3.845532,4.195591
321.001000,3.844905,4.193899
322.001000,3.845633,4.194712
323.001000,3.846366,4.195311
324.001000,3.846531,4.195095
325.001000,3.847528,4.196289
326.001000,3.847738,4.199129
327.001000,3.848061,4.198745
328.001000,3.848393,4.196645
329.001000,3.848980,4.195481
330.001000,3.848874,4.198824
331.001000,3.849180,4.201303
332.001000,3.849465,4.199443
333.001000,3.849869,4.201673
334.001000,3.850077,4.200150
335.001000,3.850408,4.203235
336.001000,3.851234,4.203507
337.001000,3.850490,4.202998
338.001000,3.851397,4.203460
339.001000,3.852308,4.201478
340.001000,3.852084,4.203022
341.001000,3.851962,4.201153
342.001000,3.852094,4.201977
343.001000,3.853291,4.202170
344.001000,3.853909,4.207010
345.001000,3.854346,4.206695
346.001000,3.854490,4.206814
347.001000,3.854486,4.207772
348.001000,3.855559,4.209751
349.001000,3.855559,4.209301
350.001000,3.855710,4.210104
351.001000,3.855797,4.208633
352.001000,3.856373,4.211827
353.001000,3.857406,4.208550
354.001000,3.857656,4.211974
355.001000,3.857660,4.210002
356.001000,3.858431,4.210200
357.001000,3.858561,4.209050
358.001000,3.858894,4.209087
359.001000,3.858957,4.211787
360.001000,3.859555,4.211387
361.001000,3.859915,4.211458
362.001000,3.860223,4.209830
363.001000,3.860228,4.212669
364.001000,3.859847,4.214938
365.001000,3.860242,4.215369
366.001000,3.860785,4.213215
367.001000,3.860839,4.214661
368.001000,3.861033,4.213104
369.001000,3.861587,4.216153
370.001000,3.860875,4.213361
371.001000,3.860941,4.213711
372.001000,3.861617,4.215328
373.001000,3.862384,4.215120
374.001000,3.862293,4.216361
375.001000,3.862872,4.216484
376.001000,3.863915,4.215639
377.001000,3.863623,4.213553
378.001000,3.864278,4.214502
379.001000,3.864815,4.217679
380.001000,3.865230,4.216719
381.001000,3.864927,4.216506
382.001000,3.865365,4.218722
383.001000,3.866519,4.217212
384.001000,3.866943,4.218166
385.001000,3.868152,4.217999
386.001000,3.866555,4.219659
387.001000,3.867422,4.220032
388.001000,3.868490,4.221966
389.001000,3.869483,4.219253
390.001000,3.870474,4.222217
391.001000,3.871220,4.222000
392.001000,3.872231,4.223253
393.001000,3.872738,4.224399
394.001000,3.873189,4.224273
395.001000,3.874182,4.224052
396.001000,3.874965,4.223283
397.001000,3.875593,4.223435
398.001000,3.874702,4.224726
399.001000,3.875852,4.222902
400.001000,3.875938,4.223595
401.001000,3.876941,4.225550
402.001000,3.877223,4.224806
403.001000,3.878089,4.231370
404.001000,3.879088,4.242187
405.001000,3.880125,4.238182
406.001000,3.881144,4.240254
407.001000,3.882316,4.243051
408.001000,3.883778,4.243035
409.001000,3.884535,4.246677
410.001000,3.884699,4.246761
411.001000,3.885561,4.248790
412.001000,3.886420,4.248116
413.001000,3.886494,4.246752
414.001000,3.886661,4.247265
415.001000,3.886999,4.249470
416.001000,3.886521,4.250063
417.001000,3.887149,4.250200
418.001000,3.887371,4.248373
419.001000,3.886496,4.249173
420.001000,3.886358,4.250027
421.001000,3.887198,4.247080
422.001000,3.888132,4.252997
423.001000,3.889443,4.249329
424.001000,3.890279,4.249295
425.001000,3.889695,4.249881
426.001000,3.890205,4.251906
427.001000,3.889861,4.253234
428.001000,3.890477,4.251544
429.001000,3.891520,4.249083
430.001000,3.891872,4.251358
431.001000,3.892467,4.251926
432.001000,3.892376,4.255151
433.001000,3.893141,4.255601
434.001000,3.893288,4.254800
435.001000,3.893037,4.256016
436.001000,3.893275,4.255536
437.001000,3.894501,4.256227
438.001000,3.894052,4.257710
439.001000,3.894578,4.260868
440.001000,3.894964,4.260556
441.001000,3.896263,4.261188
442.001000,3.897568,4.259420
443.001000,3.897557,4.260346
444.001000,3.897812,4.259151
445.001000,3.898114,4.261042
446.001000,3.898331,4.262219
447.001000,3.898286,4.263219
448.001000,3.899328,4.262629
449.001000,3.898397,4.260705
450.001000,3.898517,4.261401
451.001000,3.899253,4.265404
452.001000,3.899913,4.264455
453.001000,3.900155,4.265078
454.001000,3.900169,4.265213
455.001000,3.898681,4.265121
456.001000,3.897858,4.264721
457.001000,3.899053,4.266123
458.001000,3.899765,4.264918
459.001000,3.900749,4.267115
460.001000,3.900267,4.270095
461.001000,3.900364,4.270549
462.001000,3.901674,4.271770
463.001000,3.902569,4.266628
464.001000,3.902426,4.265680
465.001000,3.903065,4.268188
466.001000,3.902966,4.267941
467.001000,3.903924,4.268052
468.001000,3.903954,4.270211
469.001000,3.904669,4.271387
470.001000,3.905186,4.270467
471.001000,3.905391,4.270384
472.001000,3.905927,4.271080
473.001000,3.906676,4.270610
474.001000,3.906625,4.271151
475.001000,3.906902,4.274024
476.001000,3.907836,4.270776
477.001000,3.908170,4.271544
478.001000,3.908953,4.271368
479.001000,3.908555,4.274021
480.001000,3.908987,4.273081
481.001000,3.909846,4.273220
482.001000,3.910779,4.276326
483.001000,3.911853,4.273741
484.001000,3.912789,4.276781
485.001000,3.912702,4.277378
486.001000,3.911433,4.277441
487.001000,3.911425,4.276711
488.001000,3.911557,4.276417
489.001000,3.912323,4.277619
490.001000,3.912881,4.280550
491.001000,3.913578,4.277959
492.001000,3.914149,4.277560
493.001000,3.914011,4.279797
494.001000,3.914285,4.283212
495.001000,3.915430,4.284256
496.001000,3.915898,4.286032
497.001000,3.916325,4.285681
498.001000,3.916498,4.281253
499.001000,3.916617,4.274153
500.001000,3.916873,4.278401
501.001000,3.917135,4.286436
502.001000,3.917117,4.284634
503.001000,3.916779,4.284958
504.001000,3.917096,4.285827
505.001000,3.917607,4.287623
506.001000,3.917871,4.284364
507.001000,3.918368,4.281943
508.001000,3.919122,4.286272
509.001000,3.918052,4.285268
510.001000,3.918108,4.288922
511.001000,3.918660,4.287967
512.001000,3.919631,4.289845
513.001000,3.920557,4.281928
514.001000,3.920940,4.283587
515.001000,3.921756,4.282010
516.001000,3.922679,4.286058
517.001000,3.923292,4.286830
518.001000,3.923093,4.285196
519.001000,3.922704,4.281951
520.001000,3.923199,4.282813
521.001000,3.924314,4.280721
522.001000,3.925158,4.284362
523.001000,3.925671,4.284936
524.001000,3.926198,4.286346
525.001000,3.926572,4.284794
526.001000,3.927144,4.286057
527.001000,3.927438,4.287375
528.001000,3.927231,4.291402
529.001000,3.927328,4.295849
530.001000,3.928470,4.300000
531.001000,3.928933,4.294970
532.001000,3.929373,4.293387
533.001000,3.929304,4.298088
534.001000,3.929438,4.300280
535.001000,3.930642,4.301459
536.001000,3.930853,4.299612
537.001000,3.931157,4.298690
538.001000,3.931998,4.294388
539.001000,3.932373,4.297165
540.001000,3.932503,4.293585
541.001000,3.933193,4.293237
542.001000,3.933968,4.293706
543.001000,3.934859,4.292611
544.001000,3.935288,4.292950
545.001000,3.935118,4.290630
546.001000,3.935821,4.294626
547.001000,3.936790,4.292818
548.001000,3.937473,4.294989
549.001000,3.937689,4.295865
550.001000,3.938111,4.296273
551.001000,3.937581,4.294088
552.001000,3.937355,4.292812
553.001000,3.937725,4.296852
554.001000,3.938303,4.296617
555.001000,3.938803,4.296931
556.001000,3.939077,4.296645
557.001000,3.939179,4.298767
558.001000,3.940140,4.301420
559.001000,3.940815,4.297431
560.001000,3.941304,4.297987
561.001000,3.941986,4.296924
562.001000,3.942086,4.296990
563.001000,3.942617,4.296340
564.001000,3.941115,4.295142
565.001000,3.941819,4.296517
566.001000,3.942817,4.298321
567.001000,3.943921,4.300221
568.001000,3.944783,4.308169
569.001000,3.944963,4.308082
570.001000,3.945585,4.305606
571.001000,3.945808,4.308243
572.001000,3.946382,4.312965
573.001000,3.947320,4.311381
574.001000,3.947736,4.312198
575.001000,3.947549,4.304782
576.001000,3.947565,4.305834
577.001000,3.948466,4.308920
578.001000,3.949115,4.311911
579.001000,3.949904,4.310954
580.001000,3.948404,4.308912
581.001000,3.946975,4.313075
582.001000,3.947484,4.313744
583.001000,3.947632,4.309788
584.001000,3.947802,4.311985
585.001000,3.948775,4.313915
586.001000,3.949273,4.313479
587.001000,3.949870,4.312732
588.001000,3.949708,4.311901
589.001000,3.950865,4.312809
590.001000,3.951644,4.314141
591.001000,3.952449,4.315598
592.001000,3.952625,4.314405
593.001000,3.952877,4.314234
594.001000,3.953629,4.313650
595.001000,3.953928,4.312620
596.001000,3.955016,4.313285
597.001000,3.955923,4.315938
598.001000,3.956518,4.317927
599.001000,3.957880,4.317942
600.001000,3.958875,4.318638
601.001000,3.960077,4.323099
602.001000,3.960666,4.321431
603.001000,3.959319,4.323345
604.001000,3.957706,4.321822
605.001000,3.958120,4.320532
606.001000,3.959053,4.320901
607.001000,3.959132,4.320807
608.001000,3.959194,4.319139
609.001000,3.959310,4.320800
610.001000,3.959992,4.322137
611.001000,3.959930,4.321882
612.001000,3.960368,4.319268
613.001000,3.960247,4.321514
614.001000,3.961318,4.322012
615.001000,3.962041,4.323156
616.001000,3.961494,4.323162
617.001000,3.962067,4.323483
618.001000,3.962581,4.324258
619.001000,3.963112,4.326894
620.001000,3.963570,4.325264
621.001000,3.963782,4.326642
622.001000,3.964332,4.325946
623.001000,3.964983,4.325764
624.001000,3.965032,4.329560
625.001000,3.965289,4.330279
626.001000,3.965795,4.331265
627.001000,3.966021,4.328985
628.001000,3.967035,4.330285
629.001000,3.967831,4.330881
630.001000,3.967675,4.330026
631.001000,3.968897,4.334306
632.001000,3.968841,4.329653
633.001000,3.969278,4.332808
634.001000,3.970582,4.333114
635.001000,3.970956,4.333242
636.001000,3.971068,4.336814
637.001000,3.971978,4.333314
638.001000,3.972773,4.335319
639.001000,3.973276,4.335231
640.001000,3.973582,4.335275
641.001000,3.974472,4.336463
642.001000,3.975134,4.335363
643.001000,3.975057,4.339893
644.001000,3.975830,4.339855
645.001000,3.976750,4.340591
646.001000,3.976944,4.341591
647.001000,3.977755,4.339635
648.001000,3.977759,4.339642
649.001000,3.978055,4.339589
650.001000,3.978502,4.342946
651.001000,3.978742,4.345103
652.001000,3.978684,4.343929
653.001000,3.979441,4.343496
654.001000,3.979131,4.342616
655.001000,3.979323,4.343391
656.001000,3.980344,4.341944
657.001000,3.979865,4.343492
658.001000,3.980703,4.344072
659.001000,3.980999,4.345724
660.001000,3.981516,4.343384
661.001000,3.981761,4.347406
662.001000,3.981504,4.345162
663.001000,3.981230,4.346026
664.001000,3.981401,4.347668
665.001000,3.982396,4.344176
666.001000,3.983043,4.344065
667.001000,3.983724,4.343836
668.001000,3.983975,4.346463
669.001000,3.984768,4.346509
670.001000,3.984824,4.347767
671.001000,3.985030,4.348912
672.001000,3.985786,4.349713
673.001000,3.986574,4.347718
674.001000,3.986678,4.349324
675.001000,3.986998,4.348135
676.001000,3.987139,4.351984
677.001000,3.986966,4.351126
678.001000,3.987778,4.351167
679.001000,3.989029,4.349720
680.001000,3.990115,4.350978
681.001000,3.990594,4.348659
682.001000,3.991400,4.352886
683.001000,3.992444,4.352853
684.001000,3.993239,4.354401
685.001000,3.993658,4.353636
686.001000,3.993833,4.355917
687.001000,3.994136,4.354733
688.001000,3.994652,4.356068
689.001000,3.995896,4.357165
690.001000,3.996578,4.354888
691.001000,3.997130,4.357694
692.001000,3.997255,4.358301
693.001000,3.997722,4.359644
694.001000,3.998421,4.361532
695.001000,3.998978,4.357773
696.001000,3.999445,4.360728
697.001000,3.999736,4.361543
698.001000,4.000333,4.363046
699.001000,4.000531,4.362086
700.001000,4.001044,4.364530
701.001000,4.000982,4.363481
702.001000,4.001713,4.365732
703.001000,4.002097,4.365237
704.001000,4.001871,4.363687
705.001000,4.003059,4.364088
706.001000,4.003323,4.363328
707.001000,4.004166,4.363449
708.001000,4.004574,4.367892
709.001000,4.004912,4.367352
710.001000,4.005396,4.365365
711.001000,4.005885,4.365533
712.001000,4.006725,4.366179
713.001000,4.008009,4.368194
714.001000,4.009228,4.367857
715.001000,4.010578,4.363850
716.001000,4.011581,4.363054
717.001000,4.012243,4.365729
718.001000,4.011655,4.365625
719.001000,4.008275,4.366565
720.001000,4.009367,4.367904
721.001000,4.010590,4.366766
722.001000,4.011618,4.367420
723.001000,4.013135,4.368041
724.001000,4.014107,4.370996
725.001000,4.014141,4.368915
726.001000,4.014890,4.373793
727.001000,4.015307,4.370854
728.001000,4.014444,4.371321
729.001000,4.011438,4.370927
730.001000,4.011209,4.372972
731.001000,4.011160,4.371180
732.001000,4.011624,4.375692
733.001000,4.012598,4.374786
734.001000,4.012584,4.375314
735.001000,4.013583,4.376523
736.001000,4.014297,4.376706
737.001000,4.015334,4.379914
738.001000,4.015690,4.380519
739.001000,4.016363,4.378600
740.001000,4.016940,4.381667
741.001000,4.017257,4.383180
742.001000,4.018055,4.382662
743.001000,4.018679,4.384028
744.001000,4.019457,4.384331
745.001000,4.019808,4.382246
746.001000,4.020208,4.383771
747.001000,4.020886,4.384660
748.001000,4.021444,4.381010
749.001000,4.022118,4.381807
750.001000,4.023047,4.384911
751.001000,4.023917,4.384085
752.001000,4.024398,4.382010
753.001000,4.024816,4.381777
754.001000,4.025203,4.386059
755.001000,4.026188,4.385193
756.001000,4.026765,4.386308
757.001000,4.027253,4.386853
758.001000,4.027685,4.385762
759.001000,4.028316,4.384050
760.001000,4.028939,4.385998
761.001000,4.029946,4.389975
762.001000,4.031147,4.388242
763.001000,4.031833,4.393867
764.001000,4.031974,4.390209
765.001000,4.032116,4.388673
766.001000,4.030521,4.391477
767.001000,4.031289,4.393069
768.001000,4.030560,4.394987
769.001000,4.029114,4.393747
770.001000,4.029656,4.392976
771.001000,4.030404,4.393625
772.001000,4.031066,4.391986
773.001000,4.031536,4.392308
774.001000,4.032562,4.394336
775.001000,4.033288,4.393983
776.001000,4.034117,4.394926
777.001000,4.035084,4.397506
778.001000,4.036544,4.396969
779.001000,4.037469,4.394675
780.001000,4.038472,4.394983
781.001000,4.038180,4.397735
782.001000,4.036697,4.395969
783.001000,4.035734,4.396667
784.001000,4.036311,4.396543
785.001000,4.037283,4.399124
786.001000,4.037798,4.400522
787.001000,4.038114,4.399513
788.001000,4.038891,4.402948
789.001000,4.039592,4.397625
790.001000,4.040522,4.397734
791.001000,4.041717,4.399904
792.001000,4.042907,4.402279
793.001000,4.042565,4.402039
794.001000,4.042289,4.400387
795.001000,4.043393,4.400629
796.001000,4.043782,4.403198
797.001000,4.044759,4.400272
798.001000,4.045582,4.398906
799.001000,4.046589,4.403777
800.001000,4.046505,4.401802
801.001000,4.047274,4.404608
802.001000,4.047394,4.399872
803.001000,4.046042,4.403033
804.001000,4.044409,4.401436
805.001000,4.044965,4.405538
806.001000,4.045852,4.403165
807.001000,4.045745,4.403193
808.001000,4.044400,4.406102
809.001000,4.044823,4.407801
810.001000,4.045472,4.408035
811.001000,4.045521,4.406963
812.001000,4.046090,4.406505
813.001000,4.046794,4.405573
814.001000,4.046743,4.404662
815.001000,4.047405,4.402807
816.001000,4.047925,4.404157
817.001000,4.048731,4.409307
818.001000,4.049758,4.406663
819.001000,4.049818,4.409692
820.001000,4.049785,4.408790
821.001000,4.050327,4.410861
822.001000,4.050308,4.415161
823.001000,4.050729,4.413126
824.001000,4.051587,4.411771
825.001000,4.052164,4.414300
826.001000,4.052983,4.415982
827.001000,4.052525,4.411788
828.001000,4.053499,4.415377
829.001000,4.053984,4.413996
830.001000,4.054636,4.414975
831.001000,4.055170,4.414354
832.001000,4.055716,4.413276
833.001000,4.056615,4.413358
834.001000,4.056647,4.416796
835.001000,4.057500,4.418065
836.001000,4.058083,4.417265
837.001000,4.058061,4.417643
838.001000,4.058223,4.416264
839.001000,4.058813,4.417548
840.001000,4.058005,4.418324
841.001000,4.058805,4.417234
842.001000,4.059590,4.417854
843.001000,4.059891,4.416494
844.001000,4.060040,4.416566
845.001000,4.060112,4.420810
846.001000,4.060366,4.420838
847.001000,4.061162,4.421042
848.001000,4.061662,4.421445
849.001000,4.061968,4.418546
850.001000,4.061971,4.419762
851.001000,4.062031,4.422499
852.001000,4.062514,4.422079
853.001000,4.061984,4.420200
854.001000,4.062736,4.421845
855.001000,4.063480,4.421790
856.001000,4.063439,4.425688
857.001000,4.062807,4.423502
858.001000,4.062667,4.425184
859.001000,4.062693,4.424592
860.001000,4.063476,4.425698
861.001000,4.064221,4.429316
862.001000,4.064408,4.428090
863.001000,4.065521,4.422415
864.001000,4.065782,4.428789
865.001000,4.065521,4.428128
866.001000,4.066510,4.424963
867.001000,4.067738,4.425405
868.001000,4.068787,4.431188
869.001000,4.069648,4.427072
870.001000,4.070536,4.427615
871.001000,4.071541,4.430172
872.001000,4.072196,4.430672
873.001000,4.072592,4.429461
874.001000,4.073709,4.431987
875.001000,4.074401,4.434050
876.001000,4.074884,4.432220
877.001000,4.073678,4.430854
878.001000,4.071925,4.430700
879.001000,4.071401,4.432229
880.001000,4.071166,4.435144
881.001000,4.071274,4.434103
882.001000,4.071103,4.434340
883.001000,4.071743,4.433522
884.001000,4.072537,4.432023
885.001000,4.073464,4.430683
886.001000,4.073852,4.435072
887.001000,4.074852,4.438846
888.001000,4.075140,4.436214
889.001000,4.075764,4.438533
890.001000,4.075873,4.436753
891.001000,4.076819,4.440877
892.001000,4.077650,4.439844
893.001000,4.078268,4.441908
894.001000,4.078551,4.434570
895.001000,4.079144,4.437336
896.001000,4.079082,4.441271
897.001000,4.080538,4.442440
898.001000,4.081495,4.442576
899.001000,4.082538,4.441051
900.001000,4.083597,4.443408
901.001000,4.084585,4.446463
902.001000,4.085419,4.443275
903.001000,4.086255,4.442241
904.001000,4.086647,4.445503
905.001000,4.086914,4.444573
906.001000,4.087436,4.443590
907.001000,4.088102,4.443607
908.001000,4.088855,4.446615
909.001000,4.088740,4.444239
910.001000,4.087449,4.446568
911.001000,4.085042,4.445956
912.001000,4.084356,4.445655
913.001000,4.084969,4.442182
914.001000,4.085735,4.443351
915.001000,4.086411,4.445339
916.001000,4.087209,4.446406
917.001000,4.088133,4.445112
918.001000,4.089284,4.444857
919.001000,4.090460,4.449243
920.001000,4.091688,4.444480
921.001000,4.092128,4.449245
922.001000,4.093226,4.447549
923.001000,4.093997,4.452503
924.001000,4.094667,4.454191
925.001000,4.095166,4.460287
926.001000,4.095095,4.461700
927.001000,4.095445,4.458961
928.001000,4.096288,4.451217
929.001000,4.096818,4.453665
930.001000,4.096995,4.451622
931.001000,4.097316,4.451184
932.001000,4.097720,4.455992
933.001000,4.097781,4.454449
934.001000,4.098223,4.458235
935.001000,4.098968,4.452627
936.001000,4.098941,4.455701
937.001000,4.098433,4.452748
938.001000,4.099478,4.454021
939.001000,4.100201,4.454161
940.001000,4.100832,4.456972
941.001000,4.101213,4.454368
942.001000,4.100956,4.454359
943.001000,4.100637,4.453637
944.001000,4.100669,4.456204
945.001000,4.101818,4.455346
946.001000,4.103013,4.458686
947.001000,4.103625,4.457251
948.001000,4.104257,4.461116
949.001000,4.104249,4.461567
950.001000,4.104323,4.462353
951.001000,4.104676,4.463454
952.001000,4.105416,4.469107
953.001000,4.106004,4.468553
954.001000,4.105251,4.469594
955.001000,4.105798,4.476178
956.001000,4.106487,4.473091
957.001000,4.107040,4.473082
958.001000,4.107543,4.469922
959.001000,4.108668,4.469052
960.001000,4.109306,4.471308
961.001000,4.109380,4.470410
962.001000,4.110134,4.468150
963.001000,4.109525,4.469078
964.001000,4.109566,4.474280
965.001000,4.110325,4.475566
966.001000,4.110860,4.477771
967.001000,4.111564,4.477013
968.001000,4.111963,4.478974
969.001000,4.112640,4.478762
970.001000,4.112536,4.479877
971.001000,4.111635,4.478295
972.001000,4.112149,4.478936
973.001000,4.112110,4.469644
974.001000,4.111622,4.467803
975.001000,4.112555,4.469062
976.001000,4.113686,4.468499
977.001000,4.114214,4.468317
978.001000,4.114602,4.469867
979.001000,4.112642,4.470700
980.001000,4.113701,4.467430
981.001000,4.113271,4.466783
982.001000,4.112036,4.470909
983.001000,4.111974,4.471369
984.001000,4.112791,4.471178
985.001000,4.113794,4.473926
986.001000,4.115043,4.467886
987.001000,4.116337,4.471301
988.001000,4.117681,4.472667
989.001000,4.118258,4.472554
990.001000,4.115484,4.470813
991.001000,4.115125,4.472150
992.001000,4.115610,4.473115
993.001000,4.116251,4.473522
994.001000,4.116357,4.472897
995.001000,4.116736,4.473645
996.001000,4.117192,4.469030
997.001000,4.117818,4.468734
998.001000,4.118190,4.473274
999.001000,4.117683,4.477563
1000.001000,4.117833,4.476766
1001.001000,4.118006,4.466383
1002.001000,4.118368,4.463099
1003.001000,4.118566,4.462987
1004.001000,4.119324,4.464885
1005.001000,4.119946,4.464318
1006.001000,4.119521,4.462892
1007.001000,4.119645,4.467081
1008.001000,4.120679,4.465297
1009.001000,4.120474,4.464908
1010.001000,4.120593,4.462534
1011.001000,4.121319,4.466628
1012.001000,4.121962,4.468141
1013.001000,4.122267,4.467219
1014.001000,4.122960,4.470368
1015.001000,4.123305,4.470548
1016.001000,4.123406,4.469971
1017.001000,4.124251,4.468566
1018.001000,4.124134,4.469934
1019.001000,4.123957,4.475295
1020.001000,4.123954,4.472610
1021.001000,4.124792,4.473352
1022.001000,4.124831,4.471195
1023.001000,4.125387,4.474129
1024.001000,4.125419,4.473087
1025.001000,4.126982,4.474269
1026.001000,4.126782,4.473079
1027.001000,4.127991,4.471991
1028.001000,4.128174,4.474376
1029.001000,4.127862,4.470656
1030.001000,4.127990,4.475475
1031.001000,4.128447,4.475933
1032.001000,4.128851,4.475948
1033.001000,4.129869,4.475758
1034.001000,4.129235,4.477198
1035.001000,4.129096,4.475873
1036.001000,4.129705,4.476723
1037.001000,4.130081,4.473714
1038.001000,4.131634,4.476090
1039.001000,4.131822,4.478657
1040.001000,4.132043,4.478347
1041.001000,4.132358,4.481276
1042.001000,4.132055,4.479541
1043.001000,4.132484,4.482047
1044.001000,4.132535,4.479065
1045.001000,4.132971,4.481473
1046.001000,4.133314,4.481830
1047.001000,4.133324,4.479147
1048.001000,4.134336,4.481893
1049.001000,4.134207,4.477601
1050.001000,4.134840,4.480145
1051.001000,4.134506,4.479802
1052.001000,4.134545,4.477450
1053.001000,4.134820,4.478548
1054.001000,4.134486,4.481735
1055.001000,4.135296,4.482174
1056.001000,4.135595,4.485298
1057.001000,4.135954,4.485718
1058.001000,4.136474,4.487500
1059.001000,4.136633,4.487269
1060.001000,4.136476,4.490632
1061.001000,4.136786,4.488290
1062.001000,4.137049,4.488492
1063.001000,4.136618,4.484724
1064.001000,4.137104,4.484814
1065.001000,4.138013,4.483347
1066.001000,4.139016,4.491685
1067.001000,4.139547,4.496730
1068.001000,4.140158,4.500204
1069.001000,4.141217,4.487971
1070.001000,4.140159,4.485941
1071.001000,4.139953,4.486490
1072.001000,4.139513,4.489696
1073.001000,4.139667,4.488799
1074.001000,4.140112,4.488399
1075.001000,4.141114,4.489603
1076.001000,4.141458,4.494486
1077.001000,4.141855,4.495999
1078.001000,4.143106,4.492060
1079.001000,4.142689,4.494644
1080.001000,4.143410,4.504860
1081.001000,4.143873,4.494670
1082.001000,4.144269,4.500030
1083.001000,4.144098,4.502139
1084.001000,4.144452,4.507434
1085.001000,4.145377,4.507439
1086.001000,4.145835,4.506375
1087.001000,4.145544,4.500267
1088.001000,4.146217,4.499293
1089.001000,4.147066,4.505374
1090.001000,4.147005,4.501458
1091.001000,4.147235,4.504084
1092.001000,4.146089,4.507771
1093.001000,4.145776,4.507304
1094.001000,4.146595,4.501206
1095.001000,4.147821,4.502452
1096.001000,4.148657,4.503707
1097.001000,4.149491,4.510548
1098.001000,4.149029,4.507778
1099.001000,4.148661,4.503149
1100.001000,4.148925,4.510073
1101.001000,4.149589,4.513525
1102.001000,4.148644,4.505769
1103.001000,4.148742,4.505966
1104.001000,4.149634,4.504289
1105.001000,4.150557,4.513377
1106.001000,4.151354,4.512417
1107.001000,4.151327,4.514598
1108.001000,4.151862,4.513279
1109.001000,4.152639,4.514678
1110.001000,4.153364,4.517595
1111.001000,4.153171,4.517012
1112.001000,4.153682,4.516679
1113.001000,4.154076,4.517198
1114.001000,4.154484,4.518694
1115.001000,4.155246,4.517201
1116.001000,4.155853,4.516565
1117.001000,4.156982,4.518872
1118.001000,4.156709,4.516865
1119.001000,4.155497,4.519261
1120.001000,4.154959,4.515717
1121.001000,4.155859,4.520296
1122.001000,4.156531,4.516262
1123.001000,4.156261,4.517635
1124.001000,4.156533,4.511603
1125.001000,4.157338,4.515291
1126.001000,4.157367,4.512700
1127.001000,4.158213,4.514002
1128.001000,4.158460,4.519090
1129.001000,4.158330,4.519526
1130.001000,4.159006,4.519106
1131.001000,4.159999,4.521014
1132.001000,4.160505,4.520410
1133.001000,4.160176,4.518240
1134.001000,4.158983,4.522303
1135.001000,4.159545,4.518887
1136.001000,4.160610,4.521833
1137.001000,4.161542,4.515003
1138.001000,4.161905,4.515588
1139.001000,4.162259,4.512700
1140.001000,4.163127,4.521444
1141.001000,4.164070,4.523730
1142.001000,4.165408,4.523877
1143.001000,4.164492,4.524814
1144.001000,4.163807,4.523350
1145.001000,4.163842,4.521546
1146.001000,4.164381,4.523461
1147.001000,4.165094,4.524758
1148.001000,4.165242,4.524463
1149.001000,4.164554,4.525028
1150.001000,4.163710,4.525407
1151.001000,4.163907,4.525113
1152.001000,4.164237,4.524232
1153.001000,4.165378,4.524112
1154.001000,4.166103,4.523156
1155.001000,4.166132,4.524794
1156.001000,4.165752,4.523178
1157.001000,4.165994,4.525917
1158.001000,4.166987,4.512935
1159.001000,4.166240,4.514088
1160.001000,4.163580,4.510586
1161.001000,4.163965,4.513247
1162.001000,4.164503,4.516637
1163.001000,4.165329,4.511324
1164.001000,4.165680,4.516044
1165.001000,4.166463,4.516811
1166.001000,4.166739,4.513885
1167.001000,4.167396,4.523570
1168.001000,4.167558,4.531824
1169.001000,4.168258,4.529515
1170.001000,4.168949,4.527975
1171.001000,4.168775,4.531190
1172.001000,4.169555,4.530801
1173.001000,4.169953,4.528332
1174.001000,4.168439,4.532934
1175.001000,4.167592,4.522795
1176.001000,4.167874,4.520233
1177.001000,4.167608,4.521796
1178.001000,4.167922,4.521234
1179.001000,4.168594,4.523255
1180.001000,4.169518,4.524251
1181.001000,4.169825,4.522844
1182.001000,4.170342,4.520838
1183.001000,4.170771,4.523437
1184.001000,4.171178,4.524919
1185.001000,4.172006,4.522479
1186.001000,4.172661,4.524649
1187.001000,4.173381,4.525418
1188.001000,4.174270,4.528650
1189.001000,4.174433,4.536019
1190.001000,4.174710,4.538986
1191.001000,4.174751,4.537182
1192.001000,4.174938,4.537699
1193.001000,4.175209,4.535138
1194.001000,4.175479,4.541518
1195.001000,4.175792,4.536625
1196.001000,4.175542,4.535083
1197.001000,4.176151,4.537010
1198.001000,4.175282,4.529146
1199.001000,4.171766,4.525813
1200.001000,4.171479,4.522790
1201.001000,4.170887,4.524738
1202.001000,4.171442,4.524875
1203.001000,4.172001,4.521674
1204.001000,4.172734,4.527630
1205.001000,4.173698,4.525414
1206.001000,4.174357,4.527196
1207.001000,4.174662,4.525653
1208.001000,4.174294,4.526427
1209.001000,4.174109,4.524844
1210.001000,4.174069,4.524026
1211.001000,4.174742,4.521527
1212.001000,4.175361,4.521828
1213.001000,4.175318,4.521529
1214.001000,4.175855,4.520456
1215.001000,4.176593,4.523823
1216.001000,4.176751,4.524920
1217.001000,4.176978,4.525884
1218.001000,4.177328,4.524579
1219.001000,4.177567,4.539140
1220.001000,4.177858,4.538836
1221.001000,4.178095,4.540561
1222.001000,4.178398,4.542499
1223.001000,4.178207,4.542699
1224.001000,4.177903,4.542319
1225.001000,4.178497,4.540701
1226.001000,4.179055,4.539791
1227.001000,4.179803,4.540413
1228.001000,4.180187,4.540500
1229.001000,4.180483,4.542890
1230.001000,4.181073,4.544644
1231.001000,4.181712,4.546404
1232.001000,4.182486,4.548977
1233.001000,4.183115,4.547455
1234.001000,4.183756,4.547576
1235.001000,4.184497,4.546652
1236.001000,4.185255,4.544783
1237.001000,4.185931,4.549487
1238.001000,4.186766,4.547395
1239.001000,4.186733,4.543845
1240.001000,4.187501,4.547233
1241.001000,4.187885,4.545704
1242.001000,4.187616,4.550250
1243.001000,4.186041,4.549367
1244.001000,4.184521,4.547650
1245.001000,4.184185,4.547174
1246.001000,4.184243,4.549347
1247.001000,4.183968,4.549428
1248.001000,4.184535,4.551029
1249.001000,4.185300,4.550039
1250.001000,4.185868,4.550884
1251.001000,4.186521,4.549759
1252.001000,4.186697,4.549641
1253.001000,4.186337,4.549007
1254.001000,4.186850,4.552866
1255.001000,4.184515,4.551844
1256.001000,4.183145,4.552028
1257.001000,4.183675,4.553791
1258.001000,4.183825,4.548951
1259.001000,4.184115,4.537841
1260.001000,4.183834,4.536723
1261.001000,4.183776,4.538426
1262.001000,4.184503,4.538529
1263.001000,4.185219,4.539172
1264.001000,4.185170,4.541140
1265.001000,4.184344,4.539363
1266.001000,4.183962,4.538992
1267.001000,4.184540,4.538223
1268.001000,4.184463,4.536077
1269.001000,4.184967,4.539223
1270.001000,4.185547,4.540226
1271.001000,4.186083,4.541052
1272.001000,4.186450,4.535302
1273.001000,4.186103,4.538578
1274.001000,4.185749,4.538281
1275.001000,4.186317,4.538757
1276.001000,4.186776,4.541218
1277.001000,4.187267,4.545874
1278.001000,4.187891,4.549411
1279.001000,4.188559,4.554875
1280.001000,4.188936,4.555485
1281.001000,4.189489,4.553216
1282.001000,4.189627,4.555945
1283.001000,4.189446,4.555757
1284.001000,4.189961,4.555235
1285.001000,4.190784,4.555361
1286.001000,4.190882,4.558230
1287.001000,4.190703,4.558812
1288.001000,4.191144,4.559658
1289.001000,4.191465,4.559857
1290.001000,4.191502,4.560488
1291.001000,4.192212,4.563897
1292.001000,4.192808,4.561337
1293.001000,4.193572,4.562552
1294.001000,4.194124,4.566567
1295.001000,4.195003,4.566745
1296.001000,4.195691,4.564638
1297.001000,4.196356,4.565054
1298.001000,4.196967,4.564262
1299.001000,4.196546,4.562777
1300.001000,4.197269,4.560461
1301.001000,4.197995,4.544306
1302.001000,4.198937,4.551241
1303.001000,4.199703,4.547258
1304.001000,4.200413,4.547749
1305.001000,4.201258,4.548144
1306.001000,4.201514,4.550523
1307.001000,4.200864,4.550437
1308.001000,4.201019,4.551166
1309.001000,4.200836,4.548440
1310.001000,4.199887,4.547407
1311.001000,4.199289,4.551281
1312.001000,4.199249,4.550319
1313.001000,4.199475,4.551606
1314.001000,4.200271,4.552575
1315.001000,4.201360,4.552753
1316.001000,4.202110,4.550595
1317.001000,4.202616,4.551280
1318.001000,4.203740,4.553771
1319.001000,4.203323,4.552791
1320.001000,4.202674,4.553933
1321.001000,4.202625,4.553312
1322.001000,4.203419,4.553125
1323.001000,4.203734,4.555864
1324.001000,4.203758,4.555889
1325.001000,4.203759,4.557113
1326.001000,4.204022,4.559959
1327.001000,4.204882,4.559892
1328.001000,4.205358,4.558953
1329.001000,4.205875,4.556673
1330.001000,4.206985,4.555734
1331.001000,4.208048,4.555349
1332.001000,4.208978,4.559016
1333.001000,4.209869,4.557920
1334.001000,4.210355,4.558899
1335.001000,4.210925,4.555744
1336.001000,4.211449,4.561336
1337.001000,4.211842,4.557064
1338.001000,4.212206,4.559496
1339.001000,4.212190,4.559244
1340.001000,4.212248,4.559278
1341.001000,4.212273,4.559454
1342.001000,4.212734,4.563294
1343.001000,4.213537,4.560316
1344.001000,4.213755,4.559702
1345.001000,4.214186,4.561567
1346.001000,4.214575,4.557314
1347.001000,4.215053,4.560431
1348.001000,4.214929,4.564820
1349.001000,4.214015,4.561223
1350.001000,4.214454,4.562685
1351.001000,4.214874,4.566316
1352.001000,4.215378,4.564398
1353.001000,4.215861,4.563710
1354.001000,4.216138,4.565220
1355.001000,4.216562,4.565130
1356.001000,4.216751,4.564663
1357.001000,4.216339,4.564038
1358.001000,4.216050,4.563442
1359.001000,4.216684,4.562286
1360.001000,4.216662,4.578137
1361.001000,4.217630,4.581064
1362.001000,4.217825,4.583492
1363.001000,4.217398,4.582947
1364.001000,4.217669,4.580766
1365.001000,4.218291,4.581820
1366.001000,4.219002,4.581629
1367.001000,4.219680,4.582271
1368.001000,4.219830,4.578699
1369.001000,4.220587,4.578150
1370.001000,4.221270,4.573775
1371.001000,4.221856,4.577499
1372.001000,4.222749,4.575122
1373.001000,4.221658,4.580857
1374.001000,4.222222,4.583175
1375.001000,4.222434,4.585125
1376.001000,4.222482,4.583098
1377.001000,4.222993,4.587583
1378.001000,4.223999,4.585100
1379.001000,4.224137,4.588130
1380.001000,4.224294,4.589288
1381.001000,4.224666,4.590612
1382.001000,4.225337,4.587871
1383.001000,4.225888,4.589304
1384.001000,4.226180,4.592026
1385.001000,4.226385,4.593213
1386.001000,4.226727,4.591299
1387.001000,4.226704,4.591499
1388.001000,4.226658,4.588836
1389.001000,4.227351,4.589567
1390.001000,4.227282,4.591306
1391.001000,4.227727,4.589794
1392.001000,4.228276,4.586532
1393.001000,4.228853,4.591128
1394.001000,4.228861,4.585943
1395.001000,4.228493,4.587867
1396.001000,4.228725,4.587565
1397.001000,4.228442,4.588269
1398.001000,4.228936,4.588794
1399.001000,4.228632,4.590094
1400.001000,4.228874,4.590714
1401.001000,4.228909,4.591496
1402.001000,4.228909,4.591393
1403.001000,4.229249,4.593085
1404.001000,4.229294,4.591420
1405.001000,4.229770,4.591924
1406.001000,4.229777,4.590673
1407.001000,4.229955,4.592528
1408.001000,4.230575,4.590255
1409.001000,4.230519,4.592425
1410.001000,4.230281,4.591129
1411.001000,4.229771,4.592569
1412.001000,4.230577,4.595183
1413.001000,4.231264,4.594530
1414.001000,4.231764,4.596286
1415.001000,4.232563,4.597618
1416.001000,4.232910,4.594944
1417.001000,4.233804,4.598973
1418.001000,4.234520,4.595563
1419.001000,4.234755,4.595274
1420.001000,4.234438,4.599290
1421.001000,4.234639,4.596329
1422.001000,4.235173,4.598229
1423.001000,4.235276,4.598110
1424.001000,4.235896,4.599708
1425.001000,4.236898,4.601428
1426.001000,4.237496,4.601331
1427.001000,4.238316,4.603479
1428.001000,4.239014,4.604060
1429.001000,4.239859,4.602615
1430.001000,4.240654,4.603364
1431.001000,4.241779,4.602915
1432.001000,4.242674,4.604827
1433.001000,4.243487,4.601787
1434.001000,4.244230,4.595289
1435.001000,4.244319,4.591852
1436.001000,4.240170,4.587824
1437.001000,4.239386,4.590404
1438.001000,4.238983,4.589251
1439.001000,4.240356,4.590707
1440.001000,4.241576,4.593366
1441.001000,4.241815,4.590000
1442.001000,4.241844,4.594248
1443.001000,4.241343,4.591952
1444.001000,4.242230,4.591069
1445.001000,4.242810,4.591804
1446.001000,4.242210,4.591862
1447.001000,4.241651,4.589366
1448.001000,4.241099,4.592980
1449.001000,4.241421,4.591003
1450.001000,4.242306,4.591910
1451.001000,4.243094,4.590453
1452.001000,4.243887,4.593160
1453.001000,4.244927,4.593992
1454.001000,4.246062,4.592006
1455.001000,4.247391,4.594899
1456.001000,4.247805,4.593681
1457.001000,4.248538,4.593962
1458.001000,4.248826,4.594263
1459.001000,4.249430,4.598011
1460.001000,4.249675,4.596701
1461.001000,4.250333,4.595909
1462.001000,4.250695,4.596436
1463.001000,4.251361,4.598403
1464.001000,4.251615,4.596086
1465.001000,4.252412,4.593401
1466.001000,4.252618,4.599391
1467.001000,4.253036,4.596355
1468.001000,4.253572,4.597238
1469.001000,4.254024,4.597876
1470.001000,4.255031,4.598793
1471.001000,4.255511,4.599492
1472.001000,4.255805,4.602465
1473.001000,4.256509,4.604789
1474.001000,4.257027,4.602558
1475.001000,4.255962,4.601631
1476.001000,4.256301,4.602722
1477.001000,4.256009,4.603078
1478.001000,4.257072,4.603221
1479.001000,4.258132,4.603784
1480.001000,4.259228,4.607018
1481.001000,4.258996,4.605139
1482.001000,4.259045,4.609336
1483.001000,4.259357,4.613226
1484.001000,4.260150,4.611212
1485.001000,4.260071,4.612613
1486.001000,4.260282,4.609955
1487.001000,4.261063,4.617686
1488.001000,4.262232,4.617089
1489.001000,4.263244,4.613920
1490.001000,4.263491,4.613460
1491.001000,4.264389,4.619039
1492.001000,4.265382,4.618408
1493.001000,4.265474,4.619676
1494.001000,4.266163,4.621846
1495.001000,4.266696,4.616323
1496.001000,4.266645,4.617038
1497.001000,4.267579,4.618809
1498.001000,4.267549,4.619913
1499.001000,4.267774,4.620290
1500.001000,4.267891,4.622390
1501.001000,4.267356,4.622309
1502.001000,4.267356,4.624616
1503.001000,4.267148,4.622525
1504.001000,4.267578,4.623739
1505.001000,4.268217,4.621255
1506.001000,4.269217,4.622044
1507.001000,4.268971,4.621441
1508.001000,4.269124,4.620591
1509.001000,4.269282,4.621868
1510.001000,4.269937,4.623842
1511.001000,4.270054,4.622302
1512.001000,4.270019,4.621744
1513.001000,4.270797,4.625323
1514.001000,4.270845,4.623724
1515.001000,4.270226,4.622724
1516.001000,4.270789,4.624225
1517.001000,4.271050,4.625161
1518.001000,4.271141,4.624935
1519.001000,4.271792,4.624687
1520.001000,4.272227,4.622162
1521.001000,4.271752,4.623730
1522.001000,4.272341,4.626634
1523.001000,4.272704,4.624806
1524.001000,4.272419,4.626431
1525.001000,4.271041,4.626326
1526.001000,4.270186,4.626517
1527.001000,4.270722,4.628429
1528.001000,4.271474,4.627393
1529.001000,4.271413,4.626967
1530.001000,4.270179,4.627977
1531.001000,4.269442,4.628354
1532.001000,4.270226,4.627115
1533.001000,4.271044,4.627786
1534.001000,4.271092,4.625947
1535.001000,4.270856,4.627136
1536.001000,4.269927,4.626521
1537.001000,4.269698,4.621769
1538.001000,4.269889,4.625543
1539.001000,4.269969,4.615288
1540.001000,4.270929,4.612962
1541.001000,4.270965,4.612715
1542.001000,4.271380,4.614952
1543.001000,4.271648,4.614258
1544.001000,4.272166,4.612447
1545.001000,4.273525,4.618271
1546.001000,4.274278,4.613917
1547.001000,4.275196,4.614651
1548.001000,4.275965,4.629803
1549.001000,4.276872,4.631585
1550.001000,4.277151,4.631738
1551.001000,4.277815,4.633813
1552.001000,4.278682,4.627401
1553.001000,4.277488,4.618033
1554.001000,4.276422,4.620063
1555.001000,4.277013,4.623441
1556.001000,4.277790,4.632882
1557.001000,4.278738,4.635361
1558.001000,4.278580,4.634959
1559.001000,4.278755,4.634673
1560.001000,4.278984,4.631467
1561.001000,4.280258,4.633126
1562.001000,4.281034,4.635153
1563.001000,4.282195,4.633972
1564.001000,4.282839,4.636777
1565.001000,4.282632,4.637838
1566.001000,4.283242,4.632501
1567.001000,4.284030,4.627081
1568.001000,4.283600,4.627594
1569.001000,4.284092,4.628901
1570.001000,4.284485,4.625839
1571.001000,4.284730,4.623776
1572.001000,4.285321,4.627504
1573.001000,4.282846,4.626902
1574.001000,4.281801,4.628565
1575.001000,4.281423,4.626671
1576.001000,4.281978,4.624816
1577.001000,4.282756,4.623058
1578.001000,4.283621,4.630447
1579.001000,4.284253,4.628461
1580.001000,4.285364,4.628756
1581.001000,4.286264,4.628264
1582.001000,4.286683,4.629454
1583.001000,4.286760,4.628828
1584.001000,4.286742,4.629846
1585.001000,4.286494,4.630037
1586.001000,4.286298,4.631588
1587.001000,4.284692,4.628971
1588.001000,4.285686,4.627649
1589.001000,4.286426,4.628640
1590.001000,4.287171,4.632346
1591.001000,4.287973,4.644858
1592.001000,4.289051,4.645374
1593.001000,4.289894,4.646085
1594.001000,4.290608,4.646101
1595.001000,4.292087,4.629973
1596.001000,4.293097,4.629404
1597.001000,4.292815,4.632866
1598.001000,4.292642,4.630641
1599.001000,4.293366,4.635318
1600.001000,4.293541,4.644399
1601.001000,4.293558,4.646730
1602.001000,4.294208,4.645304
1603.001000,4.294794,4.646102
1604.001000,4.294983,4.644574
1605.001000,4.295152,4.632513
1606.001000,4.295676,4.645066
1607.001000,4.296024,4.648895
1608.001000,4.296210,4.648681
1609.001000,4.295557,4.649686
1610.001000,4.296097,4.651223
1611.001000,4.297404,4.650173
1612.001000,4.297790,4.652258
1613.001000,4.298065,4.650322
1614.001000,4.297984,4.650390
1615.001000,4.298718,4.651335
1616.001000,4.299591,4.651096
1617.001000,4.300419,4.648728
1618.001000,4.300657,4.649062
1619.001000,4.301520,4.651977
1620.001000,4.301744,4.649450
1621.001000,4.301314,4.650167
1622.001000,4.300222,4.652875
1623.001000,4.299865,4.650645
1624.001000,4.300472,4.650712
1625.001000,4.300765,4.648528
1626.001000,4.300944,4.654576
1627.001000,4.299096,4.653120
1628.001000,4.299686,4.652358
1629.001000,4.299902,4.651728
1630.001000,4.300688,4.651422
1631.001000,4.301141,4.655730
1632.001000,4.300733,4.654862
1633.001000,4.300112,4.653079
1634.001000,4.300138,4.653383
1635.001000,4.301132,4.648066
1636.001000,4.302008,4.653212
1637.001000,4.303002,4.653343
1638.001000,4.303954,4.651639
1639.001000,4.305267,4.652644
1640.001000,4.306574,4.651506
1641.001000,4.306010,4.651250
1642.001000,4.304767,4.651133
1643.001000,4.303454,4.656481
1644.001000,4.302154,4.652885
1645.001000,4.301750,4.654698
1646.001000,4.301906,4.656538
1647.001000,4.303162,4.654917
1648.001000,4.303774,4.654129
1649.001000,4.304101,4.654941
1650.001000,4.302962,4.657516
1651.001000,4.304300,4.661874
1652.001000,4.305643,4.659922
1653.001000,4.306810,4.660218
1654.001000,4.307954,4.658144
1655.001000,4.309382,4.660222
1656.001000,4.310182,4.660737
1657.001000,4.310650,4.660983
1658.001000,4.310171,4.661547
1659.001000,4.310682,4.659097
1660.001000,4.310351,4.659254
1661.001000,4.310573,4.660602
1662.001000,4.309015,4.656760
1663.001000,4.306341,4.662142
1664.001000,4.306788,4.662750
1665.001000,4.306667,4.661375
1666.001000,4.306084,4.661587
1667.001000,4.306269,4.661784
1668.001000,4.306804,4.658806
1669.001000,4.306010,4.660818
1670.001000,4.307163,4.662626
1671.001000,4.308008,4.661313
1672.001000,4.308606,4.662604
1673.001000,4.308784,4.661714
1674.001000,4.309544,4.662642
1675.001000,4.309075,4.663591
1676.001000,4.308095,4.662000
1677.001000,4.308201,4.662580
1678.001000,4.309173,4.664844
1679.001000,4.310031,4.661885
1680.001000,4.310976,4.665073
1681.001000,4.311915,4.664089
1682.001000,4.312073,4.662566
1683.001000,4.311815,4.660292
1684.001000,4.309523,4.663608
1685.001000,4.309887,4.661597
1686.001000,4.310555,4.665317
1687.001000,4.310806,4.664599
1688.001000,4.310459,4.663336
1689.001000,4.310980,4.663545
1690.001000,4.310893,4.665401
1691.001000,4.311422,4.664915
1692.001000,4.312117,4.664760
1693.001000,4.312620,4.666273
1694.001000,4.312144,4.669536
1695.001000,4.312706,4.675437
1696.001000,4.313190,4.675672
1697.001000,4.313366,4.671455
1698.001000,4.313581,4.678669
1699.001000,4.314261,4.678966
1700.001000,4.314206,4.677824
1701.001000,4.314023,4.680586
1702.001000,4.314729,4.678930
1703.001000,4.316104,4.679824
1704.001000,4.315565,4.678513
1705.001000,4.315077,4.678029
1706.001000,4.316044,4.679251
1707.001000,4.317213,4.682434
1708.001000,4.318365,4.679579
1709.001000,4.318643,4.677779
1710.001000,4.318863,4.679129
1711.001000,4.318637,4.680529
1712.001000,4.319077,4.680263
1713.001000,4.317862,4.677611
1714.001000,4.318301,4.680588
1715.001000,4.318167,4.684417
1716.001000,4.317966,4.682203
1717.001000,4.319245,4.683037
1718.001000,4.320441,4.683777
1719.001000,4.321665,4.683563
1720.001000,4.322452,4.679848
1721.001000,4.322821,4.677839
1722.001000,4.323172,4.667144
1723.001000,4.323718,4.673416
1724.001000,4.323559,4.673959
1725.001000,4.322039,4.671311
1726.001000,4.322181,4.670767
1727.001000,4.322958,4.670518
1728.001000,4.323925,4.671186
1729.001000,4.324617,4.673237
1730.001000,4.325069,4.674780
1731.001000,4.324808,4.676175
1732.001000,4.324901,4.671446
1733.001000,4.324667,4.673153
1734.001000,4.324714,4.670845
1735.001000,4.324885,4.672342
1736.001000,4.324301,4.671612
1737.001000,4.325315,4.672440
1738.001000,4.325305,4.670480
1739.001000,4.326387,4.672555
1740.001000,4.326140,4.675394
1741.001000,4.323544,4.681475
1742.001000,4.324396,4.679585
1743.001000,4.325276,4.673715
1744.001000,4.325801,4.673406
1745.001000,4.326650,4.672795
1746.001000,4.327338,4.674059
1747.001000,4.327358,4.674081
1748.001000,4.328090,4.672451
1749.001000,4.328076,4.672032
1750.001000,4.327894,4.673905
1751.001000,4.328047,4.673182
1752.001000,4.328485,4.675874
1753.001000,4.329450,4.675525
1754.001000,4.329957,4.673570
1755.001000,4.330467,4.674495
1756.001000,4.330879,4.676069
1757.001000,4.330819,4.676736
1758.001000,4.330604,4.678014
1759.001000,4.330308,4.678049
1760.001000,4.331195,4.679361
1761.001000,4.331508,4.677553
1762.001000,4.331833,4.680477
1763.001000,4.332433,4.681183
1764.001000,4.332987,4.678394
1765.001000,4.332867,4.678889
1766.001000,4.332955,4.680014
1767.001000,4.332866,4.677817
1768.001000,4.333592,4.677251
1769.001000,4.334041,4.682370
1770.001000,4.334383,4.678210
1771.001000,4.334998,4.677551
1772.001000,4.335456,4.678999
1773.001000,4.335995,4.679807
1774.001000,4.336281,4.680738
1775.001000,4.336342,4.681263
1776.001000,4.336827,4.681066
1777.001000,4.337616,4.680255
1778.001000,4.337867,4.680178
1779.001000,4.338504,4.678893
1780.001000,4.338083,4.681660
1781.001000,4.335812,4.682672
1782.001000,4.334812,4.679681
1783.001000,4.334804,4.681034
1784.001000,4.334185,4.681403
1785.001000,4.334917,4.682218
1786.001000,4.335743,4.680003
1787.001000,4.336168,4.683330
1788.001000,4.336540,4.685019
1789.001000,4.335402,4.685016
1790.001000,4.334721,4.683630
1791.001000,4.334440,4.684865
1792.001000,4.333588,4.683346
1793.001000,4.333640,4.681611
1794.001000,4.333095,4.683609
1795.001000,4.333686,4.684231
1796.001000,4.334015,4.681444
1797.001000,4.334461,4.685242
1798.001000,4.334928,4.683423
1799.001000,4.335058,4.681272
1800.001000,4.335920,4.683749
1801.001000,4.335017,4.685051
1802.001000,4.335872,4.684158
1803.001000,4.336224,4.682017
1804.001000,4.335887,4.680622
1805.001000,4.336260,4.683260
1806.001000,4.337280,4.683507
1807.001000,4.336858,4.683835
1808.001000,4.337940,4.680024
1809.001000,4.338010,4.683784
1810.001000,4.339059,4.684606
1811.001000,4.339749,4.691190
1812.001000,4.339544,4.688280
1813.001000,4.339697,4.685273
1814.001000,4.339480,4.685354
1815.001000,4.339759,4.685738
1816.001000,4.340176,4.688237
1817.001000,4.340588,4.685510
1818.001000,4.341090,4.693377
1819.001000,4.342207,4.700082
1820.001000,4.342666,4.699288
1821.001000,4.343541,4.697477
1822.001000,4.344316,4.699298
1823.001000,4.344748,4.696358
1824.001000,4.345359,4.702584
1825.001000,4.345594,4.702372
1826.001000,4.345996,4.703551
1827.001000,4.346613,4.701646
1828.001000,4.347423,4.698676
1829.001000,4.346665,4.702119
1830.001000,4.347430,4.702073
1831.001000,4.348112,4.701032
1832.001000,4.348196,4.702562
1833.001000,4.347823,4.702672
1834.001000,4.348453,4.698915
1835.001000,4.348579,4.703380
1836.001000,4.348670,4.704058
1837.001000,4.348470,4.710026
1838.001000,4.348253,4.698726
1839.001000,4.348560,4.701185
1840.001000,4.348101,4.697504
1841.001000,4.348273,4.699920
1842.001000,4.349094,4.703058
1843.001000,4.349617,4.696270
1844.001000,4.349099,4.694225
1845.001000,4.348637,4.696619
1846.001000,4.348803,4.697629
1847.001000,4.347645,4.701230
1848.001000,4.346983,4.699918
1849.001000,4.347615,4.697937
1850.001000,4.346837,4.697012
1851.001000,4.347660,4.705287
1852.001000,4.347661,4.697762
1853.001000,4.347926,4.700106
1854.001000,4.348270,4.700481
1855.001000,4.347814,4.701738
1856.001000,4.347862,4.702691
1857.001000,4.347571,4.702310
1858.001000,4.347736,4.699544
1859.001000,4.347059,4.704713
1860.001000,4.346407,4.707137
1861.001000,4.347186,4.707965
1862.001000,4.347318,4.706533
1863.001000,4.347272,4.704269
1864.001000,4.346251,4.699735
1865.001000,4.347513,4.701519
1866.001000,4.346642,4.696035
1867.001000,4.345363,4.697102
1868.001000,4.345765,4.696610
1869.001000,4.346024,4.698962
1870.001000,4.346078,4.699339
1871.001000,4.345913,4.700828
1872.001000,4.346153,4.699816
1873.001000,4.347082,4.698968
1874.001000,4.347640,4.697602
1875.001000,4.348196,4.698863
1876.001000,4.348401,4.699013
1877.001000,4.348345,4.698070
1878.001000,4.348354,4.697260
1879.001000,4.348622,4.696494
1880.001000,4.349527,4.695974
1881.001000,4.348808,4.699280
1882.001000,4.347676,4.695117
1883.001000,4.349081,4.697381
1884.001000,4.349191,4.697570
1885.001000,4.349662,4.693640
1886.001000,4.349445,4.696441
1887.001000,4.348781,4.699030
1888.001000,4.349132,4.699381
1889.001000,4.349383,4.698037
1890.001000,4.350251,4.695801
1891.001000,4.350299,4.697434
1892.001000,4.350119,4.700352
1893.001000,4.349597,4.699623
1894.001000,4.350400,4.700561
1895.001000,4.350836,4.700518
1896.001000,4.348896,4.698609
1897.001000,4.349200,4.696987
1898.001000,4.350028,4.698968
1899.001000,4.349968,4.697591
1900.001000,4.350455,4.697875
1901.001000,4.350996,4.696666
1902.001000,4.351462,4.696107
1903.001000,4.351360,4.698118
1904.001000,4.351661,4.699422
1905.001000,4.351986,4.699303
1906.001000,4.351486,4.696452
1907.001000,4.352489,4.699467
1908.001000,4.353267,4.698087
1909.001000,4.353502,4.698728
1910.001000,4.353750,4.699098
1911.001000,4.353378,4.700138
1912.001000,4.353114,4.702024
1913.001000,4.353857,4.702194
1914.001000,4.354207,4.706155
1915.001000,4.354811,4.702458
1916.001000,4.355126,4.703201
1917.001000,4.356087,4.706084
1918.001000,4.356268,4.703971
1919.001000,4.356547,4.706949
1920.001000,4.357010,4.705696
1921.001000,4.355859,4.702418
1922.001000,4.356232,4.704680
1923.001000,4.356883,4.702771
1924.001000,4.357385,4.708198
1925.001000,4.358005,4.708124
1926.001000,4.358331,4.705876
1927.001000,4.358722,4.705173
1928.001000,4.358993,4.704998
1929.001000,4.357978,4.707508
1930.001000,4.358739,4.704684
1931.001000,4.358669,4.706346
1932.001000,4.359241,4.707883
1933.001000,4.359213,4.705134
1934.001000,4.359416,4.704155
1935.001000,4.358668,4.707378
1936.001000,4.357132,4.707249
1937.001000,4.358270,4.709984
1938.001000,4.359626,4.708520
1939.001000,4.359912,4.710631
1940.001000,4.360124,4.710998
1941.001000,4.360555,4.709952
1942.001000,4.361154,4.709096
1943.001000,4.360695,4.706958
1944.001000,4.360330,4.709858
1945.001000,4.359913,4.710637
1946.001000,4.360189,4.709185
1947.001000,4.360454,4.709409
1948.001000,4.360283,4.710291
1949.001000,4.360327,4.710777
1950.001000,4.359338,4.710709
1951.001000,4.360046,4.711948
1952.001000,4.359287,4.710248
1953.001000,4.359718,4.710705
1954.001000,4.360351,4.710823
1955.001000,4.360075,4.709885
1956.001000,4.360379,4.711411
1957.001000,4.359042,4.711408
1958.001000,4.358347,4.709008
1959.001000,4.357258,4.710680
1960.001000,4.357708,4.711658
1961.001000,4.358901,4.710622
1962.001000,4.359852,4.710176
1963.001000,4.360509,4.710623
1964.001000,4.359519,4.709563
1965.001000,4.357281,4.710491
1966.001000,4.357005,4.707833
1967.001000,4.357672,4.708656
1968.001000,4.356580,4.706526
1969.001000,4.357291,4.710556
1970.001000,4.357525,4.710034
1971.001000,4.357497,4.708454
1972.001000,4.358297,4.708812
1973.001000,4.358447,4.711820
1974.001000,4.358980,4.711946
1975.001000,4.358637,4.711901
1976.001000,4.359158,4.709932
1977.001000,4.358731,4.711683
1978.001000,4.358420,4.710462
1979.001000,4.359121,4.712118
1980.001000,4.359103,4.712570
1981.001000,4.359633,4.711610
1982.001000,4.360319,4.713320
1983.001000,4.360651,4.714819
1984.001000,4.360391,4.715050
1985.001000,4.361603,4.715446
1986.001000,4.361519,4.714123
1987.001000,4.361837,4.716452
1988.001000,4.362084,4.716550
1989.001000,4.363021,4.717025
1990.001000,4.363086,4.720411
1991.001000,4.364104,4.719796
1992.001000,4.364527,4.716898
1993.001000,4.364229,4.717756
1994.001000,4.364601,4.719720
1995.001000,4.364543,4.719088
1996.001000,4.364822,4.720240
1997.001000,4.364867,4.717924
1998.001000,4.365362,4.719801
1999.001000,4.365859,4.719025
2000.001000,4.365918,4.718764
2001.001000,4.367075,4.715823
2002.001000,4.367835,4.719854
2003.001000,4.368678,4.718978
2004.001000,4.368626,4.723359
2005.001000,4.369220,4.722507
2006.001000,4.369944,4.722240
2007.001000,4.370579,4.719755
2008.001000,4.371511,4.719778
2009.001000,4.371818,4.721438
2010.001000,4.370726,4.718787
2011.001000,4.370710,4.720384
2012.001000,4.371559,4.719803
2013.001000,4.372215,4.716707
2014.001000,4.372255,4.719789
2015.001000,4.372058,4.720690
2016.001000,4.372346,4.722500
2017.001000,4.372720,4.722568
2018.001000,4.371940,4.723944
2019.001000,4.371947,4.722007
2020.001000,4.372863,4.721455
2021.001000,4.372822,4.721902
2022.001000,4.372936,4.722068
2023.001000,4.373915,4.721880
2024.001000,4.374512,4.721214
2025.001000,4.374585,4.725538
2026.001000,4.375393,4.723175
2027.001000,4.375830,4.723071
2028.001000,4.376255,4.723939
2029.001000,4.375528,4.722056
2030.001000,4.375440,4.721008
2031.001000,4.376071,4.722865
2032.001000,4.376406,4.721136
2033.001000,4.374521,4.720544
2034.001000,4.373817,4.722051
2035.001000,4.374773,4.722934
2036.001000,4.375792,4.724187
2037.001000,4.376611,4.720541
2038.001000,4.377483,4.718530
2039.001000,4.377612,4.723765
2040.001000,4.376652,4.724330
2041.001000,4.375533,4.721532
2042.001000,4.376815,4.722484
2043.001000,4.376440,4.724730
2044.001000,4.376619,4.726389
2045.001000,4.373985,4.725606
2046.001000,4.373701,4.722750
2047.001000,4.374588,4.729078
2048.001000,4.375990,4.727741
2049.001000,4.377135,4.726533
2050.001000,4.378083,4.728266
2051.001000,4.378564,4.726458
2052.001000,4.378829,4.725113
2053.001000,4.378860,4.725867
2054.001000,4.378369,4.725520
2055.001000,4.379055,4.724195
2056.001000,4.380232,4.727939
2057.001000,4.379747,4.725477
2058.001000,4.380034,4.727761
2059.001000,4.381214,4.726944
2060.001000,4.381269,4.731943
2061.001000,4.380433,4.729612
2062.001000,4.380262,4.726751
2063.001000,4.379439,4.730223
2064.001000,4.379404,4.726351
2065.001000,4.380035,4.730419
2066.001000,4.381224,4.731627
2067.001000,4.381339,4.732437
2068.001000,4.381865,4.734796
2069.001000,4.381947,4.730353
2070.001000,4.382064,4.729620
2071.001000,4.379591,4.729579
2072.001000,4.380014,4.733416
2073.001000,4.380821,4.733249
2074.001000,4.381859,4.732423
2075.001000,4.382713,4.730901
2076.001000,4.383566,4.727847
2077.001000,4.384347,4.732558
2078.001000,4.384823,4.728830
2079.001000,4.382778,4.731798
2080.001000,4.381243,4.727476
2081.001000,4.380751,4.733399
2082.001000,4.380567,4.735788
2083.001000,4.382080,4.733201
2084.001000,4.382838,4.733021
2085.001000,4.383654,4.731988
2086.001000,4.384565,4.732455
2087.001000,4.385120,4.735043
2088.001000,4.385683,4.735018
2089.001000,4.386903,4.737075
2090.001000,4.386731,4.734242
2091.001000,4.387031,4.737471
2092.001000,4.387709,4.732613
2093.001000,4.387895,4.731073
2094.001000,4.388109,4.735079
2095.001000,4.388172,4.729601
2096.001000,4.387712,4.722747
2097.001000,4.384667,4.725535
2098.001000,4.385273,4.724493
2099.001000,4.385644,4.724653
2100.001000,4.385819,4.723380
2101.001000,4.386136,4.726177
2102.001000,4.386484,4.721581
2103.001000,4.386937,4.722086
2104.001000,4.387023,4.721145
2105.001000,4.387035,4.722087
2106.001000,4.387867,4.722962
2107.001000,4.388322,4.721805
2108.001000,4.388523,4.724352
2109.001000,4.388740,4.724314
2110.001000,4.389968,4.723444
2111.001000,4.390508,4.723185
2112.001000,4.389294,4.722663
2113.001000,4.389654,4.724580
2114.001000,4.389951,4.724898
2115.001000,4.390435,4.728215
2116.001000,4.391480,4.725957
2117.001000,4.392045,4.728935
2118.001000,4.391238,4.730937
2119.001000,4.391507,4.730190
2120.001000,4.392056,4.728510
2121.001000,4.393100,4.728975
2122.001000,4.393160,4.725570
2123.001000,4.393910,4.728948
2124.001000,4.394601,4.730450
2125.001000,4.394871,4.730862
2126.001000,4.395442,4.729409
2127.001000,4.395962,4.731832
2128.001000,4.396495,4.730258
2129.001000,4.395802,4.730026
2130.001000,4.395592,4.733284
2131.001000,4.396159,4.736159
2132.001000,4.396696,4.742628
2133.001000,4.394537,4.742817
2134.001000,4.391693,4.743409
2135.001000,4.392323,4.742691
2136.001000,4.391714,4.741230
2137.001000,4.392580,4.742990
2138.001000,4.393565,4.747397
2139.001000,4.394538,4.745685
2140.001000,4.395640,4.744644
2141.001000,4.396897,4.745831
2142.001000,4.397714,4.746723
2143.001000,4.398418,4.746900
2144.001000,4.399774,4.748390
2145.001000,4.398232,4.743971
2146.001000,4.397948,4.746993
2147.001000,4.398599,4.749345
2148.001000,4.399228,4.756663
2149.001000,4.399814,4.747884
2150.001000,4.400606,4.747657
2151.001000,4.401312,4.754697
2152.001000,4.402340,4.752259
2153.001000,4.403251,4.756052
2154.001000,4.403340,4.748893
2155.001000,4.401147,4.748422
2156.001000,4.402007,4.754755
2157.001000,4.403166,4.752955
2158.001000,4.403343,4.754061
2159.001000,4.402174,4.745606
2160.001000,4.402860,4.746156
2161.001000,4.403797,4.750139
2162.001000,4.404471,4.756288
2163.001000,4.405157,4.754804
2164.001000,4.406043,4.758926
2165.001000,4.406710,4.759963
2166.001000,4.407619,4.758670
2167.001000,4.407482,4.754643
2168.001000,4.406929,4.756333
2169.001000,4.407381,4.752057
2170.001000,4.407776,4.755774
2171.001000,4.408050,4.754757
2172.001000,4.408629,4.756279
2173.001000,4.408984,4.757553
2174.001000,4.407903,4.759607
2175.001000,4.408166,4.763438
2176.001000,4.408831,4.762940
2177.001000,4.410237,4.765164
2178.001000,4.410467,4.766475
2179.001000,4.410473,4.765483
2180.001000,4.409794,4.763266
2181.001000,4.410641,4.760289
2182.001000,4.411172,4.764656
2183.001000,4.412115,4.767218
2184.001000,4.413070,4.769035
2185.001000,4.414333,4.765418
2186.001000,4.414919,4.766948
2187.001000,4.415525,4.766837
2188.001000,4.415570,4.769609
2189.001000,4.416000,4.769231
2190.001000,4.415576,4.767717
2191.001000,4.415954,4.769847
2192.001000,4.416069,4.772127
2193.001000,4.415643,4.769684
2194.001000,4.415787,4.769730
2195.001000,4.416936,4.768044
2196.001000,4.415040,4.768435
2197.001000,4.415322,4.768014
2198.001000,4.414599,4.765798
2199.001000,4.414722,4.767064
2200.001000,4.415979,4.769027
2201.001000,4.417361,4.768373
2202.001000,4.418432,4.768394
2203.001000,4.418823,4.766813
2204.001000,4.418883,4.769377
2205.001000,4.419558,4.770308
2206.001000,4.419585,4.769165
2207.001000,4.419857,4.768868
2208.001000,4.420018,4.769663
2209.001000,4.418706,4.771537
2210.001000,4.418127,4.768025
2211.001000,4.418388,4.768687
2212.001000,4.419072,4.767881
2213.001000,4.419141,4.768532
2214.001000,4.419929,4.770465
2215.001000,4.420373,4.770358
2216.001000,4.420855,4.770229
2217.001000,4.420631,4.766388
2218.001000,4.421119,4.766330
2219.001000,4.421128,4.764527
2220.001000,4.421160,4.768111
2221.001000,4.422322,4.770791
2222.001000,4.422781,4.771890
2223.001000,4.422467,4.772464
2224.001000,4.422199,4.771923
2225.001000,4.422675,4.772735
2226.001000,4.423634,4.770581
2227.001000,4.424136,4.776794
2228.001000,4.423388,4.771611
2229.001000,4.422176,4.771559
2230.001000,4.422472,4.774051
2231.001000,4.422969,4.773164
2232.001000,4.422818,4.772531
2233.001000,4.423086,4.772877
2234.001000,4.423964,4.770996
2235.001000,4.424089,4.771681
2236.001000,4.425053,4.772468
2237.001000,4.424475,4.765526
2238.001000,4.425328,4.763105
2239.001000,4.425566,4.768388
2240.001000,4.424426,4.771524
2241.001000,4.424627,4.761990
2242.001000,4.425576,4.762529
2243.001000,4.425555,4.762894
2244.001000,4.425807,4.763381
2245.001000,4.426505,4.762635
2246.001000,4.425638,4.760043
2247.001000,4.424957,4.764246
2248.001000,4.424798,4.767002
2249.001000,4.424116,4.761352
2250.001000,4.423470,4.765050
2251.001000,4.423510,4.764652
2252.001000,4.423342,4.766925
2253.001000,4.422046,4.768077
2254.001000,4.422604,4.767290
2255.001000,4.423106,4.766352
2256.001000,4.422488,4.766107
2257.001000,4.422991,4.766586
2258.001000,4.424691,4.770545
2259.001000,4.425724,4.781122
2260.001000,4.426950,4.778918
2261.001000,4.427971,4.778391
2262.001000,4.429576,4.781847
2263.001000,4.429869,4.784022
2264.001000,4.429798,4.779188
2265.001000,4.429728,4.780248
2266.001000,4.430107,4.778739
2267.001000,4.430529,4.780694
2268.001000,4.430792,4.782518
2269.001000,4.431306,4.782379
2270.001000,4.432067,4.782961
2271.001000,4.432657,4.778656
2272.001000,4.432565,4.781599
2273.001000,4.432898,4.781694
2274.001000,4.433210,4.784774
2275.001000,4.432349,4.781807
2276.001000,4.431696,4.779203
2277.001000,4.431305,4.772352
2278.001000,4.430874,4.774440
2279.001000,4.431460,4.775467
2280.001000,4.432102,4.782800
2281.001000,4.433078,4.772285
2282.001000,4.433463,4.780808
2283.001000,4.432705,4.776687
2284.001000,4.430198,4.774673
2285.001000,4.431246,4.783033
2286.001000,4.431909,4.784544
2287.001000,4.431979,4.783930
2288.001000,4.433189,4.785224
2289.001000,4.434036,4.777650
2290.001000,4.435273,4.788392
2291.001000,4.436150,4.787598
2292.001000,4.436088,4.787669
2293.001000,4.436517,4.789469
2294.001000,4.436972,4.788381
2295.001000,4.437535,4.790413
2296.001000,4.437694,4.790833
2297.001000,4.437537,4.791470
2298.001000,4.438542,4.787764
2299.001000,4.438281,4.778272
2300.001000,4.436939,4.780633
2301.001000,4.435473,4.786413
2302.001000,4.435794,4.785916
2303.001000,4.436926,4.788627
2304.001000,4.438133,4.787749
2305.001000,4.439404,4.789216
2306.001000,4.439596,4.789154
2307.001000,4.438512,4.789461
2308.001000,4.438741,4.786457
2309.001000,4.438292,4.789465
2310.001000,4.439647,4.790984
2311.001000,4.440135,4.790861
2312.001000,4.438956,4.792590
2313.001000,4.437374,4.789570
2314.001000,4.436725,4.790552
2315.001000,4.438191,4.793975
2316.001000,4.439608,4.794907
2317.001000,4.440503,4.795673
2318.001000,4.441212,4.794759
2319.001000,4.441144,4.796362
2320.001000,4.441333,4.791646
2321.001000,4.441883,4.792616
2322.001000,4.442545,4.793623
2323.001000,4.442859,4.790902
2324.001000,4.443482,4.789857
2325.001000,4.443762,4.788903
2326.001000,4.444222,4.786053
2327.001000,4.444538,4.791989
2328.001000,4.444029,4.794493
2329.001000,4.442079,4.787745
2330.001000,4.442725,4.782615
2331.001000,4.442768,4.782339
2332.001000,4.443428,4.783750
2333.001000,4.442512,4.783110
2334.001000,4.441401,4.780780
2335.001000,4.442712,4.784445
2336.001000,4.441374,4.783697
2337.001000,4.440956,4.782526
2338.001000,4.440186,4.784041
2339.001000,4.440585,4.782599
2340.001000,4.440043,4.782506
2341.001000,4.440391,4.784420
2342.001000,4.440844,4.784035
2343.001000,4.441602,4.786015
2344.001000,4.442727,4.783955
2345.001000,4.442633,4.782756
2346.001000,4.441820,4.781060
2347.001000,4.442321,4.781577
2348.001000,4.441149,4.782301
2349.001000,4.441547,4.783782
2350.001000,4.442346,4.782262
2351.001000,4.442393,4.781778
2352.001000,4.441740,4.782153
2353.001000,4.441026,4.781160
2354.001000,4.441277,4.779530
2355.001000,4.439700,4.778992
2356.001000,4.439959,4.779095
2357.001000,4.440682,4.779752
2358.001000,4.440492,4.776886
2359.001000,4.441388,4.777327
2360.001000,4.441877,4.777648
2361.001000,4.441802,4.777628
2362.001000,4.441445,4.778153
2363.001000,4.441593,4.777737
2364.001000,4.441261,4.776083
2365.001000,4.441191,4.777427
2366.001000,4.441428,4.779212
2367.001000,4.441813,4.778341
2368.001000,4.442555,4.780034
2369.001000,4.442347,4.787660
2370.001000,4.442954,4.791200
2371.001000,4.443774,4.785290
2372.001000,4.444128,4.779103
2373.001000,4.444429,4.781118
2374.001000,4.443776,4.779628
2375.001000,4.443366,4.781932
2376.001000,4.443791,4.782033
2377.001000,4.445723,4.782146
2378.001000,4.445869,4.782382
2379.001000,4.446901,4.783721
2380.001000,4.448458,4.781677
2381.001000,4.448748,4.786719
2382.001000,4.449273,4.786600
2383.001000,4.448621,4.784988
2384.001000,4.448620,4.786319
2385.001000,4.449691,4.788224
2386.001000,4.449960,4.786909
2387.001000,4.450183,4.788797
2388.001000,4.450921,4.790024
2389.001000,4.451871,4.788034
2390.001000,4.450763,4.788973
2391.001000,4.449180,4.790579
2392.001000,4.448537,4.788892
2393.001000,4.448252,4.789615
2394.001000,4.449797,4.788347
2395.001000,4.450403,4.788855
2396.001000,4.451005,4.789737
2397.001000,4.451974,4.788821
2398.001000,4.451686,4.791412
2399.001000,4.451894,4.790516
2400.001000,4.452176,4.791514
2401.001000,4.452419,4.791368
2402.001000,4.453079,4.793043
2403.001000,4.452812,4.794208
2404.001000,4.452901,4.792897
2405.001000,4.453863,4.794022
2406.001000,4.454122,4.794353
2407.001000,4.454445,4.794360
2408.001000,4.453743,4.793198
2409.001000,4.453492,4.791442
2410.001000,4.453978,4.791382
2411.001000,4.453397,4.790679
2412.001000,4.453405,4.795565
2413.001000,4.453877,4.791947
2414.001000,4.454231,4.794341
2415.001000,4.453929,4.791668
2416.001000,4.453827,4.791880
2417.001000,4.454026,4.794535
2418.001000,4.453276,4.793535
2419.001000,4.452333,4.794783
2420.001000,4.452957,4.789761
2421.001000,4.453607,4.793418
2422.001000,4.454181,4.793205
2423.001000,4.454408,4.792176
2424.001000,4.454699,4.787604
2425.001000,4.454371,4.790224
2426.001000,4.454706,4.789440
2427.001000,4.454825,4.790371
2428.001000,4.455642,4.791822
2429.001000,4.455782,4.789065
2430.001000,4.454196,4.792343
2431.001000,4.454367,4.791705
2432.001000,4.454073,4.791983
2433.001000,4.454319,4.795793
2434.001000,4.454847,4.793075
2435.001000,4.455428,4.792402
2436.001000,4.455785,4.789763
2437.001000,4.456007,4.792029
2438.001000,4.455855,4.790984
2439.001000,4.455917,4.791596
2440.001000,4.456343,4.792095
2441.001000,4.456576,4.796034
2442.001000,4.456581,4.792901
2443.001000,4.456817,4.791366
2444.001000,4.457177,4.794262
2445.001000,4.456577,4.795173
2446.001000,4.457126,4.791520
2447.001000,4.457616,4.793383
2448.001000,4.457904,4.793470
2449.001000,4.458964,4.795708
2450.001000,4.458412,4.792425
2451.001000,4.459235,4.791108
2452.001000,4.459231,4.794847
2453.001000,4.459707,4.799630
2454.001000,4.459715,4.793475
2455.001000,4.460161,4.797121
2456.001000,4.460151,4.795217
2457.001000,4.460379,4.797516
2458.001000,4.460825,4.794749
2459.001000,4.460123,4.799135
2460.001000,4.460525,4.795723
2461.001000,4.459556,4.797419
2462.001000,4.459580,4.801426
2463.001000,4.460282,4.809284
2464.001000,4.460911,4.810342
2465.001000,4.461080,4.810816
2466.001000,4.461170,4.809298
2467.001000,4.461335,4.805681
2468.001000,4.461064,4.808469
2469.001000,4.460964,4.809911
2470.001000,4.461760,4.810469
2471.001000,4.462311,4.809247
2472.001000,4.462357,4.811048
2473.001000,4.462599,4.802755
2474.001000,4.462146,4.806936
2475.001000,4.461989,4.808542
2476.001000,4.463019,4.809602
2477.001000,4.462970,4.808871
2478.001000,4.463144,4.810016
2479.001000,4.463363,4.809150
2480.001000,4.463209,4.808930
2481.001000,4.462980,4.811168
2482.001000,4.463334,4.812518
2483.001000,4.463167,4.808529
2484.001000,4.462723,4.808909
2485.001000,4.463545,4.802779
2486.001000,4.464455,4.802955
2487.001000,4.463740,4.810447
2488.001000,4.464887,4.799310
2489.001000,4.465859,4.798377
2490.001000,4.465953,4.804445
2491.001000,4.465741,4.807002
2492.001000,4.466287,4.804361
2493.001000,4.466618,4.808140
2494.001000,4.467829,4.803833
2495.001000,4.468871,4.805731
2496.001000,4.469800,4.804799
2497.001000,4.470240,4.806418
2498.001000,4.470817,4.809167
2499.001000,4.471488,4.813983
2500.001000,4.470854,4.812520
2501.001000,4.470907,4.815251
2502.001000,4.471565,4.807028
2503.001000,4.470338,4.807197
2504.001000,4.469392,4.803566
2505.001000,4.468671,4.803718
2506.001000,4.467799,4.802385
2507.001000,4.468009,4.804730
2508.001000,4.468579,4.807262
2509.001000,4.469012,4.802819
2510.001000,4.469629,4.804901
2511.001000,4.470687,4.809278
2512.001000,4.470182,4.806128
2513.001000,4.470178,4.808806
2514.001000,4.470757,4.811159
2515.001000,4.470964,4.807657
2516.001000,4.470900,4.809027
2517.001000,4.469211,4.808876
2518.001000,4.468762,4.809167
2519.001000,4.469509,4.810933
2520.001000,4.470154,4.809182
2521.001000,4.470877,4.808082
2522.001000,4.471678,4.809227
2523.001000,4.472193,4.810890
2524.001000,4.472978,4.809220
2525.001000,4.473076,4.809014
2526.001000,4.473404,4.808949
2527.001000,4.471655,4.809748
2528.001000,4.471931,4.812004
2529.001000,4.472619,4.809283
2530.001000,4.474038,4.811915
2531.001000,4.474717,4.812798
2532.001000,4.474434,4.809006
2533.001000,4.473460,4.812690
2534.001000,4.472807,4.812795
2535.001000,4.473460,4.812281
2536.001000,4.473690,4.808813
2537.001000,4.473832,4.808760
2538.001000,4.474355,4.812242
2539.001000,4.474170,4.812755
2540.001000,4.474365,4.808801
2541.001000,4.474779,4.812575
2542.001000,4.474020,4.812411
2543.001000,4.474769,4.812834
2544.001000,4.475195,4.813844
2545.001000,4.476060,4.814789
2546.001000,4.476626,4.816288
2547.001000,4.477026,4.813307
2548.001000,4.476009,4.813997
2549.001000,4.476151,4.814147
2550.001000,4.476577,4.814586
2551.001000,4.476993,4.813120
2552.001000,4.477384,4.811503
2553.001000,4.477406,4.816018
2554.001000,4.477697,4.814811
2555.001000,4.478066,4.812176
2556.001000,4.477929,4.815743
2557.001000,4.475807,4.814449
2558.001000,4.476026,4.804055
2559.001000,4.476295,4.806008
2560.001000,4.476875,4.803929
2561.001000,4.476782,4.803152
2562.001000,4.476304,4.799781
2563.001000,4.476739,4.800404
2564.001000,4.477262,4.805275
2565.001000,4.478130,4.804400
2566.001000,4.478835,4.804471
2567.001000,4.479539,4.811864
2568.001000,4.479615,4.817760
2569.001000,4.480221,4.811809
2570.001000,4.480443,4.804259
2571.001000,4.480520,4.804922
2572.001000,4.480272,4.800136
2573.001000,4.480517,4.802544
2574.001000,4.480848,4.803853
2575.001000,4.481336,4.803093
2576.001000,4.481877,4.804224
2577.001000,4.481883,4.806556
2578.001000,4.479673,4.807897
2579.001000,4.479243,4.805753
2580.001000,4.477961,4.806971
2581.001000,4.477201,4.808422
2582.001000,4.477207,4.808447
2583.001000,4.477517,4.807043
2584.001000,4.477958,4.805281
2585.001000,4.478317,4.806000
2586.001000,4.478659,4.807944
2587.001000,4.478754,4.809036
2588.001000,4.478662,4.810123
2589.001000,4.479364,4.815923
2590.001000,4.479865,4.817419
2591.001000,4.479453,4.822261
2592.001000,4.479631,4.820430
2593.001000,4.479904,4.818743
2594.001000,4.480429,4.812145
2595.001000,4.480807,4.816054
2596.001000,4.481103,4.815178
2597.001000,4.480982,4.818229
2598.001000,4.481361,4.820728
2599.001000,4.481858,4.821499
2600.001000,4.482663,4.822907
2601.001000,4.482892,4.821198
2602.001000,4.483165,4.820648
2603.001000,4.484104,4.820938
2604.001000,4.485236,4.817784
2605.001000,4.485800,4.821156
2606.001000,4.486483,4.821073
2607.001000,4.487269,4.821356
2608.001000,4.487517,4.820476
2609.001000,4.488173,4.823743
2610.001000,4.488477,4.818996
2611.001000,4.488353,4.815327
2612.001000,4.488574,4.825428
2613.001000,4.488532,4.825052
2614.001000,4.487125,4.821232
2615.001000,4.486414,4.822972
2616.001000,4.486404,4.821774
2617.001000,4.485700,4.818640
2618.001000,4.485642,4.819388
2619.001000,4.486464,4.826560
2620.001000,4.486749,4.824148
2621.001000,4.487809,4.815471
2622.001000,4.488500,4.821579
2623.001000,4.489060,4.826383
2624.001000,4.489572,4.827016
2625.001000,4.490305,4.826489
2626.001000,4.491016,4.829759
2627.001000,4.491494,4.826184
2628.001000,4.492257,4.825977
2629.001000,4.493014,4.831005
2630.001000,4.493252,4.830424
2631.001000,4.490971,4.827229
2632.001000,4.490357,4.830034
2633.001000,4.490799,4.831377
2634.001000,4.491403,4.829162
2635.001000,4.492139,4.824050
2636.001000,4.492562,4.821654
2637.001000,4.492965,4.822435
2638.001000,4.493313,4.832214
2639.001000,4.493579,4.825866
2640.001000,4.493873,4.821037
2641.001000,4.494437,4.819913
2642.001000,4.494801,4.824165
2643.001000,4.494854,4.823213
2644.001000,4.495499,4.826184
2645.001000,4.495626,4.828076
2646.001000,4.496088,4.824685
2647.001000,4.496446,4.828964
2648.001000,4.496309,4.826706
2649.001000,4.495037,4.826391
2650.001000,4.493449,4.827750
2651.001000,4.493091,4.826561
2652.001000,4.493654,4.826353
2653.001000,4.494639,4.828568
2654.001000,4.495657,4.827426
2655.001000,4.496541,4.827533
2656.001000,4.497387,4.828116
2657.001000,4.497023,4.828379
2658.001000,4.497265,4.829794
2659.001000,4.497569,4.827237
2660.001000,4.497877,4.829143
2661.001000,4.498484,4.829509
2662.001000,4.498387,4.827653
2663.001000,4.499394,4.828830
2664.001000,4.499107,4.829352
2665.001000,4.499082,4.829261
2666.001000,4.498502,4.829309
2667.001000,4.498227,4.829637
2668.001000,4.498828,4.830959
2669.001000,4.499412,4.828888
2670.001000,4.499504,4.830226
2671.001000,4.499976,4.831628
2672.001000,4.500124,4.831535
2673.001000,4.500385,4.831950
2674.001000,4.500675,4.834524
2675.001000,4.500502,4.832089
2676.001000,4.501109,4.831883
2677.001000,4.501553,4.831704
2678.001000,4.501425,4.833412
2679.001000,4.500099,4.830721
2680.001000,4.500473,4.832688
2681.001000,4.500792,4.833603
2682.001000,4.500855,4.831677
2683.001000,4.501382,4.832356
2684.001000,4.501960,4.835601
2685.001000,4.502023,4.835969
2686.001000,4.502365,4.832292
2687.001000,4.502386,4.832623
2688.001000,4.502108,4.832277
2689.001000,4.502117,4.833214
2690.001000,4.502456,4.832061
2691.001000,4.502494,4.834527
2692.001000,4.502360,4.832393
2693.001000,4.502175,4.829389
2694.001000,4.502420,4.834854
2695.001000,4.502657,4.833178
2696.001000,4.502825,4.833609
2697.001000,4.501970,4.832217
2698.001000,4.501990,4.830658
2699.001000,4.502257,4.833638
2700.001000,4.502924,4.833778
2701.001000,4.503424,4.831714
2702.001000,4.503606,4.833139
2703.001000,4.503304,4.830934
2704.001000,4.503332,4.837343
2705.001000,4.502543,4.833159
2706.001000,4.501786,4.837093
2707.001000,4.501671,4.836328
2708.001000,4.502502,4.837933
2709.001000,4.503597,4.834914
2710.001000,4.504170,4.837125
2711.001000,4.504503,4.835731
2712.001000,4.504174,4.837739
2713.001000,4.503736,4.834084
2714.001000,4.502156,4.838780
2715.001000,4.502611,4.838173
2716.001000,4.503052,4.839769
2717.001000,4.503057,4.840066
2718.001000,4.503851,4.840602
2719.001000,4.504831,4.839620
2720.001000,4.505625,4.838881
2721.001000,4.506733,4.839517
2722.001000,4.507418,4.844425
2723.001000,4.507496,4.841922
2724.001000,4.507914,4.842743
2725.001000,4.508758,4.841462
2726.001000,4.509108,4.840710
2727.001000,4.509260,4.841346
2728.001000,4.509480,4.841824
2729.001000,4.509750,4.839818
2730.001000,4.509903,4.841415
2731.001000,4.510322,4.842836
2732.001000,4.508683,4.842223
2733.001000,4.507494,4.843243
2734.001000,4.507298,4.842028
2735.001000,4.506821,4.844123
2736.001000,4.507397,4.837820
2737.001000,4.508279,4.840456
2738.001000,4.507718,4.843700
2739.001000,4.507532,4.842030
2740.001000,4.506166,4.842053
2741.001000,4.506338,4.843193
2742.001000,4.505950,4.839919
2743.001000,4.506675,4.840663
2744.001000,4.506791,4.840919
2745.001000,4.507525,4.840462
2746.001000,4.507888,4.840725
2747.001000,4.507294,4.839060
2748.001000,4.506225,4.842799
2749.001000,4.506776,4.840173
2750.001000,4.505663,4.843464
2751.001000,4.506160,4.843570
2752.001000,4.506896,4.845039
2753.001000,4.507603,4.841705
2754.001000,4.508013,4.842695
2755.001000,4.508201,4.843845
2756.001000,4.508060,4.842588
2757.001000,4.508221,4.846543
2758.001000,4.509333,4.844817
2759.001000,4.509538,4.842912
2760.001000,4.509018,4.845533
2761.001000,4.509002,4.844745
2762.001000,4.509620,4.846721
2763.001000,4.509547,4.847599
2764.001000,4.509542,4.847707
2765.001000,4.509050,4.849022
2766.001000,4.509664,4.847603
2767.001000,4.510271,4.845191
2768.001000,4.510552,4.845488
2769.001000,4.510303,4.845388
2770.001000,4.511048,4.844169
2771.001000,4.511704,4.847037
2772.001000,4.511374,4.847606
2773.001000,4.510938,4.845993
2774.001000,4.511120,4.845985
2775.001000,4.511464,4.842116
2776.001000,4.511511,4.845800
2777.001000,4.512104,4.845484
2778.001000,4.512461,4.846479
2779.001000,4.512701,4.845567
2780.001000,4.512659,4.843944
2781.001000,4.512799,4.844794
2782.001000,4.511921,4.847445
2783.001000,4.511545,4.844466
2784.001000,4.511696,4.848045
2785.001000,4.512293,4.848150
2786.001000,4.513132,4.846902
2787.001000,4.513865,4.837060
2788.001000,4.514341,4.845354
2789.001000,4.514986,4.847967
2790.001000,4.515774,4.847641
2791.001000,4.516286,4.847066
2792.001000,4.515534,4.834133
2793.001000,4.514783,4.832504
2794.001000,4.514973,4.833868
2795.001000,4.515591,4.834592
2796.001000,4.515777,4.832907
2797.001000,4.516730,4.834767
2798.001000,4.517124,4.833926
2799.001000,4.516173,4.835202
2800.001000,4.515105,4.833845
2801.001000,4.515676,4.834735
2802.001000,4.516341,4.836065
2803.001000,4.516573,4.837934
2804.001000,4.516863,4.837978
2805.001000,4.517478,4.835844
2806.001000,4.518124,4.838981
2807.001000,4.518545,4.850935
2808.001000,4.518283,4.846933
2809.001000,4.517839,4.845023
2810.001000,4.518087,4.846023
2811.001000,4.518572,4.844106
2812.001000,4.518626,4.844848
2813.001000,4.519209,4.849856
2814.001000,4.519729,4.846872
2815.001000,4.520439,4.850089
2816.001000,4.520938,4.852648
2817.001000,4.520784,4.850374
2818.001000,4.519542,4.851811
2819.001000,4.519954,4.850655
2820.001000,4.520299,4.851167
2821.001000,4.520893,4.852490
2822.001000,4.521152,4.851553
2823.001000,4.521344,4.852285
2824.001000,4.522110,4.848102
2825.001000,4.522319,4.849859
2826.001000,4.522963,4.844540
2827.001000,4.523223,4.854125
2828.001000,4.523314,4.856036
2829.001000,4.523233,4.857479
2830.001000,4.522782,4.856191
2831.001000,4.522341,4.851226
2832.001000,4.522601,4.848406
2833.001000,4.523031,4.849144
2834.001000,4.523861,4.855842
2835.001000,4.524779,4.848130
2836.001000,4.525431,4.854449
2837.001000,4.525874,4.855370
2838.001000,4.525974,4.853071
2839.001000,4.526056,4.848769
2840.001000,4.526879,4.853761
2841.001000,4.527686,4.856109
2842.001000,4.528657,4.852092
2843.001000,4.529576,4.854793
2844.001000,4.530173,4.853529
2845.001000,4.530418,4.853274
2846.001000,4.530580,4.854202
2847.001000,4.530877,4.856233
2848.001000,4.531594,4.854247
2849.001000,4.531919,4.856001
2850.001000,4.532695,4.855933
2851.001000,4.532164,4.858035
2852.001000,4.532720,4.858112
2853.001000,4.532950,4.855754
2854.001000,4.532690,4.855339
2855.001000,4.533225,4.856818
2856.001000,4.532773,4.855965
2857.001000,4.532474,4.856279
2858.001000,4.533813,4.854219
2859.001000,4.534219,4.857004
2860.001000,4.534160,4.858196
2861.001000,4.532598,4.855065
2862.001000,4.531673,4.858442
2863.001000,4.531554,4.857295
2864.001000,4.532444,4.854908
2865.001000,4.533628,4.856917
2866.001000,4.534694,4.854430
2867.001000,4.535247,4.857004
2868.001000,4.536156,4.858860
2869.001000,4.536872,4.855869
2870.001000,4.537561,4.854465
2871.001000,4.537695,4.857380
2872.001000,4.538693,4.858157
2873.001000,4.538371,4.856346
2874.001000,4.537661,4.860084
2875.001000,4.536162,4.859816
2876.001000,4.537136,4.859079
2877.001000,4.538136,4.858165
2878.001000,4.539406,4.857477
2879.001000,4.538868,4.853630
2880.001000,4.537896,4.854077
2881.001000,4.537938,4.850185
2882.001000,4.538073,4.856897
2883.001000,4.536765,4.850787
2884.001000,4.536828,4.851257
2885.001000,4.537016,4.855202
2886.001000,4.537237,4.854776
2887.001000,4.538184,4.852617
2888.001000,4.538516,4.852912
2889.001000,4.538834,4.853709
2890.001000,4.538041,4.856416
2891.001000,4.538675,4.854729
2892.001000,4.538553,4.857492
2893.001000,4.538733,4.849094
2894.001000,4.538440,4.854705
2895.001000,4.539590,4.860369
2896.001000,4.539491,4.860947
2897.001000,4.539778,4.857907
2898.001000,4.540299,4.855601
2899.001000,4.540585,4.853340
2900.001000,4.541154,4.852535
2901.001000,4.541723,4.860430
2902.001000,4.541729,4.856204
2903.001000,4.542096,4.857965
2904.001000,4.540534,4.863197
2905.001000,4.540297,4.855121
2906.001000,4.541047,4.854532
2907.001000,4.542209,4.853054
2908.001000,4.543154,4.856609
2909.001000,4.541722,4.860395
2910.001000,4.541220,4.860897
2911.001000,4.540832,4.860464
2912.001000,4.540785,4.861421
2913.001000,4.540532,4.862402
2914.001000,4.541034,4.858645
2915.001000,4.541998,4.855628
2916.001000,4.542847,4.850885
2917.001000,4.541977,4.856340
2918.001000,4.541128,4.851744
2919.001000,4.541150,4.844816
2920.001000,4.541646,4.848539
2921.001000,4.541839,4.850346
2922.001000,4.542816,4.849276
2923.001000,4.544339,4.848987
2924.001000,4.543491,4.849130
2925.001000,4.544699,4.851718
2926.001000,4.545504,4.850049
2927.001000,4.545921,4.851786
2928.001000,4.544878,4.854415
2929.001000,4.545562,4.850521
2930.001000,4.545124,4.858097
2931.001000,4.545581,4.852549
2932.001000,4.546218,4.851234
2933.001000,4.546992,4.849833
2934.001000,4.547122,4.853262
2935.001000,4.548280,4.852024
2936.001000,4.548166,4.851551
2937.001000,4.548943,4.851090
2938.001000,4.548869,4.851232
2939.001000,4.548854,4.849261
2940.001000,4.547844,4.852869
2941.001000,4.547502,4.852793
2942.001000,4.547260,4.849288
2943.001000,4.547357,4.854270
2944.001000,4.547091,4.851868
2945.001000,4.547523,4.849918
2946.001000,4.548075,4.850928
2947.001000,4.549309,4.853974
2948.001000,4.550254,4.850052
2949.001000,4.551131,4.848887
2950.001000,4.552232,4.852027
2951.001000,4.552646,4.846306
2952.001000,4.553169,4.851324
2953.001000,4.553562,4.850091
2954.001000,4.552271,4.861617
2955.001000,4.548754,4.865696
2956.001000,4.548465,4.869573
2957.001000,4.548474,4.866710
2958.001000,4.548747,4.868463
2959.001000,4.549620,4.871087
2960.001000,4.550782,4.871023
2961.001000,4.551143,4.872332
2962.001000,4.551982,4.872430
2963.001000,4.553409,4.871582
2964.001000,4.553135,4.871441
2965.001000,4.551139,4.873233
2966.001000,4.551326,4.870574
2967.001000,4.551288,4.871334
2968.001000,4.552230,4.872736
2969.001000,4.552920,4.871013
2970.001000,4.553235,4.870134
2971.001000,4.553932,4.874130
2972.001000,4.555078,4.871569
2973.001000,4.555148,4.871871
2974.001000,4.555613,4.873665
2975.001000,4.553889,4.872890
2976.001000,4.553404,4.874996
2977.001000,4.553534,4.874343
2978.001000,4.553667,4.869556
2979.001000,4.553006,4.873552
2980.001000,4.552512,4.873889
2981.001000,4.553738,4.874927
2982.001000,4.555260,4.874111
2983.001000,4.554469,4.872178
2984.001000,4.554776,4.873002
2985.001000,4.555416,4.871265
2986.001000,4.555043,4.869710
2987.001000,4.554749,4.869516
2988.001000,4.555898,4.871542
2989.001000,4.557116,4.874512
2990.001000,4.557508,4.874994
2991.001000,4.556610,4.870310
2992.001000,4.555487,4.870779
2993.001000,4.556082,4.873084
2994.001000,4.556919,4.877219
2995.001000,4.557332,4.882899
2996.001000,4.558776,4.886084
2997.001000,4.559477,4.887777
2998.001000,4.559912,4.887864
2999.001000,4.560815,4.885781
3000.001000,4.561413,4.882696
3001.001000,4.561544,4.882451
3002.001000,4.561666,4.881380
3003.001000,4.562042,4.875110
3004.001000,4.562139,4.874626
3005.001000,4.561759,4.875365
3006.001000,4.561641,4.877163
3007.001000,4.561715,4.875719
3008.001000,4.562714,4.875149
3009.001000,4.563654,4.875697
3010.001000,4.563841,4.875713
3011.001000,4.564569,4.874763
3012.001000,4.564701,4.874628
3013.001000,4.565235,4.874353
3014.001000,4.565963,4.876749
3015.001000,4.566246,4.875124
3016.001000,4.565646,4.873229
3017.001000,4.566424,4.875313
3018.001000,4.567079,4.876921
3019.001000,4.567566,4.875210
3020.001000,4.567724,4.874473
3021.001000,4.567734,4.875233
3022.001000,4.568729,4.873583
3023.001000,4.568983,4.876177
3024.001000,4.569575,4.873578
3025.001000,4.569050,4.878177
3026.001000,4.568868,4.875359
3027.001000,4.568272,4.876527
3028.001000,4.569158,4.876935
3029.001000,4.569416,4.876657
3030.001000,4.569413,4.877872
3031.001000,4.569597,4.877389
3032.001000,4.570305,4.874990
3033.001000,4.569026,4.875816
3034.001000,4.568656,4.872900
3035.001000,4.568338,4.874328
3036.001000,4.568606,4.875277
3037.001000,4.568597,4.874912
3038.001000,4.568957,4.875353
3039.001000,4.569365,4.874244
3040.001000,4.567880,4.873566
3041.001000,4.568354,4.875341
3042.001000,4.568102,4.876968
3043.001000,4.568460,4.872723
3044.001000,4.569058,4.876970
3045.001000,4.568204,4.877459
3046.001000,4.568389,4.874825
3047.001000,4.568627,4.874875
3048.001000,4.568925,4.873467
3049.001000,4.568866,4.873464
3050.001000,4.569474,4.875924
3051.001000,4.570620,4.873546
3052.001000,4.571325,4.875037
3053.001000,4.571659,4.873701
3054.001000,4.571908,4.874873
3055.001000,4.571924,4.873803
3056.001000,4.572745,4.875090
3057.001000,4.573214,4.876386
3058.001000,4.572988,4.874766
3059.001000,4.573603,4.878113
3060.001000,4.574194,4.876602
3061.001000,4.574684,4.878438
3062.001000,4.574720,4.880773
3063.001000,4.574378,4.883871
3064.001000,4.574805,4.881163
3065.001000,4.574815,4.881390
3066.001000,4.575286,4.880446
3067.001000,4.575616,4.878629
3068.001000,4.576059,4.878874
3069.001000,4.576169,4.881687
3070.001000,4.577235,4.880776
3071.001000,4.576942,4.880784
3072.001000,4.577339,4.883933
3073.001000,4.577696,4.882134
3074.001000,4.578403,4.884238
3075.001000,4.577829,4.884432
3076.001000,4.577949,4.883838
3077.001000,4.578430,4.884564
3078.001000,4.578847,4.882810
3079.001000,4.577612,4.882759
3080.001000,4.577876,4.886237
3081.001000,4.578028,4.884504
3082.001000,4.578285,4.885912
3083.001000,4.578390,4.883412
3084.001000,4.578178,4.885182
3085.001000,4.579223,4.883673
3086.001000,4.579685,4.884200
3087.001000,4.579364,4.885644
3088.001000,4.578710,4.883504
3089.001000,4.578635,4.882540
3090.001000,4.577874,4.884050
3091.001000,4.577273,4.882251
3092.001000,4.577470,4.881701
3093.001000,4.577501,4.882171
3094.001000,4.578558,4.880221
3095.001000,4.578615,4.879284
3096.001000,4.578863,4.879680
3097.001000,4.579528,4.880928
3098.001000,4.578530,4.879487
3099.001000,4.578669,4.881577
3100.001000,4.579227,4.882778
3101.001000,4.580143,4.880729
3102.001000,4.580181,4.883000
3103.001000,4.579618,4.880754
3104.001000,4.580235,4.885438
3105.001000,4.580895,4.879646
3106.001000,4.581348,4.881873
3107.001000,4.580886,4.881742
3108.001000,4.581003,4.885159
3109.001000,4.580997,4.883819
3110.001000,4.581399,4.883145
3111.001000,4.581338,4.883013
3112.001000,4.582243,4.886215
3113.001000,4.582441,4.884083
3114.001000,4.582863,4.887647
3115.001000,4.583305,4.885243
3116.001000,4.582983,4.885010
3117.001000,4.584065,4.884605
3118.001000,4.584861,4.888479
3119.001000,4.585323,4.887011
3120.001000,4.586230,4.890161
3121.001000,4.586011,4.888418
3122.001000,4.586267,4.887407
3123.001000,4.586608,4.888477
3124.001000,4.585775,4.886888
3125.001000,4.586384,4.887770
3126.001000,4.586949,4.888107
3127.001000,4.587515,4.887011
3128.001000,4.587868,4.885250
3129.001000,4.588305,4.888298
3130.001000,4.588311,4.885375
3131.001000,4.588318,4.887915
3132.001000,4.589264,4.887327
3133.001000,4.589601,4.889604
3134.001000,4.589865,4.890329
3135.001000,4.590182,4.889316
3136.001000,4.588638,4.894991
3137.001000,4.589357,4.892281
3138.001000,4.589906,4.890989
3139.001000,4.590753,4.892130
3140.001000,4.590438,4.894575
3141.001000,4.590501,4.893897
3142.001000,4.589983,4.892383
3143.001000,4.589413,4.895045
3144.001000,4.589550,4.890574
3145.001000,4.590718,4.891175
3146.001000,4.591164,4.890160
3147.001000,4.590052,4.890436
3148.001000,4.589605,4.890857
3149.001000,4.589495,4.893050
3150.001000,4.590020,4.889417
3151.001000,4.590656,4.890863
3152.001000,4.590574,4.887925
3153.001000,4.590691,4.887653
3154.001000,4.591484,4.888570
3155.001000,4.590703,4.888464
3156.001000,4.589800,4.887550
3157.001000,4.589592,4.887859
3158.001000,4.589791,4.891126
3159.001000,4.589828,4.890058
3160.001000,4.590575,4.891329
3161.001000,4.590851,4.893117
3162.001000,4.590383,4.889015
3163.001000,4.590865,4.892576
3164.001000,4.590641,4.890168
3165.001000,4.591191,4.893496
3166.001000,4.591923,4.888911
3167.001000,4.592251,4.891746
3168.001000,4.592890,4.893998
3169.001000,4.593364,4.890492
3170.001000,4.594284,4.894106
3171.001000,4.594443,4.892443
3172.001000,4.594711,4.892011
3173.001000,4.594211,4.893078
3174.001000,4.593442,4.895203
3175.001000,4.593804,4.893721
3176.001000,4.594485,4.894270
3177.001000,4.592846,4.894633
3178.001000,4.593318,4.894842
3179.001000,4.593623,4.890951
3180.001000,4.594731,4.892010
3181.001000,4.594945,4.894441
3182.001000,4.595186,4.891380
3183.001000,4.595544,4.891323
3184.001000,4.595285,4.888947
3185.001000,4.595949,4.890670
3186.001000,4.595683,4.894519
3187.001000,4.595318,4.893899
3188.001000,4.595399,4.893721
3189.001000,4.595915,4.892600
3190.001000,4.596175,4.895471
3191.001000,4.596891,4.893820
3192.001000,4.597640,4.891360
3193.001000,4.597770,4.893550
3194.001000,4.597783,4.895272
3195.001000,4.598219,4.894132
3196.001000,4.598538,4.893122
3197.001000,4.598769,4.897621
3198.001000,4.599021,4.895563
3199.001000,4.598897,4.894808
3200.001000,4.598965,4.895191
3201.001000,4.599156,4.894268
3202.001000,4.598948,4.892784
3203.001000,4.599147,4.894042
3204.001000,4.599420,4.894114
3205.001000,4.599690,4.894692
3206.001000,4.600005,4.895119
3207.001000,4.600330,4.895038
3208.001000,4.600775,4.894659
3209.001000,4.601043,4.895374
3210.001000,4.600990,4.894451
3211.001000,4.600954,4.896137
3212.001000,4.601300,4.898565
3213.001000,4.602164,4.896333
3214.001000,4.602645,4.895887
3215.001000,4.603001,4.898433
3216.001000,4.603482,4.897294
3217.001000,4.602953,4.898189
3218.001000,4.602899,4.898724
3219.001000,4.602927,4.899468
3220.001000,4.603336,4.899122
3221.001000,4.603614,4.898846
3222.001000,4.603772,4.896547
3223.001000,4.604451,4.899290
3224.001000,4.604592,4.898554
3225.001000,4.604542,4.898218
3226.001000,4.604943,4.899580
3227.001000,4.605274,4.896594
3228.001000,4.605902,4.895239
3229.001000,4.605676,4.898744
3230.001000,4.605451,4.897212
3231.001000,4.604616,4.896861
3232.001000,4.604518,4.896532
3233.001000,4.603690,4.899548
3234.001000,4.604439,4.897758
3235.001000,4.603452,4.899842
3236.001000,4.604311,4.898776
3237.001000,4.604857,4.899633
3238.001000,4.604892,4.900053
3239.001000,4.605433,4.898531
3240.001000,4.605820,4.899172
3241.001000,4.606263,4.897125
3242.001000,4.605681,4.896316
3243.001000,4.605761,4.896173
3244.001000,4.605611,4.896603
3245.001000,4.605529,4.896766
3246.001000,4.604774,4.896788
3247.001000,4.605536,4.893853
3248.001000,4.606534,4.895377
3249.001000,4.606853,4.898247
3250.001000,4.606761,4.897850
3251.001000,4.607272,4.895829
3252.001000,4.607828,4.895954
3253.001000,4.607969,4.898246
3254.001000,4.607674,4.898508
3255.001000,4.608344,4.898082
3256.001000,4.608070,4.898998
3257.001000,4.608374,4.900811
3258.001000,4.609017,4.899542
3259.001000,4.608909,4.901024
3260.001000,4.609075,4.898768
3261.001000,4.609156,4.899282
3262.001000,4.609111,4.897801
3263.001000,4.606898,4.900066
3264.001000,4.607131,4.902168
3265.001000,4.607875,4.898516
3266.001000,4.608565,4.900706
3267.001000,4.608914,4.901420
3268.001000,4.609525,4.900368
3269.001000,4.610236,4.902816
3270.001000,4.610870,4.904124
3271.001000,4.611171,4.903949
3272.001000,4.611624,4.900866
3273.001000,4.612017,4.903089
3274.001000,4.612198,4.903877
3275.001000,4.612034,4.902428
3276.001000,4.611997,4.904450
3277.001000,4.611268,4.900226
3278.001000,4.611317,4.904958
3279.001000,4.611534,4.901653
3280.001000,4.612016,4.905452
3281.001000,4.612421,4.904980
3282.001000,4.612683,4.902159
3283.001000,4.612564,4.902562
3284.001000,4.612381,4.901329
3285.001000,4.612957,4.899986
3286.001000,4.612826,4.900303
3287.001000,4.612858,4.902438
3288.001000,4.613116,4.902332
3289.001000,4.613856,4.900940
3290.001000,4.613760,4.903309
3291.001000,4.614468,4.906379
3292.001000,4.615137,4.902861
3293.001000,4.615399,4.902490
3294.001000,4.615639,4.903717
3295.001000,4.615366,4.904317
3296.001000,4.614458,4.902282
3297.001000,4.614454,4.903478
3298.001000,4.614445,4.903751
3299.001000,4.614944,4.902427
3300.001000,4.615234,4.904655
3301.001000,4.615424,4.901213
3302.001000,4.615426,4.902944
3303.001000,4.615853,4.905228
3304.001000,4.616370,4.903748
3305.001000,4.616442,4.902500
3306.001000,4.616681,4.901582
3307.001000,4.616546,4.900635
3308.001000,4.616966,4.904781
3309.001000,4.616034,4.902142
3310.001000,4.614181,4.900091
3311.001000,4.614714,4.901785
3312.001000,4.615225,4.901728
3313.001000,4.615540,4.901752
3314.001000,4.615872,4.901423
3315.001000,4.615990,4.900194
3316.001000,4.615965,4.904487
3317.001000,4.616870,4.904007
3318.001000,4.616970,4.903459
3319.001000,4.617674,4.904584
3320.001000,4.617026,4.902999
3321.001000,4.616935,4.904099
3322.001000,4.617792,4.905671
3323.001000,4.618305,4.908356
3324.001000,4.618366,4.907982
3325.001000,4.618595,4.907275
3326.001000,4.618030,4.907654
3327.001000,4.617552,4.907522
3328.001000,4.617578,4.906556
3329.001000,4.616898,4.904834
3330.001000,4.617270,4.905537
3331.001000,4.617948,4.903879
3332.001000,4.618582,4.903855
3333.001000,4.618871,4.905796
3334.001000,4.618765,4.907390
3335.001000,4.618272,4.905712
3336.001000,4.617228,4.902134
3337.001000,4.617510,4.900639
3338.001000,4.617706,4.905218
3339.001000,4.617804,4.902435
3340.001000,4.616928,4.902465
3341.001000,4.617005,4.905110
3342.001000,4.617379,4.907942
3343.001000,4.617741,4.904924
3344.001000,4.618041,4.902114
3345.001000,4.618095,4.902521
3346.001000,4.618517,4.902265
3347.001000,4.619577,4.904649
3348.001000,4.619759,4.905331
3349.001000,4.620543,4.907098
3350.001000,4.621074,4.904764
3351.001000,4.620233,4.906518
3352.001000,4.619546,4.908048
3353.001000,4.620124,4.903985
3354.001000,4.620395,4.904240
3355.001000,4.620199,4.905766
3356.001000,4.620387,4.906727
3357.001000,4.620573,4.908216
3358.001000,4.620528,4.906433
3359.001000,4.620992,4.908414
3360.001000,4.621798,4.907993
3361.001000,4.621701,4.905030
3362.001000,4.621957,4.908226
3363.001000,4.621845,4.907157
3364.001000,4.622193,4.906541
3365.001000,4.622085,4.907572
3366.001000,4.622952,4.908909
3367.001000,4.623196,4.910564
3368.001000,4.623530,4.909144
3369.001000,4.623823,4.907676
3370.001000,4.624069,4.908415
3371.001000,4.624684,4.910672
3372.001000,4.624668,4.910629
3373.001000,4.625055,4.907762
3374.001000,4.624787,4.908302
3375.001000,4.624880,4.911528
3376.001000,4.624787,4.906057
3377.001000,4.625750,4.909800
3378.001000,4.626305,4.908276
3379.001000,4.627092,4.908266
3380.001000,4.626962,4.910352
3381.001000,4.627025,4.909444
3382.001000,4.627410,4.908785
3383.001000,4.626680,4.908276
3384.001000,4.626890,4.909389
3385.001000,4.626949,4.906142
3386.001000,4.627496,4.908546
3387.001000,4.627513,4.907746
3388.001000,4.628043,4.909801
3389.001000,4.627374,4.908567
3390.001000,4.626798,4.906047
3391.001000,4.625566,4.907687
3392.001000,4.625466,4.909674
3393.001000,4.625224,4.909506
3394.001000,4.625500,4.906319
3395.001000,4.626151,4.907828
3396.001000,4.627231,4.909822
3397.001000,4.626858,4.909626
3398.001000,4.627016,4.908795
3399.001000,4.627971,4.908477
3400.001000,4.628332,4.905697
3401.001000,4.628294,4.907691
3402.001000,4.628689,4.908599
3403.001000,4.629026,4.907358
3404.001000,4.629659,4.907550
3405.001000,4.629840,4.908587
3406.001000,4.629995,4.904675
3407.001000,4.629429,4.906906
3408.001000,4.630838,4.904011
3409.001000,4.630988,4.905028
3410.001000,4.631678,4.904684
3411.001000,4.632392,4.905851
3412.001000,4.632263,4.905051
3413.001000,4.632499,4.907264
3414.001000,4.631501,4.904673
3415.001000,4.630345,4.909054
3416.001000,4.630138,4.909808
3417.001000,4.630571,4.907948
3418.001000,4.629646,4.907533
3419.001000,4.629883,4.907019
3420.001000,4.630796,4.907700
3421.001000,4.631518,4.908284
3422.001000,4.631613,4.906471
3423.001000,4.631413,4.907774
3424.001000,4.631756,4.905808
3425.001000,4.631851,4.906850
3426.001000,4.632223,4.908277
3427.001000,4.632633,4.909902
3428.001000,4.633184,4.907887
3429.001000,4.633794,4.908452
3430.001000,4.633813,4.908452
3431.001000,4.634049,4.909951
3432.001000,4.633673,4.910004
3433.001000,4.634715,4.912154
3434.001000,4.634890,4.910002
3435.001000,4.634878,4.910505
3436.001000,4.635168,4.912833
3437.001000,4.635011,4.911104
3438.001000,4.636211,4.909496
3439.001000,4.636268,4.909500
3440.001000,4.637010,4.908524
3441.001000,4.637831,4.908882
3442.001000,4.638622,4.909089
3443.001000,4.639472,4.910879
3444.001000,4.640031,4.908793
3445.001000,4.640212,4.911257
3446.001000,4.638583,4.910563
3447.001000,4.638432,4.909867
3448.001000,4.638537,4.910874
3449.001000,4.638403,4.909946
3450.001000,4.638505,4.907554
3451.001000,4.639512,4.908118
3452.001000,4.639886,4.909809
3453.001000,4.640063,4.911799
3454.001000,4.641134,4.910703
3455.001000,4.640387,4.910540
3456.001000,4.639340,4.908925
3457.001000,4.639982,4.906669
3458.001000,4.638737,4.908917
3459.001000,4.639892,4.910243
3460.001000,4.639751,4.909045
3461.001000,4.639589,4.907988
3462.001000,4.639015,4.907246
3463.001000,4.639571,4.907455
3464.001000,4.639807,4.905863
3465.001000,4.640209,4.908706
3466.001000,4.639360,4.908451
3467.001000,4.638278,4.904766
3468.001000,4.638558,4.908520
3469.001000,4.639144,4.907882
3470.001000,4.639454,4.910103
3471.001000,4.639950,4.907919
3472.001000,4.640116,4.909508
3473.001000,4.639984,4.910737
3474.001000,4.640090,4.909657
3475.001000,4.640631,4.911092
3476.001000,4.640785,4.909061
3477.001000,4.641426,4.910461
3478.001000,4.642108,4.912049
3479.001000,4.642688,4.914096
3480.001000,4.642840,4.911973
3481.001000,4.642481,4.910724
3482.001000,4.643723,4.909974
3483.001000,4.644360,4.910301
3484.001000,4.644926,4.910472
3485.001000,4.645654,4.913078
3486.001000,4.645467,4.911622
3487.001000,4.644950,4.910450
3488.001000,4.644340,4.912073
3489.001000,4.643542,4.911254
3490.001000,4.644475,4.916427
3491.001000,4.645721,4.914105
3492.001000,4.644550,4.912055
3493.001000,4.644339,4.911694
3494.001000,4.644543,4.915241
3495.001000,4.644303,4.913252
3496.001000,4.643994,4.914892
3497.001000,4.644332,4.914394
3498.001000,4.645260,4.916259
3499.001000,4.645637,4.915521
3500.001000,4.645859,4.914977
3501.001000,4.646600,4.914662
3502.001000,4.646582,4.915551
3503.001000,4.646605,4.915606
3504.001000,4.647022,4.916830
3505.001000,4.647465,4.914153
3506.001000,4.648390,4.913152
3507.001000,4.647946,4.915550
3508.001000,4.648757,4.914492
3509.001000,4.649794,4.916297
3510.001000,4.650085,4.916872
3511.001000,4.650846,4.916363
3512.001000,4.651071,4.916128
3513.001000,4.649974,4.915774
3514.001000,4.650438,4.916420
3515.001000,4.650311,4.914782
3516.001000,4.650453,4.913047
3517.001000,4.649916,4.914448
3518.001000,4.650075,4.917389
3519.001000,4.651484,4.918803
3520.001000,4.652291,4.919227
3521.001000,4.652704,4.918563
3522.001000,4.652570,4.918694
3523.001000,4.651990,4.915667
3524.001000,4.651676,4.916502
3525.001000,4.651088,4.917103
3526.001000,4.651097,4.915716
3527.001000,4.651614,4.918831
3528.001000,4.651745,4.915741
3529.001000,4.652454,4.919318
3530.001000,4.653127,4.917552
3531.001000,4.653474,4.915511
3532.001000,4.653651,4.913437
3533.001000,4.654173,4.915990
3534.001000,4.653954,4.916567
3535.001000,4.653682,4.917283
3536.001000,4.653642,4.917930
3537.001000,4.654193,4.918485
3538.001000,4.654524,4.918568
3539.001000,4.655237,4.918997
3540.001000,4.654948,4.921832
3541.001000,4.654521,4.923347
3542.001000,4.654054,4.924600
3543.001000,4.654470,4.924045
3544.001000,4.655249,4.921463
3545.001000,4.655688,4.922721
3546.001000,4.656153,4.921018
3547.001000,4.656559,4.921350
3548.001000,4.657107,4.925589
3549.001000,4.657757,4.923486
3550.001000,4.658327,4.923711
3551.001000,4.658805,4.924441
3552.001000,4.657548,4.923587
3553.001000,4.657227,4.924188
3554.001000,4.656763,4.925136
3555.001000,4.657852,4.923073
3556.001000,4.658288,4.925777
3557.001000,4.659074,4.926417
3558.001000,4.659377,4.922866
3559.001000,4.659753,4.926159
3560.001000,4.659830,4.924725
3561.001000,4.660161,4.924563
3562.001000,4.660800,4.926931
3563.001000,4.661550,4.923677
3564.001000,4.661136,4.923573
3565.001000,4.660639,4.923549
3566.001000,4.661795,4.927596
3567.001000,4.661536,4.925197
3568.001000,4.663426,4.925581
3569.001000,4.664071,4.924974
3570.001000,4.664488,4.926441
3571.001000,4.664960,4.921540
3572.001000,4.664829,4.924760
3573.001000,4.664117,4.922854
3574.001000,4.664199,4.925805
3575.001000,4.665114,4.922432
3576.001000,4.665333,4.923452
3577.001000,4.665766,4.921524
3578.001000,4.667153,4.924632
3579.001000,4.667203,4.923947
3580.001000,4.667012,4.926065
3581.001000,4.667369,4.925252
3582.001000,4.665807,4.925521
3583.001000,4.665458,4.924710
3584.001000,4.665814,4.925118
3585.001000,4.664215,4.926252
3586.001000,4.664886,4.927105
3587.001000,4.664551,4.925827
3588.001000,4.665230,4.925971
3589.001000,4.666245,4.923722
3590.001000,4.666813,4.922053
3591.001000,4.667428,4.925024
3592.001000,4.668012,4.928234
3593.001000,4.668510,4.927132
3594.001000,4.668422,4.926320
3595.001000,4.667900,4.924589
3596.001000,4.668360,4.926025
3597.001000,4.668719,4.927790
3598.001000,4.669589,4.926712
3599.001000,4.670285,4.926039
3600.001000,4.671147,4.928096
3601.001000,4.671901,4.926986
3602.001000,4.672697,4.927005
3603.001000,4.673435,4.926766
3604.001000,4.673956,4.929057
3605.001000,4.674065,4.928900
3606.001000,4.675026,4.926614
3607.001000,4.674855,4.932056
3608.001000,4.674854,4.928426
3609.001000,4.673962,4.928613
3610.001000,4.673014,4.929472
3611.001000,4.672671,4.928929
3612.001000,4.673152,4.929197
3613.001000,4.674176,4.930643
3614.001000,4.674391,4.929061
3615.001000,4.674074,4.931272
3616.001000,4.673218,4.926140
3617.001000,4.672150,4.929419
3618.001000,4.672415,4.928923
3619.001000,4.672432,4.927828
3620.001000,4.672630,4.931027
3621.001000,4.673411,4.928982
3622.001000,4.674523,4.929681
3623.001000,4.674613,4.926234
3624.001000,4.674680,4.929357
3625.001000,4.675264,4.927902
3626.001000,4.674198,4.927873
3627.001000,4.673652,4.928783
3628.001000,4.674133,4.925562
3629.001000,4.674658,4.930088
3630.001000,4.675521,4.926622
3631.001000,4.675821,4.926686
3632.001000,4.674948,4.928195
3633.001000,4.675668,4.928894
3634.001000,4.676363,4.929309
3635.001000,4.676536,4.927947
3636.001000,4.675971,4.931109
3637.001000,4.674218,4.930414
3638.001000,4.673928,4.927336
3639.001000,4.674573,4.926756
3640.001000,4.675544,4.928520
3641.001000,4.676433,4.929060
3642.001000,4.676760,4.927595
3643.001000,4.677566,4.928677
3644.001000,4.678174,4.929193
3645.001000,4.678467,4.930133
3646.001000,4.678633,4.927806
3647.001000,4.678627,4.930113
3648.001000,4.678790,4.932629
3649.001000,4.678567,4.930111
3650.001000,4.679265,4.928879
3651.001000,4.677928,4.929232
3652.001000,4.677768,4.932118
3653.001000,4.677989,4.930805
3654.001000,4.677442,4.930299
3655.001000,4.677905,4.929320
3656.001000,4.678040,4.930928
3657.001000,4.678317,4.933074
3658.001000,4.678741,4.932409
3659.001000,4.679707,4.929545
3660.001000,4.680009,4.931343
3661.001000,4.680683,4.932752
3662.001000,4.679357,4.932047
3663.001000,4.679347,4.931809
3664.001000,4.679756,4.930579
3665.001000,4.679348,4.931787
3666.001000,4.679959,4.931112
3667.001000,4.679894,4.931158
3668.001000,4.680637,4.928931
3669.001000,4.681178,4.929029
3670.001000,4.681309,4.932259
3671.001000,4.681768,4.935030
3672.001000,4.681788,4.934658
3673.001000,4.682183,4.935029
3674.001000,4.681412,4.932998
3675.001000,4.681552,4.933960
3676.001000,4.681289,4.935931
3677.001000,4.681451,4.935634
3678.001000,4.682694,4.935158
3679.001000,4.683293,4.933210
3680.001000,4.683527,4.931176
3681.001000,4.684434,4.934257
3682.001000,4.684422,4.931087
3683.001000,4.684219,4.930067
3684.001000,4.684242,4.931749
3685.001000,4.684761,4.932263
3686.001000,4.684411,4.930326
3687.001000,4.685061,4.932797
3688.001000,4.685252,4.933805
3689.001000,4.685704,4.936655
3690.001000,4.686166,4.935843
3691.001000,4.686184,4.937884
3692.001000,4.686939,4.936718
3693.001000,4.686545,4.937298
3694.001000,4.685674,4.937107
3695.001000,4.686243,4.933761
3696.001000,4.686973,4.933208
3697.001000,4.686989,4.935788
3698.001000,4.687244,4.935458
3699.001000,4.687843,4.936274
3700.001000,4.687677,4.936908
3701.001000,4.688314,4.939918
3702.001000,4.688169,4.936050
3703.001000,4.687916,4.936183
3704.001000,4.688600,4.937474
3705.001000,4.688242,4.937325
3706.001000,4.687892,4.933820
3707.001000,4.688416,4.934333
3708.001000,4.688815,4.935185
3709.001000,4.689211,4.935400
3710.001000,4.689333,4.933784
3711.001000,4.689163,4.937019
3712.001000,4.689518,4.935844
3713.001000,4.690106,4.936909
3714.001000,4.690329,4.938050
3715.001000,4.690666,4.938656
3716.001000,4.690587,4.938139
3717.001000,4.690777,4.939926
3718.001000,4.691522,4.939764
3719.001000,4.691593,4.938932
3720.001000,4.691577,4.939836
3721.001000,4.690850,4.941329
3722.001000,4.691398,4.943709
3723.001000,4.692169,4.942341
3724.001000,4.692481,4.944006
3725.001000,4.692881,4.944912
3726.001000,4.693093,4.941157
3727.001000,4.693403,4.939297
3728.001000,4.693566,4.938378
3729.001000,4.694308,4.937760
3730.001000,4.693931,4.942760
3731.001000,4.693975,4.940477
3732.001000,4.694409,4.940228
3733.001000,4.695006,4.938297
3734.001000,4.694045,4.936967
3735.001000,4.694549,4.937717
3736.001000,4.694909,4.938036
3737.001000,4.693749,4.940445
3738.001000,4.694409,4.939048
3739.001000,4.694723,4.938467
3740.001000,4.694728,4.941372
3741.001000,4.695135,4.942003
3742.001000,4.695877,4.939836
3743.001000,4.696421,4.936889
3744.001000,4.696510,4.941470
3745.001000,4.696558,4.941053
3746.001000,4.697037,4.939592
3747.001000,4.697709,4.940683
3748.001000,4.697808,4.939366
3749.001000,4.698337,4.938886
3750.001000,4.699130,4.937982
3751.001000,4.699162,4.936817
3752.001000,4.699709,4.940585
3753.001000,4.699936,4.942048
3754.001000,4.700239,4.944236
3755.001000,4.701088,4.944189
3756.001000,4.701203,4.944696
3757.001000,4.701583,4.942617
3758.001000,4.701456,4.944228
3759.001000,4.701660,4.941132
3760.001000,4.701116,4.941983
3761.001000,4.700604,4.939961
3762.001000,4.700248,4.943884
3763.001000,4.699084,4.943636
3764.001000,4.699426,4.947379
3765.001000,4.700021,4.946701
3766.001000,4.699811,4.946206
3767.001000,4.700420,4.946731
3768.001000,4.700235,4.944467
3769.001000,4.699620,4.945930
3770.001000,4.700313,4.945705
3771.001000,4.700910,4.947808
3772.001000,4.700999,4.946546
3773.001000,4.701741,4.945320
3774.001000,4.701618,4.944876
3775.001000,4.701215,4.946011
3776.001000,4.700396,4.944185
3777.001000,4.700093,4.948199
3778.001000,4.701009,4.947853
3779.001000,4.701185,4.946739
3780.001000,4.701592,4.947681
3781.001000,4.701847,4.947828
3782.001000,4.703023,4.947122
3783.001000,4.703234,4.945890
3784.001000,4.703114,4.948198
3785.001000,4.703217,4.946470
3786.001000,4.703090,4.942351
3787.001000,4.703158,4.945086
3788.001000,4.703824,4.945583
3789.001000,4.703926,4.947444
3790.001000,4.704433,4.944862
3791.001000,4.704667,4.945049
3792.001000,4.705232,4.947125
3793.001000,4.705426,4.948008
3794.001000,4.705640,4.948855
3795.001000,4.705912,4.945565
3796.001000,4.706286,4.946143
3797.001000,4.705767,4.947675
3798.001000,4.705669,4.945815
3799.001000,4.706069,4.945608
3800.001000,4.706126,4.948165
3801.001000,4.706935,4.947762
3802.001000,4.707320,4.946892
3803.001000,4.707475,4.947963
3804.001000,4.708413,4.946335
3805.001000,4.709223,4.948144
3806.001000,4.709379,4.947239
3807.001000,4.709336,4.947991
3808.001000,4.709435,4.944963
3809.001000,4.709513,4.945253
3810.001000,4.709334,4.946081
3811.001000,4.709334,4.947244
3812.001000,4.709680,4.946887
3813.001000,4.709496,4.946600
3814.001000,4.709510,4.949318
3815.001000,4.709672,4.948025
3816.001000,4.709946,4.950296
3817.001000,4.709811,4.949841
3818.001000,4.710417,4.948116
3819.001000,4.710091,4.949342
3820.001000,4.710440,4.948327
3821.001000,4.710306,4.947892
3822.001000,4.710937,4.949159
3823.001000,4.710550,4.949528
3824.001000,4.709839,4.946312
3825.001000,4.710010,4.948610
3826.001000,4.710278,4.950658
3827.001000,4.710356,4.945181
3828.001000,4.710849,4.946936
3829.001000,4.711355,4.946481
3830.001000,4.711484,4.945654
3831.001000,4.711038,4.950547
3832.001000,4.711836,4.950788
3833.001000,4.711700,4.952251
3834.001000,4.711599,4.949296
3835.001000,4.712305,4.950336
3836.001000,4.713325,4.949939
3837.001000,4.713857,4.949981
3838.001000,4.714143,4.950501
3839.001000,4.713427,4.951195
3840.001000,4.713259,4.951660
3841.001000,4.713729,4.950163
3842.001000,4.714235,4.949002
3843.001000,4.714561,4.951257
3844.001000,4.714599,4.949851
3845.001000,4.714855,4.948246
3846.001000,4.715255,4.946850
3847.001000,4.715089,4.950391
3848.001000,4.714501,4.948276
3849.001000,4.714066,4.946223
3850.001000,4.714912,4.949304
3851.001000,4.714970,4.952908
3852.001000,4.714384,4.949395
3853.001000,4.714975,4.950531
3854.001000,4.715533,4.947788
3855.001000,4.715800,4.949374
3856.001000,4.716344,4.949507
3857.001000,4.716317,4.950027
3858.001000,4.716293,4.951641
3859.001000,4.716992,4.950096
3860.001000,4.716538,4.951899
3861.001000,4.716802,4.952437
3862.001000,4.717494,4.950757
3863.001000,4.717915,4.954374
3864.001000,4.718012,4.956851
3865.001000,4.717687,4.956768
3866.001000,4.718291,4.954862
3867.001000,4.719087,4.952001
3868.001000,4.719099,4.950017
3869.001000,4.719193,4.950416
3870.001000,4.719580,4.953156
3871.001000,4.720287,4.958400
3872.001000,4.720941,4.964976
3873.001000,4.720766,4.965026
3874.001000,4.720930,4.965540
3875.001000,4.721274,4.968746
3876.001000,4.721865,4.967233
3877.001000,4.722525,4.962915
3878.001000,4.722513,4.966111
3879.001000,4.724280,4.964486
3880.001000,4.725048,4.965937
3881.001000,4.725967,4.966351
3882.001000,4.727101,4.968636
3883.001000,4.727853,4.968803
3884.001000,4.728121,4.967801
3885.001000,4.728166,4.969252
3886.001000,4.727667,4.968901
3887.001000,4.727142,4.967203
3888.001000,4.726938,4.969280
3889.001000,4.727426,4.969146
3890.001000,4.726593,4.969817
3891.001000,4.725698,4.970811
3892.001000,4.723906,4.968596
3893.001000,4.723717,4.962381
3894.001000,4.724131,4.959210
3895.001000,4.724423,4.953631
3896.001000,4.724099,4.958675
3897.001000,4.724051,4.956338
3898.001000,4.724854,4.955431
3899.001000,4.725243,4.951651
3900.001000,4.725373,4.953528
3901.001000,4.725456,4.954171
3902.001000,4.725573,4.957706
3903.001000,4.725527,4.956180
3904.001000,4.726143,4.956465
3905.001000,4.726723,4.960585
3906.001000,4.727158,4.958561
3907.001000,4.727030,4.957068
3908.001000,4.727789,4.955848
3909.001000,4.725012,4.956289
3910.001000,4.725040,4.956388
3911.001000,4.725644,4.959912
3912.001000,4.726410,4.964224
3913.001000,4.727204,4.968230
3914.001000,4.726953,4.966105
3915.001000,4.727344,4.966905
3916.001000,4.727715,4.966300
3917.001000,4.728308,4.967346
3918.001000,4.729100,4.967032
3919.001000,4.730133,4.968097
3920.001000,4.730938,4.969326
3921.001000,4.731626,4.966851
3922.001000,4.732704,4.968438
3923.001000,4.732125,4.967286
3924.001000,4.732728,4.967437
3925.001000,4.732491,4.966982
3926.001000,4.733005,4.963899
3927.001000,4.731488,4.964481
3928.001000,4.730534,4.959268
3929.001000,4.730210,4.962692
3930.001000,4.730816,4.964627
3931.001000,4.731648,4.968173
3932.001000,4.732287,4.963429
3933.001000,4.732208,4.960252
3934.001000,4.732030,4.958961
3935.001000,4.732145,4.958021
3936.001000,4.732602,4.957436
3937.001000,4.732416,4.957794
3938.001000,4.732297,4.959405
3939.001000,4.732782,4.959546
3940.001000,4.733371,4.959934
3941.001000,4.733518,4.959023
3942.001000,4.734203,4.963095
3943.001000,4.734619,4.959908
3944.001000,4.735636,4.959045
3945.001000,4.736192,4.959106
3946.001000,4.734805,4.956697
3947.001000,4.734028,4.957079
3948.001000,4.733706,4.959499
3949.001000,4.733999,4.959361
3950.001000,4.734542,4.958744
3951.001000,4.734602,4.957884
3952.001000,4.735323,4.961746
3953.001000,4.735876,4.962862
3954.001000,4.736289,4.963834
3955.001000,4.734618,4.961864
3956.001000,4.734778,4.963221
3957.001000,4.735182,4.960244
3958.001000,4.735125,4.961449
3959.001000,4.735721,4.960646
3960.001000,4.735709,4.959348
3961.001000,4.736807,4.961158
3962.001000,4.737330,4.963520
3963.001000,4.737770,4.962370
3964.001000,4.738731,4.959963
3965.001000,4.739454,4.962613
3966.001000,4.739748,4.964585
3967.001000,4.739646,4.962745
3968.001000,4.740100,4.959833
3969.001000,4.741004,4.964021
3970.001000,4.741381,4.963140
3971.001000,4.741426,4.963898
3972.001000,4.741606,4.960796
3973.001000,4.741649,4.963744
3974.001000,4.741981,4.963562
3975.001000,4.742024,4.961423
3976.001000,4.742524,4.961461
3977.001000,4.742893,4.962148
3978.001000,4.743149,4.959462
3979.001000,4.742865,4.959642
3980.001000,4.743600,4.960830
3981.001000,4.743643,4.960707
3982.001000,4.743478,4.960380
3983.001000,4.742577,4.960249
3984.001000,4.742226,4.965047
3985.001000,4.742079,4.962501
3986.001000,4.742760,4.966118
3987.001000,4.742891,4.963125
3988.001000,4.741977,4.964477
3989.001000,4.740310,4.960882
3990.001000,4.740794,4.961319
3991.001000,4.741064,4.964118
3992.001000,4.740940,4.966516
3993.001000,4.740804,4.972637
3994.001000,4.740630,4.976220
3995.001000,4.741717,4.978998
3996.001000,4.741338,4.974107
3997.001000,4.741653,4.976389
3998.001000,4.742504,4.962770
3999.001000,4.742296,4.966976
4000.001000,4.741540,4.970596
4001.001000,4.742300,4.969244
4002.001000,4.742142,4.967846
4003.001000,4.743008,4.970507
4004.001000,4.743179,4.973649
4005.001000,4.743391,4.974919
4006.001000,4.743199,4.975316
4007.001000,4.743651,4.977128
4008.001000,4.744454,4.965300
4009.001000,4.745745,4.966867
4010.001000,4.746646,4.967836
4011.001000,4.747257,4.969529
4012.001000,4.747918,4.965485
4013.001000,4.748668,4.965367
4014.001000,4.749375,4.969683
4015.001000,4.750167,4.970159
4016.001000,4.750247,4.971251
4017.001000,4.750325,4.972693
4018.001000,4.750560,4.971067
4019.001000,4.750800,4.972262
4020.001000,4.751471,4.974864
4021.001000,4.752431,4.975665
4022.001000,4.752664,4.974303
4023.001000,4.752926,4.973780
4024.001000,4.752729,4.977028
4025.001000,4.753072,4.976541
4026.001000,4.753419,4.976681
4027.001000,4.753561,4.975240
4028.001000,4.753502,4.978296
4029.001000,4.752903,4.974372
4030.001000,4.752836,4.972051
4031.001000,4.752162,4.971185
4032.001000,4.751854,4.973543
4033.001000,4.751610,4.971598
4034.001000,4.751818,4.972586
4035.001000,4.751296,4.973067
4036.001000,4.751813,4.972824
4037.001000,4.752236,4.975988
4038.001000,4.752778,4.972627
4039.001000,4.752871,4.972135
4040.001000,4.753894,4.969027
4041.001000,4.754872,4.972281
4042.001000,4.755616,4.969042
4043.001000,4.755904,4.972505
4044.001000,4.755480,4.968818
4045.001000,4.750866,4.970548
4046.001000,4.751266,4.971106
4047.001000,4.751629,4.969497
4048.001000,4.752070,4.971476
4049.001000,4.752005,4.970853
4050.001000,4.752804,4.969899
4051.001000,4.753253,4.973911
4052.001000,4.753070,4.973719
4053.001000,4.752437,4.973443
4054.001000,4.753255,4.970581
4055.001000,4.753291,4.970860
4056.001000,4.754104,4.972981
4057.001000,4.755089,4.970208
4058.001000,4.755861,4.972214
4059.001000,4.756178,4.970199
4060.001000,4.756811,4.972337
4061.001000,4.757578,4.974514
4062.001000,4.758584,4.974572
4063.001000,4.759420,4.974603
4064.001000,4.760364,4.971429
4065.001000,4.760691,4.970656
4066.001000,4.761108,4.972395
4067.001000,4.758330,4.973230
4068.001000,4.758702,4.970087
4069.001000,4.759329,4.971735
4070.001000,4.760093,4.971285
4071.001000,4.761126,4.972618
4072.001000,4.761963,4.971827
4073.001000,4.762384,4.972791
4074.001000,4.763158,4.974738
4075.001000,4.763993,4.975263
4076.001000,4.764393,4.976219
4077.001000,4.765170,4.974261
4078.001000,4.765894,4.974387
4079.001000,4.763897,4.975785
4080.001000,4.764180,4.974032
4081.001000,4.764579,4.973876
4082.001000,4.762785,4.974894
4083.001000,4.763359,4.972783
4084.001000,4.762555,4.977706
4085.001000,4.762430,4.975687
4086.001000,4.763508,4.976339
4087.001000,4.764676,4.976610
4088.001000,4.765514,4.978266
4089.001000,4.766373,4.974281
4090.001000,4.766846,4.973678
4091.001000,4.767021,4.974974
4092.001000,4.766918,4.973123
4093.001000,4.766501,4.974629
4094.001000,4.766149,4.972402
4095.001000,4.765081,4.974061
4096.001000,4.765775,4.972672
4097.001000,4.766006,4.971359
4098.001000,4.766344,4.974347
4099.001000,4.765359,4.973730
4100.001000,4.764653,4.973074
4101.001000,4.764245,4.974406
4102.001000,4.764395,4.973483
4103.001000,4.765588,4.974123
4104.001000,4.766353,4.974438
4105.001000,4.767328,4.975045
4106.001000,4.767712,4.974005
4107.001000,4.767323,4.973224
4108.001000,4.767962,4.971076
4109.001000,4.768548,4.972142
4110.001000,4.769850,4.972996
4111.001000,4.770645,4.970881
4112.001000,4.770967,4.971116
4113.001000,4.771418,4.974933
4114.001000,4.772561,4.974629
4115.001000,4.772983,4.974526
4116.001000,4.773113,4.973355
4117.001000,4.773005,4.976187
4118.001000,4.772773,4.975040
4119.001000,4.771435,4.973100
4120.001000,4.772350,4.973673
4121.001000,4.773155,4.975967
4122.001000,4.773265,4.977705
4123.001000,4.773519,4.976554
4124.001000,4.773567,4.978929
4125.001000,4.773375,4.973758
4126.001000,4.772846,4.975036
4127.001000,4.772653,4.975128
4128.001000,4.772178,4.975130
4129.001000,4.772255,4.973094
4130.001000,4.771338,4.974728
4131.001000,4.771542,4.975321
4132.001000,4.771702,4.974061
4133.001000,4.771829,4.976834
4134.001000,4.771699,4.977996
4135.001000,4.771087,4.977486
4136.001000,4.771116,4.975867
4137.001000,4.771835,4.975709
4138.001000,4.772556,4.974550
4139.001000,4.772667,4.975062
4140.001000,4.771805,4.977087
4141.001000,4.767846,4.976275
4142.001000,4.768396,4.975383
4143.001000,4.769227,4.973537
4144.001000,4.769694,4.976034
4145.001000,4.769632,4.977187
4146.001000,4.771056,4.977705
4147.001000,4.771618,4.977290
4148.001000,4.772563,4.978497
4149.001000,4.773660,4.978965
4150.001000,4.774691,4.980340
4151.001000,4.775473,4.976397
4152.001000,4.776219,4.977385
4153.001000,4.776773,4.978620
4154.001000,4.777135,4.978620
4155.001000,4.777320,4.980509
4156.001000,4.777758,4.980544
4157.001000,4.778030,4.979272
4158.001000,4.777031,4.980871
4159.001000,4.777604,4.976379
4160.001000,4.777856,4.979307
4161.001000,4.778185,4.980835
4162.001000,4.777450,4.981113
4163.001000,4.776547,4.977141
4164.001000,4.777576,4.979154
4165.001000,4.778864,4.982140
4166.001000,4.779108,4.979978
4167.001000,4.778939,4.977060
4168.001000,4.776546,4.978318
4169.001000,4.776239,4.978230
4170.001000,4.776772,4.980104
4171.001000,4.778183,4.978969
4172.001000,4.778541,4.978888
4173.001000,4.779452,4.977923
4174.001000,4.780570,4.978637
4175.001000,4.781339,4.978839
4176.001000,4.782017,4.980932
4177.001000,4.782447,4.980629
4178.001000,4.780356,4.982383
4179.001000,4.780785,4.980488
4180.001000,4.781465,4.984367
4181.001000,4.781789,4.982089
4182.001000,4.782806,4.981294
4183.001000,4.782892,4.977167
4184.001000,4.783302,4.980891
4185.001000,4.783149,4.980953
4186.001000,4.783749,4.977977
4187.001000,4.783874,4.975764
4188.001000,4.783757,4.981802
4189.001000,4.783601,4.979770
4190.001000,4.783896,4.981479
4191.001000,4.784372,4.981061
4192.001000,4.784642,4.979403
4193.001000,4.784723,4.981000
4194.001000,4.784716,4.979396
4195.001000,4.785556,4.981425
4196.001000,4.784771,4.979646
4197.001000,4.784802,4.980919
4198.001000,4.785785,4.981507
4199.001000,4.786282,4.980562
4200.001000,4.785366,4.978716
4201.001000,4.784727,4.979764
4202.001000,4.783632,4.979734
4203.001000,4.784034,4.981643
4204.001000,4.785300,4.981958
4205.001000,4.786470,4.977057
4206.001000,4.787795,4.980592
4207.001000,4.787900,4.978539
4208.001000,4.788155,4.977637
4209.001000,4.788479,4.979431
4210.001000,4.787974,4.979985
4211.001000,4.786437,4.980298
4212.001000,4.785322,4.980231
4213.001000,4.786024,4.981667
4214.001000,4.785859,4.983190
4215.001000,4.783687,4.980991
4216.001000,4.783295,4.983102
4217.001000,4.783442,4.984634
4218.001000,4.783852,4.982282
4219.001000,4.784566,4.982633
4220.001000,4.784855,4.980639
4221.001000,4.785351,4.982578
4222.001000,4.785150,4.980919
4223.001000,4.785194,4.983827
4224.001000,4.784898,4.983700
4225.001000,4.784729,4.980540
4226.001000,4.785699,4.981641
4227.001000,4.786614,4.980667
4228.001000,4.786186,4.978943
4229.001000,4.784467,4.978162
4230.001000,4.784279,4.982905
4231.001000,4.785488,4.981241
4232.001000,4.785991,4.981070
4233.001000,4.785277,4.981744
4234.001000,4.786157,4.978215
4235.001000,4.786906,4.981342
4236.001000,4.786736,4.979425
4237.001000,4.786621,4.976977
4238.001000,4.787916,4.978038
4239.001000,4.788066,4.976041
4240.001000,4.787317,4.977982
4241.001000,4.786247,4.981305
4242.001000,4.786128,4.979595
4243.001000,4.786031,4.980557
4244.001000,4.786818,4.979636
4245.001000,4.788249,4.978264
4246.001000,4.788860,4.977460
4247.001000,4.789958,4.979879
4248.001000,4.790981,4.984443
4249.001000,4.792124,4.980710
4250.001000,4.792867,4.981832
4251.001000,4.790100,4.982186
4252.001000,4.790904,4.983450
4253.001000,4.792035,4.980968
4254.001000,4.792999,4.983634
4255.001000,4.794224,4.982841
4256.001000,4.792104,4.981263
4257.001000,4.791544,4.982953
4258.001000,4.791656,4.985155
4259.001000,4.792033,4.981928
4260.001000,4.792998,4.984037
4261.001000,4.793022,4.981516
4262.001000,4.790757,4.983647
4263.001000,4.789972,4.980418
4264.001000,4.790799,4.983537
4265.001000,4.791813,4.983726
4266.001000,4.792540,4.988508
4267.001000,4.793521,4.983707
4268.001000,4.793402,4.979392
4269.001000,4.794155,4.984116
4270.001000,4.795033,4.984751
4271.001000,4.794393,4.983623
4272.001000,4.794067,4.983817
4273.001000,4.795328,4.984868
4274.001000,4.795425,4.981661
4275.001000,4.795449,4.982804
4276.001000,4.795871,4.982155
4277.001000,4.796216,4.979256
4278.001000,4.797187,4.976302
4279.001000,4.797685,4.978813
4280.001000,4.797550,4.977196
4281.001000,4.797906,4.978544
4282.001000,4.798764,4.977354
4283.001000,4.798852,4.980475
4284.001000,4.799541,4.979332
4285.001000,4.798710,4.981124
4286.001000,4.798178,4.980549
4287.001000,4.798739,4.980277
4288.001000,4.799330,4.984624
4289.001000,4.800441,4.981758
4290.001000,4.800649,4.981588
4291.001000,4.800430,4.982864
4292.001000,4.800194,4.983631
4293.001000,4.799646,4.979252
4294.001000,4.800965,4.980864
4295.001000,4.801445,4.981144
4296.001000,4.801251,4.981723
4297.001000,4.801606,4.979815
4298.001000,4.802209,4.982763
4299.001000,4.801437,4.983748
4300.001000,4.801160,4.985607
4301.001000,4.800812,4.986133
4302.001000,4.800446,4.984756
4303.001000,4.801559,4.985474
4304.001000,4.802166,4.985688
4305.001000,4.796701,4.982999
4306.001000,4.797175,4.985822
4307.001000,4.797920,4.985583
4308.001000,4.799184,4.986296
4309.001000,4.799172,4.986453
4310.001000,4.799693,4.987698
4311.001000,4.800610,4.987779
4312.001000,4.800982,4.986397
4313.001000,4.801400,4.985629
4314.001000,4.800338,4.987668
4315.001000,4.800019,4.987916
4316.001000,4.799573,4.987181
4317.001000,4.800110,4.984284
4318.001000,4.801179,4.989990
4319.001000,4.802668,4.986459
4320.001000,4.803482,4.987255
4321.001000,4.803332,4.987983
4322.001000,4.802884,4.990698
4323.001000,4.803175,4.988940
4324.001000,4.802595,4.989056
4325.001000,4.803271,4.985848
4326.001000,4.803718,4.986166
4327.001000,4.804614,4.984303
4328.001000,4.805655,4.985919
4329.001000,4.806912,4.985770
4330.001000,4.808024,4.988592
4331.001000,4.808979,4.990660
4332.001000,4.808795,4.986829
4333.001000,4.809429,4.987859
4334.001000,4.809407,4.983041
4335.001000,4.809614,4.986121
4336.001000,4.810325,4.984711
4337.001000,4.811318,4.987258
4338.001000,4.810610,4.987918
4339.001000,4.808934,4.987865
4340.001000,4.806675,4.986313
4341.001000,4.806469,4.988276
4342.001000,4.807093,4.985205
4343.001000,4.807760,4.987257
4344.001000,4.808873,4.987033
4345.001000,4.809042,4.991332
4346.001000,4.809282,4.987524
4347.001000,4.807919,4.989026
4348.001000,4.807997,4.989420
4349.001000,4.807298,4.984893
4350.001000,4.807694,4.989000
4351.001000,4.807463,4.990988
4352.001000,4.808079,4.987051
4353.001000,4.806875,4.989213
4354.001000,4.807094,4.987691
4355.001000,4.807896,4.987682
4356.001000,4.808119,4.987803
4357.001000,4.808507,4.986067
4358.001000,4.808573,4.990657
4359.001000,4.808622,4.985447
4360.001000,4.808479,4.984499
4361.001000,4.809243,4.986758
4362.001000,4.809846,4.987619
4363.001000,4.809929,4.987184
4364.001000,4.810132,4.981853
4365.001000,4.810003,4.984303
4366.001000,4.810713,4.986880
4367.001000,4.810684,4.984453
4368.001000,4.810345,4.983879
4369.001000,4.810467,4.986026
4370.001000,4.809826,4.984861
4371.001000,4.810243,4.986105
4372.001000,4.809889,4.986244
4373.001000,4.810314,4.984999
4374.001000,4.811198,4.988291
4375.001000,4.811469,4.988351
4376.001000,4.812116,4.986658
4377.001000,4.812947,4.985555
4378.001000,4.813045,4.987498
4379.001000,4.811726,4.985905
4380.001000,4.811865,4.985369
4381.001000,4.812172,4.989249
4382.001000,4.813120,4.989305
4383.001000,4.813922,4.989277
4384.001000,4.813663,4.989822
4385.001000,4.813737,4.990265
4386.001000,4.814853,4.991657
4387.001000,4.815038,4.991772
4388.001000,4.814379,4.992037
4389.001000,4.815221,4.993108
4390.001000,4.815381,4.989821
4391.001000,4.815221,4.991405
4392.001000,4.815518,4.989137
4393.001000,4.816197,4.988178
4394.001000,4.817671,4.991216
4395.001000,4.818050,4.990562
4396.001000,4.818795,4.997718
4397.001000,4.820144,4.999924
4398.001000,4.821136,5.001587
4399.001000,4.821039,5.000089
4400.001000,4.821997,5.002550
4401.001000,4.822265,5.004549
4402.001000,4.822911,5.002232
4403.001000,4.822359,4.998421
4404.001000,4.822005,5.001430
4405.001000,4.822532,5.006208
4406.001000,4.823311,5.003621
4407.001000,4.823090,5.003634
4408.001000,4.822660,5.001138
4409.001000,4.823342,5.005962
4410.001000,4.824279,5.004880
4411.001000,4.823371,5.003349
4412.001000,4.822545,5.006567
4413.001000,4.822740,5.007451
4414.001000,4.823006,5.007780
4415.001000,4.823470,5.007405
4416.001000,4.823272,5.008240
4417.001000,4.823721,5.005252
4418.001000,4.824635,5.005800
4419.001000,4.824903,5.004834
4420.001000,4.824487,5.005649
4421.001000,4.824756,5.005774
4422.001000,4.823901,5.002921
4423.001000,4.824855,5.004142
4424.001000,4.824812,4.999510
4425.001000,4.825018,4.990676
4426.001000,4.825204,4.995543
4427.001000,4.826347,5.002727
4428.001000,4.826187,5.005003
4429.001000,4.826630,5.003878
4430.001000,4.826554,5.005584
4431.001000,4.825209,5.002442
4432.001000,4.825604,4.997794
4433.001000,4.825162,4.996562
4434.001000,4.825067,4.992805
4435.001000,4.824912,4.995100
4436.001000,4.825705,5.003841
4437.001000,4.826654,5.005063
4438.001000,4.827510,5.005556
4439.001000,4.827740,5.005497
4440.001000,4.828011,5.004235
4441.001000,4.828208,5.007111
4442.001000,4.827983,5.000236
4443.001000,4.828018,4.999809
4444.001000,4.827532,5.003680
4445.001000,4.827231,5.005241
4446.001000,4.827638,5.005491
4447.001000,4.828711,5.006060
4448.001000,4.829140,5.005686
4449.001000,4.828966,5.001612
4450.001000,4.829661,5.004689
4451.001000,4.830099,5.005022
4452.001000,4.831190,5.008553
4453.001000,4.831563,5.009342
4454.001000,4.831183,5.010264
4455.001000,4.830857,5.008148
4456.001000,4.831449,5.006307
4457.001000,4.831219,5.008172
4458.001000,4.830884,5.009996
4459.001000,4.831840,5.008817
4460.001000,4.831879,5.009389
4461.001000,4.831788,5.005156
4462.001000,4.831740,5.004862
4463.001000,4.831579,5.006292
4464.001000,4.831627,5.004898
4465.001000,4.831498,5.005773
4466.001000,4.829897,5.003096
4467.001000,4.829243,4.998148
4468.001000,4.830288,5.002827
4469.001000,4.830155,5.006243
4470.001000,4.829485,4.999561
4471.001000,4.829215,4.994469
4472.001000,4.829556,4.992853
4473.001000,4.829571,5.002221
4474.001000,4.830540,5.007432
4475.001000,4.831553,5.006102
4476.001000,4.831816,5.009430
4477.001000,4.831947,5.005232
4478.001000,4.831825,5.007183
4479.001000,4.832195,5.007839
4480.001000,4.831723,5.004182
4481.001000,4.830703,4.998978
4482.001000,4.830405,5.005364
4483.001000,4.831438,5.007347
4484.001000,4.832596,5.009067
4485.001000,4.832593,5.007633
4486.001000,4.833266,5.008024
4487.001000,4.833792,5.008151
4488.001000,4.834435,5.009073
4489.001000,4.831986,4.999891
4490.001000,4.832586,5.009051
4491.001000,4.833776,5.011326
4492.001000,4.835003,5.007900
4493.001000,4.835776,5.012042
4494.001000,4.835765,5.011306
4495.001000,4.834403,5.006476
4496.001000,4.834807,5.010792
4497.001000,4.835681,5.011559
4498.001000,4.836245,5.012549
4499.001000,4.836530,5.010684
4500.001000,4.836546,5.010800
4501.001000,4.836958,5.010684
4502.001000,4.836106,5.012138
4503.001000,4.836235,5.013379
4504.001000,4.836772,5.017133
4505.001000,4.837344,5.012292
4506.001000,4.837639,5.011161
4507.001000,4.837339,5.010696
4508.001000,4.837872,5.007592
4509.001000,4.838011,5.012899
4510.001000,4.838539,5.012301
4511.001000,4.837840,5.005683
4512.001000,4.837389,5.006507
4513.001000,4.837534,5.001952
4514.001000,4.838474,5.004576
4515.001000,4.838784,4.995687
4516.001000,4.839646,4.997537
4517.001000,4.839892,4.999794
4518.001000,4.839935,5.005255
4519.001000,4.840075,5.010155
4520.001000,4.840512,5.007156
4521.001000,4.841123,5.011045
4522.001000,4.840442,5.013064
4523.001000,4.840427,5.012611
4524.001000,4.841205,5.010839
4525.001000,4.841696,5.011484
4526.001000,4.841697,5.011436
4527.001000,4.841458,5.011196
4528.001000,4.841936,5.010915
4529.001000,4.841624,4.999371
4530.001000,4.841118,5.011245
4531.001000,4.842312,5.011554
4532.001000,4.842667,5.011462
4533.001000,4.841768,5.012968
4534.001000,4.842556,5.009911
4535.001000,4.843226,5.009647
4536.001000,4.843700,5.005439
4537.001000,4.843994,4.996156
4538.001000,4.845226,5.011356
4539.001000,4.845652,5.011015
4540.001000,4.845422,5.010141
4541.001000,4.846110,5.008990
4542.001000,4.846153,5.010229
4543.001000,4.846563,5.011868
4544.001000,4.846565,5.010774
4545.001000,4.846115,5.009651
4546.001000,4.846039,4.998316
4547.001000,4.846889,4.998617
4548.001000,4.846783,4.999335
4549.001000,4.846768,5.013249
4550.001000,4.844899,5.015770
4551.001000,4.844259,5.013217
4552.001000,4.844162,5.013185
4553.001000,4.845139,5.016251
4554.001000,4.844841,5.017636
4555.001000,4.845114,5.015415
4556.001000,4.845415,5.015570
4557.001000,4.844290,5.016953
4558.001000,4.844501,5.014679
4559.001000,4.844982,5.016303
4560.001000,4.845536,5.010397
4561.001000,4.846220,5.014636
4562.001000,4.846924,5.013260
4563.001000,4.847604,5.006258
4564.001000,4.847991,5.005330
4565.001000,4.848815,5.005421
4566.001000,4.849784,5.005649
4567.001000,4.850979,5.004976
4568.001000,4.851702,5.003230
4569.001000,4.852534,5.004941
4570.001000,4.852699,5.003293
4571.001000,4.849873,5.005605
4572.001000,4.850105,5.005225
4573.001000,4.850540,5.009017
4574.001000,4.849313,5.007673
4575.001000,4.849856,5.004316
4576.001000,4.850707,5.004587
4577.001000,4.849744,5.004665
4578.001000,4.848465,5.004757
4579.001000,4.848480,5.005824
4580.001000,4.849160,5.003511
4581.001000,4.849639,5.001952
4582.001000,4.850387,5.003765
4583.001000,4.850606,5.004728
4584.001000,4.848357,5.003396
4585.001000,4.847756,5.006922
4586.001000,4.847761,5.008365
4587.001000,4.848846,5.007642
4588.001000,4.848717,5.006739
4589.001000,4.848769,5.001321
4590.001000,4.849142,5.001784
4591.001000,4.849749,5.003914
4592.001000,4.850434,5.001626
4593.001000,4.849793,5.002865
4594.001000,4.849301,5.003881
4595.001000,4.849607,5.004620
4596.001000,4.849913,5.001851
4597.001000,4.850615,5.004080
4598.001000,4.850936,5.001599
4599.001000,4.850612,5.004513
4600.001000,4.850579,5.002617
4601.001000,4.851417,5.003220
4602.001000,4.851171,5.005005
4603.001000,4.851036,5.004372
4604.001000,4.850917,5.005426
4605.001000,4.851181,5.005412
4606.001000,4.851379,5.002486
4607.001000,4.852205,5.007341
4608.001000,4.852399,5.005117
4609.001000,4.852021,5.004201
4610.001000,4.851827,5.003881
4611.001000,4.852309,5.004407
4612.001000,4.852844,5.004872
4613.001000,4.852979,5.004211
4614.001000,4.853021,5.003623
4615.001000,4.853505,5.004401
4616.001000,4.853690,5.004956
4617.001000,4.854129,5.004750
4618.001000,4.853751,5.000716
4619.001000,4.853602,5.004210
4620.001000,4.853596,5.004699
4621.001000,4.853601,5.005240
4622.001000,4.854176,5.005208
4623.001000,4.853881,5.002895
4624.001000,4.854307,5.004782
4625.001000,4.854162,5.004689
4626.001000,4.853537,5.003251
4627.001000,4.853919,5.002367
4628.001000,4.853468,5.006516
4629.001000,4.853700,5.004085
4630.001000,4.854457,5.001097
4631.001000,4.854963,5.006865
4632.001000,4.854947,5.006453
4633.001000,4.855124,5.006047
4634.001000,4.855325,5.004534
4635.001000,4.854914,5.001078
4636.001000,4.855156,5.005247
4637.001000,4.855814,5.004909
4638.001000,4.856211,5.006206
4639.001000,4.856455,5.006704
4640.001000,4.857146,5.007691
4641.001000,4.856395,5.007800
4642.001000,4.855058,5.008054
4643.001000,4.854312,5.010224
4644.001000,4.854692,5.010255
4645.001000,4.854860,5.010230
4646.001000,4.854300,5.008731
4647.001000,4.854061,5.008346
4648.001000,4.854094,5.007514
4649.001000,4.854698,5.007865
4650.001000,4.855241,5.006386
4651.001000,4.856464,5.007181
4652.001000,4.856477,5.006265
4653.001000,4.857158,5.007887
4654.001000,4.858011,5.005641
4655.001000,4.858965,5.006797
4656.001000,4.859475,5.006416
4657.001000,4.860063,5.009108
4658.001000,4.859441,5.009458
4659.001000,4.859632,5.009648
4660.001000,4.859604,5.007231
4661.001000,4.859398,5.006392
4662.001000,4.859216,5.006888
4663.001000,4.858549,5.003466
4664.001000,4.857107,5.004352
4665.001000,4.857698,5.006442
4666.001000,4.857835,5.004944
4667.001000,4.858169,5.008105
4668.001000,4.858941,5.007552
4669.001000,4.859521,5.008734
4670.001000,4.860796,5.007922
4671.001000,4.861625,5.008565
4672.001000,4.862515,5.008403
4673.001000,4.863129,5.006646
4674.001000,4.863098,5.006532
4675.001000,4.863131,5.007509
4676.001000,4.861873,5.006057
4677.001000,4.861088,5.004667
4678.001000,4.862238,5.003636
4679.001000,4.862653,5.005660
4680.001000,4.862458,5.005695
4681.001000,4.863270,5.008141
4682.001000,4.862817,5.005608
4683.001000,4.861878,5.007879
4684.001000,4.861867,5.004391
4685.001000,4.860344,5.007820
4686.001000,4.860371,5.006762
4687.001000,4.861421,5.007830
4688.001000,4.862044,5.006940
4689.001000,4.862274,5.006133
4690.001000,4.862516,5.005905
4691.001000,4.863134,5.006430
4692.001000,4.863877,5.004355
4693.001000,4.864360,5.003346
4694.001000,4.864089,5.003817
4695.001000,4.864799,5.006345
4696.001000,4.864959,5.002623
4697.001000,4.864531,5.005753
4698.001000,4.863383,5.005316
4699.001000,4.862746,5.003111
4700.001000,4.862954,5.006946
4701.001000,4.863809,5.007663
4702.001000,4.862140,5.003549
4703.001000,4.863025,5.005285
4704.001000,4.864004,5.005944
4705.001000,4.864202,5.005182
4706.001000,4.865257,5.004509
4707.001000,4.865908,5.008910
4708.001000,4.866742,5.007566
4709.001000,4.867704,5.006492
4710.001000,4.867205,5.006310
4711.001000,4.867519,5.005804
4712.001000,4.868023,5.008479
4713.001000,4.868028,5.005480
4714.001000,4.868267,5.008142
4715.001000,4.868765,5.006733
4716.001000,4.869109,5.006024
4717.001000,4.869331,5.011180
4718.001000,4.869707,5.008758
4719.001000,4.869534,5.010267
4720.001000,4.870189,5.010226
4721.001000,4.870165,5.013395
4722.001000,4.870900,5.013520
4723.001000,4.871715,5.021580
4724.001000,4.871941,5.019421
4725.001000,4.871924,5.014893
4726.001000,4.871748,5.014915
4727.001000,4.872646,5.015809
4728.001000,4.872461,5.019479
4729.001000,4.872580,5.012329
4730.001000,4.871903,5.012967
4731.001000,4.872632,5.013325
4732.001000,4.873693,5.016704
4733.001000,4.873907,5.017362
4734.001000,4.874721,5.020942
4735.001000,4.874132,5.014401
4736.001000,4.874119,5.022458
4737.001000,4.872894,5.016002
4738.001000,4.872076,5.013602
4739.001000,4.872529,5.010968
4740.001000,4.873213,5.016826
4741.001000,4.873372,5.018515
4742.001000,4.874256,5.015753
4743.001000,4.874301,5.014662
4744.001000,4.873290,5.012985
4745.001000,4.873252,5.013183
4746.001000,4.873556,5.014575
4747.001000,4.874149,5.013156
4748.001000,4.875457,5.015043
4749.001000,4.875541,5.014767
4750.001000,4.875237,5.012610
4751.001000,4.875588,5.014822
4752.001000,4.875792,5.014297
4753.001000,4.876021,5.012862
4754.001000,4.874639,5.013219
4755.001000,4.875349,5.012962
4756.001000,4.876406,5.013716
4757.001000,4.876588,5.011530
4758.001000,4.876697,5.010801
4759.001000,4.876070,5.011582
4760.001000,4.876433,5.014741
4761.001000,4.876387,5.012966
4762.001000,4.875325,5.010500
4763.001000,4.875586,5.009557
4764.001000,4.876382,5.010084
4765.001000,4.877345,5.010650
4766.001000,4.877522,5.012446
4767.001000,4.877716,5.012104
4768.001000,4.877511,5.012002
4769.001000,4.878571,5.012111
4770.001000,4.879351,5.009775
4771.001000,4.879426,5.011330
4772.001000,4.879683,5.017657
4773.001000,4.879546,5.016112
4774.001000,4.879572,5.014032
4775.001000,4.879350,5.014481
4776.001000,4.879920,5.014456
4777.001000,4.880684,5.014403
4778.001000,4.880602,5.015069
4779.001000,4.879243,5.014114
4780.001000,4.879650,5.016570
4781.001000,4.880299,5.014910
4782.001000,4.880630,5.017004
4783.001000,4.881103,5.016573
4784.001000,4.881493,5.015408
4785.001000,4.881904,5.012216
4786.001000,4.881776,5.018538
4787.001000,4.882117,5.013049
4788.001000,4.882218,5.015926
4789.001000,4.882540,5.015735
4790.001000,4.882692,5.015393
4791.001000,4.882640,5.014614
4792.001000,4.882978,5.013855
4793.001000,4.881838,5.014426
4794.001000,4.881650,5.012633
4795.001000,4.881879,5.014345
4796.001000,4.882259,5.013572
4797.001000,4.882695,5.015039
4798.001000,4.884068,5.014178
4799.001000,4.885145,5.023220
4800.001000,4.886173,5.020022
4801.001000,4.886701,5.015359
4802.001000,4.884484,5.013973
4803.001000,4.884418,5.015621
4804.001000,4.885272,5.015673
4805.001000,4.885991,5.017300
4806.001000,4.885767,5.015941
4807.001000,4.885742,5.016540
4808.001000,4.886451,5.012996
4809.001000,4.887225,5.012985
4810.001000,4.887719,5.015694
4811.001000,4.887960,5.011973
4812.001000,4.888163,5.009392
4813.001000,4.887518,5.010407
4814.001000,4.887814,5.012349
4815.001000,4.888494,5.014452
4816.001000,4.888554,5.013661
4817.001000,4.886402,5.011474
4818.001000,4.887892,5.014328
4819.001000,4.886560,5.013085
4820.001000,4.887439,5.014595
4821.001000,4.887990,5.013257
4822.001000,4.888314,5.014084
4823.001000,4.888325,5.013734
4824.001000,4.888806,5.014893
4825.001000,4.889016,5.015130
4826.001000,4.889362,5.013773
4827.001000,4.889667,5.013637
4828.001000,4.890385,5.018257
4829.001000,4.890459,5.016534
4830.001000,4.889963,5.011608
4831.001000,4.889894,5.013144
4832.001000,4.890266,5.014156
4833.001000,4.890584,5.018234
4834.001000,4.890101,5.019138
4835.001000,4.890212,5.024840
4836.001000,4.889722,5.015991
4837.001000,4.889933,5.016411
4838.001000,4.890048,5.020306
4839.001000,4.890743,5.015151
4840.001000,4.890504,5.018909
4841.001000,4.891071,5.015409
4842.001000,4.891239,5.013180
4843.001000,4.891124,5.016359
4844.001000,4.891521,5.018153
4845.001000,4.891395,5.016733
4846.001000,4.890799,5.015918
4847.001000,4.889630,5.017094
4848.001000,4.889530,5.019621
4849.001000,4.890077,5.016916
4850.001000,4.890802,5.018275
4851.001000,4.891691,5.017129
4852.001000,4.892292,5.016017
4853.001000,4.892954,5.017513
4854.001000,4.892735,5.016594
4855.001000,4.893259,5.018097
4856.001000,4.893711,5.022491
4857.001000,4.894533,5.020544
4858.001000,4.894275,5.021331
4859.001000,4.894192,5.020159
4860.001000,4.894238,5.018610
4861.001000,4.893992,5.020918
4862.001000,4.894137,5.016276
4863.001000,4.894192,5.018073
4864.001000,4.894125,5.014597
4865.001000,4.893944,5.015671
4866.001000,4.893935,5.012249
4867.001000,4.894438,5.015999
4868.001000,4.895003,5.016573
4869.001000,4.895286,5.017542
4870.001000,4.895708,5.015705
4871.001000,4.895414,5.016005
4872.001000,4.896127,5.014835
4873.001000,4.895576,5.018622
4874.001000,4.895167,5.017348
4875.001000,4.895761,5.021671
4876.001000,4.895938,5.029634
4877.001000,4.896439,5.027246
4878.001000,4.895811,5.028683
4879.001000,4.893810,5.030474
4880.001000,4.894351,5.029615
4881.001000,4.895315,5.024233
4882.001000,4.896158,5.019314
4883.001000,4.896788,5.020732
4884.001000,4.897681,5.022411
4885.001000,4.898189,5.019874
4886.001000,4.898139,5.018997
4887.001000,4.898080,5.019776
4888.001000,4.898521,5.021088
4889.001000,4.899022,5.022732
4890.001000,4.899357,5.021957
4891.001000,4.900140,5.023553
4892.001000,4.900472,5.022192
4893.001000,4.899606,5.021212
4894.001000,4.898737,5.021422
4895.001000,4.898735,5.019455
4896.001000,4.898580,5.020320
4897.001000,4.898400,5.016384
4898.001000,4.898488,5.019455
4899.001000,4.898979,5.021186
4900.001000,4.898809,5.029512
4901.001000,4.899293,5.020980
4902.001000,4.900235,5.020648
4903.001000,4.900846,5.022024
4904.001000,4.901106,5.020404
4905.001000,4.901347,5.018681
4906.001000,4.900810,5.026001
4907.001000,4.899693,5.029972
4908.001000,4.899494,5.032747
4909.001000,4.900118,5.024443
4910.001000,4.900743,5.021511
4911.001000,4.900800,5.020698
4912.001000,4.901114,5.016654
4913.001000,4.901916,5.020960
4914.001000,4.901855,5.020239
4915.001000,4.902267,5.020046
4916.001000,4.902004,5.022806
4917.001000,4.901871,5.019557
4918.001000,4.902558,5.020454
4919.001000,4.900244,5.021713
4920.001000,4.900473,5.022237
4921.001000,4.900592,5.019745
4922.001000,4.901394,5.020325
4923.001000,4.902123,5.017644
4924.001000,4.903041,5.022016
4925.001000,4.904140,5.020060
4926.001000,4.905325,5.020457
4927.001000,4.905430,5.018948
4928.001000,4.905099,5.022012
4929.001000,4.905538,5.019636
4930.001000,4.906371,5.019984
4931.001000,4.905695,5.018041
4932.001000,4.902494,5.020835
4933.001000,4.903083,5.020270
4934.001000,4.903483,5.019752
4935.001000,4.904177,5.020176
4936.001000,4.903509,5.023658
4937.001000,4.904492,5.021613
4938.001000,4.905751,5.022270
4939.001000,4.906160,5.020254
4940.001000,4.906614,5.022428
4941.001000,4.907200,5.022395
4942.001000,4.907543,5.019516
4943.001000,4.908058,5.023206
4944.001000,4.907571,5.023074
4945.001000,4.908182,5.020438
4946.001000,4.907856,5.021699
4947.001000,4.908531,5.022059
4948.001000,4.907645,5.022206
4949.001000,4.908213,5.019176
4950.001000,4.908038,5.022943
4951.001000,4.907801,5.022081
4952.001000,4.908436,5.021636
4953.001000,4.908819,5.019695
4954.001000,4.909104,5.020093
4955.001000,4.908538,5.021964
4956.001000,4.908342,5.022359
4957.001000,4.908570,5.020569
4958.001000,4.907864,5.020160
4959.001000,4.908350,5.021773
4960.001000,4.908390,5.020364
4961.001000,4.907915,5.022213
4962.001000,4.909107,5.019929
4963.001000,4.909519,5.022110
4964.001000,4.909821,5.023539
4965.001000,4.910238,5.020149
4966.001000,4.910519,5.019926
4967.001000,4.910582,5.021349
4968.001000,4.910319,5.018747
4969.001000,4.911254,5.020691
4970.001000,4.911494,5.022459
4971.001000,4.910800,5.019383
4972.001000,4.910708,5.018866
4973.001000,4.910004,5.017659
4974.001000,4.910127,5.019640
4975.001000,4.910227,5.018919
4976.001000,4.910759,5.021887
4977.001000,4.910894,5.019474
4978.001000,4.911117,5.020831
4979.001000,4.911327,5.021610
4980.001000,4.911914,5.020738
4981.001000,4.912817,5.019262
4982.001000,4.913631,5.023767
4983.001000,4.913339,5.020789
4984.001000,4.914268,5.024919
4985.001000,4.914992,5.022522
4986.001000,4.913943,5.023394
4987.001000,4.914145,5.021444
4988.001000,4.914381,5.024876
4989.001000,4.914784,5.023335
4990.001000,4.915422,5.024890
4991.001000,4.916019,5.024583
4992.001000,4.916257,5.023107
4993.001000,4.916444,5.023720
4994.001000,4.916671,5.021914
4995.001000,4.917371,5.020852
4996.001000,4.917917,5.024363
4997.001000,4.917995,5.022681
4998.001000,4.917992,5.023799
4999.001000,4.915476,5.024254
5000.001000,4.913071,5.033717
5001.001000,4.913356,5.037111
5002.001000,4.913489,5.035632
5003.001000,4.914240,5.034650
5004.001000,4.914785,5.038380
5005.001000,4.915393,5.034400
5006.001000,4.915655,5.036967
5007.001000,4.914864,5.037269
5008.001000,4.914747,5.035110
5009.001000,4.915240,5.027871
5010.001000,4.915929,5.026584
5011.001000,4.915430,5.034613
5012.001000,4.916115,5.036019
5013.001000,4.916078,5.035526
5014.001000,4.916492,5.035915
5015.001000,4.917311,5.037243
5016.001000,4.917638,5.024863
5017.001000,4.918081,5.023587
5018.001000,4.918776,5.028709
5019.001000,4.917977,5.027581
5020.001000,4.918766,5.026002
5021.001000,4.919781,5.024374
5022.001000,4.920405,5.026017
5023.001000,4.921344,5.025313
5024.001000,4.921657,5.023810
5025.001000,4.921656,5.022668
5026.001000,4.921832,5.023945
5027.001000,4.921095,5.023864
5028.001000,4.921201,5.027779
5029.001000,4.921891,5.026496
5030.001000,4.922335,5.025880
5031.001000,4.922279,5.027248
5032.001000,4.922545,5.024095
5033.001000,4.922239,5.027092
5034.001000,4.920930,5.025454
5035.001000,4.919705,5.032851
5036.001000,4.919736,5.035852
5037.001000,4.920518,5.032519
5038.001000,4.921718,5.030064
5039.001000,4.922747,5.028600
5040.001000,4.923486,5.028574
5041.001000,4.924522,5.031697
5042.001000,4.924557,5.038868
5043.001000,4.923861,5.035602
5044.001000,4.923752,5.029594
5045.001000,4.924272,5.036381
5046.001000,4.924602,5.035213
5047.001000,4.924122,5.038199
5048.001000,4.924220,5.036489
5049.001000,4.924266,5.033627
5050.001000,4.924159,5.035553
5051.001000,4.924095,5.038251
5052.001000,4.924586,5.037313
5053.001000,4.925764,5.035118
5054.001000,4.926540,5.039248
5055.001000,4.927390,5.030498
5056.001000,4.927353,5.027834
5057.001000,4.927406,5.028400
5058.001000,4.926776,5.033258
5059.001000,4.925697,5.041641
5060.001000,4.924858,5.041290
5061.001000,4.925668,5.043102
5062.001000,4.926089,5.041394
5063.001000,4.925930,5.040172
5064.001000,4.925553,5.043526
5065.001000,4.925939,5.042428
5066.001000,4.926515,5.037425
5067.001000,4.927651,5.030302
5068.001000,4.928225,5.042582
5069.001000,4.929248,5.036647
5070.001000,4.930179,5.031004
5071.001000,4.929364,5.040971
5072.001000,4.928592,5.043867
5073.001000,4.928746,5.045242
5074.001000,4.928773,5.042299
5075.001000,4.928262,5.041865
5076.001000,4.929323,5.044744
5077.001000,4.930155,5.042339
5078.001000,4.930590,5.046781
5079.001000,4.930135,5.046565
5080.001000,4.929068,5.044484
5081.001000,4.930044,5.043020
5082.001000,4.929948,5.042248
5083.001000,4.930305,5.043317
5084.001000,4.932064,5.046982
5085.001000,4.932245,5.045922
5086.001000,4.932809,5.041509
5087.001000,4.933823,5.041915
5088.001000,4.934684,5.045941
5089.001000,4.934725,5.043415
5090.001000,4.933410,5.044500
5091.001000,4.932448,5.041891
5092.001000,4.932644,5.042563
5093.001000,4.933292,5.038739
5094.001000,4.933999,5.045654
5095.001000,4.934700,5.041490
5096.001000,4.934584,5.042059
5097.001000,4.934120,5.042124
5098.001000,4.933840,5.042994
5099.001000,4.933826,5.043300
5100.001000,4.932385,5.042887
5101.001000,4.931788,5.041098
5102.001000,4.932606,5.032699
5103.001000,4.933333,5.030035
5104.001000,4.933480,5.028728
5105.001000,4.934311,5.036113
5106.001000,4.933909,5.033148
5107.001000,4.934340,5.042351
5108.001000,4.934360,5.040984
5109.001000,4.934668,5.039151
5110.001000,4.935294,5.039656
5111.001000,4.935387,5.037947
5112.001000,4.935253,5.029255
5113.001000,4.935031,5.030469
5114.001000,4.934422,5.033646
5115.001000,4.935221,5.033548
5116.001000,4.935950,5.034180
5117.001000,4.935456,5.033501
5118.001000,4.936535,5.036020
5119.001000,4.936271,5.035626
5120.001000,4.936220,5.034217
5121.001000,4.935376,5.032825
5122.001000,4.935387,5.040971
5123.001000,4.935861,5.049724
5124.001000,4.936204,5.047468
5125.001000,4.936193,5.047652
5126.001000,4.936549,5.050229
5127.001000,4.937294,5.048578
5128.001000,4.937293,5.044936
5129.001000,4.936509,5.038190
5130.001000,4.936339,5.033326
5131.001000,4.936823,5.030257
5132.001000,4.937512,5.030772
5133.001000,4.937594,5.029523
5134.001000,4.938172,5.032918
5135.001000,4.938699,5.036443
5136.001000,4.938069,5.034321
5137.001000,4.938425,5.033687
5138.001000,4.938669,5.034065
5139.001000,4.938746,5.034374
5140.001000,4.938967,5.038342
5141.001000,4.939272,5.035892
5142.001000,4.939206,5.035985
5143.001000,4.940000,5.036326
5144.001000,4.940775,5.036019
5145.001000,4.940589,5.040032
5146.001000,4.940438,5.037137
5147.001000,4.940910,5.036202
5148.001000,4.940369,5.035274
5149.001000,4.940909,5.037277
5150.001000,4.940917,5.039151
5151.001000,4.941426,5.036118
5152.001000,4.941937,5.036079
5153.001000,4.941709,5.036250
5154.001000,4.942485,5.038450
5155.001000,4.941534,5.033979
5156.001000,4.942266,5.031745
5157.001000,4.942314,5.046628
5158.001000,4.941898,5.042153
5159.001000,4.941803,5.042325
5160.001000,4.942527,5.036060
5161.001000,4.942430,5.047964
5162.001000,4.942891,5.048251
5163.001000,4.942176,5.046052
5164.001000,4.943212,5.048442
5165.001000,4.943365,5.039001
5166.001000,4.944329,5.042771
5167.001000,4.944893,5.044853
5168.001000,4.944448,5.047011
5169.001000,4.944634,5.044120
5170.001000,4.944872,5.045601
5171.001000,4.944876,5.045263
5172.001000,4.944962,5.051829
5173.001000,4.945256,5.047847
5174.001000,4.945665,5.040595
5175.001000,4.945405,5.037518
5176.001000,4.945992,5.040667
5177.001000,4.946323,5.040584
5178.001000,4.945914,5.041061
5179.001000,4.945940,5.040369
5180.001000,4.946869,5.036986
5181.001000,4.946853,5.040756
5182.001000,4.947787,5.040701
5183.001000,4.947504,5.038044
5184.001000,4.947234,5.038544
5185.001000,4.946876,5.039864
5186.001000,4.946594,5.042215
5187.001000,4.947068,5.039711
5188.001000,4.946910,5.038318
5189.001000,4.947422,5.040570
5190.001000,4.948221,5.040394
5191.001000,4.948582,5.039678
5192.001000,4.948127,5.040191
5193.001000,4.948776,5.040707
5194.001000,4.948998,5.039466
5195.001000,4.950003,5.036554
5196.001000,4.950922,5.039238
5197.001000,4.951453,5.039013
5198.001000,4.952019,5.039198
5199.001000,4.951251,5.040480
5200.001000,4.950171,5.040576
5201.001000,4.949224,5.042564
5202.001000,4.949433,5.040980
5203.001000,4.949125,5.039120
5204.001000,4.949237,5.042386
5205.001000,4.949447,5.050385
5206.001000,4.950749,5.046809
5207.001000,4.951398,5.039888
5208.001000,4.951296,5.046408
5209.001000,4.951945,5.047965
5210.001000,4.951777,5.046392
5211.001000,4.951812,5.043422
5212.001000,4.951835,5.043624
5213.001000,4.952214,5.047822
5214.001000,4.952294,5.048025
5215.001000,4.951926,5.039250
5216.001000,4.951443,5.035931
5217.001000,4.949868,5.037937
5218.001000,4.950201,5.052013
5219.001000,4.949885,5.037402
5220.001000,4.950859,5.036424
5221.001000,4.951630,5.037666
5222.001000,4.951659,5.039876
5223.001000,4.951510,5.037234
5224.001000,4.952214,5.038678
5225.001000,4.952654,5.037061
5226.001000,4.952655,5.037110
5227.001000,4.952753,5.049106
5228.001000,4.952608,5.038258
5229.001000,4.952872,5.035760
5230.001000,4.953060,5.034635
5231.001000,4.953403,5.035622
5232.001000,4.952431,5.034363
5233.001000,4.952186,5.036914
5234.001000,4.952897,5.040487
5235.001000,4.953560,5.038289
5236.001000,4.953749,5.039771
5237.001000,4.954404,5.038445
5238.001000,4.954542,5.036615
5239.001000,4.955085,5.036733
5240.001000,4.954733,5.037465
5241.001000,4.954560,5.039802
5242.001000,4.954341,5.037500
5243.001000,4.954385,5.037898
5244.001000,4.952724,5.035381
5245.001000,4.953213,5.035663
5246.001000,4.953805,5.037378
5247.001000,4.954367,5.037440
5248.001000,4.954281,5.036568
5249.001000,4.955088,5.037772
5250.001000,4.955548,5.040955
5251.001000,4.954940,5.040772
5252.001000,4.955185,5.036844
5253.001000,4.955632,5.038548
5254.001000,4.955792,5.035740
5255.001000,4.956309,5.035006
5256.001000,4.956001,5.035969
5257.001000,4.955646,5.033372
5258.001000,4.956176,5.036160
5259.001000,4.956423,5.037842
5260.001000,4.956784,5.040279
5261.001000,4.957015,5.036867
5262.001000,4.957260,5.038523
5263.001000,4.958209,5.038114
5264.001000,4.956914,5.037593
5265.001000,4.956688,5.037086
5266.001000,4.957254,5.039076
5267.001000,4.957054,5.036603
5268.001000,4.958453,5.037996
5269.001000,4.958927,5.036379
5270.001000,4.959351,5.037056
5271.001000,4.959668,5.038728
5272.001000,4.959053,5.036432
5273.001000,4.959732,5.038933
5274.001000,4.959376,5.038327
5275.001000,4.960091,5.039682
5276.001000,4.958759,5.037826
5277.001000,4.958757,5.040894
5278.001000,4.959207,5.039757
5279.001000,4.959013,5.038240
5280.001000,4.958915,5.039844
5281.001000,4.959364,5.039300
5282.001000,4.959174,5.037787
5283.001000,4.959781,5.034543
5284.001000,4.959698,5.035087
5285.001000,4.959712,5.038942
5286.001000,4.960215,5.036465
5287.001000,4.960766,5.039467
5288.001000,4.961013,5.041032
5289.001000,4.961264,5.041229
5290.001000,4.960797,5.040214
5291.001000,4.961382,5.040493
5292.001000,4.961850,5.041577
5293.001000,4.962468,5.038776
5294.001000,4.962486,5.041050
5295.001000,4.962146,5.038024
5296.001000,4.962213,5.041646
5297.001000,4.962330,5.043902
5298.001000,4.963022,5.043472
5299.001000,4.963491,5.043468
5300.001000,4.963508,5.042007
5301.001000,4.962577,5.040897
5302.001000,4.963014,5.043709
5303.001000,4.962605,5.047640
5304.001000,4.962563,5.043128
5305.001000,4.963175,5.042179
5306.001000,4.963592,5.042820
5307.001000,4.964066,5.041735
5308.001000,4.964102,5.041063
5309.001000,4.963523,5.038919
5310.001000,4.964098,5.039769
5311.001000,4.964337,5.040762
5312.001000,4.964779,5.041023
5313.001000,4.964845,5.040695
5314.001000,4.965179,5.041839
5315.001000,4.965319,5.042998
5316.001000,4.965967,5.043615
5317.001000,4.966378,5.039459
5318.001000,4.965724,5.040331
5319.001000,4.964955,5.040680
5320.001000,4.965022,5.043382
5321.001000,4.964847,5.038529
5322.001000,4.965390,5.039317
5323.001000,4.966246,5.041890
5324.001000,4.966828,5.041158
5325.001000,4.966977,5.038884
5326.001000,4.966349,5.040417
5327.001000,4.966133,5.042794
5328.001000,4.966159,5.043015
5329.001000,4.967267,5.041812
5330.001000,4.966522,5.044419
5331.001000,4.967228,5.041613
5332.001000,4.968291,5.043497
5333.001000,4.967829,5.045937
5334.001000,4.967996,5.041616
5335.001000,4.967568,5.041845
5336.001000,4.968088,5.041451
5337.001000,4.968330,5.044053
5338.001000,4.968408,5.044486
5339.001000,4.968766,5.044274
5340.001000,4.969392,5.043544
5341.001000,4.969325,5.045441
5342.001000,4.969682,5.046890
5343.001000,4.970700,5.045479
5344.001000,4.970811,5.043948
5345.001000,4.970412,5.042672
5346.001000,4.969795,5.043621
5347.001000,4.970221,5.045712
5348.001000,4.970615,5.042990
5349.001000,4.971144,5.042557
5350.001000,4.971487,5.044446
5351.001000,4.971296,5.043570
5352.001000,4.969571,5.043441
5353.001000,4.969808,5.042936
5354.001000,4.970201,5.043826
5355.001000,4.970155,5.043310
5356.001000,4.970742,5.046561
5357.001000,4.971676,5.044230
5358.001000,4.972600,5.044547
5359.001000,4.973578,5.044487
5360.001000,4.973431,5.044609
5361.001000,4.973859,5.045277
5362.001000,4.973957,5.046374
5363.001000,4.973167,5.047886
5364.001000,4.972653,5.048764
5365.001000,4.972174,5.048558
5366.001000,4.972652,5.048915
5367.001000,4.973116,5.047086
5368.001000,4.974420,5.049167
5369.001000,4.975055,5.050697
5370.001000,4.975407,5.046772
5371.001000,4.976119,5.050148
5372.001000,4.976166,5.049725
5373.001000,4.975335,5.049923
5374.001000,4.974216,5.048675
5375.001000,4.974849,5.049448
5376.001000,4.974815,5.047982
5377.001000,4.974898,5.045171
5378.001000,4.974802,5.046846
5379.001000,4.974865,5.044665
5380.001000,4.974107,5.052303
5381.001000,4.974629,5.044537
5382.001000,4.975320,5.048544
5383.001000,4.975553,5.047632
5384.001000,4.976243,5.048135
5385.001000,4.976523,5.046403
5386.001000,4.976851,5.056786
5387.001000,4.977279,5.054944
5388.001000,4.976467,5.056828
5389.001000,4.976942,5.050888
5390.001000,4.976014,5.050614
5391.001000,4.976285,5.049925
5392.001000,4.976769,5.061112
5393.001000,4.976614,5.059641
5394.001000,4.976283,5.060464
5395.001000,4.976425,5.061722
5396.001000,4.977384,5.057709
5397.001000,4.978065,5.047765
5398.001000,4.978054,5.057776
5399.001000,4.976456,5.050257
5400.001000,4.977044,5.063217
5401.001000,4.977269,5.058620
5402.001000,4.977423,5.044953
5403.001000,4.976883,5.047179
5404.001000,4.977048,5.045149
5405.001000,4.977570,5.044615
5406.001000,4.977946,5.047973
5407.001000,4.978388,5.046181
5408.001000,4.978793,5.049484
5409.001000,4.978562,5.058717
5410.001000,4.978035,5.056798
5411.001000,4.977514,5.058819
5412.001000,4.977412,5.054347
5413.001000,4.978122,5.057719
5414.001000,4.978605,5.058316
5415.001000,4.978542,5.058931
5416.001000,4.979251,5.061981
5417.001000,4.979662,5.063119
5418.001000,4.979810,5.060317
5419.001000,4.978584,5.054908
5420.001000,4.978482,5.055398
5421.001000,4.978603,5.060262
5422.001000,4.979256,5.061209
5423.001000,4.980049,5.059066
5424.001000,4.980104,5.056096
5425.001000,4.980257,5.057301
5426.001000,4.980535,5.049816
5427.001000,4.980614,5.048407
5428.001000,4.980850,5.047355
5429.001000,4.980830,5.048358
5430.001000,4.981376,5.056806
5431.001000,4.981875,5.060362
5432.001000,4.982289,5.052900
5433.001000,4.982515,5.045508
5434.001000,4.982109,5.047374
5435.001000,4.982623,5.043466
5436.001000,4.982239,5.046186
5437.001000,4.982624,5.047601
5438.001000,4.983267,5.049424
5439.001000,4.982919,5.052292
5440.001000,4.983132,5.060886
5441.001000,4.983374,5.061006
5442.001000,4.983608,5.062602
5443.001000,4.984343,5.058987
5444.001000,4.984589,5.050495
5445.001000,4.985575,5.050209
5446.001000,4.984212,5.055316
5447.001000,4.983680,5.054906
5448.001000,4.983745,5.061925
5449.001000,4.984023,5.060530
5450.001000,4.983044,5.062946
5451.001000,4.983858,5.062518
5452.001000,4.984074,5.061833
5453.001000,4.984531,5.061671
5454.001000,4.985210,5.062939
5455.001000,4.985590,5.062206
5456.001000,4.985671,5.063050
5457.001000,4.985685,5.064123
5458.001000,4.985676,5.064888
5459.001000,4.986019,5.063476
5460.001000,4.986065,5.062970
5461.001000,4.987073,5.067115
5462.001000,4.987396,5.063413
5463.001000,4.986414,5.057632
5464.001000,4.986367,5.056376
5465.001000,4.986776,5.067335
5466.001000,4.987236,5.062376
5467.001000,4.987814,5.063361
5468.001000,4.987613,5.064809
5469.001000,4.987024,5.065482
5470.001000,4.986501,5.065048
5471.001000,4.987009,5.064987
5472.001000,4.986976,5.066515
5473.001000,4.987842,5.065295
5474.001000,4.988512,5.067465
5475.001000,4.989558,5.068343
5476.001000,4.990677,5.066960
5477.001000,4.990641,5.066282
5478.001000,4.990638,5.065216
5479.001000,4.990472,5.065043
5480.001000,4.989611,5.062678
5481.001000,4.989918,5.063509
5482.001000,4.990659,5.064012
5483.001000,4.990815,5.067112
5484.001000,4.991785,5.070135
5485.001000,4.992556,5.066263
5486.001000,4.992549,5.067424
5487.001000,4.993205,5.066788
5488.001000,4.993824,5.069218
5489.001000,4.994102,5.068590
5490.001000,4.994791,5.069487
5491.001000,4.995280,5.070743
5492.001000,4.996134,5.070960
5493.001000,4.996645,5.068462
5494.001000,4.997537,5.068085
5495.001000,4.998088,5.067806
5496.001000,4.997888,5.067481
5497.001000,4.997606,5.056567
5498.001000,4.997452,5.064677
5499.001000,4.997534,5.060710
5500.001000,4.997390,5.065332
5501.001000,4.997589,5.062360
5502.001000,4.997620,5.055683
5503.001000,4.998223,5.057097
5504.001000,4.998470,5.064018
5505.001000,4.997039,5.069451
5506.001000,4.996617,5.064207
5507.001000,4.995874,5.065893
5508.001000,4.995137,5.064205
5509.001000,4.995088,5.066728
5510.001000,4.994871,5.069530
5511.001000,4.995239,5.068241
5512.001000,4.995954,5.070149
5513.001000,4.996526,5.068603
5514.001000,4.996298,5.070810
5515.001000,4.997252,5.063174
5516.001000,4.998214,5.062501
5517.001000,4.999018,5.063024
5518.001000,4.999765,5.061558
5519.001000,5.000219,5.067894
5520.001000,5.000156,5.060900
5521.001000,5.000721,5.056563
5522.001000,5.001243,5.059201
5523.001000,5.001655,5.060521
5524.001000,5.000559,5.058837
5525.001000,4.999705,5.062314
5526.001000,4.998577,5.064227
5527.001000,4.997436,5.062912
5528.001000,4.997446,5.062437
5529.001000,4.998067,5.069241
5530.001000,4.998818,5.068812
5531.001000,4.999236,5.066360
5532.001000,5.000132,5.062514
5533.001000,5.000989,5.062061
5534.001000,5.002028,5.060948
5535.001000,5.002097,5.063319
5536.001000,5.000910,5.068987
5537.001000,4.998675,5.073454
5538.001000,4.998900,5.071087
5539.001000,4.998804,5.073673
5540.001000,4.998131,5.072946
5541.001000,4.998895,5.073218
5542.001000,4.999459,5.075181
5543.001000,4.998935,5.070446
5544.001000,4.998448,5.072048
5545.001000,4.997244,5.073106
5546.001000,4.998208,5.074151
5547.001000,4.999013,5.071906
5548.001000,4.999687,5.072981
5549.001000,4.999612,5.070442
5550.001000,4.999386,5.069355
5551.001000,4.999494,5.065935
5552.001000,4.999594,5.068829
5553.001000,5.000231,5.060104
5554.001000,5.000775,5.059179
5555.001000,5.000795,5.057966
5556.001000,5.000663,5.057813
5557.001000,5.000274,5.057492
5558.001000,4.998773,5.058520
5559.001000,4.999268,5.059427
5560.001000,4.999994,5.059296
5561.001000,5.000148,5.061442
5562.001000,5.000568,5.060149
5563.001000,5.000606,5.062399
5564.001000,5.000780,5.067262
5565.001000,5.001150,5.056254
5566.001000,5.000802,5.070469
5567.001000,5.001326,5.070377
5568.001000,5.002100,5.072916
5569.001000,5.003234,5.065388
5570.001000,5.001931,5.061961
5571.001000,5.002167,5.060089
5572.001000,5.003573,5.055462
5573.001000,5.003728,5.058393
5574.001000,5.004200,5.066174
5575.001000,5.005089,5.066747
5576.001000,5.005974,5.061656
5577.001000,5.006176,5.061467
5578.001000,5.006106,5.060547
5579.001000,5.005129,5.062031
5580.001000,5.004984,5.063973
5581.001000,5.004774,5.062850
5582.001000,5.004550,5.060931
5583.001000,5.005596,5.070364
5584.001000,5.004073,5.063504
5585.001000,5.004427,5.063862
5586.001000,5.004879,5.060410
5587.001000,5.005608,5.057163
5588.001000,5.005791,5.059847
5589.001000,5.007090,5.061435
5590.001000,5.006873,5.061539
5591.001000,5.007362,5.063814
5592.001000,5.006743,5.065861
5593.001000,5.007285,5.062026
5594.001000,5.008160,5.068518
5595.001000,5.008528,5.068256
5596.001000,5.008668,5.070120
5597.001000,5.008105,5.070271
5598.001000,5.007806,5.072422
5599.001000,5.007931,5.072148
5600.001000,5.007912,5.073289
5601.001000,5.007988,5.069157
5602.001000,5.008046,5.072574
5603.001000,5.008497,5.072509
5604.001000,5.008008,5.067439
5605.001000,5.008841,5.071975
5606.001000,5.009847,5.071744
5607.001000,5.009324,5.070436
5608.001000,5.009565,5.072322
5609.001000,5.010080,5.073277
5610.001000,5.010805,5.074880
5611.001000,5.010462,5.072757
5612.001000,5.008999,5.070834
5613.001000,5.008586,5.073605
5614.001000,5.008965,5.070656
5615.001000,5.009356,5.071142
5616.001000,5.009265,5.070775
5617.001000,5.008239,5.070458
5618.001000,5.007613,5.070522
5619.001000,5.007066,5.071675
5620.001000,5.008659,5.074316
5621.001000,5.009328,5.073934
5622.001000,5.009504,5.073113
5623.001000,5.008247,5.070483
5624.001000,5.008566,5.066108
5625.001000,5.008610,5.065764
5626.001000,5.007921,5.061825
5627.001000,5.008667,5.062888
5628.001000,5.008845,5.063990
5629.001000,5.009048,5.062609
5630.001000,5.008846,5.069336
5631.001000,5.009147,5.060349
5632.001000,5.009673,5.061756
5633.001000,5.009306,5.059316
5634.001000,5.009742,5.063055
5635.001000,5.010169,5.060654
5636.001000,5.010152,5.060986
5637.001000,5.010185,5.058700
5638.001000,5.010318,5.061049
5639.001000,5.009624,5.059379
5640.001000,5.009320,5.061554
5641.001000,5.008865,5.060806
5642.001000,5.009183,5.060832
5643.001000,5.009715,5.059747
5644.001000,5.010176,5.061532
5645.001000,5.010581,5.059638
5646.001000,5.010805,5.056272
5647.001000,5.010367,5.059667
5648.001000,5.010200,5.060087
5649.001000,5.010937,5.059170
5650.001000,5.011425,5.058649
5651.001000,5.011956,5.059644
5652.001000,5.011754,5.063493
5653.001000,5.011526,5.061616
5654.001000,5.011195,5.067305
5655.001000,5.011919,5.065236
5656.001000,5.011842,5.061194
5657.001000,5.012689,5.058672
5658.001000,5.011891,5.061583
5659.001000,5.012560,5.064160
5660.001000,5.012732,5.067158
5661.001000,5.013383,5.071800
5662.001000,5.013056,5.064017
5663.001000,5.013028,5.061792
5664.001000,5.013560,5.067792
5665.001000,5.013995,5.072160
5666.001000,5.014608,5.073413
5667.001000,5.014980,5.070243
5668.001000,5.014911,5.073386
5669.001000,5.014976,5.077415
5670.001000,5.015775,5.075091
5671.001000,5.016173,5.072676
5672.001000,5.016578,5.073823
5673.001000,5.017059,5.072994
5674.001000,5.017252,5.074392
5675.001000,5.016627,5.074801
5676.001000,5.017391,5.077675
5677.001000,5.017353,5.080304
5678.001000,5.017761,5.079284
5679.001000,5.017007,5.075518
5680.001000,5.017397,5.080720
5681.001000,5.017961,5.080492
5682.001000,5.018779,5.078838
5683.001000,5.019225,5.076255
5684.001000,5.019060,5.078369
5685.001000,5.018818,5.082418
5686.001000,5.018510,5.081220
5687.001000,5.018568,5.080661
5688.001000,5.019133,5.080964
5689.001000,5.019168,5.076527
5690.001000,5.019798,5.080339
5691.001000,5.019996,5.077671
5692.001000,5.020154,5.076754
5693.001000,5.020423,5.077012
5694.001000,5.020907,5.077421
5695.001000,5.020554,5.075039
5696.001000,5.020688,5.072501
5697.001000,5.021365,5.074545
5698.001000,5.020780,5.072963
5699.001000,5.020168,5.078019
5700.001000,5.020277,5.076621
5701.001000,5.020699,5.077332
5702.001000,5.021696,5.078584
5703.001000,5.021862,5.077030
5704.001000,5.022143,5.074499
5705.001000,5.022014,5.077194
5706.001000,5.022666,5.079003
5707.001000,5.022718,5.078655
5708.001000,5.022487,5.079745
5709.001000,5.022081,5.080987
5710.001000,5.023192,5.082094
5711.001000,5.023988,5.082305
5712.001000,5.023740,5.080013
5713.001000,5.022737,5.081708
5714.001000,5.022657,5.081732
5715.001000,5.022688,5.084969
5716.001000,5.024117,5.082452
5717.001000,5.024200,5.068558
5718.001000,5.024036,5.069783
5719.001000,5.023224,5.070025
5720.001000,5.023388,5.065091
5721.001000,5.023850,5.066193
5722.001000,5.024064,5.063043
5723.001000,5.024530,5.063099
5724.001000,5.023864,5.075004
5725.001000,5.025004,5.077452
5726.001000,5.025434,5.077328
5727.001000,5.025864,5.078842
5728.001000,5.024630,5.070885
5729.001000,5.023953,5.067806
5730.001000,5.024796,5.069570
5731.001000,5.025302,5.065142
5732.001000,5.026190,5.069805
5733.001000,5.026208,5.074604
5734.001000,5.026118,5.065022
5735.001000,5.026069,5.066326
5736.001000,5.026633,5.065953
5737.001000,5.026684,5.066174
5738.001000,5.027516,5.066675
5739.001000,5.026859,5.068620
5740.001000,5.027376,5.068114
5741.001000,5.028245,5.066727
5742.001000,5.027657,5.066690
5743.001000,5.028292,5.066289
5744.001000,5.028661,5.065048
5745.001000,5.028850,5.068281
5746.001000,5.028905,5.066386
5747.001000,5.029064,5.064245
5748.001000,5.029218,5.071080
5749.001000,5.029847,5.068962
5750.001000,5.029878,5.069520
5751.001000,5.029491,5.069560
5752.001000,5.028795,5.070501
5753.001000,5.028228,5.067477
5754.001000,5.028790,5.064602
5755.001000,5.029437,5.068402
5756.001000,5.029062,5.068843
5757.001000,5.028730,5.070717
5758.001000,5.028161,5.069164
5759.001000,5.028216,5.070360
5760.001000,5.027353,5.073117
5761.001000,5.027639,5.065260
5762.001000,5.027042,5.069161
5763.001000,5.027511,5.068777
5764.001000,5.028128,5.073877
5765.001000,5.027942,5.077933
5766.001000,5.027399,5.063887
5767.001000,5.028308,5.067486
5768.001000,5.028672,5.066493
5769.001000,5.027887,5.066862
5770.001000,5.028317,5.067688
5771.001000,5.028591,5.070235
5772.001000,5.027857,5.068745
5773.001000,5.027958,5.069871
5774.001000,5.029060,5.070031
5775.001000,5.029117,5.068279
5776.001000,5.029351,5.070499
5777.001000,5.029294,5.067717
5778.001000,5.029848,5.067764
5779.001000,5.030516,5.068245
5780.001000,5.030539,5.068093
5781.001000,5.029708,5.069801
5782.001000,5.030143,5.068878
5783.001000,5.030312,5.069701
5784.001000,5.029619,5.067893
5785.001000,5.029964,5.068712
5786.001000,5.030448,5.071350
5787.001000,5.031331,5.069368
5788.001000,5.031276,5.070474
5789.001000,5.031172,5.071977
5790.001000,5.031706,5.069941
5791.001000,5.032050,5.070601
5792.001000,5.032326,5.068842
5793.001000,5.033106,5.072004
5794.001000,5.033629,5.070217
5795.001000,5.034069,5.070256
5796.001000,5.034462,5.071539
5797.001000,5.034987,5.070754
5798.001000,5.035291,5.074179
5799.001000,5.034871,5.070735
5800.001000,5.033877,5.069424
5801.001000,5.033762,5.069195
5802.001000,5.035027,5.073625
5803.001000,5.036037,5.073405
5804.001000,5.036400,5.072157
5805.001000,5.035393,5.068946
5806.001000,5.035574,5.071009
5807.001000,5.035999,5.072214
5808.001000,5.036961,5.069630
5809.001000,5.038070,5.070286
5810.001000,5.038533,5.069381
5811.001000,5.037377,5.071683
5812.001000,5.038061,5.070120
5813.001000,5.038985,5.070256
5814.001000,5.039247,5.069461
5815.001000,5.039156,5.068318
5816.001000,5.038286,5.066536
5817.001000,5.037149,5.066872
5818.001000,5.036919,5.066656
5819.001000,5.037363,5.067600
5820.001000,5.035897,5.067965
5821.001000,5.035832,5.066924
5822.001000,5.035700,5.065142
5823.001000,5.035950,5.066339
5824.001000,5.035149,5.068956
5825.001000,5.034598,5.068423
5826.001000,5.035734,5.067774
5827.001000,5.035399,5.066583
5828.001000,5.035343,5.068511
5829.001000,5.035723,5.068344
5830.001000,5.036895,5.068300
5831.001000,5.036956,5.064860
5832.001000,5.036825,5.068386
5833.001000,5.037276,5.067198
5834.001000,5.037367,5.067829
5835.001000,5.037920,5.065451
5836.001000,5.037766,5.063394
5837.001000,5.038806,5.064821
5838.001000,5.038726,5.064448
5839.001000,5.038851,5.065336
5840.001000,5.039385,5.068707
5841.001000,5.039575,5.067320
5842.001000,5.039539,5.066735
5843.001000,5.040179,5.066582
5844.001000,5.039850,5.067602
5845.001000,5.040131,5.069839
5846.001000,5.039503,5.069397
5847.001000,5.039320,5.070584
5848.001000,5.039856,5.069773
5849.001000,5.040558,5.071758
5850.001000,5.041319,5.068672
5851.001000,5.042623,5.070648
5852.001000,5.043287,5.069498
5853.001000,5.043685,5.069599
5854.001000,5.042841,5.065740
5855.001000,5.043272,5.067099
5856.001000,5.043209,5.069318
5857.001000,5.043534,5.069862
5858.001000,5.042543,5.070324
5859.001000,5.042891,5.071740
5860.001000,5.043442,5.069564
5861.001000,5.042541,5.071099
5862.001000,5.042859,5.069990
5863.001000,5.042887,5.072079
5864.001000,5.043357,5.070053
5865.001000,5.044375,5.071769
5866.001000,5.045264,5.071727
5867.001000,5.045378,5.070697
5868.001000,5.045791,5.067968
5869.001000,5.045838,5.071594
5870.001000,5.045546,5.071845
5871.001000,5.045995,5.070188
5872.001000,5.046575,5.071913
5873.001000,5.046936,5.072481
5874.001000,5.047624,5.073352
5875.001000,5.047408,5.074486
5876.001000,5.047554,5.074865
5877.001000,5.047423,5.074145
5878.001000,5.048076,5.074536
5879.001000,5.048208,5.072630
5880.001000,5.048475,5.075454
5881.001000,5.048159,5.072831
5882.001000,5.047301,5.074015
5883.001000,5.047549,5.075287
5884.001000,5.047611,5.075636
5885.001000,5.047894,5.075130
5886.001000,5.046982,5.073218
5887.001000,5.046689,5.074405
5888.001000,5.047506,5.075157
5889.001000,5.048509,5.074471
5890.001000,5.049296,5.073795
5891.001000,5.049859,5.072219
5892.001000,5.049816,5.073793
5893.001000,5.049762,5.074932
5894.001000,5.049275,5.075577
5895.001000,5.048942,5.075112
5896.001000,5.048840,5.075684
5897.001000,5.049021,5.073238
5898.001000,5.048523,5.073970
5899.001000,5.048636,5.074046
5900.001000,5.048333,5.071554
5901.001000,5.049352,5.073338
5902.001000,5.049891,5.075017
5903.001000,5.049521,5.073743
5904.001000,5.049733,5.074016
5905.001000,5.050685,5.073024
5906.001000,5.051257,5.071548
5907.001000,5.051100,5.074882
5908.001000,5.051542,5.073887
5909.001000,5.052067,5.074606
5910.001000,5.050266,5.072906
5911.001000,5.050370,5.071573
5912.001000,5.050510,5.072673
5913.001000,5.051419,5.073518
5914.001000,5.051735,5.072159
5915.001000,5.052142,5.075551
5916.001000,5.051594,5.072987
5917.001000,5.051619,5.073929
5918.001000,5.052395,5.075437
5919.001000,5.053001,5.076762
5920.001000,5.053189,5.074545
5921.001000,5.053042,5.072764
5922.001000,5.052611,5.070680
5923.001000,5.052939,5.074044
5924.001000,5.052603,5.073509
5925.001000,5.051169,5.073944
5926.001000,5.051405,5.074073
5927.001000,5.051529,5.073590
5928.001000,5.051203,5.075625
5929.001000,5.051563,5.073153
5930.001000,5.052096,5.072959
5931.001000,5.052778,5.072412
5932.001000,5.052584,5.072094
5933.001000,5.052678,5.073805
5934.001000,5.052943,5.069859
5935.001000,5.053245,5.072508
5936.001000,5.052755,5.072004
5937.001000,5.053174,5.071820
5938.001000,5.052321,5.072538
5939.001000,5.051948,5.071521
5940.001000,5.052503,5.072923
5941.001000,5.052328,5.073733
5942.001000,5.052697,5.070053
5943.001000,5.052328,5.071484
5944.001000,5.052943,5.069819
5945.001000,5.053304,5.071553
5946.001000,5.053394,5.070167
5947.001000,5.053000,5.071588
5948.001000,5.053650,5.072492
5949.001000,5.054232,5.071019
5950.001000,5.054114,5.073887
5951.001000,5.053738,5.070882
5952.001000,5.054633,5.071577
5953.001000,5.055151,5.071509
5954.001000,5.054902,5.070816
5955.001000,5.055532,5.072067
5956.001000,5.055899,5.069818
5957.001000,5.055203,5.073176
5958.001000,5.055518,5.074231
5959.001000,5.055941,5.072986
5960.001000,5.055147,5.074430
5961.001000,5.056183,5.074345
5962.001000,5.056528,5.073606
5963.001000,5.056669,5.073510
5964.001000,5.056866,5.074506
5965.001000,5.057071,5.073912
5966.001000,5.056883,5.075152
5967.001000,5.056445,5.075172
5968.001000,5.057126,5.076471
5969.001000,5.057024,5.076401
5970.001000,5.057357,5.077889
5971.001000,5.057492,5.076031
5972.001000,5.057993,5.075325
5973.001000,5.058428,5.075182
5974.001000,5.057682,5.074644
5975.001000,5.058019,5.075828
5976.001000,5.058816,5.077343
5977.001000,5.058822,5.076105
5978.001000,5.058820,5.074769
5979.001000,5.059623,5.078388
5980.001000,5.059934,5.078782
5981.001000,5.059620,5.075606
5982.001000,5.059561,5.076806
5983.001000,5.060195,5.077699
5984.001000,5.061078,5.079579
5985.001000,5.061384,5.078716
5986.001000,5.060742,5.077508
5987.001000,5.060765,5.077978
5988.001000,5.061504,5.074001
5989.001000,5.061352,5.077412
5990.001000,5.061869,5.078982
5991.001000,5.061535,5.080048
5992.001000,5.061905,5.082076
5993.001000,5.062239,5.081821
5994.001000,5.062446,5.082180
5995.001000,5.062512,5.082664
5996.001000,5.062082,5.080051
5997.001000,5.061544,5.080291
5998.001000,5.062199,5.078768
5999.001000,5.062205,5.080108
6000.001000,5.062145,5.079186
6001.001000,5.061717,5.076787
6002.001000,5.060608,5.079607
6003.001000,5.060295,5.076099
6004.001000,5.060855,5.076720
6005.001000,5.061183,5.076957
6006.001000,5.061485,5.078515
6007.001000,5.061040,5.079287
6008.001000,5.060282,5.076687
6009.001000,5.061076,5.075677
6010.001000,5.060402,5.077336
6011.001000,5.060331,5.076221
6012.001000,5.060447,5.078000
6013.001000,5.061021,5.076791
6014.001000,5.061581,5.074381
6015.001000,5.062033,5.078197
6016.001000,5.062011,5.078552
6017.001000,5.062696,5.077464
6018.001000,5.062679,5.076509
6019.001000,5.062674,5.076170
6020.001000,5.062955,5.078355
6021.001000,5.063247,5.080119
6022.001000,5.063241,5.074454
6023.001000,5.062512,5.075915
6024.001000,5.062918,5.078404
6025.001000,5.063768,5.077658
6026.001000,5.063266,5.077185
6027.001000,5.064142,5.077868
6028.001000,5.063484,5.078944
6029.001000,5.063299,5.078265
6030.001000,5.064252,5.076411
6031.001000,5.065255,5.075545
6032.001000,5.064774,5.077404
6033.001000,5.065163,5.078533
6034.001000,5.064438,5.076948
6035.001000,5.065378,5.077325
6036.001000,5.065971,5.079248
6037.001000,5.066440,5.077841
6038.001000,5.067165,5.079971
6039.001000,5.067087,5.077510
6040.001000,5.066958,5.079706
6041.001000,5.065346,5.078781
6042.001000,5.065291,5.078475
6043.001000,5.065664,5.081953
6044.001000,5.066232,5.078556
6045.001000,5.067022,5.080910
6046.001000,5.067491,5.081741
6047.001000,5.067476,5.082245
6048.001000,5.067822,5.079605
6049.001000,5.067377,5.078566
6050.001000,5.067454,5.075986
6051.001000,5.067645,5.080909
6052.001000,5.068400,5.080660
6053.001000,5.068804,5.081490
6054.001000,5.069259,5.083587
6055.001000,5.069405,5.084312
6056.001000,5.068981,5.080874
6057.001000,5.068826,5.082628
6058.001000,5.069600,5.081093
6059.001000,5.069660,5.083985
6060.001000,5.070237,5.081640
6061.001000,5.070415,5.079433
6062.001000,5.070605,5.082398
6063.001000,5.070709,5.081288
6064.001000,5.070890,5.081763
6065.001000,5.071319,5.082547
6066.001000,5.071076,5.081854
6067.001000,5.071331,5.079368
6068.001000,5.071216,5.081368
6069.001000,5.071641,5.083267
6070.001000,5.072217,5.083306
6071.001000,5.072264,5.081932
6072.001000,5.071158,5.082136
6073.001000,5.071860,5.081680
6074.001000,5.070718,5.082945
6075.001000,5.071165,5.082247
6076.001000,5.070608,5.081680
6077.001000,5.070596,5.082466
6078.001000,5.070255,5.080258
6079.001000,5.070234,5.082472
6080.001000,5.070583,5.081647
6081.001000,5.070933,5.080725
6082.001000,5.070411,5.082243
6083.001000,5.069751,5.082918
6084.001000,5.070066,5.081921
6085.001000,5.070106,5.079847
6086.001000,5.071279,5.082384
6087.001000,5.071774,5.078697
6088.001000,5.071754,5.081972
6089.001000,5.072232,5.084127
6090.001000,5.071538,5.083296
6091.001000,5.071272,5.083350
6092.001000,5.071870,5.082839
6093.001000,5.072038,5.083013
6094.001000,5.073170,5.084349
6095.001000,5.073315,5.081598
6096.001000,5.073289,5.082546
6097.001000,5.073967,5.083546
6098.001000,5.074398,5.083300
6099.001000,5.075186,5.084120
6100.001000,5.074095,5.082470
6101.001000,5.073643,5.083227
6102.001000,5.073824,5.082415
6103.001000,5.074003,5.084005
6104.001000,5.075005,5.082238
6105.001000,5.075625,5.085317
6106.001000,5.075600,5.084412
6107.001000,5.076075,5.087550
6108.001000,5.076712,5.085535
6109.001000,5.076231,5.085191
6110.001000,5.075786,5.081219
6111.001000,5.075086,5.084391
6112.001000,5.075578,5.086885
6113.001000,5.076291,5.085940
6114.001000,5.076874,5.085444
6115.001000,5.076849,5.083765
6116.001000,5.077567,5.084927
6117.001000,5.076825,5.082136
6118.001000,5.077387,5.085525
6119.001000,5.077795,5.084591
6120.001000,5.078213,5.083655
6121.001000,5.077735,5.084069
6122.001000,5.078473,5.085445
6123.001000,5.079208,5.086680
6124.001000,5.078174,5.086659
6125.001000,5.078263,5.087203
6126.001000,5.078846,5.083435
6127.001000,5.078871,5.088703
6128.001000,5.079836,5.084746
6129.001000,5.078213,5.083450
6130.001000,5.077525,5.083587
6131.001000,5.078170,5.084689
6132.001000,5.078619,5.083087
6133.001000,5.078200,5.084096
6134.001000,5.078474,5.084933
6135.001000,5.077954,5.082274
6136.001000,5.077571,5.084657
6137.001000,5.078983,5.080480
6138.001000,5.079675,5.079929
6139.001000,5.079337,5.081711
6140.001000,5.077902,5.082924
6141.001000,5.077878,5.079741
6142.001000,5.078479,5.081062
6143.001000,5.078005,5.080209
6144.001000,5.077492,5.081584
6145.001000,5.077688,5.082513
6146.001000,5.078065,5.081756
6147.001000,5.077922,5.081892
6148.001000,5.078541,5.082709
6149.001000,5.078639,5.081012
6150.001000,5.077857,5.081835
6151.001000,5.078102,5.082280
6152.001000,5.078315,5.083503
6153.001000,5.078647,5.082007
6154.001000,5.078006,5.084238
6155.001000,5.078200,5.082422
6156.001000,5.079314,5.081665
6157.001000,5.079650,5.079559
6158.001000,5.078966,5.078816
6159.001000,5.078935,5.079982
6160.001000,5.079299,5.079282
6161.001000,5.079044,5.084304
6162.001000,5.079722,5.081491
6163.001000,5.079881,5.083074
6164.001000,5.080510,5.084149
6165.001000,5.080884,5.083236
6166.001000,5.080916,5.086799
6167.001000,5.080567,5.083012
6168.001000,5.080946,5.085039
6169.001000,5.081164,5.085119
6170.001000,5.081774,5.085146
6171.001000,5.082530,5.084638
6172.001000,5.082427,5.085632
6173.001000,5.082800,5.087832
6174.001000,5.081819,5.086105
6175.001000,5.081910,5.084544
6176.001000,5.081880,5.085413
6177.001000,5.083383,5.085397
6178.001000,5.084539,5.088303
6179.001000,5.084229,5.087403
6180.001000,5.083943,5.085703
6181.001000,5.083914,5.085070
6182.001000,5.084679,5.086417
6183.001000,5.084851,5.087370
6184.001000,5.085578,5.086964
6185.001000,5.085672,5.086480
6186.001000,5.084608,5.086163
6187.001000,5.084702,5.089720
6188.001000,5.083884,5.086249
6189.001000,5.083969,5.086908
6190.001000,5.084185,5.084917
6191.001000,5.083967,5.084911
6192.001000,5.084359,5.088310
6193.001000,5.084688,5.090234
6194.001000,5.084327,5.088352
6195.001000,5.084376,5.083777
6196.001000,5.084876,5.083990
6197.001000,5.085024,5.085635
6198.001000,5.085521,5.083959
6199.001000,5.085082,5.087916
6200.001000,5.084783,5.089157
6201.001000,5.084256,5.083227
6202.001000,5.083583,5.086522
6203.001000,5.083200,5.081695
6204.001000,5.083347,5.085724
6205.001000,5.083054,5.081625
6206.001000,5.083032,5.083601
6207.001000,5.083306,5.083651
6208.001000,5.083612,5.080277
6209.001000,5.082435,5.081610
6210.001000,5.082957,5.081795
6211.001000,5.083872,5.081344
6212.001000,5.083658,5.078316
6213.001000,5.083894,5.081050
6214.001000,5.084331,5.082798
6215.001000,5.085005,5.086492
6216.001000,5.084620,5.084774
6217.001000,5.084737,5.084113
6218.001000,5.084705,5.082917
6219.001000,5.085318,5.084356
6220.001000,5.084980,5.084637
6221.001000,5.085573,5.084258
6222.001000,5.085429,5.085082
6223.001000,5.086203,5.086178
6224.001000,5.085915,5.085843
6225.001000,5.085880,5.089501
6226.001000,5.086443,5.087078
6227.001000,5.086628,5.085556
6228.001000,5.086311,5.087152
6229.001000,5.086268,5.087861
6230.001000,5.086414,5.086744
6231.001000,5.086555,5.086623
6232.001000,5.086652,5.085997
6233.001000,5.087766,5.086281
6234.001000,5.088132,5.081707
6235.001000,5.087046,5.085049
6236.001000,5.087345,5.086425
6237.001000,5.087305,5.086516
6238.001000,5.088360,5.088683
6239.001000,5.088263,5.086513
6240.001000,5.088696,5.085743
6241.001000,5.089069,5.085836
6242.001000,5.088986,5.084620
6243.001000,5.088750,5.085738
6244.001000,5.088314,5.085637
6245.001000,5.087908,5.083784
6246.001000,5.088258,5.086802
6247.001000,5.088792,5.086596
6248.001000,5.089319,5.084141
6249.001000,5.089634,5.086151
6250.001000,5.088030,5.085971
6251.001000,5.088218,5.085347
6252.001000,5.088227,5.086365
6253.001000,5.087226,5.084299
6254.001000,5.086970,5.082487
6255.001000,5.087357,5.086590
6256.001000,5.087165,5.086470
6257.001000,5.088162,5.081984
6258.001000,5.088371,5.085224
6259.001000,5.088426,5.085833
6260.001000,5.088834,5.080775
6261.001000,5.087984,5.084586
6262.001000,5.088281,5.086158
6263.001000,5.089117,5.087216
6264.001000,5.089442,5.086203
6265.001000,5.090056,5.085189
6266.001000,5.090214,5.081687
6267.001000,5.090028,5.081568
6268.001000,5.090092,5.083419
6269.001000,5.090120,5.085983
6270.001000,5.091005,5.083013
6271.001000,5.091023,5.083909
6272.001000,5.091456,5.084478
6273.001000,5.090860,5.087677
6274.001000,5.091409,5.084465
6275.001000,5.091647,5.085551
6276.001000,5.091426,5.086524
6277.001000,5.091100,5.086280
6278.001000,5.091350,5.084711
6279.001000,5.091872,5.086797
6280.001000,5.091994,5.087717
6281.001000,5.092204,5.090127
6282.001000,5.092220,5.088517
6283.001000,5.091628,5.085297
6284.001000,5.092307,5.085213
6285.001000,5.092756,5.088557
6286.001000,5.092289,5.087357
6287.001000,5.093090,5.087084
6288.001000,5.092942,5.085483
6289.001000,5.093976,5.087905
6290.001000,5.092163,5.087817
6291.001000,5.091368,5.090753
6292.001000,5.092166,5.085930
6293.001000,5.092834,5.087908
6294.001000,5.093826,5.088622
6295.001000,5.093375,5.085600
6296.001000,5.093003,5.088838
6297.001000,5.092620,5.086092
6298.001000,5.092440,5.088223
6299.001000,5.092780,5.087781
6300.001000,5.091836,5.087870
6301.001000,5.091637,5.085614
6302.001000,5.091966,5.083623
6303.001000,5.092322,5.086619
6304.001000,5.092121,5.085269
6305.001000,5.092670,5.088597
6306.001000,5.092669,5.085720
6307.001000,5.093519,5.087122
6308.001000,5.093143,5.086130
6309.001000,5.092496,5.085230
6310.001000,5.091742,5.087517
6311.001000,5.091582,5.084362
6312.001000,5.091299,5.082855
6313.001000,5.091985,5.084046
6314.001000,5.092789,5.085082
6315.001000,5.093043,5.082268
6316.001000,5.093613,5.083609
6317.001000,5.094495,5.085082
6318.001000,5.094883,5.086997
6319.001000,5.095161,5.087635
6320.001000,5.094988,5.087028
6321.001000,5.095430,5.087576
6322.001000,5.095309,5.088466
6323.001000,5.094641,5.087287
6324.001000,5.094643,5.089004
6325.001000,5.095006,5.089522
6326.001000,5.095693,5.087844
6327.001000,5.096445,5.087236
6328.001000,5.096406,5.088341
6329.001000,5.096260,5.090121
6330.001000,5.095459,5.086602
6331.001000,5.096136,5.089810
6332.001000,5.095898,5.087954
6333.001000,5.096165,5.089540
6334.001000,5.097091,5.087329
6335.001000,5.097461,5.086481
6336.001000,5.097581,5.086035
6337.001000,5.098213,5.086894
6338.001000,5.097710,5.086673
6339.001000,5.097950,5.090025
6340.001000,5.098501,5.085622
6341.001000,5.097900,5.087967
6342.001000,5.098086,5.090587
6343.001000,5.098248,5.088970
6344.001000,5.098819,5.090686
6345.001000,5.098938,5.091451
6346.001000,5.099177,5.088831
6347.001000,5.099410,5.090721
6348.001000,5.098865,5.088784
6349.001000,5.099245,5.089067
6350.001000,5.099758,5.092450
6351.001000,5.100278,5.090723
6352.001000,5.099872,5.089582
6353.001000,5.099817,5.089334
6354.001000,5.100185,5.091905
6355.001000,5.099869,5.091214
6356.001000,5.100392,5.090228
6357.001000,5.100831,5.091116
6358.001000,5.100932,5.092106
6359.001000,5.100859,5.091194
6360.001000,5.100497,5.094029
6361.001000,5.099730,5.094489
6362.001000,5.099382,5.093532
6363.001000,5.098808,5.096198
6364.001000,5.099063,5.097190
6365.001000,5.099687,5.092112
6366.001000,5.100714,5.091201
6367.001000,5.101302,5.091842
6368.001000,5.101010,5.094071
6369.001000,5.100038,5.093950
6370.001000,5.100552,5.093053
6371.001000,5.100221,5.087936
6372.001000,5.100733,5.091021
6373.001000,5.100310,5.091704
6374.001000,5.099969,5.090966
6375.001000,5.099686,5.092838
6376.001000,5.098696,5.088939
6377.001000,5.099405,5.092185
6378.001000,5.100111,5.089027
6379.001000,5.100638,5.091152
6380.001000,5.100664,5.093061
6381.001000,5.100113,5.086714
6382.001000,5.100271,5.089542
6383.001000,5.100715,5.091336
6384.001000,5.101567,5.089879
6385.001000,5.101363,5.091052
6386.001000,5.101622,5.094037
6387.001000,5.102380,5.091365
6388.001000,5.102182,5.093816
6389.001000,5.103252,5.095789
6390.001000,5.103413,5.091822
6391.001000,5.103674,5.090326
6392.001000,5.103914,5.092725
6393.001000,5.103410,5.089759
6394.001000,5.103113,5.092337
6395.001000,5.103794,5.089430
6396.001000,5.104056,5.091486
6397.001000,5.103038,5.091733
6398.001000,5.102620,5.093041
6399.001000,5.102316,5.094074
6400.001000,5.102833,5.094337
6401.001000,5.103701,5.094622
6402.001000,5.104363,5.096147
6403.001000,5.105040,5.094565
6404.001000,5.104704,5.093544
6405.001000,5.105051,5.095660
6406.001000,5.105388,5.094159
6407.001000,5.106713,5.097051
6408.001000,5.107157,5.096798
6409.001000,5.107196,5.096731
6410.001000,5.107474,5.095105
6411.001000,5.107466,5.096725
6412.001000,5.107237,5.096968
6413.001000,5.107805,5.095303
6414.001000,5.108230,5.095305
6415.001000,5.107641,5.095898
6416.001000,5.107476,5.096873
6417.001000,5.107858,5.096557
6418.001000,5.107993,5.095183
6419.001000,5.108192,5.094530
6420.001000,5.107561,5.095204
6421.001000,5.107311,5.091598
6422.001000,5.107411,5.094935
6423.001000,5.107144,5.096125
6424.001000,5.107830,5.098322
6425.001000,5.107557,5.094125
6426.001000,5.107798,5.095619
6427.001000,5.108376,5.097022
6428.001000,5.108576,5.095520
6429.001000,5.107917,5.095491
6430.001000,5.107173,5.092325
6431.001000,5.106292,5.096180
6432.001000,5.107092,5.097860
6433.001000,5.107010,5.098214
6434.001000,5.107264,5.093831
6435.001000,5.107264,5.096274
6436.001000,5.107869,5.097383
6437.001000,5.108400,5.094320
6438.001000,5.108538,5.094497
6439.001000,5.108577,5.094918
6440.001000,5.108590,5.095539
6441.001000,5.109367,5.097641
6442.001000,5.109741,5.097389
6443.001000,5.109018,5.095607
6444.001000,5.109626,5.096324
6445.001000,5.108843,5.095889
6446.001000,5.109301,5.096907
6447.001000,5.110031,5.099219
6448.001000,5.110462,5.099684
6449.001000,5.110730,5.100870
6450.001000,5.109643,5.099539
6451.001000,5.110480,5.099322
6452.001000,5.110999,5.100444
6453.001000,5.111930,5.100455
6454.001000,5.112167,5.101774
6455.001000,5.111928,5.098961
6456.001000,5.110820,5.099180
6457.001000,5.110537,5.101115
6458.001000,5.111210,5.100582
6459.001000,5.112322,5.099875
6460.001000,5.112816,5.100827
6461.001000,5.113333,5.100470
6462.001000,5.113270,5.100263
6463.001000,5.112700,5.097811
6464.001000,5.112086,5.096593
6465.001000,5.112642,5.098386
6466.001000,5.112772,5.100455
6467.001000,5.112941,5.098592
6468.001000,5.113504,5.098118
6469.001000,5.113325,5.101091
6470.001000,5.113743,5.100273
6471.001000,5.114090,5.100620
6472.001000,5.114031,5.098641
6473.001000,5.113628,5.100345
6474.001000,5.113961,5.097473
6475.001000,5.114555,5.098054
6476.001000,5.113846,5.097441
6477.001000,5.113494,5.095391
6478.001000,5.113819,5.098903
6479.001000,5.113418,5.097617
6480.001000,5.113133,5.099518
6481.001000,5.114260,5.098665
6482.001000,5.115051,5.102305
6483.001000,5.116020,5.098573
6484.001000,5.116028,5.100430
6485.001000,5.116767,5.098043
6486.001000,5.116345,5.098482
6487.001000,5.115912,5.098686
6488.001000,5.116339,5.094247
6489.001000,5.116071,5.096929
6490.001000,5.116517,5.096113
6491.001000,5.116307,5.098829
6492.001000,5.117424,5.097972
6493.001000,5.116889,5.103179
6494.001000,5.116129,5.097672
6495.001000,5.116799,5.095964
6496.001000,5.117417,5.099896
6497.001000,5.117604,5.098272
6498.001000,5.117580,5.098740
6499.001000,5.117410,5.103314
6500.001000,5.117826,5.102615
6501.001000,5.117515,5.103928
6502.001000,5.117473,5.104312
6503.001000,5.117048,5.103665
6504.001000,5.117948,5.101119
6505.001000,5.119097,5.103140
6506.001000,5.118478,5.101347
6507.001000,5.119041,5.104061
6508.001000,5.119135,5.101636
6509.001000,5.118719,5.102932
6510.001000,5.117491,5.102412
6511.001000,5.118202,5.103332
6512.001000,5.119564,5.104728
6513.001000,5.119677,5.099598
6514.001000,5.120030,5.104552
6515.001000,5.120402,5.102433
6516.001000,5.121404,5.102365
6517.001000,5.120711,5.103843
6518.001000,5.121242,5.104487
6519.001000,5.121425,5.103067
6520.001000,5.121523,5.104019
6521.001000,5.121605,5.102829
6522.001000,5.122367,5.103795
6523.001000,5.122137,5.103970
6524.001000,5.121959,5.101255
6525.001000,5.120459,5.106005
6526.001000,5.120921,5.106647
6527.001000,5.121762,5.108884
6528.001000,5.121519,5.103502
6529.001000,5.122016,5.103406
6530.001000,5.120913,5.103683
6531.001000,5.121115,5.101744
6532.001000,5.120819,5.102690
6533.001000,5.120141,5.102554
6534.001000,5.120285,5.104210
6535.001000,5.120459,5.104667
6536.001000,5.120379,5.103760
6537.001000,5.120199,5.102513
6538.001000,5.119820,5.100877
6539.001000,5.120147,5.100698
6540.001000,5.119627,5.102598
6541.001000,5.120005,5.101608
6542.001000,5.119396,5.100518
6543.001000,5.120305,5.101483
6544.001000,5.120773,5.103998
6545.001000,5.120602,5.103654
6546.001000,5.120707,5.102279
6547.001000,5.120898,5.101477
6548.001000,5.120064,5.104170
6549.001000,5.119521,5.103395
6550.001000,5.120105,5.104941
6551.001000,5.120424,5.101819
6552.001000,5.121580,5.101765
6553.001000,5.121609,5.104578
6554.001000,5.121987,5.104088
6555.001000,5.121429,5.105965
6556.001000,5.121928,5.102588
6557.001000,5.122164,5.103552
6558.001000,5.122034,5.103111
6559.001000,5.122447,5.102055
6560.001000,5.122228,5.101895
6561.001000,5.122823,5.105335
6562.001000,5.123252,5.104514
6563.001000,5.123716,5.106282
6564.001000,5.123842,5.108923
6565.001000,5.124225,5.107150
6566.001000,5.123445,5.107501
6567.001000,5.123500,5.107416
6568.001000,5.123662,5.105604
6569.001000,5.123881,5.104297
6570.001000,5.124079,5.105349
6571.001000,5.124714,5.101694
6572.001000,5.124410,5.106696
6573.001000,5.125067,5.106903
6574.001000,5.125236,5.107017
6575.001000,5.125024,5.109584
6576.001000,5.125478,5.108136
6577.001000,5.126034,5.107669
6578.001000,5.125992,5.104109
6579.001000,5.125607,5.103611
6580.001000,5.126011,5.105896
6581.001000,5.126269,5.103908
6582.001000,5.126351,5.104857
6583.001000,5.125984,5.105508
6584.001000,5.125262,5.105968
6585.001000,5.125670,5.105223
6586.001000,5.125666,5.107875
6587.001000,5.125282,5.105755
6588.001000,5.125121,5.104298
6589.001000,5.125498,5.104120
6590.001000,5.125302,5.107289
6591.001000,5.124133,5.107398
6592.001000,5.124306,5.108162
6593.001000,5.124550,5.107439
6594.001000,5.124635,5.106620
6595.001000,5.125499,5.106733
6596.001000,5.125918,5.106503
6597.001000,5.126507,5.111310
6598.001000,5.126445,5.109245
6599.001000,5.126339,5.107897
6600.001000,5.126728,5.106271
6601.001000,5.127716,5.106034
6602.001000,5.127245,5.106332
6603.001000,5.128605,5.110181
6604.001000,5.129148,5.109135
6605.001000,5.127815,5.109409
6606.001000,5.127851,5.110868
6607.001000,5.128529,5.111704
6608.001000,5.129308,5.113546
6609.001000,5.129767,5.112377
6610.001000,5.128411,5.110630
6611.001000,5.129203,5.108907
6612.001000,5.129103,5.109155
6613.001000,5.130049,5.107169
6614.001000,5.130972,5.110001
6615.001000,5.130819,5.109463
6616.001000,5.130436,5.111616
6617.001000,5.128536,5.107645
6618.001000,5.129249,5.108508
6619.001000,5.130261,5.113522
6620.001000,5.130868,5.109423
6621.001000,5.129757,5.109333
6622.001000,5.129051,5.109485
6623.001000,5.128868,5.111089
6624.001000,5.128939,5.110617
6625.001000,5.128822,5.108171
6626.001000,5.128617,5.108171
6627.001000,5.128851,5.108845
6628.001000,5.128274,5.107242
6629.001000,5.128336,5.109000
6630.001000,5.127682,5.105004
6631.001000,5.127965,5.105491
6632.001000,5.129029,5.104491
6633.001000,5.128556,5.103002
6634.001000,5.128344,5.103983
6635.001000,5.128086,5.105041
6636.001000,5.128843,5.103802
6637.001000,5.129130,5.107610
6638.001000,5.129178,5.107633
6639.001000,5.129038,5.107079
6640.001000,5.129746,5.107699
6641.001000,5.129479,5.109250
6642.001000,5.129687,5.107514
6643.001000,5.129724,5.106474
6644.001000,5.130185,5.108569
6645.001000,5.130646,5.109213
6646.001000,5.131438,5.107778
6647.001000,5.130369,5.109135
6648.001000,5.131059,5.109906
6649.001000,5.131281,5.109734
6650.001000,5.132054,5.109967
6651.001000,5.131452,5.112358
6652.001000,5.131849,5.106833
6653.001000,5.132642,5.109709
6654.001000,5.132399,5.107014
6655.001000,5.132627,5.109370
6656.001000,5.133245,5.111197
6657.001000,5.132498,5.109113
6658.001000,5.132747,5.105695
6659.001000,5.132768,5.109172
6660.001000,5.131959,5.107540
6661.001000,5.132226,5.107080
6662.001000,5.132814,5.107166
6663.001000,5.132818,5.103456
6664.001000,5.132947,5.104157
6665.001000,5.133369,5.109168
6666.001000,5.132649,5.106899
6667.001000,5.133235,5.104812
6668.001000,5.133186,5.106435
6669.001000,5.133534,5.106963
6670.001000,5.133393,5.105214
6671.001000,5.133615,5.103485
6672.001000,5.134237,5.106403
6673.001000,5.133085,5.103685
6674.001000,5.132427,5.104915
6675.001000,5.132289,5.105731
6676.001000,5.132089,5.105724
6677.001000,5.131663,5.105720
6678.001000,5.132412,5.102860
6679.001000,5.132061,5.103809
6680.001000,5.132063,5.104811
6681.001000,5.131814,5.107555
6682.001000,5.132253,5.105948
6683.001000,5.132506,5.105546
6684.001000,5.132595,5.107563
6685.001000,5.133414,5.104990
6686.001000,5.134124,5.105931
6687.001000,5.134789,5.105586
6688.001000,5.135085,5.105992
6689.001000,5.135485,5.103054
6690.001000,5.136081,5.105388
6691.001000,5.136768,5.107245
6692.001000,5.137186,5.109343
6693.001000,5.137631,5.106971
6694.001000,5.138135,5.106869
6695.001000,5.137999,5.108340
6696.001000,5.137358,5.108994
6697.001000,5.137073,5.110815
6698.001000,5.136926,5.107866
6699.001000,5.137309,5.108100
6700.001000,5.138454,5.109425
6701.001000,5.137946,5.111882
6702.001000,5.137085,5.110351
6703.001000,5.136476,5.108527
6704.001000,5.136179,5.108102
6705.001000,5.136705,5.110827
6706.001000,5.137762,5.109285
6707.001000,5.137687,5.108464
6708.001000,5.138343,5.109134
6709.001000,5.137876,5.113151
6710.001000,5.138656,5.111887
6711.001000,5.137027,5.110135
6712.001000,5.136732,5.110055
6713.001000,5.137682,5.110606
6714.001000,5.138150,5.106994
42506.384000,5.138224,5.110065
42506.384000,5.138848,5.105270
42506.384000,5.138085,5.107912
42506.384000,5.137516,5.109373
42506.384000,5.137162,5.110160
42506.384000,5.137078,5.108054
42506.384000,5.137147,5.105443
42506.384000,5.137177,5.108473
42506.384000,5.136133,5.107852
42506.384000,5.136054,5.107758
42506.384000,5.136797,5.104659
42506.384000,5.136617,5.106568
42506.384000,5.136044,5.103892
42506.384000,5.135564,5.106416
42506.384000,5.136033,5.108656
42506.384000,5.136202,5.105981
42506.384000,5.137018,5.106500
42506.384000,5.137440,5.107649
42506.384000,5.138259,5.107468
42506.384000,5.138388,5.105925
42506.384000,5.138070,5.105436
42506.384000,5.138747,5.103373
42506.384000,5.139273,5.104827
42506.384000,5.139148,5.106285
42506.384000,5.139716,5.106273
42506.384000,5.139152,5.105467
42506.384000,5.139709,5.109254
42506.384000,5.140333,5.113174
42506.384000,5.140757,5.113245
42506.384000,5.140963,5.113110
42506.384000,5.141289,5.111594
42506.384000,5.141848,5.110991
42506.384000,5.142161,5.112337
42506.384000,5.141142,5.112978
42506.384000,5.141536,5.112809
42506.384000,5.141160,5.111435
42506.384000,5.140482,5.113187
42506.384000,5.141218,5.112233
42506.384000,5.142725,5.115084
42506.384000,5.143091,5.114709
42506.384000,5.141612,5.110783
42506.384000,5.141959,5.111821
42506.384000,5.141824,5.112558
42506.384000,5.142635,5.113690
42506.384000,5.143281,5.112155
42506.384000,5.143414,5.114186
42506.384000,5.144174,5.108979
42506.384000,5.145123,5.111098
42506.384000,5.145632,5.115154
42506.384000,5.143824,5.112856
42506.384000,5.144243,5.110053
42506.384000,5.144157,5.111370
42506.384000,5.144158,5.112594
42506.384000,5.144431,5.112228
42506.384000,5.144608,5.111682
42506.384000,5.145721,5.114315
42506.384000,5.145390,5.114573
42506.384000,5.144855,5.113159
42506.384000,5.144468,5.114284
42506.384000,5.144127,5.109436
42506.384000,5.143156,5.113072
42506.384000,5.143251,5.114083
42506.384000,5.142498,5.113140
42506.384000,5.143830,5.112583
42506.384000,5.144666,5.112888
42506.384000,5.144931,5.113357
42506.384000,5.145196,5.112884
42506.384000,5.145096,5.114159
42506.384000,5.144462,5.111911
42506.384000,5.144027,5.115815
42506.384000,5.142894,5.111137
42506.384000,5.142393,5.111068
42506.384000,5.142451,5.112450
42506.384000,5.142777,5.110692
42506.384000,5.143963,5.115217
42506.384000,5.144510,5.113175
42506.384000,5.144705,5.112810
42506.384000,5.144088,5.113822
42506.384000,5.143902,5.113499
42506.384000,5.143639,5.112585
42506.384000,5.143781,5.111012
42506.384000,5.144012,5.112035
42506.384000,5.144194,5.111165
42506.384000,5.145041,5.110449
42506.384000,5.145612,5.113888
42506.384000,5.145425,5.115087
42506.384000,5.144648,5.115160
42506.384000,5.144743,5.112774
42506.384000,5.144778,5.113583
42506.384000,5.145496,5.112463
42506.384000,5.145564,5.114602
42506.384000,5.145755,5.115141
42506.384000,5.146384,5.113013
42506.384000,5.146174,5.112305
42506.384000,5.146824,5.112488
42506.384000,5.146919,5.110290
42506.384000,5.147569,5.112212
42506.384000,5.148259,5.113525
42506.384000,5.147951,5.113574
42506.384000,5.147129,5.110746
42506.384000,5.147564,5.113293
42506.384000,5.148471,5.111406
42506.384000,5.148949,5.112259
42506.384000,5.149100,5.112938
42506.384000,5.149446,5.113024
42506.384000,5.149537,5.112736
42506.384000,5.149012,5.111901
42506.384000,5.148068,5.112585
42506.384000,5.147673,5.114839
42506.384000,5.147698,5.114222
42506.384000,5.147821,5.112842
42506.384000,5.147240,5.112955
42506.384000,5.147904,5.111372
42506.384000,5.147489,5.113590
42506.384000,5.147005,5.113878
42506.384000,5.146882,5.110502
42506.384000,5.146792,5.113173
42506.384000,5.146673,5.112684
42506.384000,5.146728,5.113651
42506.384000,5.146282,5.112363
42506.384000,5.146476,5.113598
42506.384000,5.147270,5.111689
42506.384000,5.148031,5.110945
42506.384000,5.147701,5.114405
42506.384000,5.148217,5.113564
42506.384000,5.147697,5.112424
42506.384000,5.147492,5.114045
42506.384000,5.148514,5.115073
42506.384000,5.149032,5.114210
42506.384000,5.149029,5.115381
42506.384000,5.148607,5.114507
42506.384000,5.149277,5.113925
42506.384000,5.149365,5.115117
42506.384000,5.149404,5.112392
42506.384000,5.149129,5.111862
42506.384000,5.149782,5.114905
42506.384000,5.150764,5.113689
42506.384000,5.151284,5.114811
42506.384000,5.149644,5.115869
42506.384000,5.149970,5.115654
42506.384000,5.150610,5.113497
42506.384000,5.150418,5.113641
42506.384000,5.150276,5.113341
42506.384000,5.150892,5.113588
42506.384000,5.151552,5.113772
42506.384000,5.152326,5.113587
42506.384000,5.151900,5.114467
42506.384000,5.151699,5.116955
42506.384000,5.152116,5.113433
42506.384000,5.151991,5.115698
42506.384000,5.151418,5.116114
42506.384000,5.152190,5.114223
42506.384000,5.152551,5.114930
42506.384000,5.152385,5.114435
42506.384000,5.152817,5.116691
42506.384000,5.152570,5.114467
42506.384000,5.152770,5.117403
42506.384000,5.152544,5.118561
42506.384000,5.151752,5.118231
42506.384000,5.152330,5.114857
42506.384000,5.151817,5.115214
42506.384000,5.151544,5.117980
42506.384000,5.151556,5.115175
42506.384000,5.151893,5.119663
42506.384000,5.151840,5.117949
42506.384000,5.152074,5.120138
42506.384000,5.152940,5.117671
42506.384000,5.153433,5.116831
42506.384000,5.153715,5.115308
42506.384000,5.153381,5.119132
42506.384000,5.152928,5.117688
42506.384000,5.152849,5.115404
42506.384000,5.153389,5.118421
42506.384000,5.153417,5.114879
42506.384000,5.154089,5.114946
42506.384000,5.154213,5.114741
42506.384000,5.154116,5.115156
42506.384000,5.153626,5.115331
42506.384000,5.153898,5.115666
42506.384000,5.153912,5.114202
42506.384000,5.154361,5.117057
42506.384000,5.155071,5.118538
42506.384000,5.155234,5.119349
42506.384000,5.155462,5.119374
42506.384000,5.155444,5.115182
42506.384000,5.155454,5.117352
42506.384000,5.156192,5.115620
42506.384000,5.156039,5.114126
42506.384000,5.156201,5.119397
42506.384000,5.156109,5.116734
42506.384000,5.156383,5.115256
42506.384000,5.157124,5.116652
42506.384000,5.157364,5.119757
42506.384000,5.157706,5.121018
42506.384000,5.157930,5.120890
42506.384000,5.158018,5.119932
42506.384000,5.157888,5.120352
42506.384000,5.158017,5.122015
42506.384000,5.158068,5.119210
42506.384000,5.158584,5.120993
42506.384000,5.158480,5.123484
42506.384000,5.158681,5.116870
42506.384000,5.159022,5.118553
42506.384000,5.159003,5.117701
42506.384000,5.159304,5.116788
42506.384000,5.158765,5.117957
42506.384000,5.158836,5.119998
42506.384000,5.158556,5.115820
42506.384000,5.157756,5.120269
42506.384000,5.157425,5.117726
42506.384000,5.157609,5.116955
42506.384000,5.157601,5.119654
42506.384000,5.156636,5.118898
42506.384000,5.156626,5.120086
42506.384000,5.156567,5.120437
42506.384000,5.156763,5.116722
42506.384000,5.156824,5.120120
42506.384000,5.157098,5.118429
42506.384000,5.156019,5.120216
42506.384000,5.156477,5.122436
42506.384000,5.156004,5.120315
42506.384000,5.156346,5.121020
42506.384000,5.157033,5.117864
42506.384000,5.157476,5.119811
42506.384000,5.157803,5.118516
42506.384000,5.158340,5.117346
42506.384000,5.157786,5.115255
42506.384000,5.157673,5.118676
42506.384000,5.157898,5.118156
42506.384000,5.158571,5.114828
42506.384000,5.158521,5.118347
42506.384000,5.158490,5.117419
42506.384000,5.159035,5.120307
42506.384000,5.158907,5.120133
42506.384000,5.159135,5.119606
42506.384000,5.159032,5.117906
42506.384000,5.159567,5.119071
42506.384000,5.159926,5.119881
42506.384000,5.160566,5.122217
42506.384000,5.160880,5.120310
42506.384000,5.160954,5.120444
42506.384000,5.161626,5.122605
42506.384000,5.161661,5.119785
42506.384000,5.161685,5.121068
42506.384000,5.161892,5.121006
42506.384000,5.162223,5.121078
42506.384000,5.161192,5.119455
42506.384000,5.160698,5.120573
42506.384000,5.161188,5.121062
42506.384000,5.161216,5.118371
42506.384000,5.160888,5.121516
42506.384000,5.161288,5.118833
42506.384000,5.161562,5.120773
42506.384000,5.162327,5.123399
42506.384000,5.163010,5.124570
42506.384000,5.163564,5.122049
42506.384000,5.163003,5.121791
42506.384000,5.163116,5.123212
42506.384000,5.163450,5.122185
42506.384000,5.163365,5.121058
42506.384000,5.163463,5.123032
42506.384000,5.164159,5.122172
42506.384000,5.163736,5.125171
42506.384000,5.163125,5.125070
42506.384000,5.162628,5.126341
42506.384000,5.162748,5.127564
42506.384000,5.163194,5.124744
42506.384000,5.163893,5.123622
42506.384000,5.164697,5.125107
42506.384000,5.164870,5.124166
42506.384000,5.165146,5.126494
42506.384000,5.164310,5.126149
42506.384000,5.164761,5.126585
42506.384000,5.165140,5.128547
42506.384000,5.165514,5.125804
42506.384000,5.165766,5.122610
42506.384000,5.165172,5.123930
42506.384000,5.165657,5.125512
42506.384000,5.165806,5.124424
42506.384000,5.165419,5.126446
42506.384000,5.164459,5.128258
42506.384000,5.164062,5.125417
42506.384000,5.164470,5.127381
42506.384000,5.164550,5.122388
42506.384000,5.165203,5.123727
42506.384000,5.165323,5.123894
42506.384000,5.164978,5.126405
42506.384000,5.164106,5.124458
42506.384000,5.164410,5.126318
42506.384000,5.164231,5.121011
42506.384000,5.164787,5.123918
42506.384000,5.165039,5.123623
42506.384000,5.165543,5.122792
42506.384000,5.166453,5.120512
42506.384000,5.166085,5.124139
42506.384000,5.166637,5.121501
42506.384000,5.166079,5.122665
42506.384000,5.164850,5.124984
42506.384000,5.165101,5.122091
42506.384000,5.164642,5.124818
42506.384000,5.165941,5.126455
42506.384000,5.165972,5.125077
42506.384000,5.166804,5.125012
42506.384000,5.166703,5.122443
42506.384000,5.167182,5.121460
42506.384000,5.167381,5.122326
42506.384000,5.167446,5.123523
42506.384000,5.167211,5.126557
42506.384000,5.167216,5.125877
42506.384000,5.167277,5.124252
42506.384000,5.167718,5.126892
42506.384000,5.167772,5.122355
42506.384000,5.168382,5.124405
42506.384000,5.167986,5.122915
42506.384000,5.167802,5.127062
42506.384000,5.167817,5.123429
42506.384000,5.168165,5.123950
42506.384000,5.168944,5.124868
42506.384000,5.168927,5.125469
42506.384000,5.169722,5.124336
42506.384000,5.170480,5.126782
42506.384000,5.170130,5.126340
42506.384000,5.170057,5.127781
42506.384000,5.170648,5.125170
42506.384000,5.170298,5.124845
42506.384000,5.170491,5.124427
42506.384000,5.170862,5.125441
42506.384000,5.171386,5.127741
42506.384000,5.170748,5.125489
42506.384000,5.169876,5.126875
42506.384000,5.170064,5.127081
42506.384000,5.170721,5.127279
42506.384000,5.169250,5.124929
42506.384000,5.169602,5.126919
42506.384000,5.169977,5.127946
42506.384000,5.170786,5.123722
42506.384000,5.170665,5.124903
42506.384000,5.170097,5.120529
42506.384000,5.169812,5.120547
42506.384000,5.170176,5.121925
42506.384000,5.169577,5.123834
42506.384000,5.168818,5.124486
42506.384000,5.169195,5.124206
42506.384000,5.169634,5.125101
42506.384000,5.169997,5.124575
42506.384000,5.169449,5.122903
42506.384000,5.169959,5.120375
42506.384000,5.169905,5.122478
42506.384000,5.169902,5.120616
42506.384000,5.169074,5.121886
42506.384000,5.168757,5.124081
42506.384000,5.168741,5.122923
42506.384000,5.169564,5.125444
42506.384000,5.169903,5.122053
42506.384000,5.170482,5.124505
42506.384000,5.170962,5.124955
42506.384000,5.170680,5.126256
42506.384000,5.171389,5.126352
42506.384000,5.171817,5.125439
42506.384000,5.171638,5.123609
42506.384000,5.171479,5.125380
42506.384000,5.171940,5.125569
42506.384000,5.170623,5.125920
42506.384000,5.170883,5.128703
42506.384000,5.171394,5.128818
42506.384000,5.171538,5.124349
42506.384000,5.171872,5.122275
42506.384000,5.171900,5.124141
42506.384000,5.172027,5.126035
42506.384000,5.172782,5.124054
42506.384000,5.173463,5.123715
42506.384000,5.173757,5.127556
42506.384000,5.172379,5.125088
42506.384000,5.172243,5.126962
42506.384000,5.172005,5.124179
42506.384000,5.172530,5.124874
42506.384000,5.173754,5.126327
42506.384000,5.174367,5.126154
42506.384000,5.174339,5.130275
42506.384000,5.173932,5.129761
42506.384000,5.174724,5.130829
42506.384000,5.174120,5.128201
42506.384000,5.173757,5.128007
42506.384000,5.173444,5.128637
42506.384000,5.173729,5.129454
42506.384000,5.174663,5.128190
42506.384000,5.175406,5.130513
42506.384000,5.175058,5.130285
42506.384000,5.175624,5.128373
42506.384000,5.175639,5.125900
42506.384000,5.175667,5.127490
42506.384000,5.176333,5.127966
42506.384000,5.175622,5.131151
42506.384000,5.175613,5.129057
42506.384000,5.176302,5.131721
42506.384000,5.176366,5.127049
42506.384000,5.176824,5.130079
42506.384000,5.176784,5.127613
42506.384000,5.176614,5.129854
42506.384000,5.176910,5.132628
42506.384000,5.176245,5.131703
42506.384000,5.177304,5.129064
42506.384000,5.177361,5.128529
42506.384000,5.177768,5.128194
42506.384000,5.175960,5.131442
42506.384000,5.176338,5.131177
42506.384000,5.176969,5.129652
42506.384000,5.176649,5.125789
42506.384000,5.176431,5.127513
42506.384000,5.175697,5.124476
42506.384000,5.175883,5.124395
42506.384000,5.176267,5.125216
42506.384000,5.176853,5.126635
42506.384000,5.177128,5.125822
42506.384000,5.176587,5.127733
42506.384000,5.176798,5.128199
42506.384000,5.176532,5.128398
42506.384000,5.176312,5.126654
42506.384000,5.176928,5.127227
42506.384000,5.177337,5.127427
42506.384000,5.177515,5.127738
42506.384000,5.177976,5.127671
42506.384000,5.177899,5.123267
42506.384000,5.177629,5.126265
42506.384000,5.177306,5.126122
42506.384000,5.177194,5.124493
42506.384000,5.177868,5.128695
42506.384000,5.178256,5.128105
42506.384000,5.178683,5.125002
42506.384000,5.178184,5.126090
42506.384000,5.177344,5.128436
42506.384000,5.176495,5.127762
42506.384000,5.177821,5.123135
42506.384000,5.178438,5.123239
42506.384000,5.178630,5.125093
42506.384000,5.178981,5.124820
42506.384000,5.179050,5.123164
42506.384000,5.178839,5.126556
42506.384000,5.178552,5.125964
42506.384000,5.179033,5.124517
42506.384000,5.179317,5.127592
42506.384000,5.179487,5.128791
42506.384000,5.179794,5.129713
42506.384000,5.180139,5.129577
42506.384000,5.179800,5.128014
42506.384000,5.178964,5.130555
42506.384000,5.178770,5.130143
42506.384000,5.178962,5.132573
42506.384000,5.178499,5.127971
42506.384000,5.178609,5.130037
42506.384000,5.179144,5.130387
42506.384000,5.179540,5.129630
42506.384000,5.179618,5.129238
42506.384000,5.179734,5.129320
42506.384000,5.179758,5.127910
42506.384000,5.180207,5.130341
42506.384000,5.179968,5.130827
42506.384000,5.180792,5.127188
42506.384000,5.181444,5.131665
42506.384000,5.181867,5.127372
42506.384000,5.181053,5.129395
42506.384000,5.180930,5.129461
42506.384000,5.180758,5.127127
42506.384000,5.180302,5.130878
42506.384000,5.180815,5.126885
42506.384000,5.180426,5.128693
42506.384000,5.180993,5.128923
42506.384000,5.181098,5.130709
42506.384000,5.181325,5.127702
42506.384000,5.181690,5.125841
42506.384000,5.181749,5.126361
42506.384000,5.181591,5.127399
42506.384000,5.181248,5.130742
42506.384000,5.181072,5.129237
42506.384000,5.181493,5.128343
42506.384000,5.181371,5.129150
42506.384000,5.181260,5.129924
42506.384000,5.180582,5.128406
42506.384000,5.180489,5.125612
42506.384000,5.180128,5.128124
42506.384000,5.179329,5.128453
42506.384000,5.179795,5.127294
42506.384000,5.180096,5.129160
42506.384000,5.179421,5.129938
42506.384000,5.180002,5.128917
42506.384000,5.180488,5.128586
42506.384000,5.181017,5.129040
42506.384000,5.181439,5.130393
42506.384000,5.181381,5.128408
42506.384000,5.180994,5.132014
42506.384000,5.181832,5.130238
42506.384000,5.181830,5.131815
42506.384000,5.181239,5.130460
42506.384000,5.181237,5.128507
42506.384000,5.180257,5.131474
42506.384000,5.180261,5.129540
42506.384000,5.180011,5.129708
42506.384000,5.180511,5.129099
42506.384000,5.181228,5.127813
42506.384000,5.182211,5.131732
42506.384000,5.182652,5.129492
42506.384000,5.183247,5.131864
42506.384000,5.183243,5.130661
42506.384000,5.183890,5.133854
42506.384000,5.183541,5.135487
42506.384000,5.183533,5.131256
42506.384000,5.183938,5.128116
42506.384000,5.184200,5.129421
42506.384000,5.184382,5.125774
42506.384000,5.184120,5.127981
42506.384000,5.184288,5.128936
42506.384000,5.184609,5.130929
42506.384000,5.184661,5.131716
42506.384000,5.184465,5.136317
42506.384000,5.184960,5.131223
42506.384000,5.185419,5.132637
42506.384000,5.185453,5.133794
42506.384000,5.185755,5.134111
42506.384000,5.186193,5.134933
42506.384000,5.185874,5.132305
42506.384000,5.184674,5.131968
42506.384000,5.183831,5.131780
42506.384000,5.184143,5.130142
42506.384000,5.184626,5.127896
42506.384000,5.184252,5.130888
42506.384000,5.184145,5.127822
42506.384000,5.184386,5.129917
42506.384000,5.183961,5.129297
42506.384000,5.184488,5.129326
42506.384000,5.184099,5.129353
42506.384000,5.184136,5.129899
42506.384000,5.184939,5.128886
42506.384000,5.185489,5.131124
42506.384000,5.184268,5.128856
42506.384000,5.183117,5.129126
42506.384000,5.183500,5.132344
42506.384000,5.183076,5.130115
42506.384000,5.183145,5.132198
42506.384000,5.183745,5.129392
42506.384000,5.184386,5.128201
42506.384000,5.184296,5.126567
42506.384000,5.184410,5.130837
42506.384000,5.185205,5.129255
42506.384000,5.184678,5.128947
42506.384000,5.183454,5.130611
42506.384000,5.182957,5.128481
42506.384000,5.183771,5.133359
42506.384000,5.183636,5.131944
42506.384000,5.184221,5.132161
42506.384000,5.184674,5.134148
42506.384000,5.184431,5.132252
42506.384000,5.184800,5.132724
42506.384000,5.185305,5.131360
42506.384000,5.185370,5.131906
42506.384000,5.185904,5.134124
42506.384000,5.185023,5.132569
42506.384000,5.185736,5.136561
42506.384000,5.186133,5.133911
42506.384000,5.186645,5.133549
42506.384000,5.186743,5.133941
42506.384000,5.187143,5.136628
42506.384000,5.187104,5.138720
42506.384000,5.187966,5.139500
42506.384000,5.188130,5.142055
42506.384000,5.188404,5.145556
42506.384000,5.188393,5.136364
42506.384000,5.188451,5.136098
42506.384000,5.188964,5.135193
42506.384000,5.189182,5.132070
42506.384000,5.188904,5.134819
42506.384000,5.188965,5.134905
42506.384000,5.188785,5.134831
42506.384000,5.188828,5.137650
42506.384000,5.189124,5.138112
42506.384000,5.189320,5.136535
42506.384000,5.188778,5.138043
42506.384000,5.188726,5.143684
42506.384000,5.189664,5.150254
42506.384000,5.190422,5.146791
42506.384000,5.190371,5.141414
42506.384000,5.189581,5.149607
42506.384000,5.189637,5.150217
42506.384000,5.189096,5.150353
42506.384000,5.188486,5.150943
42506.384000,5.188781,5.147737
42506.384000,5.188806,5.147007
42506.384000,5.188491,5.147606
42506.384000,5.188693,5.144805
42506.384000,5.188605,5.146177
42506.384000,5.189402,5.141517
42506.384000,5.190100,5.146500
42506.384000,5.189753,5.149794
42506.384000,5.189298,5.147399
42506.384000,5.188526,5.140080
42506.384000,5.189391,5.141149
42506.384000,5.190130,5.144731
42506.384000,5.190295,5.145338
42506.384000,5.189745,5.145837
42506.384000,5.189132,5.147485
42506.384000,5.190045,5.147533
42506.384000,5.190936,5.149746
42506.384000,5.192004,5.140297
42506.384000,5.192445,5.145667
42506.384000,5.192000,5.144989
42506.384000,5.192681,5.150017
42506.384000,5.192352,5.146619
42506.384000,5.193669,5.140420
42506.384000,5.194516,5.139148
42506.384000,5.195289,5.138528
42506.384000,5.195239,5.138325
42506.384000,5.196106,5.139119
42506.384000,5.195045,5.140190
42506.384000,5.195701,5.146207
42506.384000,5.194420,5.150893
42506.384000,5.193629,5.145760
42506.384000,5.194232,5.146695
42506.384000,5.194429,5.140428
42506.384000,5.195678,5.135200
42506.384000,5.196590,5.133958
42506.384000,5.197022,5.135403
42506.384000,5.197679,5.138500
42506.384000,5.197965,5.137484
42506.384000,5.196314,5.137639
42506.384000,5.195877,5.137084
42506.384000,5.196762,5.138350
42506.384000,5.197544,5.133158
42506.384000,5.198493,5.135747
42506.384000,5.198481,5.135716
42506.384000,5.199090,5.136755
42506.384000,5.198269,5.137332
42506.384000,5.198826,5.135890
42506.384000,5.198804,5.134129
42506.384000,5.199621,5.135777
42506.384000,5.199992,5.136553
42506.384000,5.198973,5.135458
42506.384000,5.198911,5.135955
42506.384000,5.198363,5.137579
42506.384000,5.198780,5.138700
42506.384000,5.199133,5.137551
42506.384000,5.200136,5.138107
42506.384000,5.199583,5.136911
42506.384000,5.199479,5.141422
42506.384000,5.199423,5.141119
42506.384000,5.198154,5.139986
42506.384000,5.197633,5.141217
42506.384000,5.198430,5.140980
42506.384000,5.199466,5.132413
42506.384000,5.200314,5.137120
42506.384000,5.200170,5.136813
42506.384000,5.199759,5.137783
42506.384000,5.199409,5.135471
42506.384000,5.199727,5.139964
42506.384000,5.199580,5.137127
42506.384000,5.199907,5.139678
42506.384000,5.200397,5.138527
42506.384000,5.201059,5.139399
42506.384000,5.201069,5.137314
42506.384000,5.200507,5.137597
42506.384000,5.199557,5.138776
42506.384000,5.199671,5.140938
42506.384000,5.199959,5.139429
42506.384000,5.200031,5.135811
42506.384000,5.201062,5.136316
42506.384000,5.201742,5.135318
42506.384000,5.202144,5.135826
42506.384000,5.202658,5.137818
42506.384000,5.202685,5.136331
42506.384000,5.202538,5.136495
42506.384000,5.203066,5.136941
42506.384000,5.203729,5.138686
42506.384000,5.203670,5.136063
42506.384000,5.204082,5.138109
42506.384000,5.203910,5.135738
42506.384000,5.203947,5.136617
42506.384000,5.204427,5.139153
42506.384000,5.203972,5.142250
42506.384000,5.204136,5.139431
42506.384000,5.203856,5.137896
42506.384000,5.204687,5.140198
42506.384000,5.204960,5.139092
42506.384000,5.205534,5.138956
42506.384000,5.204286,5.139559
42506.384000,5.203488,5.139996
42506.384000,5.203502,5.141540
42506.384000,5.204254,5.138577
42506.384000,5.204890,5.140613
42506.384000,5.205004,5.140145
42506.384000,5.204022,5.137693
42506.384000,5.203906,5.138748
42506.384000,5.203118,5.137279
42506.384000,5.204009,5.135706
42506.384000,5.204022,5.137434
42506.384000,5.203947,5.139178
42506.384000,5.203649,5.137526
42506.384000,5.203209,5.137285
42506.384000,5.202665,5.135936
42506.384000,5.203779,5.137148
42506.384000,5.203964,5.140201
42506.384000,5.204030,5.135864
42506.384000,5.204110,5.133732
42506.384000,5.203823,5.135623
42506.384000,5.203608,5.139053
42506.384000,5.203906,5.136051
42506.384000,5.203801,5.137338
42506.384000,5.202907,5.137634
42506.384000,5.203451,5.140897
42506.384000,5.204648,5.139086
42506.384000,5.205128,5.140668
42506.384000,5.204668,5.142251
42506.384000,5.204959,5.140445
42506.384000,5.203873,5.139288
42506.384000,5.204392,5.140787
42506.384000,5.204646,5.138977
42506.384000,5.205792,5.135291
42506.384000,5.205366,5.137285
42506.384000,5.205201,5.138024
42506.384000,5.205672,5.136883
42506.384000,5.205691,5.138961
42506.384000,5.206289,5.137533
42506.384000,5.206181,5.136950
42506.384000,5.205744,5.138575
42506.384000,5.206128,5.136942
42506.384000,5.206293,5.137200
42506.384000,5.206428,5.135432
42506.384000,5.206894,5.133777
42506.384000,5.206990,5.136498
42506.384000,5.206821,5.137928
42506.384000,5.206057,5.137284
42506.384000,5.205268,5.137795
42506.384000,5.205442,5.136695
42506.384000,5.206541,5.137455
42506.384000,5.207129,5.140659
42506.384000,5.207968,5.139069
42506.384000,5.208339,5.137028
42506.384000,5.207999,5.139060
42506.384000,5.207624,5.139026
42506.384000,5.207840,5.137802
42506.384000,5.207879,5.137823
42506.384000,5.207168,5.139899
42506.384000,5.208064,5.138076
42506.384000,5.208236,5.136740
42506.384000,5.207680,5.137508
42506.384000,5.206315,5.136368
42506.384000,5.205959,5.137504
42506.384000,5.206255,5.138466
42506.384000,5.206265,5.138548
42506.384000,5.205157,5.134616
42506.384000,5.205795,5.138339
42506.384000,5.206473,5.137088
42506.384000,5.206731,5.140769
42506.384000,5.206954,5.139577
42506.384000,5.206825,5.139518
42506.384000,5.207055,5.136248
42506.384000,5.207419,5.136396
42506.384000,5.206925,5.138158
42506.384000,5.206587,5.140504
42506.384000,5.206600,5.142137
42506.384000,5.204421,5.142238
42506.384000,5.204388,5.145213
42506.384000,5.203751,5.152350
42506.384000,5.203479,5.152471
42506.384000,5.203244,5.148397
42506.384000,5.203569,5.152989
42506.384000,5.204164,5.153758
42506.384000,5.205169,5.152970
42506.384000,5.205097,5.152941
42506.384000,5.204796,5.151766
42506.384000,5.205437,5.153530
42506.384000,5.205944,5.152858
42506.384000,5.206063,5.153219
42506.384000,5.206441,5.154717
42506.384000,5.206168,5.152842
42506.384000,5.205178,5.150848
42506.384000,5.206163,5.148859
42506.384000,5.207182,5.145839
42506.384000,5.208214,5.143850
42506.384000,5.208254,5.142593
42506.384000,5.207899,5.144691
42506.384000,5.206888,5.144950
42506.384000,5.206520,5.145759
42506.384000,5.207091,5.143749
42506.384000,5.207991,5.143249
42506.384000,5.209188,5.142094
42506.384000,5.209881,5.141715
42506.384000,5.210429,5.139339
42506.384000,5.210926,5.145643
42506.384000,5.211363,5.143333
42506.384000,5.210433,5.152348
42506.384000,5.208948,5.155859
42506.384000,5.208550,5.147901
42506.384000,5.209269,5.151970
42506.384000,5.208827,5.155996
42506.384000,5.209611,5.144787
42506.384000,5.210255,5.145910
42506.384000,5.210634,5.141749
42506.384000,5.211085,5.143646
42506.384000,5.210834,5.141681
42506.384000,5.210393,5.142330
42506.384000,5.209552,5.141440
42506.384000,5.209360,5.148169
42506.384000,5.209071,5.147467
42506.384000,5.208934,5.141092
42506.384000,5.208412,5.148957
42506.384000,5.208183,5.143803
42506.384000,5.207502,5.156089
42506.384000,5.207153,5.155109
42506.384000,5.207377,5.154313
42506.384000,5.208152,5.153993
42506.384000,5.207945,5.153121
42506.384000,5.208910,5.148344
42506.384000,5.208968,5.153031
42506.384000,5.208589,5.154507
42506.384000,5.208550,5.150983
42506.384000,5.209282,5.156045
42506.384000,5.209207,5.154072
42506.384000,5.209934,5.154149
42506.384000,5.208120,5.155586
42506.384000,5.208071,5.156220
42506.384000,5.208924,5.154526
42506.384000,5.209790,5.156083
42506.384000,5.209848,5.150599
42506.384000,5.210330,5.155826
42506.384000,5.210071,5.157556
42506.384000,5.209362,5.155555
42506.384000,5.209840,5.156962
42506.384000,5.210837,5.152485
42506.384000,5.210167,5.150670
42506.384000,5.209759,5.151633
42506.384000,5.210404,5.153917
42506.384000,5.210525,5.154076
42506.384000,5.210413,5.147772
42506.384000,5.210685,5.147195
42506.384000,5.210784,5.145242
42506.384000,5.210636,5.147056
42506.384000,5.210115,5.144686
42506.384000,5.208877,5.148761
42506.384000,5.208445,5.150521
42506.384000,5.208137,5.149757
42506.384000,5.208520,5.147958
42506.384000,5.208951,5.143842
42506.384000,5.209098,5.142172
42506.384000,5.209002,5.140338
42506.384000,5.210061,5.140618
42506.384000,5.208844,5.139693
42506.384000,5.209268,5.139539
42506.384000,5.209649,5.140916
42506.384000,5.208948,5.143455
42506.384000,5.207665,5.140186
42506.384000,5.207675,5.147219
42506.384000,5.208031,5.151112
42506.384000,5.208147,5.150040
42506.384000,5.208720,5.151587
42506.384000,5.209681,5.153638
42506.384000,5.209185,5.152727
42506.384000,5.209389,5.154984
42506.384000,5.209676,5.153650
42506.384000,5.209982,5.152775
42506.384000,5.210774,5.153099
42506.384000,5.211062,5.152105
42506.384000,5.210869,5.151289
42506.384000,5.211052,5.150463
42506.384000,5.211094,5.152415
42506.384000,5.211020,5.143961
42506.384000,5.211160,5.146570
42506.384000,5.211755,5.145677
42506.384000,5.211960,5.145898
42506.384000,5.212536,5.143887
42506.384000,5.212333,5.144541
42506.384000,5.211445,5.143933
42506.384000,5.211079,5.146770
42506.384000,5.210983,5.145690
42506.384000,5.211480,5.145918
42506.384000,5.211430,5.142444
42506.384000,5.212349,5.143845
42506.384000,5.212189,5.147563
42506.384000,5.212042,5.155206
42506.384000,5.212454,5.153215
42506.384000,5.212847,5.154419
42506.384000,5.212643,5.151489
42506.384000,5.214259,5.154363
42506.384000,5.213513,5.154763
42506.384000,5.212788,5.157886
42506.384000,5.212427,5.155163
42506.384000,5.211430,5.146177
42506.384000,5.211334,5.147180
42506.384000,5.210788,5.146643
42506.384000,5.210951,5.151038
42506.384000,5.211165,5.157044
42506.384000,5.210553,5.157532
42506.384000,5.210630,5.148313
42506.384000,5.210590,5.146376
42506.384000,5.210997,5.141576
42506.384000,5.210558,5.143530
42506.384000,5.211651,5.144055
42506.384000,5.211608,5.144262
42506.384000,5.212368,5.141931
42506.384000,5.211617,5.142919
42506.384000,5.211527,5.144286
42506.384000,5.211158,5.142862
42506.384000,5.212166,5.139345
42506.384000,5.212352,5.140173
42506.384000,5.211415,5.141628
42506.384000,5.212063,5.139175
42506.384000,5.212582,5.139336
42506.384000,5.212065,5.141304
42506.384000,5.212620,5.142972
42506.384000,5.213270,5.140524
42506.384000,5.212468,5.141347
42506.384000,5.212244,5.141030
42506.384000,5.212929,5.144000
42506.384000,5.212931,5.142368
42506.384000,5.213288,5.142840
42506.384000,5.213928,5.144336
42506.384000,5.214387,5.144905
42506.384000,5.214708,5.141397
42506.384000,5.214907,5.147970
42506.384000,5.214622,5.144448
42506.384000,5.214967,5.146631
42506.384000,5.215723,5.145722
42506.384000,5.215350,5.144120
42506.384000,5.215819,5.146084
42506.384000,5.215514,5.144832
42506.384000,5.215464,5.146360
42506.384000,5.215627,5.145732
42506.384000,5.216218,5.142344
42506.384000,5.216487,5.146623
42506.384000,5.216554,5.147629
42506.384000,5.216758,5.145743
42506.384000,5.216882,5.146818
42506.384000,5.215639,5.148532
42506.384000,5.214962,5.148050
42506.384000,5.215677,5.146792
42506.384000,5.215636,5.143792
42506.384000,5.214804,5.144097
42506.384000,5.215577,5.146265
42506.384000,5.215385,5.144874
42506.384000,5.215488,5.146027
42506.384000,5.214334,5.143326
42506.384000,5.214517,5.145062
42506.384000,5.214551,5.148170
42506.384000,5.214452,5.145613
42506.384000,5.214201,5.146169
42506.384000,5.215058,5.146945
42506.384000,5.215600,5.143503
42506.384000,5.213938,5.144895
42506.384000,5.214571,5.145251
42506.384000,5.214609,5.145420
42506.384000,5.215041,5.142713
42506.384000,5.215041,5.142870
42506.384000,5.215771,5.144710
42506.384000,5.216385,5.142569
42506.384000,5.216461,5.142602
42506.384000,5.214711,5.142599
42506.384000,5.214715,5.139358
42506.384000,5.215946,5.144746
42506.384000,5.216015,5.143744
42506.384000,5.217285,5.146656
42506.384000,5.217133,5.146916
42506.384000,5.217265,5.144802
42506.384000,5.216215,5.147802
42506.384000,5.216674,5.146369
42506.384000,5.216243,5.141689
42506.384000,5.216499,5.143501
42506.384000,5.217647,5.145765
42506.384000,5.218203,5.143354
42506.384000,5.218503,5.146554
42506.384000,5.218803,5.147629
42506.384000,5.218640,5.148310
42506.384000,5.217589,5.146614
42506.384000,5.217975,5.148777
42506.384000,5.218328,5.146975
42506.384000,5.217705,5.144826
42506.384000,5.218564,5.145180
42506.384000,5.218983,5.147431
42506.384000,5.219364,5.145897
42506.384000,5.218471,5.146199
42506.384000,5.217841,5.145266
42506.384000,5.217864,5.142134
42506.384000,5.218848,5.143952
42506.384000,5.219094,5.146181
42506.384000,5.219618,5.145903
42506.384000,5.219306,5.145884
42506.384000,5.218723,5.145361
42506.384000,5.217504,5.145095
42506.384000,5.217998,5.142687
42506.384000,5.217813,5.147834
42506.384000,5.217756,5.147437
42506.384000,5.217425,5.145835
42506.384000,5.216744,5.145699
42506.384000,5.217472,5.146312
42506.384000,5.216922,5.143857
42506.384000,5.216933,5.144793
42506.384000,5.217560,5.146654
42506.384000,5.217244,5.148628
42506.384000,5.216453,5.149572
42506.384000,5.216957,5.146676
42506.384000,5.217296,5.144997
42506.384000,5.217198,5.148056
42506.384000,5.218217,5.145270
42506.384000,5.218277,5.147782
42506.384000,5.219144,5.144157
42506.384000,5.219710,5.145012
42506.384000,5.219213,5.147514
42506.384000,5.219362,5.150251
42506.384000,5.219825,5.149158
42506.384000,5.218683,5.147931
42506.384000,5.218049,5.148497
42506.384000,5.219228,5.148390
42506.384000,5.219722,5.147069
42506.384000,5.220571,5.149140
42506.384000,5.220219,5.149271
42506.384000,5.221017,5.151139
42506.384000,5.221143,5.150204
42506.384000,5.220795,5.146830
42506.384000,5.220315,5.147688
42506.384000,5.220909,5.148533
42506.384000,5.219695,5.146853
42506.384000,5.219638,5.149069
42506.384000,5.219735,5.151123
42506.384000,5.220290,5.148302
42506.384000,5.220846,5.145594
42506.384000,5.220431,5.149121
42506.384000,5.220233,5.149412
42506.384000,5.220380,5.148050
42506.384000,5.219988,5.149678
42506.384000,5.218752,5.148861
42506.384000,5.218164,5.147708
42506.384000,5.219612,5.147922
42506.384000,5.220147,5.148218
42506.384000,5.220479,5.147699
42506.384000,5.220150,5.148081
42506.384000,5.219212,5.147879
42506.384000,5.219328,5.143584
42506.384000,5.218006,5.148058
42506.384000,5.219295,5.146325
42506.384000,5.219433,5.149549
42506.384000,5.219625,5.146142
42506.384000,5.219406,5.147618
42506.384000,5.219767,5.147737
42506.384000,5.220103,5.146360
42506.384000,5.219889,5.146003
42506.384000,5.219026,5.145778
42506.384000,5.220138,5.143532
42506.384000,5.220349,5.143179
42506.384000,5.220736,5.144441
42506.384000,5.220975,5.147266
42506.384000,5.221302,5.147855
42506.384000,5.221012,5.146520
42506.384000,5.221065,5.145236
42506.384000,5.222098,5.144164
42506.384000,5.222913,5.144489
42506.384000,5.222990,5.147549
42506.384000,5.223217,5.146523
42506.384000,5.223393,5.145963
42506.384000,5.223569,5.147364
42506.384000,5.224243,5.145822
42506.384000,5.224168,5.147849
42506.384000,5.224440,5.149735
42506.384000,5.224668,5.149649
42506.384000,5.224556,5.148096
42506.384000,5.225224,5.150041
42506.384000,5.224595,5.150132
42506.384000,5.224238,5.150028
42506.384000,5.223980,5.147870
42506.384000,5.225140,5.148878
42506.384000,5.224904,5.150847
42506.384000,5.224151,5.151337
42506.384000,5.224512,5.149331
42506.384000,5.224968,5.148639
42506.384000,5.225797,5.146848
42506.384000,5.226224,5.147262
42506.384000,5.226263,5.147292
42506.384000,5.224518,5.146536
42506.384000,5.223747,5.147604
42506.384000,5.223539,5.148357
42506.384000,5.222730,5.146582
42506.384000,5.224042,5.143897
42506.384000,5.224577,5.147374
42506.384000,5.223628,5.145112
42506.384000,5.223536,5.144825
42506.384000,5.222852,5.144394
42506.384000,5.223488,5.144645
42506.384000,5.223542,5.146840
42506.384000,5.222954,5.144600
42506.384000,5.222718,5.145031
42506.384000,5.222565,5.147557
42506.384000,5.222611,5.144024
42506.384000,5.222468,5.143764
42506.384000,5.223231,5.146252
42506.384000,5.223635,5.148755
42506.384000,5.223912,5.146988
42506.384000,5.223843,5.145141
42506.384000,5.224104,5.145290
42506.384000,5.224218,5.147692
42506.384000,5.224546,5.146031
42506.384000,5.224997,5.146049
42506.384000,5.225161,5.148576
42506.384000,5.225891,5.147357
42506.384000,5.225429,5.149173
42506.384000,5.226069,5.145824
42506.384000,5.226338,5.149142
42506.384000,5.226841,5.146518
42506.384000,5.226928,5.147541
42506.384000,5.226769,5.147002
42506.384000,5.227046,5.147621
42506.384000,5.227088,5.150438
42506.384000,5.228044,5.147038
42506.384000,5.227476,5.146745
42506.384000,5.227611,5.149642
42506.384000,5.227197,5.148730
42506.384000,5.226970,5.151093
42506.384000,5.227370,5.149587
42506.384000,5.227327,5.148698
42506.384000,5.226893,5.151408
42506.384000,5.227131,5.151569
42506.384000,5.226798,5.149970
42506.384000,5.227081,5.149246
42506.384000,5.226213,5.149405
42506.384000,5.226508,5.150088
42506.384000,5.226822,5.149032
42506.384000,5.227102,5.149073
42506.384000,5.227118,5.148970
42506.384000,5.226868,5.150706
42506.384000,5.226781,5.148010
42506.384000,5.226089,5.147534
42506.384000,5.225356,5.146437
42506.384000,5.225992,5.148099
42506.384000,5.225651,5.145983
42506.384000,5.225489,5.146864
42506.384000,5.225517,5.150096
42506.384000,5.225091,5.148816
42506.384000,5.224668,5.148082
42506.384000,5.224487,5.148227
42506.384000,5.224467,5.148584
42506.384000,5.224289,5.146187
42506.384000,5.224307,5.147286
42506.384000,5.225096,5.146566
42506.384000,5.225565,5.147606
42506.384000,5.226103,5.148255
42506.384000,5.226794,5.148284
42506.384000,5.224914,5.149091
42506.384000,5.225148,5.148201
42506.384000,5.226255,5.151484
42506.384000,5.226662,5.150200
42506.384000,5.226702,5.151084
42506.384000,5.226493,5.151191
42506.384000,5.227164,5.149405
42506.384000,5.227533,5.147561
42506.384000,5.227792,5.149200
42506.384000,5.227916,5.148266
42506.384000,5.228386,5.152882
42506.384000,5.228692,5.150069
42506.384000,5.229143,5.148268
42506.384000,5.229146,5.146605
42506.384000,5.229133,5.148105
42506.384000,5.228131,5.146378
42506.384000,5.229006,5.150594
42506.384000,5.229655,5.149967
42506.384000,5.230095,5.151934
42506.384000,5.230470,5.147101
42506.384000,5.230322,5.143985
42506.384000,5.229574,5.146070
42506.384000,5.228719,5.147040
42506.384000,5.229585,5.147120
42506.384000,5.230111,5.148552
42506.384000,5.230654,5.151618
42506.384000,5.231380,5.153363
42506.384000,5.231127,5.150695
42506.384000,5.230856,5.149614
42506.384000,5.230496,5.148125
42506.384000,5.230961,5.152071
42506.384000,5.231496,5.151316
42506.384000,5.232379,5.150406
42506.384000,5.232612,5.149269
42506.384000,5.232866,5.152255
42506.384000,5.231905,5.150858
42506.384000,5.231491,5.151011
42506.384000,5.231981,5.154236
42506.384000,5.232540,5.152820
42506.384000,5.232902,5.153748
42506.384000,5.233421,5.156024
42506.384000,5.233400,5.154747
42506.384000,5.232619,5.154882
42506.384000,5.233369,5.154288
42506.384000,5.232847,5.154205
42506.384000,5.233162,5.157296
42506.384000,5.232645,5.154822
42506.384000,5.233215,5.154462
42506.384000,5.234549,5.155214
42506.384000,5.234710,5.153916
42506.384000,5.235020,5.155514
42506.384000,5.235807,5.151838
42506.384000,5.235773,5.154220
42506.384000,5.235648,5.155056
42506.384000,5.236212,5.156948
42506.384000,5.236682,5.158987
42506.384000,5.237051,5.156541
42506.384000,5.236818,5.157317
42506.384000,5.236946,5.157690
42506.384000,5.237326,5.157598
42506.384000,5.236748,5.158122
42506.384000,5.236046,5.158019
42506.384000,5.236395,5.154995
42506.384000,5.235708,5.152908
42506.384000,5.235436,5.154322
42506.384000,5.234685,5.153324
42506.384000,5.235113,5.154484
42506.384000,5.235274,5.154155
42506.384000,5.235509,5.155158
42506.384000,5.234373,5.155357
42506.384000,5.234358,5.156239
42506.384000,5.234784,5.155053
42506.384000,5.235211,5.157592
42506.384000,5.235789,5.159291
42506.384000,5.236099,5.157076
42506.384000,5.236421,5.155570
42506.384000,5.236126,5.156418
42506.384000,5.235973,5.160533
42506.384000,5.236271,5.159726
42506.384000,5.236422,5.158462
42506.384000,5.237111,5.158916
42506.384000,5.237031,5.155964
42506.384000,5.237047,5.159166
42506.384000,5.237198,5.160022
42506.384000,5.237395,5.159366
42506.384000,5.237504,5.158485
42506.384000,5.237698,5.154505
42506.384000,5.238556,5.159322
42506.384000,5.238857,5.160514
42506.384000,5.239335,5.159742
42506.384000,5.240587,5.161052
42506.384000,5.240356,5.163844
42506.384000,5.240899,5.160733
42506.384000,5.241335,5.164976
42506.384000,5.241741,5.162534
42506.384000,5.240739,5.161361
42506.384000,5.241314,5.161682
42506.384000,5.241290,5.161248
42506.384000,5.241366,5.164636
42506.384000,5.241732,5.163434
42506.384000,5.242444,5.164285
42506.384000,5.242354,5.164248
42506.384000,5.242297,5.164248
42506.384000,5.242377,5.161719
42506.384000,5.242291,5.158293
42506.384000,5.242094,5.160221
42506.384000,5.241500,5.159633
42506.384000,5.241207,5.156145
42506.384000,5.241339,5.159134
42506.384000,5.241940,5.159552
42506.384000,5.242196,5.162317
42506.384000,5.240347,5.159555
42506.384000,5.240032,5.159576
42506.384000,5.240274,5.158595
42506.384000,5.239368,5.156783
42506.384000,5.239439,5.160470
42506.384000,5.240231,5.154416
42506.384000,5.239362,5.159895
42506.384000,5.239429,5.157699
42506.384000,5.239652,5.158157
42506.384000,5.239840,5.159615
42506.384000,5.239665,5.161748
42506.384000,5.238927,5.159283
42506.384000,5.239397,5.159155
42506.384000,5.239774,5.156914
42506.384000,5.240126,5.155790
42506.384000,5.240129,5.158607
42506.384000,5.240137,5.154426
42506.384000,5.239851,5.159394
42506.384000,5.239874,5.156574
42506.384000,5.239603,5.157642
42506.384000,5.239559,5.159227
42506.384000,5.240038,5.157924
42506.384000,5.240428,5.158524
42506.384000,5.240523,5.157785
42506.384000,5.241013,5.159508
42506.384000,5.242019,5.157453
42506.384000,5.241381,5.158721
42506.384000,5.242102,5.159990
42506.384000,5.241365,5.158062
42506.384000,5.242238,5.159602
42506.384000,5.242956,5.161579
42506.384000,5.243337,5.158713
42506.384000,5.243020,5.160722
42506.384000,5.243192,5.157095
42506.384000,5.242936,5.155304
42506.384000,5.243604,5.161990
42506.384000,5.244246,5.161780
42506.384000,5.243293,5.161930
42506.384000,5.244193,5.163361
42506.384000,5.244453,5.167506
42506.384000,5.244728,5.166415
42506.384000,5.243147,5.166436
42506.384000,5.243602,5.165416
42506.384000,5.243868,5.162399
42506.384000,5.244289,5.164949
42506.384000,5.244632,5.164115
42506.384000,5.244206,5.163133
42506.384000,5.243942,5.162278
42506.384000,5.244204,5.160761
42506.384000,5.244647,5.160088
42506.384000,5.244996,5.160548
42506.384000,5.244835,5.160893
42506.384000,5.244074,5.158258
42506.384000,5.243644,5.159271
42506.384000,5.243135,5.161125
42506.384000,5.242880,5.163088
42506.384000,5.243359,5.162099
42506.384000,5.243564,5.162023
42506.384000,5.243087,5.160298
42506.384000,5.243184,5.159205
42506.384000,5.243247,5.160935
42506.384000,5.241985,5.159959
42506.384000,5.242702,5.160688
42506.384000,5.243748,5.161116
42506.384000,5.243323,5.159796
42506.384000,5.243319,5.161751
42506.384000,5.242566,5.162053
42506.384000,5.242363,5.158029
42506.384000,5.242442,5.157184
42506.384000,5.243487,5.159214
42506.384000,5.243961,5.158915
42506.384000,5.244307,5.158613
42506.384000,5.243692,5.161081
42506.384000,5.243545,5.163273
42506.384000,5.244188,5.162841
42506.384000,5.243856,5.159545
42506.384000,5.244253,5.161309
42506.384000,5.244901,5.161833
42506.384000,5.245896,5.164729
42506.384000,5.245973,5.158802
42506.384000,5.245923,5.164119
42506.384000,5.245954,5.168734
42506.384000,5.246825,5.162250
42506.384000,5.246146,5.165471
42506.384000,5.245942,5.164721
42506.384000,5.245741,5.164387
42506.384000,5.247342,5.172361
42506.384000,5.247541,5.175153
42506.384000,5.247984,5.176355
42506.384000,5.247814,5.177437
42506.384000,5.247500,5.175038
42506.384000,5.247733,5.173489
42506.384000,5.247691,5.176601
42506.384000,5.248116,5.175376
42506.384000,5.248859,5.170287
42506.384000,5.247942,5.167326
42506.384000,5.247886,5.167630
42506.384000,5.247733,5.160818
42506.384000,5.247252,5.164633
42506.384000,5.247586,5.164004
42506.384000,5.247803,5.170606
42506.384000,5.247960,5.166647
42506.384000,5.247075,5.170913
42506.384000,5.247681,5.171982
42506.384000,5.247209,5.170392
42506.384000,5.247013,5.174292
42506.384000,5.246760,5.172100
42506.384000,5.246578,5.174781
42506.384000,5.246479,5.174405
42506.384000,5.246209,5.175625
42506.384000,5.246891,5.175040
42506.384000,5.246160,5.174162
42506.384000,5.246118,5.173233
42506.384000,5.246257,5.173920
42506.384000,5.246973,5.171296
42506.384000,5.246927,5.173075
42506.384000,5.246857,5.172457
42506.384000,5.247410,5.174051
42506.384000,5.247316,5.173687
42506.384000,5.246827,5.173898
42506.384000,5.246953,5.173193
42506.384000,5.247165,5.174752
42506.384000,5.248251,5.168797
42506.384000,5.249935,5.166857
42506.384000,5.250226,5.164824
42506.384000,5.247638,5.169644
42506.384000,5.248043,5.173604
42506.384000,5.247676,5.170151
42506.384000,5.247770,5.172082
42506.384000,5.247415,5.171033
42506.384000,5.247512,5.171085
42506.384000,5.247885,5.172525
42506.384000,5.248385,5.171769
42506.384000,5.249569,5.171484
42506.384000,5.250418,5.172076
42506.384000,5.250363,5.171575
42506.384000,5.250032,5.170858
42506.384000,5.250578,5.173639
42506.384000,5.251208,5.168175
42506.384000,5.252308,5.159687
42506.384000,5.252991,5.163526
42506.384000,5.253965,5.162725
42506.384000,5.254758,5.161047
42506.384000,5.254974,5.163457
42506.384000,5.255909,5.160851
42506.384000,5.255593,5.163091
42506.384000,5.256055,5.164287
42506.384000,5.255510,5.165440
42506.384000,5.255164,5.165346
42506.384000,5.255343,5.161351
42506.384000,5.256357,5.162189
42506.384000,5.256428,5.164532
42506.384000,5.254907,5.162730
42506.384000,5.254658,5.162164
42506.384000,5.255333,5.161566
42506.384000,5.254731,5.160151
42506.384000,5.254002,5.162027
42506.384000,5.254447,5.162879
42506.384000,5.255177,5.163792
42506.384000,5.255319,5.161671
42506.384000,5.254873,5.158695
42506.384000,5.255227,5.163117
42506.384000,5.255549,5.161854
42506.384000,5.256165,5.163287
42506.384000,5.254056,5.165417
42506.384000,5.254038,5.163191
42506.384000,5.254504,5.164487
42506.384000,5.254621,5.164525
42506.384000,5.254936,5.164578
42506.384000,5.252395,5.167346
42506.384000,5.251260,5.164961
42506.384000,5.250846,5.164765
42506.384000,5.251044,5.164546
42506.384000,5.250620,5.165717
42506.384000,5.251308,5.165192
42506.384000,5.252339,5.164757
42506.384000,5.252730,5.163075
42506.384000,5.252902,5.165013
42506.384000,5.253018,5.166154
42506.384000,5.252166,5.165036
42506.384000,5.252037,5.165849
42506.384000,5.252733,5.165334
42506.384000,5.252435,5.162507
42506.384000,5.252565,5.162664
42506.384000,5.253369,5.164343
42506.384000,5.253689,5.164853
42506.384000,5.254105,5.165804
42506.384000,5.255060,5.166394
42506.384000,5.254270,5.167596
42506.384000,5.253235,5.166779
42506.384000,5.253783,5.166566
42506.384000,5.254871,5.170258
42506.384000,5.255120,5.168986
42506.384000,5.255368,5.167008
42506.384000,5.255906,5.168681
42506.384000,5.256593,5.168691
42506.384000,5.255368,5.168975
42506.384000,5.254454,5.169282
42506.384000,5.254879,5.167807
42506.384000,5.254925,5.168743
42506.384000,5.255324,5.168500
42506.384000,5.255731,5.166374
42506.384000,5.254850,5.165182
42506.384000,5.255616,5.166838
42506.384000,5.256089,5.169617
42506.384000,5.256808,5.169937
42506.384000,5.256384,5.168757
42506.384000,5.254550,5.168325
42506.384000,5.254111,5.166809
42506.384000,5.253567,5.166248
42506.384000,5.252929,5.168250
42506.384000,5.254693,5.166379
42506.384000,5.255413,5.167555
42506.384000,5.255705,5.164912
42506.384000,5.254587,5.167534
42506.384000,5.253826,5.163879
42506.384000,5.253432,5.166248
42506.384000,5.253042,5.165697
42506.384000,5.253557,5.170273
42506.384000,5.254449,5.181263
42506.384000,5.254608,5.180746
42506.384000,5.254817,5.181546
42506.384000,5.254402,5.175089
42506.384000,5.253410,5.177550
42506.384000,5.253464,5.177387
42506.384000,5.254358,5.173207
42506.384000,5.255089,5.175716
42506.384000,5.253827,5.162374
42506.384000,5.254276,5.169413
42506.384000,5.255212,5.166566
42506.384000,5.254818,5.171174
42506.384000,5.254748,5.175749
42506.384000,5.255508,5.172115
42506.384000,5.255883,5.173615
42506.384000,5.256942,5.176185
42506.384000,5.257150,5.179904
42506.384000,5.257296,5.176894
42506.384000,5.258458,5.176683
42506.384000,5.259024,5.175677
42506.384000,5.259171,5.172946
42506.384000,5.259934,5.174847
42506.384000,5.260740,5.172100
42506.384000,5.261328,5.176101
42506.384000,5.262172,5.174077
42506.384000,5.263708,5.170570
42506.384000,5.263668,5.171836
42506.384000,5.264357,5.171458
42506.384000,5.264904,5.172674
42506.384000,5.265090,5.168571
42506.384000,5.264639,5.171339
42506.384000,5.263971,5.173483
42506.384000,5.263238,5.172125
42506.384000,5.263237,5.171470
42506.384000,5.263513,5.171236
42506.384000,5.263115,5.172398
42506.384000,5.263516,5.171860
42506.384000,5.264140,5.173674
42506.384000,5.264307,5.170155
42506.384000,5.264956,5.171963
42506.384000,5.265194,5.170688
42506.384000,5.263847,5.167683
42506.384000,5.264281,5.169490
42506.384000,5.263534,5.170354
42506.384000,5.262434,5.167158
42506.384000,5.261597,5.168867
42506.384000,5.261863,5.171581
42506.384000,5.261764,5.167627
42506.384000,5.260361,5.170209
42506.384000,5.260666,5.170446
42506.384000,5.260297,5.169062
42506.384000,5.260933,5.171816
42506.384000,5.261884,5.170184
42506.384000,5.262873,5.168821
42506.384000,5.263921,5.170158
42506.384000,5.263729,5.175338
42506.384000,5.264011,5.168542
42506.384000,5.263534,5.169797
42506.384000,5.262460,5.172646
42506.384000,5.263928,5.170679
42506.384000,5.263884,5.170499
42506.384000,5.262283,5.176135
42506.384000,5.260903,5.178252
42506.384000,5.262270,5.177887
42506.384000,5.263302,5.176515
42506.384000,5.264379,5.175663
42506.384000,5.264841,5.174331
42506.384000,5.265784,5.182832
42506.384000,5.266577,5.181232
42506.384000,5.266686,5.175601
42506.384000,5.267121,5.179071
42506.384000,5.267087,5.176710
42506.384000,5.266650,5.175275
42506.384000,5.265049,5.176350
42506.384000,5.262806,5.174122
42506.384000,5.263130,5.175492
42506.384000,5.263021,5.175692
42506.384000,5.262949,5.176068
42506.384000,5.263067,5.174019
42506.384000,5.263018,5.177978
42506.384000,5.262762,5.176527
42506.384000,5.262788,5.174316
42506.384000,5.263027,5.175152
42506.384000,5.262898,5.174439
42506.384000,5.263351,5.175923
42506.384000,5.263889,5.174262
42506.384000,5.264096,5.177755
42506.384000,5.264412,5.176662
42506.384000,5.264390,5.178491
42506.384000,5.264974,5.176673
42506.384000,5.264631,5.173913
42506.384000,5.263529,5.173205
42506.384000,5.263339,5.171629
42506.384000,5.263265,5.171199
42506.384000,5.263927,5.172212
42506.384000,5.264363,5.172781
42506.384000,5.264103,5.174013
42506.384000,5.263861,5.174782
42506.384000,5.263906,5.175136
42506.384000,5.263060,5.173830
42506.384000,5.263439,5.175002
42506.384000,5.263109,5.174728
42506.384000,5.262832,5.174213
42506.384000,5.263345,5.173437
42506.384000,5.263569,5.175707
42506.384000,5.263679,5.172642
42506.384000,5.264259,5.171275
42506.384000,5.264274,5.172162
42506.384000,5.264555,5.172404
42506.384000,5.264996,5.172544
42506.384000,5.265694,5.172290
42506.384000,5.264174,5.171037
42506.384000,5.263493,5.173440
42506.384000,5.263158,5.173951
42506.384000,5.263381,5.172808
42506.384000,5.263009,5.172741
42506.384000,5.262973,5.173079
42506.384000,5.263640,5.173387
42506.384000,5.264647,5.174040
42506.384000,5.264930,5.171772
42506.384000,5.264674,5.175469
42506.384000,5.263839,5.176479
42506.384000,5.263463,5.175275
42506.384000,5.263331,5.175979
42506.384000,5.263518,5.175004
42506.384000,5.263972,5.172543
42506.384000,5.264630,5.175807
42506.384000,5.264364,5.172067
42506.384000,5.265208,5.176097
42506.384000,5.264940,5.174692
42506.384000,5.265667,5.175730
42506.384000,5.264913,5.175179
42506.384000,5.265506,5.178151
42506.384000,5.266063,5.175792
42506.384000,5.266198,5.176067
42506.384000,5.266358,5.175737
42506.384000,5.266422,5.175109
42506.384000,5.266016,5.174384
42506.384000,5.264714,5.174962
42506.384000,5.264925,5.186633
42506.384000,5.265674,5.187340
42506.384000,5.265630,5.187411
42506.384000,5.266521,5.182245
42506.384000,5.267125,5.180650
42506.384000,5.266456,5.178358
42506.384000,5.266714,5.178998
42506.384000,5.265250,5.176463
42506.384000,5.265142,5.175083
42506.384000,5.264671,5.176004
42506.384000,5.263934,5.174256
42506.384000,5.262711,5.172871
42506.384000,5.261974,5.178100
42506.384000,5.261358,5.174968
42506.384000,5.261333,5.175024
42506.384000,5.261333,5.174522
42506.384000,5.261095,5.175965
42506.384000,5.261492,5.176351
42506.384000,5.261174,5.178150
42506.384000,5.260410,5.176762
42506.384000,5.259961,5.179450
42506.384000,5.261116,5.178186
42506.384000,5.260745,5.172732
42506.384000,5.261424,5.173409
42506.384000,5.261807,5.175038
42506.384000,5.261521,5.175415
42506.384000,5.262942,5.173943
42506.384000,5.263254,5.173910
42506.384000,5.264624,5.170022
42506.384000,5.265559,5.167295
42506.384000,5.266434,5.163117
42506.384000,5.266079,5.161746
42506.384000,5.266213,5.160658
42506.384000,5.266061,5.159876
42506.384000,5.263136,5.161387
42506.384000,5.262511,5.162428
42506.384000,5.262033,5.158635
42506.384000,5.261172,5.159960
42506.384000,5.261147,5.157957
42506.384000,5.261615,5.159214
42506.384000,5.262064,5.160442
42506.384000,5.262040,5.161346
42506.384000,5.261884,5.160698
42506.384000,5.262031,5.160986
42506.384000,5.262722,5.160314
42506.384000,5.262924,5.161439
42506.384000,5.262439,5.164176
42506.384000,5.263027,5.166622
42506.384000,5.264261,5.175789
42506.384000,5.261165,5.170249
42506.384000,5.259662,5.171999
42506.384000,5.261272,5.177854
42506.384000,5.261747,5.175094
42506.384000,5.261450,5.174633
42506.384000,5.261917,5.176082
42506.384000,5.261144,5.159938
42506.384000,5.257659,5.163386
42506.384000,5.258461,5.161255
42506.384000,5.259606,5.160112
42506.384000,5.260466,5.160179
42506.384000,5.258710,5.176743
42506.384000,5.258208,5.175515
42506.384000,5.258783,5.174898
42506.384000,5.259402,5.176937
42506.384000,5.259509,5.173999
42506.384000,5.258581,5.169802
42506.384000,5.258667,5.171949
42506.384000,5.258948,5.172332
42506.384000,5.258857,5.171595
42506.384000,5.258501,5.173066
42506.384000,5.258179,5.161077
42506.384000,5.258521,5.157023
42506.384000,5.257591,5.159908
42506.384000,5.256748,5.154440
42506.384000,5.257236,5.160511
42506.384000,5.256403,5.168634
42506.384000,5.256199,5.171266
42506.384000,5.255766,5.171884
42506.384000,5.256862,5.171348
42506.384000,5.257828,5.173580
42506.384000,5.257704,5.170617
42506.384000,5.257113,5.158568
42506.384000,5.256329,5.160471
42506.384000,5.256080,5.158666
42506.384000,5.255053,5.158968
42506.384000,5.255474,5.158477
42506.384000,5.256531,5.156073
42506.384000,5.257536,5.156383
42506.384000,5.258525,5.155965
42506.384000,5.259611,5.158868
42506.384000,5.260364,5.157004
42506.384000,5.260922,5.163682
42506.384000,5.259835,5.167261
42506.384000,5.258434,5.169430
42506.384000,5.256627,5.170489
42506.384000,5.255928,5.170277
42506.384000,5.255051,5.170752
42506.384000,5.255226,5.173129
42506.384000,5.254858,5.170892
42506.384000,5.254951,5.177158
42506.384000,5.256511,5.173014
42506.384000,5.257307,5.167357
42506.384000,5.258139,5.169596
42506.384000,5.258943,5.171969
42506.384000,5.259450,5.168604
42506.384000,5.259527,5.167542
42506.384000,5.259853,5.171092
42506.384000,5.259632,5.166294
42506.384000,5.258841,5.158032
42506.384000,5.258391,5.160926
42506.384000,5.258064,5.162024
42506.384000,5.259633,5.161371
42506.384000,5.259827,5.158675
42506.384000,5.260476,5.158754
42506.384000,5.258942,5.155192
42506.384000,5.258726,5.157997
42506.384000,5.258992,5.156791
42506.384000,5.258837,5.158691
42506.384000,5.259314,5.159628
42506.384000,5.260327,5.155191
42506.384000,5.261328,5.158984
42506.384000,5.262518,5.158178
42506.384000,5.263639,5.159942
42506.384000,5.264144,5.162679
42506.384000,5.263197,5.163442
42506.384000,5.261421,5.162025
42506.384000,5.261865,5.163696
42506.384000,5.262222,5.161584
42506.384000,5.257559,5.162106
42506.384000,5.258210,5.160364
42506.384000,5.259849,5.163683
42506.384000,5.261005,5.161335
42506.384000,5.259675,5.165096
42506.384000,5.258399,5.164532
42506.384000,5.258096,5.173596
42506.384000,5.258131,5.167486
42506.384000,5.258342,5.163054
42506.384000,5.259391,5.161226
42506.384000,5.260496,5.161226
42506.384000,5.260716,5.160242
42506.384000,5.257061,5.163162
42506.384000,5.256295,5.164948
42506.384000,5.256419,5.165015
42506.384000,5.257396,5.161258
42506.384000,5.258436,5.163915
42506.384000,5.259148,5.161099
42506.384000,5.260514,5.160714
42506.384000,5.261176,5.162975
42506.384000,5.261607,5.162459
42506.384000,5.261950,5.163121
42506.384000,5.261574,5.160809
42506.384000,5.261639,5.162960
42506.384000,5.261963,5.161989
42506.384000,5.261797,5.163652
42506.384000,5.262627,5.163909
42506.384000,5.262598,5.165773
42506.384000,5.262952,5.163272
42506.384000,5.262741,5.161678
42506.384000,5.263553,5.163738
42506.384000,5.263900,5.163567
42506.384000,5.264427,5.163200
42506.384000,5.264236,5.164353
42506.384000,5.264812,5.166032
42506.384000,5.264623,5.160723
42506.384000,5.263834,5.162034
42506.384000,5.263113,5.161106
42506.384000,5.263377,5.163659
42506.384000,5.263929,5.162423
42506.384000,5.264647,5.164144
42506.384000,5.264468,5.162998
42506.384000,5.264178,5.164167
42506.384000,5.264629,5.166172
42506.384000,5.264885,5.161701
42506.384000,5.264360,5.168131
42506.384000,5.264295,5.167220
42506.384000,5.264165,5.167501
42506.384000,5.264619,5.164637
42506.384000,5.264538,5.164837
42506.384000,5.264675,5.167317
42506.384000,5.263241,5.165127
42506.384000,5.264157,5.162859
42506.384000,5.263078,5.167013
42506.384000,5.263639,5.176196
42506.384000,5.263629,5.172277
42506.384000,5.263619,5.175036
42506.384000,5.263878,5.174137
42506.384000,5.264531,5.175530
42506.384000,5.264881,5.173996
42506.384000,5.264749,5.173870
42506.384000,5.265399,5.173644
42506.384000,5.265952,5.175113
42506.384000,5.264781,5.173973
42506.384000,5.265490,5.173775
42506.384000,5.265873,5.174621
42506.384000,5.265733,5.176420
42506.384000,5.264284,5.177885
42506.384000,5.264265,5.175638
42506.384000,5.264488,5.177028
42506.384000,5.264551,5.177599
42506.384000,5.264763,5.177525
42506.384000,5.265413,5.175924
42506.384000,5.266373,5.180601
42506.384000,5.266359,5.178844
42506.384000,5.265990,5.180892
42506.384000,5.265947,5.181179
42506.384000,5.265737,5.177735
42506.384000,5.266125,5.177472
42506.384000,5.266858,5.180681
42506.384000,5.266697,5.176512
42506.384000,5.266503,5.182274
42506.384000,5.267262,5.177385
42506.384000,5.267231,5.177966
42506.384000,5.267530,5.176367
42506.384000,5.267808,5.174756
42506.384000,5.266700,5.179970
42506.384000,5.266968,5.179265
42506.384000,5.267616,5.179471
42506.384000,5.267729,5.181840
42506.384000,5.267712,5.181159
42506.384000,5.266448,5.179323
42506.384000,5.265732,5.180831
42506.384000,5.266476,5.183756
42506.384000,5.267839,5.183146
42506.384000,5.267522,5.180994
42506.384000,5.267296,5.179581
42506.384000,5.267121,5.181364
42506.384000,5.267882,5.182285
42506.384000,5.267700,5.174590
42506.384000,5.268458,5.179175
42506.384000,5.269379,5.179892
42506.384000,5.270535,5.182138
42506.384000,5.270992,5.179630
42506.384000,5.270204,5.183284
42506.384000,5.270414,5.180163
42506.384000,5.269204,5.182236
42506.384000,5.269049,5.181516
42506.384000,5.268646,5.181632
42506.384000,5.269567,5.182520
42506.384000,5.269812,5.178532
42506.384000,5.270690,5.184071
42506.384000,5.271937,5.181558
42506.384000,5.272735,5.181067
42506.384000,5.273718,5.179191
42506.384000,5.273547,5.180679
42506.384000,5.274076,5.181479
42506.384000,5.274921,5.181509
42506.384000,5.275134,5.178228
42506.384000,5.275425,5.180687
42506.384000,5.275610,5.181406
42506.384000,5.274457,5.180196
42506.384000,5.274280,5.182627
42506.384000,5.275403,5.180522
42506.384000,5.275104,5.176563
42506.384000,5.275689,5.181979
42506.384000,5.276705,5.178446
42506.384000,5.275690,5.178764
42506.384000,5.275444,5.180383
42506.384000,5.274631,5.181979
42506.384000,5.274762,5.180079
42506.384000,5.275570,5.178781
42506.384000,5.275637,5.177327
42506.384000,5.276303,5.178917
42506.384000,5.271711,5.182545
42506.384000,5.271316,5.176231
42506.384000,5.272278,5.180004
42506.384000,5.272735,5.179597
42506.384000,5.272564,5.170005
42506.384000,5.272774,5.166226
42506.384000,5.272901,5.167458
42506.384000,5.272327,5.168969
42506.384000,5.272531,5.167685
42506.384000,5.272779,5.165607
42506.384000,5.272716,5.166269
42506.384000,5.272898,5.166341
42506.384000,5.273637,5.165947
42506.384000,5.272917,5.168943
42506.384000,5.272945,5.171364
42506.384000,5.273249,5.168801
42506.384000,5.273135,5.167743
42506.384000,5.272085,5.171007
42506.384000,5.272649,5.171232
42506.384000,5.273196,5.173455
42506.384000,5.273311,5.170493
42506.384000,5.273766,5.172526
42506.384000,5.273978,5.168279
42506.384000,5.273681,5.170178
42506.384000,5.273586,5.174661
42506.384000,5.273522,5.172186
42506.384000,5.273743,5.171441
42506.384000,5.274059,5.173117
42506.384000,5.274242,5.179289
42506.384000,5.275280,5.179908
42506.384000,5.276465,5.185876
42506.384000,5.277705,5.186053
42506.384000,5.278116,5.184214
42506.384000,5.278417,5.184789
42506.384000,5.279239,5.182224
42506.384000,5.279662,5.179621
42506.384000,5.280020,5.181714
42506.384000,5.279995,5.182297
42506.384000,5.279709,5.181527
42506.384000,5.278380,5.181659
42506.384000,5.278847,5.176165
42506.384000,5.279603,5.182666
42506.384000,5.279950,5.177950
42506.384000,5.279502,5.179334
42506.384000,5.279156,5.183946
42506.384000,5.279614,5.180938
42506.384000,5.280072,5.184127
42506.384000,5.279320,5.185163
42506.384000,5.279564,5.187310
42506.384000,5.280045,5.185889
42506.384000,5.279843,5.185397
42506.384000,5.280563,5.185657
42506.384000,5.281111,5.186167
42506.384000,5.281519,5.186187
42506.384000,5.281271,5.185702
42506.384000,5.282040,5.186688
42506.384000,5.282666,5.187550
42506.384000,5.284071,5.186631
42506.384000,5.285159,5.189549
42506.384000,5.286055,5.188482
42506.384000,5.286624,5.188922
42506.384000,5.284970,5.188021
42506.384000,5.284839,5.189902
42506.384000,5.285329,5.188677
42506.384000,5.286990,5.187768
42506.384000,5.287044,5.187547
42506.384000,5.287087,5.189337
42506.384000,5.286905,5.193076
42506.384000,5.286787,5.189189
42506.384000,5.285405,5.186618
42506.384000,5.285134,5.186912
42506.384000,5.285498,5.188076
42506.384000,5.287113,5.186481
42506.384000,5.286902,5.188305
42506.384000,5.284172,5.186822
42506.384000,5.284728,5.184625
42506.384000,5.282846,5.183363
42506.384000,5.283247,5.184243
42506.384000,5.282313,5.187623
42506.384000,5.283080,5.189474
42506.384000,5.283248,5.185764
42506.384000,5.282984,5.186294
42506.384000,5.281316,5.185366
42506.384000,5.280854,5.187584
42506.384000,5.281859,5.187736
42506.384000,5.281379,5.183317
42506.384000,5.281142,5.184320
42506.384000,5.281531,5.189016
42506.384000,5.280483,5.186771
42506.384000,5.280512,5.187517
42506.384000,5.280878,5.190637
42506.384000,5.281688,5.183809
42506.384000,5.280874,5.186241
42506.384000,5.280566,5.186199
42506.384000,5.280222,5.184700
42506.384000,5.280870,5.185670
42506.384000,5.281113,5.186375
42506.384000,5.281670,5.186229
42506.384000,5.281572,5.186615
42506.384000,5.282033,5.184944
42506.384000,5.282461,5.185600
42506.384000,5.282270,5.193630
42506.384000,5.282616,5.196231
42506.384000,5.282355,5.192256
42506.384000,5.283424,5.196739
42506.384000,5.283958,5.191592
42506.384000,5.284382,5.192219
42506.384000,5.285191,5.189439
42506.384000,5.284285,5.194301
42506.384000,5.284525,5.199132
42506.384000,5.285704,5.202530
42506.384000,5.285887,5.201754
42506.384000,5.286320,5.203678
42506.384000,5.286078,5.200987
42506.384000,5.284451,5.200622
42506.384000,5.285428,5.202066
42506.384000,5.286192,5.200074
42506.384000,5.286646,5.201127
42506.384000,5.287481,5.200175
42506.384000,5.288156,5.199087
42506.384000,5.287943,5.196681
42506.384000,5.288753,5.198876
42506.384000,5.288817,5.201414
42506.384000,5.289992,5.195898
42506.384000,5.290136,5.195700
42506.384000,5.290139,5.192153
42506.384000,5.289623,5.187935
42506.384000,5.290219,5.186960
42506.384000,5.290332,5.184887
42506.384000,5.289981,5.186228
42506.384000,5.290295,5.188720
42506.384000,5.290081,5.186979
42506.384000,5.290049,5.189240
42506.384000,5.289282,5.183571
42506.384000,5.289947,5.184873
42506.384000,5.289786,5.186983
42506.384000,5.290550,5.188162
42506.384000,5.289801,5.186311
42506.384000,5.289045,5.183763
42506.384000,5.289030,5.183629
42506.384000,5.290268,5.186150
42506.384000,5.290893,5.185819
42506.384000,5.291393,5.187975
42506.384000,5.290114,5.188746
42506.384000,5.289965,5.189909
42506.384000,5.290924,5.188449
42506.384000,5.289762,5.189728
42506.384000,5.289340,5.188952
42506.384000,5.289606,5.188167
42506.384000,5.289942,5.188494
42506.384000,5.290040,5.188097
42506.384000,5.289826,5.186031
42506.384000,5.290063,5.187672
42506.384000,5.290600,5.187029
42506.384000,5.290178,5.189029
42506.384000,5.289543,5.187129
42506.384000,5.288761,5.185742
42506.384000,5.289216,5.186296
42506.384000,5.289401,5.186638
42506.384000,5.288575,5.186874
42506.384000,5.289142,5.187730
42506.384000,5.288989,5.186811
42506.384000,5.288996,5.187582
42506.384000,5.288187,5.187555
42506.384000,5.288765,5.188676
42506.384000,5.288050,5.185808
42506.384000,5.288245,5.189304
42506.384000,5.289534,5.186836
42506.384000,5.289941,5.188824
42506.384000,5.289503,5.191949
42506.384000,5.289731,5.190987
42506.384000,5.290709,5.187979
42506.384000,5.290512,5.187185
42506.384000,5.291085,5.187294
42506.384000,5.291083,5.187206
42506.384000,5.290495,5.188939
42506.384000,5.290069,5.191498
42506.384000,5.290074,5.189839
42506.384000,5.291218,5.190106
42506.384000,5.291172,5.189334
42506.384000,5.291695,5.188426
42506.384000,5.291293,5.189964
42506.384000,5.291795,5.192595
42506.384000,5.292696,5.191432
42506.384000,5.292682,5.188899
42506.384000,5.291990,5.189834
42506.384000,5.292440,5.189369
42506.384000,5.293083,5.191490
42506.384000,5.293423,5.187040
42506.384000,5.293508,5.187441
42506.384000,5.292854,5.190216
42506.384000,5.293417,5.187356
42506.384000,5.294532,5.190372
42506.384000,5.295516,5.191837
42506.384000,5.294868,5.189152
42506.384000,5.294368,5.187645
42506.384000,5.293364,5.190541
42506.384000,5.292888,5.190777
42506.384000,5.292439,5.193919
42506.384000,5.292191,5.193205
42506.384000,5.292831,5.192326
42506.384000,5.291714,5.193449
42506.384000,5.292083,5.194194
42506.384000,5.291107,5.190349
42506.384000,5.291239,5.194500
42506.384000,5.291674,5.190455
42506.384000,5.292064,5.191262
42506.384000,5.292530,5.191268
42506.384000,5.292332,5.192113
42506.384000,5.293392,5.193775
42506.384000,5.292312,5.193376
42506.384000,5.290481,5.192694
42506.384000,5.290658,5.188917
42506.384000,5.291425,5.187369
42506.384000,5.292302,5.190256
42506.384000,5.292069,5.191244
42506.384000,5.292186,5.190665
42506.384000,5.291761,5.189171
42506.384000,5.291618,5.189983
42506.384000,5.291811,5.191997
42506.384000,5.291672,5.193934
42506.384000,5.292390,5.194472
42506.384000,5.292823,5.196946
42506.384000,5.293407,5.196378
42506.384000,5.293705,5.199071
42506.384000,5.293981,5.198019
42506.384000,5.293667,5.197911
42506.384000,5.294142,5.196102
42506.384000,5.293595,5.196044
42506.384000,5.292723,5.198107
42506.384000,5.293594,5.198438
42506.384000,5.294397,5.196733
42506.384000,5.294939,5.196172
42506.384000,5.295550,5.195913
42506.384000,5.295907,5.193302
42506.384000,5.295568,5.194269
42506.384000,5.296308,5.196569
42506.384000,5.295396,5.197266
42506.384000,5.295189,5.194141
42506.384000,5.294613,5.193080
42506.384000,5.295085,5.195652
42506.384000,5.295023,5.194655
42506.384000,5.295235,5.197107
42506.384000,5.295429,5.194770
42506.384000,5.295451,5.192651
42506.384000,5.295270,5.194576
42506.384000,5.295243,5.198491
42506.384000,5.295782,5.196403
42506.384000,5.295145,5.192914
42506.384000,5.294772,5.193315
42506.384000,5.294412,5.193404
42506.384000,5.295285,5.190692
42506.384000,5.294421,5.189694
42506.384000,5.293378,5.190874
42506.384000,5.293386,5.189908
42506.384000,5.293934,5.190182
42506.384000,5.294002,5.189866
42506.384000,5.294650,5.189133
42506.384000,5.294393,5.190015
42506.384000,5.295392,5.191900
42506.384000,5.295150,5.191253
42506.384000,5.295372,5.193378
42506.384000,5.295828,5.193921
42506.384000,5.296047,5.192806
42506.384000,5.296292,5.188977
42506.384000,5.295632,5.192465
42506.384000,5.295090,5.190954
42506.384000,5.295165,5.192669
42506.384000,5.294507,5.191662
42506.384000,5.294613,5.192410
42506.384000,5.294624,5.192153
42506.384000,5.295090,5.192705
42506.384000,5.294748,5.194940
42506.384000,5.294612,5.194309
42506.384000,5.295198,5.194283
42506.384000,5.296095,5.193291
42506.384000,5.297217,5.195050
42506.384000,5.296666,5.194743
42506.384000,5.295977,5.194900
42506.384000,5.295839,5.192262
42506.384000,5.296260,5.192410
42506.384000,5.297044,5.194617
42506.384000,5.297378,5.194424
42506.384000,5.296941,5.194760
42506.384000,5.297475,5.193888
42506.384000,5.297650,5.195041
42506.384000,5.297537,5.194552
42506.384000,5.297092,5.194743
42506.384000,5.296256,5.193192
42506.384000,5.296448,5.194045
42506.384000,5.296849,5.195494
42506.384000,5.297606,5.194874
42506.384000,5.297139,5.194664
42506.384000,5.296721,5.193774
42506.384000,5.296563,5.193008
42506.384000,5.297825,5.191922
42506.384000,5.297159,5.192277
42506.384000,5.296201,5.193412
42506.384000,5.295620,5.189929
42506.384000,5.295169,5.190758
42506.384000,5.295704,5.192709
42506.384000,5.295898,5.191697
42506.384000,5.296136,5.192576
42506.384000,5.296352,5.190660
42506.384000,5.296660,5.189778
42506.384000,5.297058,5.189299
42506.384000,5.297023,5.191313
42506.384000,5.295402,5.189322
42506.384000,5.295744,5.186598
42506.384000,5.297206,5.191014
42506.384000,5.298144,5.192405
42506.384000,5.298546,5.189730
42506.384000,5.297404,5.192360
42506.384000,5.297067,5.191651
42506.384000,5.297095,5.191211
42506.384000,5.296811,5.192536
42506.384000,5.296952,5.194183
42506.384000,5.296669,5.192910
42506.384000,5.297645,5.190331
42506.384000,5.298384,5.193617
42506.384000,5.298933,5.192228
42506.384000,5.298311,5.191503
42506.384000,5.297999,5.190115
42506.384000,5.296988,5.189249
42506.384000,5.297638,5.191345
42506.384000,5.298811,5.192072
42506.384000,5.299154,5.191696
42506.384000,5.299780,5.191770
42506.384000,5.299171,5.192616
42506.384000,5.299577,5.192167
42506.384000,5.300042,5.192864
42506.384000,5.299462,5.193738
42506.384000,5.298509,5.195512
42506.384000,5.298833,5.197094
42506.384000,5.298519,5.198110
42506.384000,5.299281,5.194911
42506.384000,5.300054,5.193993
42506.384000,5.299956,5.192410
42506.384000,5.299756,5.194051
42506.384000,5.300030,5.195574
42506.384000,5.299176,5.197081
42506.384000,5.298949,5.194473
42506.384000,5.299706,5.194216
42506.384000,5.300415,5.195284
42506.384000,5.300482,5.196071
42506.384000,5.299242,5.198327
42506.384000,5.298118,5.203446
42506.384000,5.297841,5.202172
42506.384000,5.298255,5.193279
42506.384000,5.297734,5.193274
42506.384000,5.297417,5.198039
42506.384000,5.297017,5.200299
42506.384000,5.296764,5.199027
42506.384000,5.297159,5.201969
42506.384000,5.297151,5.203549
42506.384000,5.297400,5.199862
42506.384000,5.298258,5.193002
42506.384000,5.297397,5.202190
42506.384000,5.296582,5.201373
42506.384000,5.296812,5.202699
42506.384000,5.296777,5.205511
42506.384000,5.297141,5.203403
42506.384000,5.298012,5.206768
42506.384000,5.297603,5.204066
42506.384000,5.298028,5.206802
42506.384000,5.297495,5.206456
42506.384000,5.297341,5.205270
42506.384000,5.297818,5.200445
42506.384000,5.297251,5.202785
42506.384000,5.298129,5.198246
42506.384000,5.298741,5.201943
42506.384000,5.299154,5.207868
42506.384000,5.298757,5.202841
42506.384000,5.298834,5.203496
42506.384000,5.299617,5.198073
42506.384000,5.300252,5.203808
42506.384000,5.299322,5.209271
42506.384000,5.299416,5.205500
42506.384000,5.299468,5.202130
42506.384000,5.298732,5.198527
42506.384000,5.299280,5.199994
42506.384000,5.300067,5.206326
42506.384000,5.299535,5.202358
42506.384000,5.299880,5.199294
42506.384000,5.300788,5.197979
42506.384000,5.300593,5.196178
42506.384000,5.301857,5.198325
42506.384000,5.300001,5.195037
42506.384000,5.299822,5.194307
42506.384000,5.299640,5.200190
42506.384000,5.299598,5.196758
42506.384000,5.300086,5.198919
42506.384000,5.300151,5.195680
42506.384000,5.300151,5.207839
42506.384000,5.299655,5.206804
42506.384000,5.299272,5.198331
42506.384000,5.299816,5.200369
42506.384000,5.299261,5.206495
42506.384000,5.299052,5.207938
42506.384000,5.298731,5.208377
42506.384000,5.298769,5.203929
42506.384000,5.298697,5.203991
42506.384000,5.298663,5.208491
42506.384000,5.298558,5.207022
42506.384000,5.298599,5.207289
42506.384000,5.298742,5.207439
42506.384000,5.297579,5.205359
42506.384000,5.297796,5.209070
42506.384000,5.298485,5.207513
42506.384000,5.298483,5.206385
42506.384000,5.298816,5.202968
42506.384000,5.298617,5.204610
42506.384000,5.298175,5.204386
42506.384000,5.297882,5.206705
42506.384000,5.297669,5.203748
42506.384000,5.298074,5.205881
42506.384000,5.299061,5.205823
42506.384000,5.299827,5.209186
42506.384000,5.300306,5.208343
42506.384000,5.299677,5.206683
42506.384000,5.300455,5.198516
42506.384000,5.300666,5.199722
42506.384000,5.301231,5.198529
42506.384000,5.300526,5.210478
42506.384000,5.301078,5.203379
42506.384000,5.300974,5.197144
42506.384000,5.301124,5.199125
42506.384000,5.301123,5.198549
42506.384000,5.301176,5.201859
42506.384000,5.302165,5.206124
42506.384000,5.302220,5.202433
42506.384000,5.301542,5.207036
42506.384000,5.301637,5.201651
42506.384000,5.302625,5.201445
42506.384000,5.302423,5.201995
42506.384000,5.302713,5.200843
42506.384000,5.303132,5.199420
42506.384000,5.302889,5.198881
42506.384000,5.303032,5.200572
42506.384000,5.303448,5.196872
42506.384000,5.303400,5.199208
42506.384000,5.303131,5.197495
42506.384000,5.302361,5.195878
42506.384000,5.301855,5.197423
42506.384000,5.301980,5.197990
42506.384000,5.302816,5.197359
42506.384000,5.302838,5.196173
42506.384000,5.303479,5.200177
42506.384000,5.303323,5.199064
42506.384000,5.303584,5.199251
42506.384000,5.303190,5.197377
42506.384000,5.303025,5.198186
42506.384000,5.302272,5.194243
42506.384000,5.302293,5.197301
42506.384000,5.301907,5.196612
42506.384000,5.301969,5.194189
42506.384000,5.301880,5.198544
42506.384000,5.302438,5.197458
42506.384000,5.302202,5.197480
42506.384000,5.301906,5.199251
42506.384000,5.301638,5.201859
42506.384000,5.302884,5.201013
42506.384000,5.302740,5.201724
42506.384000,5.302376,5.198763
42506.384000,5.303070,5.200907
42506.384000,5.303949,5.202237
42506.384000,5.304103,5.199093
42506.384000,5.304384,5.199637
42506.384000,5.304526,5.199741
42506.384000,5.303718,5.202319
42506.384000,5.303845,5.203432
42506.384000,5.303987,5.201659
42506.384000,5.304020,5.204971
42506.384000,5.305210,5.208930
42506.384000,5.305214,5.212351
42506.384000,5.305967,5.212190
42506.384000,5.306048,5.215225
42506.384000,5.305204,5.213026
42506.384000,5.305872,5.215317
42506.384000,5.305814,5.212344
42506.384000,5.305898,5.215930
42506.384000,5.306523,5.213604
42506.384000,5.305095,5.212716
42506.384000,5.304702,5.210127
42506.384000,5.303546,5.208125
42506.384000,5.303995,5.210029
42506.384000,5.304838,5.210116
42506.384000,5.304876,5.210416
42506.384000,5.304876,5.208731
42506.384000,5.305454,5.210797
42506.384000,5.306112,5.208257
42506.384000,5.304913,5.211219
42506.384000,5.304060,5.208182
42506.384000,5.303500,5.207607
42506.384000,5.304649,5.208723
42506.384000,5.303515,5.201931
42506.384000,5.303493,5.207917
42506.384000,5.303610,5.206199
42506.384000,5.302563,5.208116
42506.384000,5.302477,5.206771
42506.384000,5.303212,5.206705
42506.384000,5.302619,5.210187
42506.384000,5.302251,5.204919
42506.384000,5.301523,5.204258
42506.384000,5.302062,5.203141
42506.384000,5.303028,5.203281
42506.384000,5.302403,5.206766
42506.384000,5.303228,5.211199
42506.384000,5.303770,5.200861
42506.384000,5.302738,5.202237
42506.384000,5.301697,5.202074
42506.384000,5.301248,5.196036
42506.384000,5.302296,5.192812
42506.384000,5.303608,5.194481
42506.384000,5.304213,5.194254
42506.384000,5.305469,5.196139
42506.384000,5.306925,5.197348
42506.384000,5.307584,5.193493
42506.384000,5.307745,5.193788
42506.384000,5.307596,5.196402
42506.384000,5.306643,5.195142
42506.384000,5.305518,5.193940
42506.384000,5.305715,5.197138
42506.384000,5.306423,5.196334
42506.384000,5.307830,5.197726
42506.384000,5.308710,5.198982
42506.384000,5.309662,5.198460
42506.384000,5.308478,5.195700
42506.384000,5.308781,5.197294
42506.384000,5.308677,5.195351
42506.384000,5.308427,5.196910
42506.384000,5.309126,5.198212
42506.384000,5.309611,5.199596
42506.384000,5.309970,5.197071
42506.384000,5.309767,5.197531
42506.384000,5.310561,5.198770
42506.384000,5.310823,5.200137
42506.384000,5.308345,5.208759
42506.384000,5.306314,5.207635
42506.384000,5.306145,5.209909
42506.384000,5.305880,5.209884
42506.384000,5.305735,5.203856
42506.384000,5.305285,5.203202
42506.384000,5.305683,5.206419
42506.384000,5.305422,5.199268
42506.384000,5.305096,5.199609
42506.384000,5.305981,5.197256
42506.384000,5.306199,5.197303
42506.384000,5.306019,5.197866
42506.384000,5.305045,5.194762
42506.384000,5.304735,5.200451
42506.384000,5.304844,5.197690
42506.384000,5.305045,5.196350
42506.384000,5.305436,5.199008
42506.384000,5.305793,5.199520
42506.384000,5.304955,5.198859
42506.384000,5.304315,5.197442
42506.384000,5.304258,5.196981
42506.384000,5.304825,5.198589
42506.384000,5.305414,5.198002
42506.384000,5.306155,5.198381
42506.384000,5.306911,5.195773
42506.384000,5.306281,5.197385
42506.384000,5.306100,5.199818
42506.384000,5.305787,5.202456
42506.384000,5.306472,5.200020
42506.384000,5.307039,5.196771
42506.384000,5.306689,5.198146
42506.384000,5.306808,5.199030
42506.384000,5.307456,5.198237
42506.384000,5.307710,5.200107
42506.384000,5.305502,5.199607
42506.384000,5.306235,5.199641
42506.384000,5.306231,5.201477
42506.384000,5.307302,5.198799
42506.384000,5.307418,5.199868
42506.384000,5.306250,5.199133
42506.384000,5.305490,5.200590
42506.384000,5.305599,5.197181
42506.384000,5.305959,5.197440
42506.384000,5.307331,5.197804
42506.384000,5.307099,5.199730
42506.384000,5.307468,5.198402
42506.384000,5.307414,5.199215
42506.384000,5.306132,5.199144
42506.384000,5.306027,5.199720
42506.384000,5.305272,5.198418
42506.384000,5.305982,5.200962
42506.384000,5.306518,5.197579
42506.384000,5.306609,5.199236
42506.384000,5.306841,5.197630
42506.384000,5.307118,5.195650
42506.384000,5.306125,5.196999
42506.384000,5.306045,5.197597
42506.384000,5.304935,5.199554
42506.384000,5.304746,5.199498
42506.384000,5.305529,5.199672
42506.384000,5.305362,5.199706
42506.384000,5.305958,5.198438
42506.384000,5.305673,5.198015
42506.384000,5.306171,5.196604
42506.384000,5.306336,5.196728
42506.384000,5.306808,5.195674
42506.384000,5.307381,5.199198
42506.384000,5.306026,5.198719
42506.384000,5.305728,5.200927
42506.384000,5.306181,5.200307
42506.384000,5.306529,5.199633
42506.384000,5.306091,5.199879
42506.384000,5.306288,5.200779
42506.384000,5.306173,5.201446
42506.384000,5.307374,5.201159
42506.384000,5.307243,5.200372
42506.384000,5.307766,5.199979
42506.384000,5.307706,5.196384
42506.384000,5.307824,5.198633
42506.384000,5.307237,5.199590
42506.384000,5.307702,5.201103
42506.384000,5.307782,5.201468
42506.384000,5.307932,5.201922
42506.384000,5.307517,5.206951
42506.384000,5.306434,5.203309
42506.384000,5.307724,5.202113
42506.384000,5.308448,5.202037
42506.384000,5.308719,5.203387
42506.384000,5.308464,5.204081
42506.384000,5.309178,5.202511
42506.384000,5.308675,5.203035
42506.384000,5.309788,5.205606
42506.384000,5.309134,5.204217
42506.384000,5.307484,5.204456
42506.384000,5.307765,5.204622
42506.384000,5.308049,5.206357
42506.384000,5.307858,5.203646
42506.384000,5.308468,5.201044
42506.384000,5.308866,5.202486
42506.384000,5.309151,5.200667
42506.384000,5.308542,5.200159
42506.384000,5.308099,5.200521
42506.384000,5.308400,5.201043
42506.384000,5.307782,5.200811
42506.384000,5.307231,5.199828
42506.384000,5.306514,5.196792
42506.384000,5.306857,5.200580
42506.384000,5.307034,5.198935
42506.384000,5.307390,5.203730
42506.384000,5.307403,5.202807
42506.384000,5.307618,5.201624
42506.384000,5.307998,5.198893
42506.384000,5.308220,5.198894
42506.384000,5.308068,5.202183
42506.384000,5.308858,5.201326
42506.384000,5.309225,5.202680
42506.384000,5.308830,5.201944
42506.384000,5.307529,5.200876
42506.384000,5.307170,5.203393
42506.384000,5.308120,5.200775
42506.384000,5.309010,5.203219
42506.384000,5.309985,5.206212
42506.384000,5.309513,5.206656
42506.384000,5.309877,5.207162
42506.384000,5.309449,5.213224
42506.384000,5.309316,5.212256
42506.384000,5.309585,5.209460
42506.384000,5.309968,5.209308
42506.384000,5.309769,5.206569
42506.384000,5.309520,5.205086
42506.384000,5.310120,5.207553
42506.384000,5.310697,5.203763
42506.384000,5.310558,5.205400
42506.384000,5.311114,5.203172
42506.384000,5.311525,5.204305
42506.384000,5.312080,5.204451
42506.384000,5.311952,5.205710
42506.384000,5.311870,5.206047
42506.384000,5.310922,5.204082
42506.384000,5.311135,5.205174
42506.384000,5.310824,5.203215
42506.384000,5.310532,5.202844
42506.384000,5.310341,5.205700
42506.384000,5.309772,5.205978
42506.384000,5.309595,5.203232
42506.384000,5.310552,5.206457
42506.384000,5.310181,5.204087
42506.384000,5.309212,5.205137
42506.384000,5.309457,5.201011
42506.384000,5.309748,5.202479
42506.384000,5.309576,5.203773
42506.384000,5.309002,5.202191
42506.384000,5.308601,5.202093
42506.384000,5.309341,5.202718
42506.384000,5.309356,5.203342
42506.384000,5.310094,5.202765
42506.384000,5.309790,5.202046
42506.384000,5.309693,5.203747
42506.384000,5.308268,5.202713
42506.384000,5.308332,5.203228
42506.384000,5.309070,5.202291
42506.384000,5.309043,5.201165
42506.384000,5.308628,5.202363
42506.384000,5.308986,5.200375
42506.384000,5.309864,5.204144
42506.384000,5.309923,5.200185
42506.384000,5.310611,5.201207
42506.384000,5.310665,5.200976
42506.384000,5.310823,5.201427
42506.384000,5.311147,5.201700
42506.384000,5.311585,5.206307
42506.384000,5.311791,5.204410
42506.384000,5.312017,5.202836
42506.384000,5.312411,5.204232
42506.384000,5.312594,5.204727
42506.384000,5.312884,5.204088
42506.384000,5.312528,5.203035
42506.384000,5.313144,5.203436
42506.384000,5.313741,5.206557
42506.384000,5.312245,5.205127
42506.384000,5.311946,5.203984
42506.384000,5.312421,5.204954
42506.384000,5.312450,5.202000
42506.384000,5.313491,5.201063
42506.384000,5.314210,5.201621
42506.384000,5.313198,5.204833
42506.384000,5.312402,5.201455
42506.384000,5.311651,5.197759
42506.384000,5.311890,5.204102
42506.384000,5.312713,5.203899
42506.384000,5.312791,5.202661
42506.384000,5.312570,5.202972
42506.384000,5.312604,5.204379
42506.384000,5.313387,5.203007
42506.384000,5.313312,5.202435
42506.384000,5.313148,5.201209
42506.384000,5.313446,5.203011
42506.384000,5.314194,5.201549
42506.384000,5.314260,5.203895
42506.384000,5.314007,5.206891
42506.384000,5.314229,5.203358
42506.384000,5.312829,5.200828
42506.384000,5.313085,5.201696
42506.384000,5.313501,5.202384
42506.384000,5.313601,5.200196
42506.384000,5.313713,5.202715
42506.384000,5.314432,5.205825
42506.384000,5.314911,5.207274
42506.384000,5.313652,5.205125
42506.384000,5.313988,5.205876
42506.384000,5.314378,5.204362
42506.384000,5.313975,5.206269
42506.384000,5.314591,5.206626
42506.384000,5.314892,5.205251
42506.384000,5.315243,5.204755
42506.384000,5.315665,5.206052
42506.384000,5.315121,5.205338
42506.384000,5.315102,5.204630
42506.384000,5.316014,5.203458
42506.384000,5.315200,5.206024
42506.384000,5.315576,5.209683
42506.384000,5.315303,5.210375
42506.384000,5.315315,5.207015
42506.384000,5.315891,5.207653
42506.384000,5.316633,5.206052
42506.384000,5.316777,5.206487
42506.384000,5.317343,5.207116
42506.384000,5.317200,5.207314
42506.384000,5.316908,5.205947
42506.384000,5.317681,5.208373
42506.384000,5.317437,5.208639
42506.384000,5.317311,5.209548
42506.384000,5.317628,5.204909
42506.384000,5.317978,5.207904
42506.384000,5.318499,5.208020
42506.384000,5.317515,5.206993
42506.384000,5.316802,5.209316
42506.384000,5.317447,5.207967
42506.384000,5.317730,5.208561
42506.384000,5.317546,5.211768
42506.384000,5.316289,5.209982
42506.384000,5.316352,5.210017
42506.384000,5.315875,5.217920
42506.384000,5.316063,5.217785
42506.384000,5.315551,5.217769
42506.384000,5.315977,5.220484
42506.384000,5.315780,5.216318
42506.384000,5.315826,5.209917
42506.384000,5.316218,5.207408
42506.384000,5.316303,5.209675
42506.384000,5.316999,5.209224
42506.384000,5.318012,5.208385
42506.384000,5.318523,5.208781
42506.384000,5.318402,5.207563
42506.384000,5.317796,5.206391
42506.384000,5.317196,5.213098
42506.384000,5.317244,5.211937
42506.384000,5.317237,5.210616
42506.384000,5.317222,5.212811
42506.384000,5.318123,5.211743
42506.384000,5.318766,5.209238
42506.384000,5.319745,5.208910
42506.384000,5.320174,5.210385
42506.384000,5.319656,5.212208
42506.384000,5.319926,5.211778
42506.384000,5.320317,5.214492
42506.384000,5.319509,5.216312
42506.384000,5.320022,5.223557
42506.384000,5.320602,5.223169
42506.384000,5.320476,5.224478
42506.384000,5.321094,5.225701
42506.384000,5.321146,5.226291
42506.384000,5.321400,5.223691
42506.384000,5.321874,5.225015
42506.384000,5.322003,5.224508
42506.384000,5.322430,5.216871
42506.384000,5.322262,5.213668
42506.384000,5.322790,5.216729
42506.384000,5.322349,5.216578
42506.384000,5.322805,5.213813
42506.384000,5.323058,5.216864
42506.384000,5.321616,5.223208
42506.384000,5.321408,5.224537
42506.384000,5.321140,5.225550
42506.384000,5.321255,5.226282
42506.384000,5.321385,5.223348
42506.384000,5.321893,5.225624
42506.384000,5.323296,5.223640
42506.384000,5.323552,5.224408
42506.384000,5.322536,5.216311
42506.384000,5.321690,5.213465
42506.384000,5.322010,5.216284
42506.384000,5.321743,5.214240
42506.384000,5.320852,5.216419
42506.384000,5.320657,5.215812
42506.384000,5.320789,5.213842
42506.384000,5.320507,5.215018
42506.384000,5.320653,5.213189
42506.384000,5.320744,5.216291
42506.384000,5.321240,5.216748
42506.384000,5.321728,5.213233
42506.384000,5.320823,5.214286
42506.384000,5.321788,5.225694
42506.384000,5.321232,5.223002
42506.384000,5.321037,5.223600
42506.384000,5.320963,5.223015
42506.384000,5.322105,5.222883
42506.384000,5.323233,5.223769
42506.384000,5.323067,5.222009
42506.384000,5.323609,5.217904
42506.384000,5.323364,5.217340
42506.384000,5.323795,5.214170
42506.384000,5.323993,5.216851
42506.384000,5.324536,5.212520
42506.384000,5.324975,5.215992
42506.384000,5.324669,5.216581
42506.384000,5.325340,5.214959
42506.384000,5.326184,5.217501
42506.384000,5.326506,5.215719
42506.384000,5.325666,5.215908
42506.384000,5.325727,5.216239
42506.384000,5.326328,5.216472
42506.384000,5.326655,5.217143
42506.384000,5.325895,5.215131
42506.384000,5.325198,5.215421
42506.384000,5.325123,5.215485
42506.384000,5.325542,5.214685
42506.384000,5.325964,5.214736
42506.384000,5.325490,5.215869
42506.384000,5.325230,5.215855
42506.384000,5.325402,5.217561
42506.384000,5.325371,5.218102
42506.384000,5.324380,5.217569
42506.384000,5.324852,5.215773
42506.384000,5.325153,5.216988
42506.384000,5.324240,5.216519
42506.384000,5.324806,5.215308
42506.384000,5.324703,5.215743
42506.384000,5.324941,5.215026
42506.384000,5.325252,5.213146
42506.384000,5.325496,5.215317
42506.384000,5.325849,5.214304
42506.384000,5.325198,5.216842
42506.384000,5.325154,5.217488
42506.384000,5.325670,5.215895
42506.384000,5.325587,5.212925
42506.384000,5.325575,5.215476
42506.384000,5.326029,5.223889
42506.384000,5.325940,5.221118
42506.384000,5.326276,5.225592
42506.384000,5.326205,5.221337
42506.384000,5.325702,5.217045
42506.384000,5.325911,5.215958
42506.384000,5.325848,5.213036
42506.384000,5.325653,5.214019
42506.384000,5.325351,5.215903
42506.384000,5.325810,5.217296
42506.384000,5.325513,5.213818
42506.384000,5.325559,5.215505
42506.384000,5.325781,5.214605
42506.384000,5.325909,5.213411
42506.384000,5.326614,5.215046
42506.384000,5.326340,5.217662
42506.384000,5.325896,5.216717
42506.384000,5.326178,5.220273
42506.384000,5.326275,5.216470
42506.384000,5.326062,5.216401
42506.384000,5.326135,5.218581
42506.384000,5.326585,5.215970
42506.384000,5.325882,5.216410
42506.384000,5.326432,5.217304
42506.384000,5.327207,5.219348
42506.384000,5.327314,5.218046
42506.384000,5.327365,5.215933
42506.384000,5.328418,5.216147
42506.384000,5.327350,5.214087
42506.384000,5.326478,5.214412
42506.384000,5.326688,5.215373
42506.384000,5.326665,5.216339
42506.384000,5.327049,5.211518
42506.384000,5.327229,5.215015
42506.384000,5.328042,5.218269
42506.384000,5.328588,5.217039
42506.384000,5.329136,5.217853
42506.384000,5.329133,5.218533
42506.384000,5.329485,5.216658
42506.384000,5.329446,5.220178
42506.384000,5.329767,5.221261
42506.384000,5.330542,5.218846
42506.384000,5.329209,5.218475
42506.384000,5.329372,5.220118
42506.384000,5.329319,5.219436
42506.384000,5.329862,5.220793
42506.384000,5.330552,5.221051
42506.384000,5.331325,5.219816
42506.384000,5.331559,5.219745
42506.384000,5.332179,5.220045
42506.384000,5.331913,5.221305
42506.384000,5.331238,5.220804
42506.384000,5.329791,5.218550
42506.384000,5.330107,5.218881
42506.384000,5.329839,5.222626
42506.384000,5.329505,5.219143
42506.384000,5.329758,5.221960
42506.384000,5.329069,5.219050
42506.384000,5.330016,5.221018
42506.384000,5.330637,5.220963
42506.384000,5.331197,5.219027
42506.384000,5.331960,5.218382
42506.384000,5.332814,5.218465
42506.384000,5.332594,5.216695
42506.384000,5.332984,5.217640
42506.384000,5.333609,5.217551
42506.384000,5.332878,5.218426
42506.384000,5.332826,5.217920
42506.384000,5.332063,5.219461
42506.384000,5.332506,5.218244
42506.384000,5.332839,5.220124
42506.384000,5.332986,5.216291
42506.384000,5.332938,5.221856
42506.384000,5.333659,5.220883
42506.384000,5.333198,5.221348
42506.384000,5.333813,5.220077
42506.384000,5.334638,5.222258
42506.384000,5.334599,5.219152
42506.384000,5.334736,5.221813
42506.384000,5.335407,5.222751
42506.384000,5.335460,5.224405
42506.384000,5.334777,5.226898
42506.384000,5.335204,5.229848
42506.384000,5.335518,5.228175
42506.384000,5.335530,5.233689
42506.384000,5.336666,5.232966
42506.384000,5.336965,5.231280
42506.384000,5.335596,5.223122
42506.384000,5.335187,5.219272
42506.384000,5.335663,5.219515
42506.384000,5.335830,5.219941
42506.384000,5.336598,5.218466
42506.384000,5.336803,5.223460
42506.384000,5.336861,5.218180
42506.384000,5.337414,5.219769
42506.384000,5.336229,5.217879
42506.384000,5.336589,5.220212
42506.384000,5.336663,5.214984
42506.384000,5.335794,5.217703
42506.384000,5.335416,5.216288
42506.384000,5.335503,5.218615
42506.384000,5.335777,5.215953
42506.384000,5.336118,5.219160
42506.384000,5.335758,5.221059
42506.384000,5.334129,5.216808
42506.384000,5.333749,5.218348
42506.384000,5.334352,5.217331
42506.384000,5.333751,5.217469
42506.384000,5.332755,5.217018
42506.384000,5.333408,5.216584
42506.384000,5.332597,5.215291
42506.384000,5.331221,5.213994
42506.384000,5.331412,5.217286
42506.384000,5.331201,5.217070
42506.384000,5.331109,5.215326
42506.384000,5.331370,5.217313
42506.384000,5.331289,5.215939
42506.384000,5.332131,5.215961
42506.384000,5.332520,5.218045
42506.384000,5.333264,5.217893
42506.384000,5.333861,5.217034
42506.384000,5.334589,5.216983
42506.384000,5.334480,5.216785
42506.384000,5.334533,5.216189
42506.384000,5.333860,5.219848
42506.384000,5.333741,5.217814
42506.384000,5.334346,5.215689
42506.384000,5.334457,5.218105
42506.384000,5.334363,5.216136
42506.384000,5.334838,5.217007
42506.384000,5.335419,5.216077
42506.384000,5.335487,5.218651
42506.384000,5.335198,5.215607
42506.384000,5.334067,5.213379
42506.384000,5.332997,5.213742
42506.384000,5.332834,5.213207
42506.384000,5.333357,5.212746
42506.384000,5.334533,5.213133
42506.384000,5.333408,5.215486
42506.384000,5.332567,5.214514
42506.384000,5.332141,5.216956
42506.384000,5.331655,5.215710
42506.384000,5.332613,5.219149
42506.384000,5.332565,5.217643
42506.384000,5.332812,5.220332
42506.384000,5.332717,5.221800
42506.384000,5.333528,5.221229
42506.384000,5.333965,5.220711
42506.384000,5.334007,5.220011
42506.384000,5.333574,5.220387
42506.384000,5.334629,5.222318
42506.384000,5.334837,5.222658
42506.384000,5.336003,5.233097
42506.384000,5.337040,5.231802
42506.384000,5.337024,5.234857
42506.384000,5.337065,5.233812
42506.384000,5.337799,5.234620
42506.384000,5.338486,5.231725
42506.384000,5.338807,5.223909
42506.384000,5.338326,5.220234
42506.384000,5.338898,5.223816
42506.384000,5.338859,5.224710
42506.384000,5.338374,5.225312
42506.384000,5.338642,5.222047
42506.384000,5.337928,5.221414
42506.384000,5.337215,5.223390
42506.384000,5.336538,5.231274
42506.384000,5.336273,5.230181
42506.384000,5.335786,5.230433
42506.384000,5.336553,5.227886
42506.384000,5.336758,5.233748
42506.384000,5.337524,5.231326
42506.384000,5.337884,5.230846
42506.384000,5.337594,5.232377
42506.384000,5.337270,5.230014
42506.384000,5.337194,5.233131
42506.384000,5.337501,5.234656
42506.384000,5.337576,5.233144
42506.384000,5.336897,5.235488
42506.384000,5.336710,5.234017
42506.384000,5.335423,5.233985
42506.384000,5.335025,5.232584
42506.384000,5.335817,5.234558
42506.384000,5.336175,5.231821
42506.384000,5.336499,5.221746
42506.384000,5.335842,5.222782
42506.384000,5.335341,5.224966
42506.384000,5.333725,5.223602
42506.384000,5.334734,5.223534
42506.384000,5.335373,5.223751
42506.384000,5.334783,5.223586
42506.384000,5.334155,5.223921
42506.384000,5.334558,5.223671
42506.384000,5.335632,5.227577
42506.384000,5.336279,5.225031
42506.384000,5.335523,5.223736
42506.384000,5.336483,5.226751
42506.384000,5.336719,5.226970
42506.384000,5.336640,5.236885
42506.384000,5.337088,5.235671
42506.384000,5.338428,5.228216
42506.384000,5.339932,5.231240
42506.384000,5.341032,5.229872
42506.384000,5.341614,5.229620
42506.384000,5.341598,5.228253
42506.384000,5.341426,5.224884
42506.384000,5.341452,5.223848
42506.384000,5.341422,5.222986
42506.384000,5.341304,5.220868
42506.384000,5.340948,5.224650
42506.384000,5.340847,5.235247
42506.384000,5.338022,5.236340
42506.384000,5.337334,5.237152
42506.384000,5.336733,5.233871
42506.384000,5.336185,5.236041
42506.384000,5.336955,5.234067
42506.384000,5.336989,5.234285
42506.384000,5.336692,5.227284
42506.384000,5.336433,5.229689
42506.384000,5.335431,5.231151
42506.384000,5.335166,5.234775
42506.384000,5.334932,5.228668
42506.384000,5.336032,5.224680
42506.384000,5.336959,5.229629
42506.384000,5.336163,5.227319
42506.384000,5.335314,5.225563
42506.384000,5.334826,5.225619
42506.384000,5.335073,5.219540
42506.384000,5.335842,5.229232
42506.384000,5.336448,5.225186
42506.384000,5.336023,5.228004
42506.384000,5.334394,5.231023
42506.384000,5.334873,5.234806
42506.384000,5.333972,5.234565
42506.384000,5.334103,5.235094
42506.384000,5.335109,5.227857
42506.384000,5.336051,5.224249
42506.384000,5.337188,5.221371
42506.384000,5.338289,5.225541
42506.384000,5.337748,5.224748
42506.384000,5.337289,5.222032
42506.384000,5.337594,5.224284
42506.384000,5.337575,5.219380
42506.384000,5.337840,5.222274
42506.384000,5.338237,5.221586
42506.384000,5.338094,5.220188
42506.384000,5.338679,5.222972
42506.384000,5.339737,5.221548
42506.384000,5.340510,5.233590
42506.384000,5.340689,5.232511
42506.384000,5.341136,5.234524
42506.384000,5.341512,5.231145
42506.384000,5.341244,5.230488
42506.384000,5.341097,5.226824
42506.384000,5.340976,5.226747
42506.384000,5.340646,5.228542
42506.384000,5.340564,5.221472
42506.384000,5.340593,5.227523
42506.384000,5.340671,5.223406
42506.384000,5.340413,5.224438
42506.384000,5.340760,5.221761
42506.384000,5.340884,5.227606
42506.384000,5.341235,5.226455
42506.384000,5.340958,5.230605
42506.384000,5.340658,5.227933
42506.384000,5.341102,5.227269
42506.384000,5.340882,5.225118
42506.384000,5.340562,5.232412
42506.384000,5.340852,5.233613
42506.384000,5.340130,5.233398
42506.384000,5.339206,5.225492
42506.384000,5.337748,5.226857
42506.384000,5.336072,5.221228
42506.384000,5.336225,5.223456
42506.384000,5.336241,5.223130
42506.384000,5.336318,5.221663
42506.384000,5.335812,5.221187
42506.384000,5.336158,5.223580
42506.384000,5.336431,5.221420
42506.384000,5.336186,5.221058
42506.384000,5.335440,5.223126
42506.384000,5.335547,5.225492
42506.384000,5.336338,5.224467
42506.384000,5.335938,5.225391
42506.384000,5.336396,5.227233
42506.384000,5.336684,5.228845
42506.384000,5.337545,5.230642
42506.384000,5.338044,5.227886
42506.384000,5.337956,5.229667
42506.384000,5.338492,5.230802
42506.384000,5.338323,5.231182
42506.384000,5.338924,5.228591
42506.384000,5.338350,5.228605
42506.384000,5.338551,5.230170
42506.384000,5.339228,5.229018
42506.384000,5.339031,5.228500
42506.384000,5.339185,5.230339
42506.384000,5.339625,5.228422
42506.384000,5.339950,5.226855
42506.384000,5.340064,5.231928
42506.384000,5.341028,5.227727
42506.384000,5.340401,5.229811
42506.384000,5.339480,5.228588
42506.384000,5.339963,5.227749
42506.384000,5.340804,5.229549
42506.384000,5.341389,5.229709
42506.384000,5.342089,5.228063
42506.384000,5.342924,5.230753
42506.384000,5.342951,5.228730
42506.384000,5.343170,5.227262
42506.384000,5.342673,5.227091
42506.384000,5.343298,5.228695
42506.384000,5.343544,5.229317
42506.384000,5.342362,5.230252
42506.384000,5.341730,5.227901
42506.384000,5.342110,5.227375
42506.384000,5.341876,5.230798
42506.384000,5.341944,5.228922
42506.384000,5.342927,5.229783
42506.384000,5.342814,5.227376
42506.384000,5.342892,5.228110
42506.384000,5.343028,5.227234
42506.384000,5.343354,5.229692
42506.384000,5.342553,5.227404
42506.384000,5.341496,5.226410
42506.384000,5.341660,5.229275
42506.384000,5.342614,5.227042
42506.384000,5.342131,5.229614
42506.384000,5.342607,5.227450
42506.384000,5.343378,5.226450
42506.384000,5.343869,5.227552
42506.384000,5.341879,5.228120
42506.384000,5.340519,5.226991
42506.384000,5.340316,5.227923
42506.384000,5.340781,5.226811
42506.384000,5.340168,5.227749
42506.384000,5.340976,5.226171
42506.384000,5.340824,5.228427
42506.384000,5.340495,5.228760
42506.384000,5.341065,5.227250
42506.384000,5.340613,5.224870
42506.384000,5.339965,5.224924
42506.384000,5.340290,5.227506
42506.384000,5.340642,5.227529
42506.384000,5.340590,5.229237
42506.384000,5.341066,5.232047
42506.384000,5.341650,5.230448
42506.384000,5.340837,5.233419
42506.384000,5.340909,5.230177
42506.384000,5.341530,5.230230
42506.384000,5.342424,5.225607
42506.384000,5.342901,5.227532
42506.384000,5.343499,5.228875
42506.384000,5.343644,5.226960
42506.384000,5.342373,5.228435
42506.384000,5.342637,5.228682
42506.384000,5.342585,5.227942
42506.384000,5.342628,5.228718
42506.384000,5.343306,5.230133
42506.384000,5.343086,5.226510
42506.384000,5.343369,5.230297
42506.384000,5.343906,5.231020
42506.384000,5.343920,5.227907
42506.384000,5.343487,5.230318
42506.384000,5.343254,5.231090
42506.384000,5.343212,5.226483
42506.384000,5.343789,5.227178
42506.384000,5.343586,5.231040
42506.384000,5.343271,5.228867
42506.384000,5.342545,5.228531
42506.384000,5.342732,5.229459
42506.384000,5.342042,5.227897
42506.384000,5.342081,5.227138
42506.384000,5.341920,5.228176
42506.384000,5.341462,5.226712
42506.384000,5.341083,5.222933
42506.384000,5.341230,5.228796
42506.384000,5.340996,5.226450
42506.384000,5.340927,5.226511
42506.384000,5.340440,5.227969
42506.384000,5.340218,5.226566
42506.384000,5.340930,5.229344
42506.384000,5.340611,5.226895
42506.384000,5.340710,5.226127
42506.384000,5.341647,5.226690
42506.384000,5.342403,5.229605
42506.384000,5.341061,5.228835
42506.384000,5.340636,5.228818
42506.384000,5.341160,5.231292
42506.384000,5.340849,5.229092
42506.384000,5.341772,5.230765
42506.384000,5.342139,5.230051
42506.384000,5.342623,5.230051
42506.384000,5.342722,5.229018
42506.384000,5.342514,5.228924
42506.384000,5.342877,5.229570
42506.384000,5.343060,5.230281
42506.384000,5.343215,5.232784
42506.384000,5.343696,5.230985
42506.384000,5.343915,5.232855
42506.384000,5.344355,5.230677
42506.384000,5.344295,5.232280
42506.384000,5.344412,5.233786
42506.384000,5.344415,5.232326
42506.384000,5.345131,5.230458
42506.384000,5.345559,5.231271
42506.384000,5.345676,5.230326
42506.384000,5.345333,5.232176
42506.384000,5.344623,5.232382
42506.384000,5.344041,5.228973
42506.384000,5.344733,5.232503
42506.384000,5.344543,5.230928
42506.384000,5.344800,5.231070
42506.384000,5.344696,5.232494
42506.384000,5.344980,5.234141
42506.384000,5.344687,5.230973
42506.384000,5.344903,5.232869
42506.384000,5.345156,5.233611
42506.384000,5.344952,5.231268
42506.384000,5.345085,5.232688
42506.384000,5.344801,5.232966
42506.384000,5.343325,5.234280
42506.384000,5.343355,5.229329
42506.384000,5.344157,5.232206
42506.384000,5.344512,5.229591
42506.384000,5.344042,5.229882
42506.384000,5.344232,5.230170
42506.384000,5.343059,5.228081
42506.384000,5.343185,5.233201
42506.384000,5.343573,5.229383
42506.384000,5.344238,5.230715
42506.384000,5.344395,5.231366
42506.384000,5.344763,5.230981
42506.384000,5.344744,5.230272
42506.384000,5.345059,5.230645
42506.384000,5.345918,5.229705
42506.384000,5.346322,5.230219
42506.384000,5.346021,5.228878
42506.384000,5.345285,5.230783
42506.384000,5.345671,5.230161
42506.384000,5.346838,5.237079
42506.384000,5.347054,5.235601
42506.384000,5.346491,5.234416
42506.384000,5.346342,5.234226
42506.384000,5.346254,5.237368
42506.384000,5.346067,5.237127
42506.384000,5.346411,5.237379
42506.384000,5.347094,5.235826
42506.384000,5.346847,5.238900
42506.384000,5.345718,5.233377
42506.384000,5.345158,5.234501
42506.384000,5.345959,5.237803
42506.384000,5.346584,5.236786
42506.384000,5.347628,5.238433
42506.384000,5.347314,5.236509
42506.384000,5.346582,5.235525
42506.384000,5.345857,5.236269
42506.384000,5.346206,5.236122
42506.384000,5.347468,5.233760
42506.384000,5.347697,5.238722
42506.384000,5.346694,5.234500
42506.384000,5.347413,5.235150
42506.384000,5.347740,5.236716
42506.384000,5.346727,5.235132
42506.384000,5.345635,5.233586
42506.384000,5.345568,5.231828
42506.384000,5.344864,5.231604
42506.384000,5.344782,5.231838
42506.384000,5.345476,5.232584
42506.384000,5.345733,5.231253
42506.384000,5.346034,5.230067
42506.384000,5.346676,5.229168
42506.384000,5.346798,5.228742
42506.384000,5.346234,5.229708
42506.384000,5.345513,5.230430
42506.384000,5.345904,5.229380
42506.384000,5.346126,5.228979
42506.384000,5.345329,5.228169
42506.384000,5.344978,5.225748
42506.384000,5.344280,5.227552
42506.384000,5.344343,5.227645
42506.384000,5.345183,5.227794
42506.384000,5.346370,5.227723
42506.384000,5.345942,5.229088
42506.384000,5.346020,5.227417
42506.384000,5.345910,5.228577
42506.384000,5.345402,5.228034
42506.384000,5.345310,5.229033
42506.384000,5.346347,5.228964
42506.384000,5.347181,5.233421
42506.384000,5.347491,5.231808
42506.384000,5.347334,5.232915
42506.384000,5.348167,5.232850
42506.384000,5.349313,5.230239
42506.384000,5.351020,5.235033
42506.384000,5.352491,5.230991
42506.384000,5.352857,5.232275
42506.384000,5.350221,5.232971
42506.384000,5.349719,5.233137
42506.384000,5.349262,5.234007
42506.384000,5.349013,5.235421
42506.384000,5.349866,5.235595
42506.384000,5.350805,5.238976
42506.384000,5.350765,5.237092
42506.384000,5.351436,5.237834
42506.384000,5.352409,5.237521
42506.384000,5.351077,5.237295
42506.384000,5.350330,5.236310
42506.384000,5.351138,5.234556
42506.384000,5.350849,5.235877
42506.384000,5.351520,5.236044
42506.384000,5.351514,5.237047
42506.384000,5.351024,5.234975
42506.384000,5.350868,5.234189
42506.384000,5.350408,5.236179
42506.384000,5.349835,5.235538
42506.384000,5.349743,5.235082
42506.384000,5.349730,5.235135
42506.384000,5.349611,5.236350
42506.384000,5.349908,5.235294
42506.384000,5.350002,5.235184
42506.384000,5.350921,5.234829
42506.384000,5.350809,5.237806
42506.384000,5.351042,5.235492
42506.384000,5.350947,5.237837
42506.384000,5.351254,5.237304
42506.384000,5.350499,5.235673
42506.384000,5.350419,5.234072
42506.384000,5.349943,5.232761
42506.384000,5.351079,5.233138
42506.384000,5.352642,5.233519
42506.384000,5.353320,5.233576
42506.384000,5.352518,5.232130
42506.384000,5.352509,5.231915
42506.384000,5.354038,5.234547
42506.384000,5.355030,5.235937
42506.384000,5.353696,5.236196
42506.384000,5.354459,5.239044
42506.384000,5.354388,5.237471
42506.384000,5.354894,5.238142
42506.384000,5.355373,5.235337
42506.384000,5.355562,5.235865
42506.384000,5.355629,5.233580
42506.384000,5.354618,5.235545
42506.384000,5.354963,5.236633
42506.384000,5.353807,5.233574
42506.384000,5.354197,5.230411
42506.384000,5.354310,5.236246
42506.384000,5.352768,5.237607
42506.384000,5.353176,5.238014
42506.384000,5.354236,5.236235
42506.384000,5.354757,5.236515
42506.384000,5.355625,5.237419
42506.384000,5.356498,5.238055
42506.384000,5.356873,5.237639
42506.384000,5.357104,5.237378
42506.384000,5.357701,5.239372
42506.384000,5.357827,5.238732
42506.384000,5.358175,5.237929
42506.384000,5.358713,5.239880
42506.384000,5.358378,5.240772
42506.384000,5.358655,5.240094
42506.384000,5.358650,5.239737
42506.384000,5.358841,5.240582
42506.384000,5.358193,5.239248
42506.384000,5.358919,5.239305
42506.384000,5.358865,5.241260
42506.384000,5.359366,5.239701
42506.384000,5.359266,5.243044
42506.384000,5.359193,5.243139
42506.384000,5.358499,5.239513
42506.384000,5.358885,5.241128
42506.384000,5.359305,5.240969
42506.384000,5.359802,5.240044
42506.384000,5.358897,5.239146
42506.384000,5.358777,5.241914
42506.384000,5.358644,5.238253
42506.384000,5.359183,5.239132
42506.384000,5.357761,5.234394
42506.384000,5.357774,5.239034
42506.384000,5.358368,5.238100
42506.384000,5.358862,5.240377
42506.384000,5.358755,5.238122
42506.384000,5.357796,5.242754
42506.384000,5.357705,5.241313
42506.384000,5.358074,5.240035
42506.384000,5.358930,5.242787
42506.384000,5.359136,5.238803
42506.384000,5.359075,5.241463
42506.384000,5.357060,5.241020
42506.384000,5.356501,5.241806
42506.384000,5.356545,5.236441
42506.384000,5.354157,5.238915
42506.384000,5.352300,5.239688
42506.384000,5.353052,5.246172
42506.384000,5.354451,5.246618
42506.384000,5.355338,5.243169
42506.384000,5.356312,5.236713
42506.384000,5.357646,5.236928
42506.384000,5.357232,5.235653
42506.384000,5.357691,5.236214
42506.384000,5.357976,5.233670
42506.384000,5.358227,5.235105
42506.384000,5.358004,5.235004
42506.384000,5.356888,5.233260
42506.384000,5.356622,5.232773
42506.384000,5.356282,5.234283
42506.384000,5.355580,5.235682
42506.384000,5.355731,5.234999
42506.384000,5.357393,5.237301
42506.384000,5.356772,5.234045
42506.384000,5.356608,5.237608
42506.384000,5.356504,5.235851
42506.384000,5.356795,5.234425
42506.384000,5.357414,5.234971
42506.384000,5.356094,5.234104
42506.384000,5.355934,5.233301
42506.384000,5.355875,5.233667
42506.384000,5.355530,5.236001
42506.384000,5.355424,5.232361
42506.384000,5.355697,5.233610
42506.384000,5.355313,5.232066
42506.384000,5.356564,5.230425
42506.384000,5.357150,5.230865
42506.384000,5.357710,5.234999
42506.384000,5.357890,5.235402
42506.384000,5.358086,5.235036
42506.384000,5.358992,5.234044
42506.384000,5.358022,5.232972
42506.384000,5.356495,5.233674
42506.384000,5.357911,5.237321
42506.384000,5.358967,5.238385
42506.384000,5.358765,5.238026
42506.384000,5.358686,5.237083
42506.384000,5.359606,5.237191
42506.384000,5.360018,5.241822
42506.384000,5.359979,5.249635
42506.384000,5.360035,5.237286
42506.384000,5.360300,5.238727
42506.384000,5.361209,5.243376
42506.384000,5.361164,5.247339
42506.384000,5.361325,5.250477
42506.384000,5.360922,5.242967
42506.384000,5.361193,5.240911
42506.384000,5.361828,5.239159
42506.384000,5.362652,5.240599
42506.384000,5.360790,5.242616
42506.384000,5.360361,5.252380
42506.384000,5.359937,5.247401
42506.384000,5.360849,5.247302
42506.384000,5.361485,5.245407
42506.384000,5.361962,5.244723
42506.384000,5.361856,5.253564
42506.384000,5.361587,5.250378
42506.384000,5.361732,5.246206
42506.384000,5.361674,5.239065
42506.384000,5.362044,5.237298
42506.384000,5.362048,5.237498
42506.384000,5.362632,5.236403
42506.384000,5.361939,5.237582
42506.384000,5.362508,5.239223
42506.384000,5.360775,5.242129
42506.384000,5.360891,5.240035
42506.384000,5.360390,5.240653
42506.384000,5.360553,5.242047
42506.384000,5.361098,5.243446
42506.384000,5.361027,5.242206
42506.384000,5.360870,5.241348
42506.384000,5.361096,5.241445
42506.384000,5.362100,5.238392
42506.384000,5.361848,5.238997
42506.384000,5.360749,5.239790
42506.384000,5.361228,5.243220
42506.384000,5.360957,5.240343
42506.384000,5.360872,5.241253
42506.384000,5.360948,5.240383
42506.384000,5.361699,5.240148
42506.384000,5.362063,5.242688
42506.384000,5.362708,5.241420
42506.384000,5.363159,5.243002
42506.384000,5.361618,5.242099
42506.384000,5.361064,5.243282
42506.384000,5.361586,5.240937
42506.384000,5.361324,5.242878
42506.384000,5.361857,5.242112
42506.384000,5.360473,5.245432
42506.384000,5.361479,5.242868
42506.384000,5.361893,5.240943
42506.384000,5.362350,5.241823
42506.384000,5.362442,5.243696
42506.384000,5.363163,5.245821
42506.384000,5.363146,5.241876
42506.384000,5.363264,5.243758
42506.384000,5.363812,5.242233
42506.384000,5.364624,5.241651
42506.384000,5.364803,5.243859
42506.384000,5.366322,5.246662
42506.384000,5.367258,5.245957
42506.384000,5.366905,5.244722
42506.384000,5.365629,5.247333
42506.384000,5.365279,5.245521
42506.384000,5.365346,5.247050
42506.384000,5.365303,5.245730
42506.384000,5.364992,5.244502
42506.384000,5.365524,5.244770
42506.384000,5.365251,5.243681
42506.384000,5.364131,5.243061
42506.384000,5.363121,5.251205
42506.384000,5.364341,5.250029
42506.384000,5.365273,5.244508
42506.384000,5.362649,5.250246
42506.384000,5.362619,5.246376
42506.384000,5.363531,5.246009
42506.384000,5.364745,5.246466
42506.384000,5.366163,5.245576
42506.384000,5.367237,5.248568
42506.384000,5.367222,5.242317
42506.384000,5.367674,5.243628
42506.384000,5.366567,5.243877
42506.384000,5.366315,5.244546
42506.384000,5.365023,5.243304
42506.384000,5.363990,5.244945
42506.384000,5.363836,5.243776
42506.384000,5.363287,5.245871
42506.384000,5.363141,5.247017
42506.384000,5.363578,5.246259
42506.384000,5.362789,5.248124
42506.384000,5.363089,5.246593
42506.384000,5.363253,5.243303
42506.384000,5.363449,5.244654
42506.384000,5.362734,5.242910
42506.384000,5.362775,5.245743
42506.384000,5.361657,5.242615
42506.384000,5.362146,5.241900
42506.384000,5.361993,5.244717
42506.384000,5.361892,5.244147
42506.384000,5.362362,5.243309
42506.384000,5.363498,5.243910
42506.384000,5.363089,5.242930
42506.384000,5.363026,5.242872
42506.384000,5.361641,5.243466
42506.384000,5.362339,5.244425
42506.384000,5.362749,5.247234
42506.384000,5.363051,5.245614
42506.384000,5.363273,5.243229
42506.384000,5.363607,5.247423
42506.384000,5.363265,5.242148
42506.384000,5.363342,5.241648
42506.384000,5.364293,5.245326
42506.384000,5.362696,5.243651
42506.384000,5.362146,5.243832
42506.384000,5.362247,5.241291
42506.384000,5.362101,5.239658
42506.384000,5.361258,5.240787
42506.384000,5.360826,5.243417
42506.384000,5.361385,5.244314
42506.384000,5.361685,5.244275
42506.384000,5.361625,5.245523
42506.384000,5.360943,5.246023
42506.384000,5.360236,5.245974
42506.384000,5.360162,5.243243
42506.384000,5.360816,5.243261
42506.384000,5.361487,5.242023
42506.384000,5.362145,5.245187
42506.384000,5.361889,5.243036
42506.384000,5.362731,5.242972
42506.384000,5.363669,5.247160
42506.384000,5.362362,5.244099
42506.384000,5.360981,5.243017
42506.384000,5.361746,5.241801
42506.384000,5.362021,5.244257
42506.384000,5.362453,5.244472
42506.384000,5.362230,5.245161
42506.384000,5.360034,5.243940
42506.384000,5.360818,5.243571
42506.384000,5.361602,5.244102
42506.384000,5.361625,5.245622
42506.384000,5.361639,5.243911
42506.384000,5.361385,5.241940
42506.384000,5.361698,5.243095
42506.384000,5.362043,5.242998
42506.384000,5.360225,5.241577
42506.384000,5.359592,5.242651
42506.384000,5.360626,5.243660
42506.384000,5.361007,5.240829
42506.384000,5.361124,5.241855
42506.384000,5.360121,5.242675
42506.384000,5.359151,5.242333
42506.384000,5.359077,5.242311
42506.384000,5.358910,5.245740
42506.384000,5.359795,5.248597
42506.384000,5.360011,5.244228
42506.384000,5.360425,5.245040
42506.384000,5.360519,5.242728
42506.384000,5.360820,5.243260
42506.384000,5.360998,5.243945
42506.384000,5.360974,5.245922
42506.384000,5.361545,5.244457
42506.384000,5.360710,5.243489
42506.384000,5.362201,5.240230
42506.384000,5.360939,5.240039
42506.384000,5.360201,5.239677
42506.384000,5.360186,5.241316
42506.384000,5.359759,5.243516
42506.384000,5.360843,5.245189
42506.384000,5.361808,5.243174
42506.384000,5.362429,5.241757
42506.384000,5.363514,5.241954
42506.384000,5.363347,5.245714
42506.384000,5.363465,5.244902
42506.384000,5.363908,5.246504
42506.384000,5.362958,5.241285
42506.384000,5.363578,5.240762
42506.384000,5.364002,5.238903
42506.384000,5.365035,5.241356
42506.384000,5.365160,5.241112
42506.384000,5.365111,5.240915
42506.384000,5.365564,5.243953
42506.384000,5.365953,5.243625
42506.384000,5.365640,5.240476
42506.384000,5.365065,5.240483
42506.384000,5.365267,5.242312
42506.384000,5.364871,5.244097
42506.384000,5.364508,5.243849
42506.384000,5.363744,5.243574
42506.384000,5.363746,5.240002
42506.384000,5.363356,5.243832
42506.384000,5.364030,5.241232
42506.384000,5.363464,5.241620
42506.384000,5.363224,5.240597
42506.384000,5.362947,5.240663
42506.384000,5.362427,5.240450
42506.384000,5.363088,5.241751
42506.384000,5.363096,5.242461
42506.384000,5.362900,5.241991
42506.384000,5.362905,5.240151
42506.384000,5.363472,5.241335
42506.384000,5.363308,5.242707
42506.384000,5.363511,5.241654
42506.384000,5.364461,5.241803
42506.384000,5.364055,5.242908
42506.384000,5.364090,5.243638
42506.384000,5.364011,5.242366
42506.384000,5.363804,5.242370
42506.384000,5.363214,5.243113
42506.384000,5.363755,5.241590
42506.384000,5.364216,5.240413
42506.384000,5.364866,5.242700
42506.384000,5.365640,5.243388
42506.384000,5.365256,5.241781
42506.384000,5.365273,5.242155
42506.384000,5.365581,5.243270
42506.384000,5.365495,5.243422
42506.384000,5.365926,5.244664
42506.384000,5.366226,5.244690
42506.384000,5.366138,5.244163
42506.384000,5.366317,5.245029
42506.384000,5.366202,5.246053
42506.384000,5.365592,5.248171
42506.384000,5.366027,5.246212
42506.384000,5.366227,5.245281
42506.384000,5.365658,5.244087
42506.384000,5.365737,5.244513
42506.384000,5.365848,5.244664
42506.384000,5.365797,5.244410
42506.384000,5.365311,5.246791
42506.384000,5.365545,5.244400
42506.384000,5.365800,5.244246
42506.384000,5.365641,5.244123
42506.384000,5.364559,5.245484
42506.384000,5.363901,5.245133
42506.384000,5.364185,5.246824
42506.384000,5.364569,5.246262
42506.384000,5.364857,5.243224
42506.384000,5.364675,5.246490
42506.384000,5.363938,5.244879
42506.384000,5.363824,5.242241
42506.384000,5.363328,5.241244
42506.384000,5.363551,5.244993
42506.384000,5.362684,5.242065
42506.384000,5.362978,5.239324
42506.384000,5.363910,5.241213
42506.384000,5.365044,5.242552
42506.384000,5.364807,5.242478
42506.384000,5.365619,5.244178
42506.384000,5.365011,5.242550
42506.384000,5.364683,5.242666
42506.384000,5.364049,5.242924
42506.384000,5.363922,5.246138
42506.384000,5.364570,5.244819
42506.384000,5.365029,5.246223
42506.384000,5.365831,5.243870
42506.384000,5.366134,5.245223
42506.384000,5.365986,5.246753
42506.384000,5.365492,5.241954
42506.384000,5.365212,5.243710
42506.384000,5.365846,5.243814
42506.384000,5.366337,5.248946
42506.384000,5.365849,5.247255
42506.384000,5.367059,5.244902
42506.384000,5.366862,5.248536
42506.384000,5.366361,5.247181
42506.384000,5.365417,5.249254
42506.384000,5.366319,5.246600
42506.384000,5.366676,5.244326
42506.384000,5.366846,5.245916
42506.384000,5.367351,5.247182
42506.384000,5.367611,5.246499
42506.384000,5.367449,5.246283
42506.384000,5.366976,5.245274
42506.384000,5.366166,5.245538
42506.384000,5.365701,5.245912
42506.384000,5.365585,5.244188
42506.384000,5.365447,5.245896
42506.384000,5.364935,5.244641
42506.384000,5.365134,5.245157
42506.384000,5.365226,5.245501
42506.384000,5.365503,5.244187
42506.384000,5.366435,5.245364
42506.384000,5.366727,5.244415
42506.384000,5.366539,5.241850
42506.384000,5.366537,5.244390
42506.384000,5.366013,5.243920
42506.384000,5.365795,5.245518
42506.384000,5.365653,5.245462
42506.384000,5.365256,5.241265
42506.384000,5.365728,5.248423
42506.384000,5.366394,5.248020
42506.384000,5.367109,5.245769
42506.384000,5.367374,5.248518
42506.384000,5.366829,5.244549
42506.384000,5.366555,5.247399
42506.384000,5.367237,5.249097
42506.384000,5.367524,5.248685
42506.384000,5.368016,5.248618
42506.384000,5.368732,5.249148
42506.384000,5.368921,5.250440
42506.384000,5.369441,5.246089
42506.384000,5.369467,5.249006
42506.384000,5.370193,5.248321
42506.384000,5.370343,5.247226
42506.384000,5.370783,5.250506
42506.384000,5.371373,5.249655
42506.384000,5.370962,5.250188
42506.384000,5.371318,5.251670
42506.384000,5.371550,5.248536
42506.384000,5.371033,5.252711
42506.384000,5.370669,5.252708
42506.384000,5.369612,5.249521
42506.384000,5.370217,5.251166
42506.384000,5.369384,5.248371
42506.384000,5.369281,5.246741
42506.384000,5.369691,5.252469
42506.384000,5.370017,5.252923
42506.384000,5.370254,5.247551
42506.384000,5.370620,5.251545
42506.384000,5.371054,5.250032
42506.384000,5.370870,5.247937
42506.384000,5.369228,5.246532
42506.384000,5.369433,5.247295
42506.384000,5.369474,5.249998
42506.384000,5.369135,5.248461
42506.384000,5.368835,5.250614
42506.384000,5.368681,5.245968
42506.384000,5.368976,5.246814
42506.384000,5.369226,5.246838
42506.384000,5.370026,5.247783
42506.384000,5.370060,5.247098
42506.384000,5.369895,5.250201
42506.384000,5.370362,5.248792
42506.384000,5.370538,5.247232
42506.384000,5.370726,5.249270
42506.384000,5.371524,5.248508
42506.384000,5.371001,5.250286
42506.384000,5.370447,5.250210
42506.384000,5.370453,5.248943
42506.384000,5.370808,5.249629
42506.384000,5.369554,5.248793
42506.384000,5.369085,5.248492
42506.384000,5.368835,5.248730
42506.384000,5.369076,5.247144
42506.384000,5.369833,5.250464
42506.384000,5.371023,5.251139
42506.384000,5.371211,5.249013
42506.384000,5.370591,5.251150
42506.384000,5.370928,5.250070
42506.384000,5.369903,5.250483
42506.384000,5.370494,5.249277
42506.384000,5.370021,5.249436
42506.384000,5.370077,5.248793
42506.384000,5.369726,5.250770
42506.384000,5.369765,5.247785
42506.384000,5.370181,5.250069
42506.384000,5.368595,5.250765
42506.384000,5.368940,5.248038
42506.384000,5.369179,5.251246
42506.384000,5.369376,5.247864
42506.384000,5.369544,5.249390
42506.384000,5.370556,5.252295
42506.384000,5.370287,5.250365
42506.384000,5.370316,5.251112
42506.384000,5.370782,5.252801
42506.384000,5.370415,5.252337
42506.384000,5.371116,5.251457
42506.384000,5.371036,5.251065
42506.384000,5.371500,5.250889
42506.384000,5.371703,5.251703
42506.384000,5.372225,5.251590
42506.384000,5.371702,5.253438
42506.384000,5.372238,5.253968
42506.384000,5.372421,5.251789
42506.384000,5.372426,5.252040
42506.384000,5.372877,5.250583
42506.384000,5.373045,5.252046
42506.384000,5.372877,5.253542
42506.384000,5.373421,5.253413
42506.384000,5.373786,5.254333
42506.384000,5.374147,5.254281
42506.384000,5.373102,5.255092
42506.384000,5.373650,5.256022
42506.384000,5.374051,5.254327
42506.384000,5.374515,5.256568
42506.384000,5.374926,5.256294
42506.384000,5.375305,5.252993
42506.384000,5.374946,5.250160
42506.384000,5.373245,5.255420
42506.384000,5.373621,5.253397
42506.384000,5.373610,5.253411
42506.384000,5.373927,5.253589
42506.384000,5.372646,5.255814
42506.384000,5.372845,5.256556
42506.384000,5.373211,5.252065
42506.384000,5.373172,5.248285
42506.384000,5.373597,5.254869
42506.384000,5.372037,5.252021
42506.384000,5.372868,5.252891
42506.384000,5.373447,5.250813
42506.384000,5.372284,5.253890
42506.384000,5.373036,5.253514
42506.384000,5.373071,5.253870
42506.384000,5.373703,5.255060
42506.384000,5.371850,5.253285
42506.384000,5.371787,5.251864
42506.384000,5.371745,5.250269
42506.384000,5.371713,5.251299
42506.384000,5.370975,5.251514
42506.384000,5.371339,5.253153
42506.384000,5.371264,5.251732
42506.384000,5.371463,5.248207
42506.384000,5.371145,5.252794
42506.384000,5.371789,5.250503
42506.384000,5.371134,5.248263
42506.384000,5.370381,5.252920
42506.384000,5.370816,5.250930
42506.384000,5.371657,5.249375
42506.384000,5.372384,5.248109
42506.384000,5.372787,5.249010
42506.384000,5.372706,5.249607
42506.384000,5.372218,5.254166
42506.384000,5.371440,5.251997
42506.384000,5.371339,5.251544
42506.384000,5.371508,5.253228
42506.384000,5.372302,5.250369
42506.384000,5.372252,5.253944
42506.384000,5.372655,5.253211
42506.384000,5.373961,5.253071
42506.384000,5.373969,5.251992
42506.384000,5.374015,5.251305
42506.384000,5.374653,5.251772
42506.384000,5.374579,5.251799
42506.384000,5.375365,5.250690
42506.384000,5.374551,5.253504
42506.384000,5.374629,5.252629
42506.384000,5.374994,5.253994
42506.384000,5.375612,5.252452
42506.384000,5.374848,5.253021
42506.384000,5.375482,5.251956
42506.384000,5.373940,5.250956
42506.384000,5.373239,5.250956
42506.384000,5.373928,5.252669
42506.384000,5.374423,5.251913
42506.384000,5.375400,5.252165
42506.384000,5.375072,5.250682
42506.384000,5.374994,5.255365
42506.384000,5.374598,5.250282
42506.384000,5.374697,5.248167
42506.384000,5.373663,5.248944
42506.384000,5.373195,5.252998
42506.384000,5.373634,5.249431
42506.384000,5.373399,5.249385
42506.384000,5.372799,5.250828
42506.384000,5.370963,5.251741
42506.384000,5.370916,5.247770
42506.384000,5.371439,5.250320
42506.384000,5.371878,5.248290
42506.384000,5.372362,5.251653
42506.384000,5.372007,5.251544
42506.384000,5.371779,5.251308
42506.384000,5.371557,5.251711
42506.384000,5.371904,5.251678
42506.384000,5.372603,5.252377
42506.384000,5.371636,5.252066
42506.384000,5.370641,5.250925
42506.384000,5.370180,5.249495
42506.384000,5.370823,5.251316
42506.384000,5.372046,5.250103
42506.384000,5.372996,5.254231
42506.384000,5.373074,5.250609
42506.384000,5.372811,5.251233
42506.384000,5.372699,5.250364
42506.384000,5.372717,5.252228
42506.384000,5.372812,5.254303
42506.384000,5.372488,5.249961
42506.384000,5.372527,5.251915
42506.384000,5.372612,5.251330
42506.384000,5.372460,5.253266
42506.384000,5.372128,5.253913
42506.384000,5.372542,5.252486
42506.384000,5.373094,5.253520
42506.384000,5.373285,5.249552
42506.384000,5.373074,5.252724
42506.384000,5.372335,5.250092
42506.384000,5.372374,5.254665
42506.384000,5.372695,5.250919
42506.384000,5.373602,5.251727
42506.384000,5.373539,5.252942
42506.384000,5.373671,5.250532
42506.384000,5.373712,5.251217
42506.384000,5.373698,5.251676
42506.384000,5.373502,5.252476
42506.384000,5.373487,5.249582
42506.384000,5.373658,5.250025
42506.384000,5.374161,5.254072
42506.384000,5.373797,5.251603
42506.384000,5.373299,5.251696
42506.384000,5.373058,5.251291
42506.384000,5.372163,5.252200
42506.384000,5.372516,5.252213
42506.384000,5.372493,5.248459
42506.384000,5.373279,5.250701
42506.384000,5.373333,5.250246
42506.384000,5.373747,5.252910
42506.384000,5.374173,5.251767
42506.384000,5.373482,5.250756
42506.384000,5.372515,5.252526
42506.384000,5.372485,5.250348
42506.384000,5.372123,5.250989
42506.384000,5.372726,5.249068
42506.384000,5.372113,5.248457
42506.384000,5.371367,5.248462
42506.384000,5.371367,5.247247
42506.384000,5.371244,5.250187
42506.384000,5.371717,5.250380
42506.384000,5.372211,5.251193
42506.384000,5.370801,5.250780
42506.384000,5.371243,5.251584
42506.384000,5.371953,5.250260
42506.384000,5.372422,5.247436
42506.384000,5.371947,5.247624
42506.384000,5.371437,5.252968
42506.384000,5.370875,5.248113
42506.384000,5.370654,5.248040
42506.384000,5.371236,5.249671
42506.384000,5.371622,5.249419
42506.384000,5.372123,5.251312
42506.384000,5.372482,5.249242
42506.384000,5.373639,5.250372
42506.384000,5.374017,5.250378
42506.384000,5.374177,5.252924
42506.384000,5.373417,5.254236
42506.384000,5.373016,5.253976
42506.384000,5.373814,5.251724
42506.384000,5.374598,5.254973
42506.384000,5.375340,5.253679
42506.384000,5.375011,5.254397
42506.384000,5.375658,5.254000
42506.384000,5.376281,5.257575
42506.384000,5.376575,5.252936
42506.384000,5.374828,5.254226
42506.384000,5.374530,5.254985
42506.384000,5.374747,5.257970
42506.384000,5.375301,5.256738
42506.384000,5.376390,5.258169
42506.384000,5.376409,5.256723
42506.384000,5.375757,5.258622
42506.384000,5.376300,5.254666
42506.384000,5.376227,5.255320
42506.384000,5.376461,5.257061
42506.384000,5.376890,5.255673
42506.384000,5.376801,5.251365
42506.384000,5.376666,5.252340
42506.384000,5.375738,5.251232
42506.384000,5.376248,5.252954
42506.384000,5.375471,5.253880
42506.384000,5.375707,5.252888
42506.384000,5.376178,5.251007
42506.384000,5.375438,5.255791
42506.384000,5.374543,5.253513
42506.384000,5.374337,5.256406
42506.384000,5.375277,5.252758
42506.384000,5.375652,5.253450
42506.384000,5.376028,5.250404
42506.384000,5.376658,5.255288
42506.384000,5.376997,5.255996
42506.384000,5.376132,5.254098
42506.384000,5.376291,5.255579
42506.384000,5.375320,5.254800
42506.384000,5.375007,5.252518
42506.384000,5.375479,5.254138
42506.384000,5.375677,5.251419
42506.384000,5.375745,5.251473
42506.384000,5.375264,5.250552
42506.384000,5.375587,5.253968
42506.384000,5.375135,5.250955
42506.384000,5.374861,5.249251
42506.384000,5.375733,5.252282
42506.384000,5.376201,5.252472
42506.384000,5.376821,5.251975
42506.384000,5.377130,5.251135
42506.384000,5.377925,5.252364
42506.384000,5.376075,5.252339
42506.384000,5.375337,5.251894
42506.384000,5.375664,5.253609
42506.384000,5.376156,5.250900
42506.384000,5.376371,5.255045
42506.384000,5.376969,5.254687
42506.384000,5.376109,5.253522
42506.384000,5.376020,5.254610
42506.384000,5.375980,5.251582
42506.384000,5.375488,5.253605
42506.384000,5.376132,5.251062
42506.384000,5.375734,5.249942
42506.384000,5.375709,5.251818
42506.384000,5.376591,5.252417
42506.384000,5.376403,5.252991
42506.384000,5.375432,5.250891
42506.384000,5.373857,5.248403
42506.384000,5.374923,5.249845
42506.384000,5.376294,5.253838
42506.384000,5.376766,5.249033
42506.384000,5.376141,5.250634
42506.384000,5.376081,5.250434
42506.384000,5.375955,5.249136
42506.384000,5.375916,5.252131
42506.384000,5.376467,5.252984
42506.384000,5.376930,5.254780
42506.384000,5.377766,5.253064
42506.384000,5.378211,5.253372
42506.384000,5.377889,5.253228
42506.384000,5.377306,5.252197
42506.384000,5.378272,5.254673
42506.384000,5.378431,5.252735
42506.384000,5.378432,5.251668
42506.384000,5.377615,5.255410
42506.384000,5.377326,5.253949
42506.384000,5.377566,5.255813
42506.384000,5.378601,5.255780
42506.384000,5.378963,5.257306
42506.384000,5.378706,5.256601
42506.384000,5.379136,5.258179
42506.384000,5.377713,5.257553
42506.384000,5.378417,5.253063
42506.384000,5.377051,5.255129
42506.384000,5.378114,5.256667
42506.384000,5.379187,5.254443
42506.384000,5.378336,5.253759
42506.384000,5.376567,5.255969
42506.384000,5.376302,5.257369
42506.384000,5.377063,5.255592
42506.384000,5.377343,5.259261
42506.384000,5.376738,5.256603
42506.384000,5.376924,5.258127
42506.384000,5.376191,5.255045
42506.384000,5.376817,5.256827
42506.384000,5.376972,5.254287
42506.384000,5.377706,5.253305
42506.384000,5.376740,5.252635
42506.384000,5.377529,5.252583
42506.384000,5.377825,5.252064
42506.384000,5.377341,5.253000
42506.384000,5.377898,5.255659
42506.384000,5.378079,5.254316
42506.384000,5.377754,5.254442
42506.384000,5.378179,5.255557
42506.384000,5.378018,5.253802
42506.384000,5.378543,5.255111
42506.384000,5.378793,5.255716
42506.384000,5.378614,5.255117
42506.384000,5.378921,5.256000
42506.384000,5.379459,5.253546
42506.384000,5.378986,5.255241
42506.384000,5.378441,5.255456
42506.384000,5.379572,5.255723
42506.384000,5.380031,5.256501
42506.384000,5.379815,5.260851
42506.384000,5.379454,5.258978
42506.384000,5.380080,5.258460
42506.384000,5.380585,5.261503
42506.384000,5.380777,5.259096
42506.384000,5.381389,5.258425
42506.384000,5.381193,5.259126
42506.384000,5.381660,5.258639
42506.384000,5.381912,5.258884
42506.384000,5.382439,5.260377
42506.384000,5.382282,5.259537
42506.384000,5.382846,5.260820
42506.384000,5.383038,5.262517
42506.384000,5.383052,5.264259
42506.384000,5.382473,5.265177
42506.384000,5.382345,5.265152
42506.384000,5.382017,5.262576
42506.384000,5.382258,5.264164
42506.384000,5.382752,5.261406
42506.384000,5.382774,5.259614
42506.384000,5.383352,5.264049
42506.384000,5.382414,5.262356
42506.384000,5.382493,5.261925
42506.384000,5.382608,5.263642
42506.384000,5.382164,5.262100
42506.384000,5.382873,5.258578
42506.384000,5.382421,5.260898
42506.384000,5.382870,5.262331
42506.384000,5.382124,5.261212
42506.384000,5.381720,5.261619
42506.384000,5.382573,5.263435
42506.384000,5.382679,5.260188
42506.384000,5.382981,5.259845
42506.384000,5.382186,5.258186
42506.384000,5.381932,5.259053
42506.384000,5.381761,5.262548
42506.384000,5.380999,5.259550
42506.384000,5.381429,5.265408
42506.384000,5.381717,5.261559
42506.384000,5.382504,5.264198
42506.384000,5.382663,5.261700
42506.384000,5.382953,5.264869
42506.384000,5.382291,5.262835
42506.384000,5.381262,5.260873
42506.384000,5.382133,5.261632
42506.384000,5.382790,5.262563
42506.384000,5.383451,5.261705
42506.384000,5.382449,5.257320
42506.384000,5.381676,5.262569
42506.384000,5.382099,5.261178
42506.384000,5.382987,5.261354
42506.384000,5.383484,5.260502
42506.384000,5.383564,5.259503
42506.384000,5.383095,5.258157
42506.384000,5.383338,5.258760
42506.384000,5.383645,5.259810
42506.384000,5.383654,5.259836
42506.384000,5.384581,5.261250
42506.384000,5.384541,5.258243
42506.384000,5.385000,5.258713
42506.384000,5.384912,5.258206
42506.384000,5.385247,5.262536
42506.384000,5.385439,5.259848
42506.384000,5.385358,5.261310
42506.384000,5.385972,5.261800
42506.384000,5.385779,5.261504
42506.384000,5.386200,5.257838
42506.384000,5.386382,5.259989
42506.384000,5.384699,5.261943
42506.384000,5.385820,5.261898
42506.384000,5.386247,5.265093
42506.384000,5.387094,5.263068
42506.384000,5.387683,5.261983
42506.384000,5.387339,5.262368
42506.384000,5.386645,5.262918
42506.384000,5.386992,5.263906
42506.384000,5.387083,5.262730
42506.384000,5.387286,5.264294
42506.384000,5.387397,5.264331
42506.384000,5.387558,5.264245
42506.384000,5.387180,5.265270
42506.384000,5.387900,5.262445
42506.384000,5.388367,5.264130
42506.384000,5.387171,5.263674
42506.384000,5.386679,5.264716
42506.384000,5.386931,5.263654
42506.384000,5.386889,5.261391
42506.384000,5.386377,5.262643
42506.384000,5.385678,5.262279
42506.384000,5.386187,5.263296
42506.384000,5.386773,5.264018
42506.384000,5.387346,5.263402
42506.384000,5.386871,5.263332
42506.384000,5.386559,5.260910
42506.384000,5.385836,5.259266
42506.384000,5.385229,5.261345
42506.384000,5.385810,5.262861
42506.384000,5.386070,5.261321
42506.384000,5.385968,5.263388
42506.384000,5.386363,5.262603
42506.384000,5.386513,5.261275
42506.384000,5.384833,5.261078
42506.384000,5.384732,5.264011
42506.384000,5.385300,5.266081
42506.384000,5.386498,5.264846
42506.384000,5.386051,5.264410
42506.384000,5.384913,5.267110
42506.384000,5.385971,5.267217
42506.384000,5.386310,5.264441
42506.384000,5.387119,5.266345
42506.384000,5.387505,5.265522
42506.384000,5.386899,5.262700
42506.384000,5.387860,5.260819
42506.384000,5.388544,5.261451
42506.384000,5.388690,5.261572
42506.384000,5.388168,5.261750
42506.384000,5.388001,5.262149
42506.384000,5.388999,5.267767
42506.384000,5.389253,5.266747
42506.384000,5.389482,5.264755
42506.384000,5.389879,5.266112
42506.384000,5.390470,5.265603
42506.384000,5.390564,5.268822
42506.384000,5.390390,5.265507
42506.384000,5.390036,5.267179
42506.384000,5.390325,5.269962
42506.384000,5.390243,5.267493
42506.384000,5.390619,5.266259
42506.384000,5.391023,5.264083
42506.384000,5.391258,5.265826
42506.384000,5.390323,5.269386
42506.384000,5.389826,5.270608
42506.384000,5.390447,5.269674
42506.384000,5.390043,5.267741
42506.384000,5.390132,5.269480
42506.384000,5.390036,5.265868
42506.384000,5.389765,5.265992
42506.384000,5.390397,5.267231
42506.384000,5.390093,5.269990
42506.384000,5.390260,5.266433
42506.384000,5.390380,5.269180
42506.384000,5.388885,5.269698
42506.384000,5.388990,5.269100
42506.384000,5.388982,5.270216
42506.384000,5.389017,5.266396
42506.384000,5.389904,5.268471
42506.384000,5.389789,5.267897
42506.384000,5.390550,5.271676
42506.384000,5.389042,5.269783
42506.384000,5.388885,5.270067
42506.384000,5.387942,5.267084
42506.384000,5.388429,5.265920
42506.384000,5.388996,5.268047
42506.384000,5.389263,5.268424
42506.384000,5.389477,5.267057
42506.384000,5.389223,5.268649
42506.384000,5.389122,5.268584
42506.384000,5.389719,5.269922
42506.384000,5.389866,5.269010
42506.384000,5.390026,5.268454
42506.384000,5.389784,5.264602
42506.384000,5.388981,5.265404
42506.384000,5.388086,5.266402
42506.384000,5.388342,5.264469
42506.384000,5.388571,5.265862
42506.384000,5.388628,5.270917
42506.384000,5.388863,5.266279
42506.384000,5.389534,5.266270
42506.384000,5.389871,5.270757
42506.384000,5.389644,5.268307
42506.384000,5.388786,5.265347
42506.384000,5.389132,5.268648
42506.384000,5.389171,5.271379
42506.384000,5.389952,5.273616
42506.384000,5.390323,5.269171
42506.384000,5.390824,5.269434
42506.384000,5.390762,5.272271
42506.384000,5.390368,5.272135
42506.384000,5.391464,5.273342
42506.384000,5.390897,5.270917
42506.384000,5.390509,5.273187
42506.384000,5.390766,5.271470
42506.384000,5.390603,5.270990
42506.384000,5.391089,5.272828
42506.384000,5.391541,5.272492
42506.384000,5.391753,5.274568
42506.384000,5.392050,5.272839
42506.384000,5.391724,5.274215
42506.384000,5.391256,5.275434
42506.384000,5.390635,5.269080
42506.384000,5.390913,5.270502
42506.384000,5.390539,5.271491
42506.384000,5.390533,5.271916
42506.384000,5.389128,5.274270
42506.384000,5.388423,5.275288
42506.384000,5.388409,5.274000
42506.384000,5.387881,5.274035
42506.384000,5.387013,5.273330
42506.384000,5.387276,5.273811
42506.384000,5.387164,5.270461
42506.384000,5.387248,5.272654
42506.384000,5.386218,5.275443
42506.384000,5.385792,5.271834
42506.384000,5.386325,5.270574
42506.384000,5.387283,5.271380
42506.384000,5.387853,5.269912
42506.384000,5.388917,5.271916
42506.384000,5.389873,5.270955
42506.384000,5.390635,5.270209
42506.384000,5.390987,5.271508
42506.384000,5.391181,5.275528
42506.384000,5.390226,5.272462
42506.384000,5.389195,5.270482
42506.384000,5.388709,5.273672
42506.384000,5.389652,5.272445
42506.384000,5.390391,5.273788
42506.384000,5.390655,5.272214
42506.384000,5.390952,5.271737
42506.384000,5.391416,5.271654
42506.384000,5.391521,5.273780
42506.384000,5.391159,5.268929
42506.384000,5.390815,5.272946
42506.384000,5.390865,5.272902
42506.384000,5.391316,5.273513
42506.384000,5.391777,5.272653
42506.384000,5.391562,5.274509
42506.384000,5.391306,5.275304
42506.384000,5.391725,5.275623
42506.384000,5.391674,5.273833
42506.384000,5.391991,5.277472
42506.384000,5.392021,5.276794
42506.384000,5.391892,5.277804
42506.384000,5.392265,5.276539
42506.384000,5.392026,5.273658
42506.384000,5.391621,5.274884
42506.384000,5.391180,5.279109
42506.384000,5.390823,5.276835
42506.384000,5.390854,5.276479
42506.384000,5.391457,5.275723
42506.384000,5.391871,5.275968
42506.384000,5.391844,5.276275
42506.384000,5.392558,5.275903
42506.384000,5.392791,5.275755
42506.384000,5.392964,5.274563
42506.384000,5.391432,5.274056
42506.384000,5.392255,5.277949
42506.384000,5.393336,5.275226
42506.384000,5.394004,5.273614
42506.384000,5.394454,5.271703
42506.384000,5.395062,5.275176
42506.384000,5.394588,5.272127
42506.384000,5.394719,5.271086
42506.384000,5.395145,5.275044
42506.384000,5.395026,5.273158
42506.384000,5.395222,5.273613
42506.384000,5.395165,5.270893
42506.384000,5.395775,5.270110
42506.384000,5.395874,5.273114
42506.384000,5.395871,5.274723
42506.384000,5.395991,5.273834
42506.384000,5.395627,5.273491
42506.384000,5.396200,5.277330
42506.384000,5.396366,5.274023
42506.384000,5.396093,5.273245
42506.384000,5.396203,5.276342
42506.384000,5.396747,5.279146
42506.384000,5.396612,5.275486
42506.384000,5.396753,5.275687
42506.384000,5.397540,5.278118
42506.384000,5.398093,5.276760
42506.384000,5.398146,5.274864
42506.384000,5.395844,5.276889
42506.384000,5.394946,5.277767
42506.384000,5.396101,5.275939
42506.384000,5.396524,5.276462
42506.384000,5.396896,5.277342
42506.384000,5.397551,5.276935
42506.384000,5.398119,5.278382
42506.384000,5.399189,5.281780
42506.384000,5.398035,5.280711
42506.384000,5.396457,5.276546
42506.384000,5.395482,5.280392
42506.384000,5.394692,5.277971
42506.384000,5.395116,5.277455
42506.384000,5.395529,5.276704
42506.384000,5.395499,5.277650
42506.384000,5.395120,5.273732
42506.384000,5.395451,5.276798
42506.384000,5.395644,5.275941
42506.384000,5.395753,5.277360
42506.384000,5.395791,5.276331
42506.384000,5.395770,5.276572
42506.384000,5.395616,5.278523
42506.384000,5.395954,5.280173
42506.384000,5.395999,5.279129
42506.384000,5.394110,5.279154
42506.384000,5.394399,5.279737
42506.384000,5.393986,5.277674
42506.384000,5.394455,5.275746
42506.384000,5.395608,5.277794
42506.384000,5.396129,5.274567
42506.384000,5.394238,5.276250
42506.384000,5.394074,5.275608
42506.384000,5.394048,5.276047
42506.384000,5.395069,5.278461
42506.384000,5.395899,5.276354
42506.384000,5.396980,5.275703
42506.384000,5.397022,5.278917
42506.384000,5.397121,5.279770
42506.384000,5.397280,5.276869
42506.384000,5.397794,5.277691
42506.384000,5.398193,5.279519
42506.384000,5.398529,5.279182
42506.384000,5.398410,5.276736
42506.384000,5.399106,5.279679
42506.384000,5.399684,5.279962
42506.384000,5.399004,5.285769
42506.384000,5.399511,5.284539
42506.384000,5.400010,5.278183
42506.384000,5.400351,5.277650
42506.384000,5.400627,5.280904
42506.384000,5.400821,5.280957
42506.384000,5.398584,5.281818
42506.384000,5.398271,5.279965
42506.384000,5.398963,5.278772
42506.384000,5.399391,5.277944
42506.384000,5.399712,5.275222
42506.384000,5.400117,5.274428
42506.384000,5.400207,5.275244
42506.384000,5.400113,5.275061
42506.384000,5.400119,5.274267
42506.384000,5.399529,5.276673
42506.384000,5.399568,5.277119
42506.384000,5.399754,5.277772
42506.384000,5.399940,5.277789
42506.384000,5.400770,5.283122
42506.384000,5.399565,5.292378
42506.384000,5.399100,5.292076
42506.384000,5.399481,5.292752
42506.384000,5.399022,5.293448
42506.384000,5.398815,5.290420
42506.384000,5.399131,5.293539
42506.384000,5.399414,5.292697
42506.384000,5.399756,5.283462
42506.384000,5.399306,5.284600
42506.384000,5.398397,5.285478
42506.384000,5.398020,5.289125
42506.384000,5.398590,5.292645
42506.384000,5.399700,5.291789
42506.384000,5.400272,5.293233
42506.384000,5.398158,5.288267
42506.384000,5.398880,5.293686
42506.384000,5.399419,5.290267
42506.384000,5.399440,5.290836
42506.384000,5.399614,5.293719
42506.384000,5.399487,5.294734
42506.384000,5.400064,5.289857
42506.384000,5.400806,5.290534
42506.384000,5.401879,5.287416
42506.384000,5.401870,5.292312
42506.384000,5.401268,5.288649
42506.384000,5.401476,5.293524
42506.384000,5.402594,5.286531
42506.384000,5.403757,5.284406
42506.384000,5.404160,5.288704
42506.384000,5.404821,5.283200
42506.384000,5.405293,5.282850
42506.384000,5.404752,5.290967
42506.384000,5.404857,5.292624
42506.384000,5.405201,5.294826
42506.384000,5.405974,5.293212
42506.384000,5.406493,5.292947
42506.384000,5.406528,5.292387
42506.384000,5.405197,5.287349
42506.384000,5.402932,5.280947
42506.384000,5.402152,5.281798
42506.384000,5.402439,5.277601
42506.384000,5.402397,5.279939
42506.384000,5.402219,5.282191
42506.384000,5.402267,5.281241
42506.384000,5.401601,5.279562
42506.384000,5.401239,5.283196
42506.384000,5.401500,5.281725
42506.384000,5.401611,5.281202
42506.384000,5.402459,5.285563
42506.384000,5.403716,5.287270
42506.384000,5.402777,5.283661
42506.384000,5.402190,5.284243
42506.384000,5.402729,5.281358
42506.384000,5.402356,5.280634
42506.384000,5.403154,5.284075
42506.384000,5.404019,5.282337
42506.384000,5.404326,5.282468
42506.384000,5.405143,5.279622
42506.384000,5.404693,5.277473
42506.384000,5.403925,5.284723
42506.384000,5.404045,5.276813
42506.384000,5.403795,5.283303
42506.384000,5.403842,5.281730
42506.384000,5.403380,5.280605
42506.384000,5.404369,5.278849
42506.384000,5.404641,5.280513
42506.384000,5.405193,5.282897
42506.384000,5.405624,5.282103
42506.384000,5.406193,5.280394
42506.384000,5.406144,5.283038
42506.384000,5.406223,5.283137
42506.384000,5.406289,5.282177
42506.384000,5.406784,5.283695
42506.384000,5.406894,5.283088
42506.384000,5.406508,5.283910
42506.384000,5.405609,5.285500
42506.384000,5.405027,5.282806
42506.384000,5.405511,5.284446
42506.384000,5.406486,5.285232
42506.384000,5.407384,5.285887
42506.384000,5.407575,5.285350
42506.384000,5.408082,5.287515
42506.384000,5.408708,5.287679
42506.384000,5.408102,5.285972
42506.384000,5.407695,5.287059
42506.384000,5.408361,5.287466
42506.384000,5.409183,5.288500
42506.384000,5.409561,5.288164
42506.384000,5.410173,5.286302
42506.384000,5.410680,5.288605
42506.384000,5.409816,5.285681
42506.384000,5.410275,5.288164
42506.384000,5.411128,5.289658
42506.384000,5.410740,5.288252
42506.384000,5.411040,5.287858
42506.384000,5.411294,5.285377
42506.384000,5.411089,5.288313
42506.384000,5.411029,5.282476
42506.384000,5.409375,5.284001
42506.384000,5.408988,5.283747
42506.384000,5.407784,5.283681
42506.384000,5.407754,5.283648
42506.384000,5.407671,5.280498
42506.384000,5.408380,5.282548
42506.384000,5.408070,5.283983
42506.384000,5.408329,5.284782
42506.384000,5.407358,5.283986
42506.384000,5.407791,5.287594
42506.384000,5.408388,5.283377
42506.384000,5.408647,5.284290
42506.384000,5.407912,5.283319
42506.384000,5.408092,5.286527
42506.384000,5.408060,5.286101
42506.384000,5.408493,5.285886
42506.384000,5.408385,5.285420
42506.384000,5.408869,5.288976
42506.384000,5.407144,5.290416
42506.384000,5.407848,5.298282
42506.384000,5.408490,5.300910
42506.384000,5.408312,5.298557
42506.384000,5.409123,5.299519
42506.384000,5.408732,5.287658
42506.384000,5.408545,5.285377
42506.384000,5.408197,5.285690
42506.384000,5.408290,5.285690
42506.384000,5.409486,5.285044
42506.384000,5.410696,5.290352
42506.384000,5.410043,5.290666
42506.384000,5.408843,5.289893
42506.384000,5.408328,5.289405
42506.384000,5.409108,5.291640
42506.384000,5.410572,5.288089
42506.384000,5.410795,5.290347
42506.384000,5.410602,5.289859
42506.384000,5.410412,5.288560
42506.384000,5.409910,5.286178
42506.384000,5.409633,5.286404
42506.384000,5.410499,5.292745
42506.384000,5.411350,5.292628
42506.384000,5.411668,5.289364
42506.384000,5.411527,5.287995
42506.384000,5.411362,5.286322
42506.384000,5.410508,5.288030
42506.384000,5.410880,5.289185
42506.384000,5.412213,5.289468
42506.384000,5.413148,5.289643
42506.384000,5.414109,5.288999
42506.384000,5.415081,5.291571
42506.384000,5.415617,5.290889
42506.384000,5.416090,5.289106
42506.384000,5.415937,5.289027
42506.384000,5.416297,5.290166
42506.384000,5.415391,5.288594
42506.384000,5.413421,5.291139
42506.384000,5.412159,5.290788
42506.384000,5.411958,5.287665
42506.384000,5.411591,5.289724
42506.384000,5.412152,5.288446
42506.384000,5.411534,5.289103
42506.384000,5.411318,5.288683
42506.384000,5.411340,5.288647
42506.384000,5.411669,5.288960
42506.384000,5.411418,5.290609
42506.384000,5.411386,5.289233
42506.384000,5.410969,5.291115
42506.384000,5.410603,5.287347
42506.384000,5.410071,5.287258
42506.384000,5.409306,5.287780
42506.384000,5.409927,5.289661
42506.384000,5.410021,5.290254
42506.384000,5.410333,5.290488
42506.384000,5.410352,5.290440
42506.384000,5.410427,5.289659
42506.384000,5.410038,5.287018
42506.384000,5.410232,5.286860
42506.384000,5.410464,5.288552
42506.384000,5.410296,5.288099
42506.384000,5.409873,5.287934
42506.384000,5.409977,5.286682
42506.384000,5.410128,5.286777
42506.384000,5.410211,5.286650
42506.384000,5.410782,5.287855
42506.384000,5.410592,5.288415
42506.384000,5.411280,5.287304
42506.384000,5.411522,5.287635
42506.384000,5.411107,5.289839
42506.384000,5.411732,5.289496
42506.384000,5.410888,5.288688
42506.384000,5.410638,5.289326
42506.384000,5.411125,5.290334
42506.384000,5.410664,5.287598
42506.384000,5.411037,5.287054
42506.384000,5.411486,5.289444
42506.384000,5.411921,5.290284
42506.384000,5.411543,5.286360
42506.384000,5.411435,5.290090
42506.384000,5.411894,5.291357
42506.384000,5.411592,5.289018
42506.384000,5.409627,5.293009
42506.384000,5.408590,5.291285
42506.384000,5.408133,5.289655
42506.384000,5.409020,5.289533
42506.384000,5.408452,5.289363
42506.384000,5.407214,5.291368
42506.384000,5.408158,5.289110
42506.384000,5.408074,5.291483
42506.384000,5.407793,5.286617
42506.384000,5.406685,5.288574
42506.384000,5.406252,5.288953
42506.384000,5.406787,5.290082
42506.384000,5.407352,5.289769
42506.384000,5.406688,5.288550
42506.384000,5.406965,5.289060
42506.384000,5.407620,5.286105
42506.384000,5.407404,5.284094
42506.384000,5.407068,5.286145
42506.384000,5.405793,5.285720
42506.384000,5.405222,5.286263
42506.384000,5.404955,5.283593
42506.384000,5.404758,5.283740
42506.384000,5.405324,5.283111
42506.384000,5.405457,5.288387
42506.384000,5.405151,5.283529
42506.384000,5.405921,5.286281
42506.384000,5.406705,5.286961
42506.384000,5.406729,5.288540
42506.384000,5.407062,5.287144
42506.384000,5.407843,5.289549
42506.384000,5.407973,5.283241
42506.384000,5.408470,5.287204
42506.384000,5.409270,5.288216
42506.384000,5.409877,5.285124
42506.384000,5.410864,5.286600
42506.384000,5.409673,5.288034
42506.384000,5.408641,5.290445
42506.384000,5.408435,5.286183
42506.384000,5.408898,5.286428
42506.384000,5.409958,5.288456
42506.384000,5.409886,5.289134
42506.384000,5.410234,5.284176
42506.384000,5.410722,5.287270
42506.384000,5.409855,5.289362
42506.384000,5.409816,5.288321
42506.384000,5.409142,5.287772
42506.384000,5.408945,5.288931
42506.384000,5.408722,5.289439
42506.384000,5.409235,5.289426
42506.384000,5.409286,5.288226
42506.384000,5.409603,5.283275
42506.384000,5.410513,5.290715
42506.384000,5.410280,5.292004
42506.384000,5.410022,5.289300
42506.384000,5.411480,5.289362
42506.384000,5.412781,5.287486
42506.384000,5.413028,5.286165
42506.384000,5.413564,5.283986
42506.384000,5.413869,5.284475
42506.384000,5.413574,5.286297
42506.384000,5.413364,5.287854
42506.384000,5.411845,5.286757
42506.384000,5.409856,5.287539
42506.384000,5.410395,5.286830
42506.384000,5.411330,5.284659
42506.384000,5.412003,5.286187
42506.384000,5.410868,5.286467
42506.384000,5.409514,5.286090
42506.384000,5.409628,5.289543
42506.384000,5.409552,5.289535
42506.384000,5.410006,5.287846
42506.384000,5.410594,5.289198
42506.384000,5.411013,5.288714
42506.384000,5.410890,5.287109
42506.384000,5.411436,5.286965
42506.384000,5.410166,5.285662
42506.384000,5.410557,5.287629
42506.384000,5.411704,5.289470
42506.384000,5.411713,5.288937
42506.384000,5.411544,5.290632
42506.384000,5.412483,5.291829
42506.384000,5.412942,5.290885
42506.384000,5.413593,5.288284
42506.384000,5.412853,5.287193
42506.384000,5.412567,5.287673
42506.384000,5.412163,5.288850
42506.384000,5.411511,5.287962
42506.384000,5.412251,5.285852
42506.384000,5.412956,5.284533
42506.384000,5.413677,5.284266
42506.384000,5.413096,5.284520
42506.384000,5.412723,5.287168
42506.384000,5.413256,5.287137
42506.384000,5.412153,5.286374
42506.384000,5.412987,5.288851
42506.384000,5.413709,5.284105
42506.384000,5.413514,5.284793
42506.384000,5.414420,5.284678
42506.384000,5.413461,5.286154
42506.384000,5.413022,5.285134
42506.384000,5.413989,5.286328
42506.384000,5.412845,5.287653
42506.384000,5.413978,5.290506
42506.384000,5.414177,5.290092
42506.384000,5.413407,5.288466
42506.384000,5.413718,5.286731
42506.384000,5.414712,5.287746
42506.384000,5.415530,5.287619
42506.384000,5.414933,5.286543
42506.384000,5.415240,5.287650
42506.384000,5.415920,5.293767
42506.384000,5.415820,5.298905
42506.384000,5.415014,5.298823
42506.384000,5.415267,5.297336
42506.384000,5.415461,5.296026
42506.384000,5.416359,5.300506
42506.384000,5.416552,5.302242
42506.384000,5.416047,5.303048
42506.384000,5.414243,5.302712
42506.384000,5.413683,5.300816
42506.384000,5.412943,5.301695
42506.384000,5.412119,5.300978
42506.384000,5.412710,5.298273
42506.384000,5.414041,5.284718
42506.384000,5.415405,5.287332
42506.384000,5.415519,5.285910
42506.384000,5.415523,5.286697
42506.384000,5.415390,5.289818
42506.384000,5.416382,5.289982
42506.384000,5.416535,5.288401
42506.384000,5.416132,5.285887
42506.384000,5.415463,5.288812
42506.384000,5.414969,5.288498
42506.384000,5.415282,5.288324
42506.384000,5.415297,5.287074
42506.384000,5.414491,5.285471
42506.384000,5.414251,5.286772
42506.384000,5.414838,5.288160
42506.384000,5.415811,5.289257
42506.384000,5.416954,5.288495
42506.384000,5.418143,5.289758
42506.384000,5.419279,5.289732
42506.384000,5.419680,5.289296
42506.384000,5.419074,5.289046
42506.384000,5.418323,5.288199
42506.384000,5.418004,5.287654
42506.384000,5.418146,5.291655
42506.384000,5.416823,5.286198
42506.384000,5.415870,5.286428
42506.384000,5.415573,5.288475
42506.384000,5.415533,5.286843
42506.384000,5.415282,5.285267
42506.384000,5.415895,5.289259
42506.384000,5.416594,5.286726
42506.384000,5.416422,5.284650
42506.384000,5.416534,5.287509
42506.384000,5.417338,5.292803
42506.384000,5.416178,5.292390
42506.384000,5.416859,5.292337
42506.384000,5.416984,5.292473
42506.384000,5.417379,5.292491
42506.384000,5.417266,5.293507
42506.384000,5.416460,5.291545
42506.384000,5.416088,5.293500
42506.384000,5.416682,5.291002
42506.384000,5.416602,5.289828
42506.384000,5.416636,5.291835
42506.384000,5.417010,5.289459
42506.384000,5.418180,5.294274
42506.384000,5.419099,5.292003
42506.384000,5.420167,5.294435
42506.384000,5.417376,5.289990
42506.384000,5.416540,5.292626
42506.384000,5.417129,5.292414
42506.384000,5.418099,5.292796
42506.384000,5.418809,5.295099
42506.384000,5.418106,5.294689
42506.384000,5.416876,5.292486
42506.384000,5.416511,5.292918
42506.384000,5.416768,5.291306
42506.384000,5.417227,5.288331
42506.384000,5.417963,5.292810
42506.384000,5.418860,5.293231
42506.384000,5.418429,5.293229
42506.384000,5.418447,5.292528
42506.384000,5.418010,5.292356
42506.384000,5.417295,5.293713
42506.384000,5.417428,5.293358
42506.384000,5.418224,5.294491
42506.384000,5.418065,5.294912
42506.384000,5.418312,5.294195
42506.384000,5.417859,5.292251
42506.384000,5.417925,5.292919
42506.384000,5.419067,5.291188
42506.384000,5.418878,5.293431
42506.384000,5.419761,5.289628
42506.384000,5.420757,5.289909
42506.384000,5.420432,5.289977
42506.384000,5.419223,5.289810
42506.384000,5.418769,5.294919
42506.384000,5.417894,5.294947
42506.384000,5.418774,5.292144
42506.384000,5.418701,5.291151
42506.384000,5.418888,5.293024
42506.384000,5.419075,5.293810
42506.384000,5.419865,5.290920
42506.384000,5.420164,5.289973
42506.384000,5.418973,5.292013
42506.384000,5.417817,5.293243
42506.384000,5.418491,5.292780
42506.384000,5.419336,5.291951
42506.384000,5.419695,5.293190
42506.384000,5.419486,5.289938
42506.384000,5.419969,5.295305
42506.384000,5.420222,5.292289
42506.384000,5.419343,5.291974
42506.384000,5.419733,5.291586
42506.384000,5.421223,5.295710
42506.384000,5.421894,5.296085
42506.384000,5.422225,5.295319
42506.384000,5.422902,5.292522
42506.384000,5.423800,5.294603
42506.384000,5.424502,5.291319
42506.384000,5.422043,5.292092
42506.384000,5.420871,5.295405
42506.384000,5.420191,5.295291
42506.384000,5.421210,5.294961
42506.384000,5.421002,5.294049
42506.384000,5.421441,5.295308
42506.384000,5.421019,5.295233
42506.384000,5.421769,5.296615
42506.384000,5.421693,5.294759
42506.384000,5.421743,5.295359
42506.384000,5.420427,5.295210
42506.384000,5.420827,5.296381
42506.384000,5.422075,5.297692
42506.384000,5.421980,5.296485
42506.384000,5.422216,5.298593
42506.384000,5.423213,5.297845
42506.384000,5.424060,5.298002
42506.384000,5.424744,5.297396
42506.384000,5.424913,5.299589
42506.384000,5.425517,5.299730
42506.384000,5.425409,5.296289
42506.384000,5.425511,5.298535
42506.384000,5.425513,5.300666
42506.384000,5.424820,5.300780
42506.384000,5.423306,5.302403
42506.384000,5.424371,5.294581
42506.384000,5.425501,5.300465
42506.384000,5.425860,5.297712
42506.384000,5.426286,5.299567
42506.384000,5.425448,5.295871
42506.384000,5.425125,5.297922
42506.384000,5.425216,5.298234
42506.384000,5.424871,5.296326
42506.384000,5.424682,5.298874
42506.384000,5.424785,5.297150
42506.384000,5.425529,5.297871
42506.384000,5.426684,5.295411
42506.384000,5.427095,5.300050
42506.384000,5.424482,5.293142
42506.384000,5.425035,5.294250
42506.384000,5.425887,5.294824
42506.384000,5.426687,5.294371
42506.384000,5.426574,5.297946
42506.384000,5.426334,5.296244
42506.384000,5.425424,5.298612
42506.384000,5.424116,5.298456
42506.384000,5.421868,5.295957
42506.384000,5.421317,5.297290
42506.384000,5.422048,5.299476
42506.384000,5.422289,5.300583
42506.384000,5.422027,5.298728
42506.384000,5.421256,5.299207
42506.384000,5.421398,5.301207
42506.384000,5.421949,5.300702
42506.384000,5.422414,5.299701
42506.384000,5.422384,5.303101
42506.384000,5.422568,5.298625
42506.384000,5.422210,5.299390
42506.384000,5.421938,5.300754
42506.384000,5.421904,5.299728
42506.384000,5.421884,5.299707
42506.384000,5.422804,5.299292
42506.384000,5.423417,5.300591
42506.384000,5.424132,5.300962
42506.384000,5.424093,5.302657
42506.384000,5.423699,5.300830
42506.384000,5.424563,5.298138
42506.384000,5.425363,5.299702
42506.384000,5.423077,5.299506
42506.384000,5.422201,5.297892
42506.384000,5.421408,5.302036
42506.384000,5.421458,5.296537
42506.384000,5.421031,5.299136
42506.384000,5.421165,5.299370
42506.384000,5.421567,5.298363
42506.384000,5.422333,5.299212
42506.384000,5.422371,5.298299
42506.384000,5.422272,5.297169
42506.384000,5.420986,5.296121
42506.384000,5.420811,5.295752
42506.384000,5.420809,5.297595
42506.384000,5.421296,5.296387
42506.384000,5.421990,5.295748
42506.384000,5.421632,5.300160
42506.384000,5.421225,5.301100
42506.384000,5.421279,5.298781
42506.384000,5.421130,5.297589
42506.384000,5.421282,5.299115
42506.384000,5.421973,5.298296
42506.384000,5.423195,5.295269
42506.384000,5.424147,5.295845
42506.384000,5.425040,5.297470
42506.384000,5.426110,5.297214
42506.384000,5.426310,5.296026
42506.384000,5.426088,5.296738
42506.384000,5.426505,5.295986
42506.384000,5.426769,5.297880
42506.384000,5.426975,5.295679
42506.384000,5.426407,5.294677
42506.384000,5.426372,5.299600
42506.384000,5.425178,5.297332
42506.384000,5.423849,5.296539
42506.384000,5.423174,5.299206
42506.384000,5.423478,5.297086
42506.384000,5.423527,5.298612
42506.384000,5.422362,5.295682
42506.384000,5.422752,5.298193
42506.384000,5.422222,5.297609
42506.384000,5.422154,5.300479
42506.384000,5.422556,5.296433
42506.384000,5.420869,5.296267
42506.384000,5.421203,5.297647
42506.384000,5.421617,5.300407
42506.384000,5.422005,5.295132
42506.384000,5.422909,5.296556
42506.384000,5.422323,5.298278
42506.384000,5.423435,5.298277
42506.384000,5.423304,5.298814
42506.384000,5.422798,5.298223
42506.384000,5.423310,5.299130
42506.384000,5.423011,5.296322
42506.384000,5.424019,5.298443
42506.384000,5.424637,5.295683
42506.384000,5.425802,5.293611
42506.384000,5.426815,5.297280
42506.384000,5.428064,5.298987
42506.384000,5.428219,5.295743
42506.384000,5.428269,5.300121
42506.384000,5.428442,5.300223
42506.384000,5.428930,5.301337
42506.384000,5.428211,5.301175
42506.384000,5.429124,5.301640
42506.384000,5.428784,5.300340
42506.384000,5.427741,5.298024
42506.384000,5.427779,5.302734
42506.384000,5.426151,5.301436
42506.384000,5.426041,5.303103
42506.384000,5.426271,5.304650
42506.384000,5.427087,5.303107
42506.384000,5.426438,5.302903
42506.384000,5.425180,5.301971
42506.384000,5.425081,5.300828
42506.384000,5.425342,5.299963
42506.384000,5.426058,5.300849
42506.384000,5.426444,5.303006
42506.384000,5.427543,5.304822
42506.384000,5.427409,5.303359
42506.384000,5.427330,5.303229
42506.384000,5.428340,5.301226
42506.384000,5.428950,5.299866
42506.384000,5.429377,5.298847
42506.384000,5.429693,5.297042
42506.384000,5.430067,5.299416
42506.384000,5.429097,5.299065
42506.384000,5.429162,5.297849
42506.384000,5.428089,5.295402
42506.384000,5.427326,5.296233
42506.384000,5.427815,5.300737
42506.384000,5.427876,5.299696
42506.384000,5.428578,5.297645
42506.384000,5.427641,5.299632
42506.384000,5.427027,5.298480
42506.384000,5.427849,5.298724
42506.384000,5.425844,5.297109
42506.384000,5.424138,5.298649
42506.384000,5.424400,5.296245
42506.384000,5.425281,5.299576
42506.384000,5.426002,5.301363
42506.384000,5.426389,5.297296
42506.384000,5.425269,5.298852
42506.384000,5.425344,5.295225
42506.384000,5.424900,5.296310
42506.384000,5.426154,5.296216
42506.384000,5.426960,5.295673
42506.384000,5.424465,5.296978
42506.384000,5.423409,5.297314
42506.384000,5.423555,5.297953
42506.384000,5.423253,5.295243
42506.384000,5.424380,5.300117
42506.384000,5.424765,5.299775
42506.384000,5.424854,5.298783
42506.384000,5.423351,5.297366
42506.384000,5.423083,5.302804
42506.384000,5.423277,5.300996
42506.384000,5.423355,5.300963
42506.384000,5.423513,5.304626
42506.384000,5.423488,5.303438
42506.384000,5.423554,5.302899
42506.384000,5.423210,5.302443
42506.384000,5.423903,5.302299
42506.384000,5.423555,5.303618
42506.384000,5.422886,5.299978
42506.384000,5.423111,5.300248
42506.384000,5.423811,5.299334
42506.384000,5.423716,5.299087
42506.384000,5.423992,5.300808
42506.384000,5.424621,5.301639
42506.384000,5.424660,5.300171
42506.384000,5.424165,5.301796
42506.384000,5.423511,5.303491
42506.384000,5.423725,5.301637
42506.384000,5.423884,5.302239
42506.384000,5.424210,5.300210
42506.384000,5.424730,5.298664
42506.384000,5.424628,5.297864
42506.384000,5.424070,5.298900
42506.384000,5.423687,5.302046
42506.384000,5.422939,5.299347
42506.384000,5.423346,5.299904
42506.384000,5.423511,5.300418
42506.384000,5.423365,5.297745
42506.384000,5.423056,5.301493
42506.384000,5.423000,5.301187
42506.384000,5.423547,5.302862
42506.384000,5.424218,5.301265
42506.384000,5.424022,5.300167
42506.384000,5.423953,5.299190
42506.384000,5.423879,5.297318
42506.384000,5.422661,5.298384
42506.384000,5.422870,5.301087
42506.384000,5.423185,5.300089
42506.384000,5.423415,5.300935
42506.384000,5.423356,5.301753
42506.384000,5.423888,5.303313
42506.384000,5.423261,5.303301
42506.384000,5.423509,5.297699
42506.384000,5.423450,5.299941
42506.384000,5.423123,5.300013
42506.384000,5.423505,5.302456
42506.384000,5.423369,5.297895
42506.384000,5.423205,5.302630
42506.384000,5.423692,5.301684
42506.384000,5.423728,5.303716
42506.384000,5.424109,5.302002
42506.384000,5.425050,5.305454
42506.384000,5.423256,5.304549
42506.384000,5.424123,5.304077
42506.384000,5.425280,5.303618
42506.384000,5.424997,5.302484
42506.384000,5.425550,5.303011
42506.384000,5.425070,5.303418
42506.384000,5.425127,5.302660
42506.384000,5.426014,5.302358
42506.384000,5.426384,5.303258
42506.384000,5.425243,5.302253
42506.384000,5.425046,5.303509
42506.384000,5.425752,5.303059
42506.384000,5.425120,5.305662
42506.384000,5.425337,5.304600
42506.384000,5.425361,5.305800
42506.384000,5.425699,5.306326
42506.384000,5.426223,5.305085
42506.384000,5.426871,5.306701
42506.384000,5.426788,5.306213
42506.384000,5.426046,5.302775
42506.384000,5.426063,5.302219
42506.384000,5.425412,5.303886
42506.384000,5.425302,5.305670
42506.384000,5.424605,5.302992
42506.384000,5.424549,5.304689
42506.384000,5.424383,5.303233
42506.384000,5.425022,5.304210
42506.384000,5.425420,5.303491
42506.384000,5.425294,5.306086
42506.384000,5.425454,5.302492
42506.384000,5.425449,5.299010
42506.384000,5.425268,5.301755
42506.384000,5.425131,5.299212
42506.384000,5.424809,5.300093
42506.384000,5.424559,5.301873
42506.384000,5.424391,5.300843
42506.384000,5.424991,5.302819
42506.384000,5.425468,5.299874
42506.384000,5.425335,5.298239
42506.384000,5.425115,5.299438
42506.384000,5.425479,5.301626
42506.384000,5.425742,5.302544
42506.384000,5.426666,5.297735
42506.384000,5.426806,5.299755
42506.384000,5.426375,5.299045
42506.384000,5.426253,5.301032
42506.384000,5.425299,5.301712
42506.384000,5.425216,5.300477
42506.384000,5.425217,5.300589
42506.384000,5.426107,5.303658
42506.384000,5.426699,5.302440
42506.384000,5.427379,5.306930
42506.384000,5.427135,5.305300
42506.384000,5.426724,5.302550
42506.384000,5.427018,5.302145
42506.384000,5.427880,5.304420
42506.384000,5.428727,5.305188
42506.384000,5.428143,5.304548
42506.384000,5.427217,5.302168
42506.384000,5.427019,5.303331
42506.384000,5.427172,5.303152
42506.384000,5.426878,5.303093
42506.384000,5.428170,5.299369
42506.384000,5.428493,5.303734
42506.384000,5.428720,5.300392
42506.384000,5.428354,5.301760
42506.384000,5.428318,5.303960
42506.384000,5.427244,5.301861
42506.384000,5.426946,5.306917
42506.384000,5.426323,5.304988
42506.384000,5.426007,5.303683
42506.384000,5.425958,5.304558
42506.384000,5.426293,5.303893
42506.384000,5.426117,5.308329
42506.384000,5.425541,5.304826
42506.384000,5.425845,5.306674
42506.384000,5.426483,5.303216
42506.384000,5.426708,5.303790
42506.384000,5.426509,5.304650
42506.384000,5.426852,5.302442
42506.384000,5.426334,5.301132
42506.384000,5.425506,5.299830
42506.384000,5.425194,5.301418
42506.384000,5.425954,5.304367
42506.384000,5.426004,5.301260
42506.384000,5.425682,5.303435
42506.384000,5.426567,5.300542
42506.384000,5.426473,5.303051
42506.384000,5.425632,5.302893
42506.384000,5.426392,5.302945
42506.384000,5.426571,5.306267
42506.384000,5.426900,5.304702
42506.384000,5.426667,5.304216
42506.384000,5.427198,5.303289
42506.384000,5.427112,5.305521
42506.384000,5.427562,5.302504
42506.384000,5.427505,5.303797
42506.384000,5.428007,5.303922
42506.384000,5.428815,5.300292
42506.384000,5.429404,5.299696
42506.384000,5.430010,5.300896
42506.384000,5.430469,5.301912
42506.384000,5.429846,5.306390
42506.384000,5.430769,5.306467
42506.384000,5.430512,5.305541
42506.384000,5.428835,5.305061
42506.384000,5.429483,5.303313
42506.384000,5.430104,5.303423
42506.384000,5.430693,5.307219
42506.384000,5.431608,5.306446
42506.384000,5.432218,5.309308
42506.384000,5.431772,5.306338
42506.384000,5.430870,5.303034
42506.384000,5.430634,5.303606
42506.384000,5.429751,5.307097
42506.384000,5.429930,5.304786
42506.384000,5.430375,5.309010
42506.384000,5.431455,5.304396
42506.384000,5.431434,5.303325
42506.384000,5.432767,5.308781
42506.384000,5.433983,5.309654
42506.384000,5.434429,5.308882
42506.384000,5.434664,5.306447
42506.384000,5.433711,5.304714
42506.384000,5.433349,5.303471
42506.384000,5.433681,5.303528
42506.384000,5.434321,5.300346
42506.384000,5.435249,5.301441
42506.384000,5.436365,5.300480
42506.384000,5.436029,5.302672
42506.384000,5.435716,5.303522
42506.384000,5.435862,5.299176
42506.384000,5.435951,5.299626
42506.384000,5.435791,5.300303
42506.384000,5.433455,5.299375
42506.384000,5.432401,5.297533
42506.384000,5.433502,5.301373
42506.384000,5.433170,5.301211
42506.384000,5.432538,5.303053
42506.384000,5.431649,5.303340
42506.384000,5.431719,5.302321
42506.384000,5.431203,5.304348
42506.384000,5.431741,5.302267
42506.384000,5.431996,5.303947
42506.384000,5.432085,5.304353
42506.384000,5.432554,5.304661
42506.384000,5.432723,5.304849
42506.384000,5.431964,5.300739
42506.384000,5.432596,5.303732
42506.384000,5.433391,5.302207
42506.384000,5.433836,5.305479
42506.384000,5.434015,5.305270
42506.384000,5.433876,5.306066
42506.384000,5.433819,5.306435
42506.384000,5.433925,5.302788
42506.384000,5.433777,5.304337
42506.384000,5.434156,5.305106
42506.384000,5.434044,5.309584
42506.384000,5.435170,5.307677
42506.384000,5.434889,5.305727
42506.384000,5.434223,5.306593
42506.384000,5.434242,5.308667
42506.384000,5.434603,5.307072
42506.384000,5.434660,5.307709
42506.384000,5.434742,5.305603
42506.384000,5.434677,5.304652
42506.384000,5.435187,5.304734
42506.384000,5.435621,5.308003
42506.384000,5.433625,5.306623
42506.384000,5.433969,5.305903
42506.384000,5.434054,5.303801
42506.384000,5.433476,5.305009
42506.384000,5.433988,5.305748
42506.384000,5.434328,5.306476
42506.384000,5.434001,5.308421
42506.384000,5.433372,5.307146
42506.384000,5.432935,5.304837
42506.384000,5.432900,5.308243
42506.384000,5.433152,5.303633
42506.384000,5.434114,5.304636
42506.384000,5.432868,5.300454
42506.384000,5.432224,5.303799
42506.384000,5.432352,5.306384
42506.384000,5.432606,5.305348
42506.384000,5.433434,5.303986
42506.384000,5.433110,5.305364
42506.384000,5.433521,5.304083
42506.384000,5.432689,5.305002
42506.384000,5.432668,5.307541
42506.384000,5.431665,5.303116
42506.384000,5.432217,5.306131
42506.384000,5.432734,5.305396
42506.384000,5.432121,5.302139
42506.384000,5.432259,5.304910
42506.384000,5.433021,5.304070
42506.384000,5.433708,5.303964
42506.384000,5.434008,5.302421
42506.384000,5.434012,5.302752
42506.384000,5.434376,5.304569
42506.384000,5.434960,5.305888
42506.384000,5.435605,5.304506
42506.384000,5.435752,5.304760
42506.384000,5.435982,5.305932
42506.384000,5.435863,5.307287
42506.384000,5.435259,5.306369
42506.384000,5.434977,5.304343
42506.384000,5.436241,5.307341
42506.384000,5.436751,5.308397
42506.384000,5.437696,5.308574
42506.384000,5.438864,5.307867
42506.384000,5.438663,5.309938
42506.384000,5.436541,5.307896
42506.384000,5.436416,5.308477
42506.384000,5.436497,5.309358
42506.384000,5.434935,5.315857
42506.384000,5.435014,5.308551
42506.384000,5.435404,5.309373
42506.384000,5.435843,5.307075
42506.384000,5.436480,5.305853
42506.384000,5.436709,5.304572
42506.384000,5.437142,5.303100
42506.384000,5.436921,5.305551
42506.384000,5.437831,5.306692
42506.384000,5.438009,5.302563
42506.384000,5.438052,5.306297
42506.384000,5.438271,5.303594
42506.384000,5.438557,5.307552
42506.384000,5.438881,5.305187
42506.384000,5.438669,5.307365
42506.384000,5.437571,5.305277
42506.384000,5.437040,5.304250
42506.384000,5.438104,5.304483
42506.384000,5.438515,5.303744
42506.384000,5.436488,5.304978
42506.384000,5.437709,5.306524
42506.384000,5.438866,5.303590
42506.384000,5.438545,5.304926
42506.384000,5.438099,5.305826
42506.384000,5.438290,5.304620
42506.384000,5.437044,5.305713
42506.384000,5.437237,5.306476
42506.384000,5.436426,5.307409
42506.384000,5.436996,5.308276
42506.384000,5.437501,5.306595
42506.384000,5.437408,5.303423
42506.384000,5.436802,5.304575
42506.384000,5.437009,5.303502
42506.384000,5.436959,5.305752
42506.384000,5.436564,5.304738
42506.384000,5.436258,5.305538
42506.384000,5.435493,5.305531
42506.384000,5.435275,5.305565
42506.384000,5.435639,5.304929
42506.384000,5.435779,5.306044
42506.384000,5.435687,5.303943
42506.384000,5.436266,5.305150
42506.384000,5.437013,5.306903
42506.384000,5.437044,5.307454
42506.384000,5.437735,5.308393
42506.384000,5.437752,5.304708
42506.384000,5.438000,5.307279
42506.384000,5.437850,5.308885
42506.384000,5.436202,5.307530
42506.384000,5.435321,5.308172
42506.384000,5.435252,5.308300
42506.384000,5.434950,5.310186
42506.384000,5.433841,5.310468
42506.384000,5.433860,5.306343
42506.384000,5.434075,5.305856
42506.384000,5.434706,5.309122
42506.384000,5.435091,5.308420
42506.384000,5.435342,5.306929
42506.384000,5.435537,5.307800
42506.384000,5.435537,5.308644
42506.384000,5.435459,5.307563
42506.384000,5.436089,5.307552
42506.384000,5.435358,5.308614
42506.384000,5.435438,5.304524
42506.384000,5.435293,5.309155
42506.384000,5.435193,5.308634
42506.384000,5.435675,5.312236
42506.384000,5.434775,5.310517
42506.384000,5.434946,5.309375
42506.384000,5.434783,5.307832
42506.384000,5.435518,5.309130
42506.384000,5.435389,5.306411
42506.384000,5.433997,5.306242
42506.384000,5.433876,5.308050
42506.384000,5.433946,5.307513
42506.384000,5.433683,5.306090
42506.384000,5.433680,5.306718
42506.384000,5.433260,5.307232
42506.384000,5.433285,5.307373
42506.384000,5.434001,5.305520
42506.384000,5.432978,5.308241
42506.384000,5.433114,5.304839
42506.384000,5.432954,5.310688
42506.384000,5.432711,5.309062
42506.384000,5.433630,5.308665
42506.384000,5.434357,5.305624
42506.384000,5.434201,5.305349
42506.384000,5.434017,5.308160
42506.384000,5.431925,5.309879
42506.384000,5.432642,5.308027
42506.384000,5.432919,5.308102
42506.384000,5.433511,5.305468
42506.384000,5.433835,5.302933
42506.384000,5.433216,5.307270
42506.384000,5.433854,5.309392
42506.384000,5.433317,5.309119
42506.384000,5.433214,5.310588
42506.384000,5.432797,5.308987
42506.384000,5.433564,5.307383
42506.384000,5.433656,5.305489
42506.384000,5.433658,5.303703
42506.384000,5.433215,5.306778
42506.384000,5.433680,5.305362
42506.384000,5.433525,5.310039
42506.384000,5.434385,5.307355
42506.384000,5.434061,5.308091
42506.384000,5.434059,5.309632
42506.384000,5.434657,5.306853
42506.384000,5.434044,5.307125
42506.384000,5.433924,5.310070
42506.384000,5.434111,5.308955
42506.384000,5.434371,5.309363
42506.384000,5.434516,5.308569
42506.384000,5.434286,5.309279
42506.384000,5.434276,5.310079
42506.384000,5.434472,5.310971
42506.384000,5.433948,5.309303
42506.384000,5.433942,5.309937
42506.384000,5.434206,5.306952
42506.384000,5.433603,5.308447
42506.384000,5.434320,5.309018
42506.384000,5.434810,5.307988
42506.384000,5.434701,5.304828
42506.384000,5.434863,5.307383
42506.384000,5.433938,5.307573
42506.384000,5.434274,5.306124
42506.384000,5.433798,5.308073
42506.384000,5.433038,5.305285
42506.384000,5.432472,5.306071
42506.384000,5.433414,5.302694
42506.384000,5.433374,5.304061
42506.384000,5.432893,5.306620
42506.384000,5.431995,5.304489
42506.384000,5.432279,5.306406
42506.384000,5.432058,5.303938
42506.384000,5.431962,5.303345
42506.384000,5.432319,5.306432
42506.384000,5.432248,5.305054
42506.384000,5.433075,5.304964
42506.384000,5.434086,5.303153
42506.384000,5.434679,5.302271
42506.384000,5.435059,5.303015
42506.384000,5.434451,5.304993
42506.384000,5.434744,5.309218
42506.384000,5.435409,5.306130
42506.384000,5.435806,5.306431
42506.384000,5.435520,5.306978
42506.384000,5.436043,5.309170
42506.384000,5.436874,5.308552
42506.384000,5.437271,5.308797
42506.384000,5.437065,5.310733
42506.384000,5.436525,5.309556
42506.384000,5.437071,5.307685
42506.384000,5.437117,5.306606
42506.384000,5.437653,5.305623
42506.384000,5.437710,5.306040
42506.384000,5.437332,5.306441
42506.384000,5.436173,5.307500
42506.384000,5.436247,5.307759
42506.384000,5.436192,5.308318
42506.384000,5.435863,5.304868
42506.384000,5.436069,5.307221
42506.384000,5.435343,5.306147
42506.384000,5.435176,5.307136
42506.384000,5.434788,5.306749
42506.384000,5.434938,5.305332
42506.384000,5.435641,5.305101
42506.384000,5.434991,5.303640
42506.384000,5.434816,5.305811
42506.384000,5.434501,5.303985
42506.384000,5.433820,5.304073
42506.384000,5.434086,5.299579
42506.384000,5.433368,5.301922
42506.384000,5.433542,5.302246
42506.384000,5.434033,5.298967
42506.384000,5.434323,5.300057
42506.384000,5.434864,5.300097
42506.384000,5.435523,5.302047
42506.384000,5.435417,5.300757
42506.384000,5.435048,5.303617
42506.384000,5.434974,5.306420
42506.384000,5.435157,5.302962
42506.384000,5.436003,5.301268
42506.384000,5.435754,5.303251
42506.384000,5.435553,5.304714
42506.384000,5.435381,5.307063
42506.384000,5.434832,5.304822
42506.384000,5.435022,5.304483
42506.384000,5.436114,5.306444
42506.384000,5.436233,5.305413
42506.384000,5.436295,5.303946
42506.384000,5.436301,5.304356
42506.384000,5.436579,5.305498
42506.384000,5.437335,5.308020
42506.384000,5.438022,5.307588
42506.384000,5.437891,5.308676
42506.384000,5.437786,5.308305
42506.384000,5.438576,5.310162
42506.384000,5.438930,5.308501
42506.384000,5.438961,5.305735
42506.384000,5.439014,5.308051
42506.384000,5.439539,5.306874
42506.384000,5.439202,5.307947
42506.384000,5.438587,5.310275
42506.384000,5.438955,5.309133
42506.384000,5.439280,5.309735
42506.384000,5.440075,5.308196
42506.384000,5.438783,5.306952
42506.384000,5.438917,5.312853
42506.384000,5.439472,5.307641
42506.384000,5.438747,5.311426
42506.384000,5.439229,5.308530
42506.384000,5.439712,5.310585
42506.384000,5.440665,5.308558
42506.384000,5.441345,5.306982
42506.384000,5.441778,5.310908
42506.384000,5.442372,5.307058
42506.384000,5.441618,5.309940
42506.384000,5.440252,5.309881
42506.384000,5.440361,5.311554
42506.384000,5.440240,5.309135
42506.384000,5.439575,5.307974
42506.384000,5.439999,5.305608
42506.384000,5.439805,5.307254
42506.384000,5.438996,5.307159
42506.384000,5.439010,5.306466
42506.384000,5.438572,5.307540
42506.384000,5.437061,5.307501
42506.384000,5.437192,5.308149
42506.384000,5.437706,5.306910
42506.384000,5.437889,5.308195
42506.384000,5.438850,5.308522
42506.384000,5.438139,5.309984
42506.384000,5.437383,5.305709
42506.384000,5.437426,5.307894
42506.384000,5.437874,5.308339
42506.384000,5.438642,5.306665
42506.384000,5.438538,5.310324
42506.384000,5.438692,5.308762
42506.384000,5.439139,5.309383
42506.384000,5.439561,5.311143
42506.384000,5.439675,5.312684
42506.384000,5.440109,5.310674
42506.384000,5.439979,5.313747
42506.384000,5.440944,5.314285
42506.384000,5.441255,5.312186
42506.384000,5.441538,5.311279
42506.384000,5.441521,5.309392
42506.384000,5.441859,5.313697
42506.384000,5.442073,5.314323
42506.384000,5.442265,5.313074
42506.384000,5.443085,5.309980
42506.384000,5.442745,5.310000
42506.384000,5.443065,5.312253
42506.384000,5.443350,5.313393
42506.384000,5.443360,5.312509
42506.384000,5.443097,5.314914
42506.384000,5.443548,5.312474
42506.384000,5.443101,5.311857
42506.384000,5.443704,5.314419
42506.384000,5.443861,5.310694
42506.384000,5.443557,5.314166
42506.384000,5.443557,5.315590
42506.384000,5.443697,5.312698
42506.384000,5.442789,5.311708
42506.384000,5.442874,5.315461
42506.384000,5.441654,5.315914
42506.384000,5.441703,5.314074
42506.384000,5.442173,5.318605
42506.384000,5.442508,5.316688
42506.384000,5.443349,5.315249
42506.384000,5.443632,5.316902
42506.384000,5.443426,5.316667
42506.384000,5.443176,5.317126
42506.384000,5.441839,5.313646
42506.384000,5.442348,5.317968
42506.384000,5.442645,5.317637
42506.384000,5.442516,5.315392
42506.384000,5.442729,5.315697
42506.384000,5.442899,5.317167
42506.384000,5.442545,5.312145
42506.384000,5.442345,5.314276
42506.384000,5.442726,5.318336
42506.384000,5.441440,5.316299
42506.384000,5.441063,5.312831
42506.384000,5.441418,5.309613
42506.384000,5.442026,5.315839
42506.384000,5.442804,5.315371
42506.384000,5.443429,5.314896
42506.384000,5.443647,5.316457
42506.384000,5.444820,5.317478
42506.384000,5.444599,5.315623
42506.384000,5.444390,5.311895
42506.384000,5.444747,5.314711
42506.384000,5.444270,5.314483
42506.384000,5.444581,5.315323
42506.384000,5.444430,5.317955
42506.384000,5.444223,5.318230
42506.384000,5.443253,5.315096
42506.384000,5.443514,5.320295
42506.384000,5.444293,5.317817
42506.384000,5.444987,5.317090
42506.384000,5.445304,5.318186
42506.384000,5.444934,5.318387
42506.384000,5.445403,5.317203
42506.384000,5.444892,5.315102
42506.384000,5.444848,5.316019
42506.384000,5.445252,5.315851
42506.384000,5.444976,5.313781
42506.384000,5.444681,5.313358
42506.384000,5.444800,5.311928
42506.384000,5.443298,5.314069
42506.384000,5.442860,5.313118
42506.384000,5.443143,5.315054
42506.384000,5.443918,5.314670
42506.384000,5.444505,5.315552
42506.384000,5.444754,5.315421
42506.384000,5.443733,5.312554
42506.384000,5.443862,5.314000
42506.384000,5.443933,5.313126
42506.384000,5.444368,5.316147
42506.384000,5.444577,5.313153
42506.384000,5.443443,5.312081
42506.384000,5.443308,5.310437
42506.384000,5.443460,5.312664
42506.384000,5.443015,5.314693
42506.384000,5.443678,5.312136
42506.384000,5.444536,5.313272
42506.384000,5.445166,5.311699
42506.384000,5.445717,5.311660
42506.384000,5.445149,5.313015
42506.384000,5.445670,5.312216
42506.384000,5.445846,5.313984
42506.384000,5.446056,5.313602
42506.384000,5.446625,5.314628
42506.384000,5.446878,5.314052
42506.384000,5.447262,5.317825
42506.384000,5.446832,5.319137
42506.384000,5.447284,5.315866
42506.384000,5.448134,5.317260
42506.384000,5.447821,5.316175
42506.384000,5.447585,5.314947
42506.384000,5.448067,5.319446
42506.384000,5.447848,5.318068
42506.384000,5.448296,5.317672
42506.384000,5.447528,5.318993
42506.384000,5.447302,5.314858
42506.384000,5.448077,5.317754
42506.384000,5.448194,5.318820
42506.384000,5.448216,5.316900
42506.384000,5.448197,5.319804
42506.384000,5.446746,5.317916
42506.384000,5.447373,5.318951
42506.384000,5.447696,5.316783
42506.384000,5.448823,5.318975
42506.384000,5.448246,5.318519
42506.384000,5.447512,5.315809
42506.384000,5.446511,5.318422
42506.384000,5.447258,5.318106
42506.384000,5.447642,5.318198
42506.384000,5.447654,5.316459
42506.384000,5.446356,5.313343
42506.384000,5.446272,5.315119
42506.384000,5.447199,5.315594
42506.384000,5.447568,5.313754
42506.384000,5.446947,5.316007
42506.384000,5.446984,5.314656
42506.384000,5.446479,5.312811
42506.384000,5.447088,5.311785
42506.384000,5.446180,5.314082
42506.384000,5.446258,5.316279
42506.384000,5.446179,5.312865
42506.384000,5.446143,5.313278
42506.384000,5.445962,5.312185
42506.384000,5.445550,5.314321
42506.384000,5.445813,5.314874
42506.384000,5.446389,5.312549
42506.384000,5.445502,5.311997
42506.384000,5.445438,5.313588
42506.384000,5.445061,5.314724
42506.384000,5.445968,5.317082
42506.384000,5.446258,5.313056
42506.384000,5.446981,5.314453
42506.384000,5.446947,5.319050
42506.384000,5.447360,5.317906
42506.384000,5.448012,5.314581
42506.384000,5.447700,5.315198
42506.384000,5.448764,5.316870
42506.384000,5.447648,5.319575
42506.384000,5.447378,5.316132
42506.384000,5.447646,5.317293
42506.384000,5.447145,5.314325
42506.384000,5.448380,5.316348
42506.384000,5.448903,5.314543
42506.384000,5.448888,5.313698
42506.384000,5.449808,5.315181
42506.384000,5.448190,5.316966
42506.384000,5.448642,5.316695
42506.384000,5.449029,5.318085
42506.384000,5.449008,5.319360
42506.384000,5.449387,5.316353
42506.384000,5.449665,5.321600
42506.384000,5.450574,5.316636
42506.384000,5.449817,5.317688
42506.384000,5.449262,5.319215
42506.384000,5.449635,5.317410
42506.384000,5.450446,5.319560
42506.384000,5.450489,5.318288
42506.384000,5.449602,5.321297
42506.384000,5.449971,5.320955
42506.384000,5.449883,5.321646
42506.384000,5.449168,5.319068
42506.384000,5.449587,5.320160
42506.384000,5.449950,5.319825
42506.384000,5.449352,5.321689
42506.384000,5.449729,5.322899
42506.384000,5.450068,5.320585
42506.384000,5.450821,5.320712
42506.384000,5.450121,5.318481
42506.384000,5.450100,5.320897
42506.384000,5.450276,5.321942
42506.384000,5.450010,5.318365
42506.384000,5.449626,5.318807
42506.384000,5.448946,5.321288
42506.384000,5.449971,5.320517
42506.384000,5.450264,5.320358
42506.384000,5.451585,5.317333
42506.384000,5.452730,5.318766
42506.384000,5.453647,5.318077
42506.384000,5.454623,5.319605
42506.384000,5.454893,5.320239
42506.384000,5.455120,5.319467
42506.384000,5.453170,5.318578
42506.384000,5.452153,5.318343
42506.384000,5.451281,5.320128
42506.384000,5.451643,5.322913
42506.384000,5.451553,5.321026
42506.384000,5.452610,5.320886
42506.384000,5.451396,5.320602
42506.384000,5.450916,5.321178
42506.384000,5.450695,5.319529
42506.384000,5.450847,5.319595
42506.384000,5.450217,5.322412
42506.384000,5.449527,5.320474
42506.384000,5.450201,5.321639
42506.384000,5.450424,5.320597
42506.384000,5.450823,5.320348
42506.384000,5.451460,5.321236
42506.384000,5.451066,5.320773
42506.384000,5.450784,5.320092
42506.384000,5.450499,5.323296
42506.384000,5.450700,5.322414
42506.384000,5.450089,5.323492
42506.384000,5.449236,5.322725
42506.384000,5.448937,5.321443
42506.384000,5.449555,5.325131
42506.384000,5.450554,5.321396
42506.384000,5.450088,5.322491
42506.384000,5.450073,5.320415
42506.384000,5.450983,5.323070
42506.384000,5.451669,5.325047
42506.384000,5.451095,5.324475
42506.384000,5.451168,5.322236
42506.384000,5.452441,5.323710
42506.384000,5.453541,5.322638
42506.384000,5.454535,5.322205
42506.384000,5.455578,5.323350
42506.384000,5.455835,5.325474
42506.384000,5.455869,5.324998
42506.384000,5.453562,5.322249
42506.384000,5.452448,5.325337
42506.384000,5.451328,5.327758
42506.384000,5.451101,5.326920
42506.384000,5.451743,5.328863
42506.384000,5.451734,5.326461
42506.384000,5.451303,5.328645
42506.384000,5.451544,5.329331
42506.384000,5.451888,5.327195
42506.384000,5.452214,5.329905
42506.384000,5.452498,5.329987
42506.384000,5.452326,5.333098
42506.384000,5.451829,5.337223
42506.384000,5.451066,5.338626
42506.384000,5.451577,5.337521
42506.384000,5.451684,5.336266
42506.384000,5.451769,5.333714
42506.384000,5.451533,5.332842
42506.384000,5.451577,5.334003
42506.384000,5.452491,5.335526
42506.384000,5.453320,5.333772
42506.384000,5.453848,5.336350
42506.384000,5.455208,5.331805
42506.384000,5.455516,5.334071
42506.384000,5.455727,5.333255
42506.384000,5.455264,5.332188
42506.384000,5.453419,5.333760
42506.384000,5.451995,5.333150
42506.384000,5.451888,5.331922
42506.384000,5.451777,5.330735
42506.384000,5.452203,5.331032
42506.384000,5.451822,5.330263
42506.384000,5.452190,5.333843
42506.384000,5.451489,5.332935
42506.384000,5.451941,5.331210
42506.384000,5.451770,5.333398
42506.384000,5.451878,5.331397
42506.384000,5.451544,5.328702
42506.384000,5.451910,5.320833
42506.384000,5.451141,5.324505
42506.384000,5.450666,5.325635
42506.384000,5.451001,5.331440
42506.384000,5.451037,5.334635
42506.384000,5.451002,5.336356
42506.384000,5.452017,5.335618
42506.384000,5.452128,5.334567
42506.384000,5.452650,5.333679
42506.384000,5.453136,5.335027
42506.384000,5.453556,5.334429
42506.384000,5.453430,5.327843
42506.384000,5.451894,5.326336
42506.384000,5.451962,5.326064
42506.384000,5.451498,5.326178
42506.384000,5.451302,5.326240
42506.384000,5.451837,5.326783
42506.384000,5.452233,5.325776
42506.384000,5.452963,5.324004
42506.384000,5.452793,5.324513
42506.384000,5.453738,5.324623
42506.384000,5.454020,5.323811
42506.384000,5.455070,5.324435
42506.384000,5.456178,5.323827
42506.384000,5.456618,5.325386
42506.384000,5.455292,5.323065
42506.384000,5.455067,5.324402
42506.384000,5.456122,5.323269
42506.384000,5.455750,5.325586
42506.384000,5.455482,5.325137
42506.384000,5.456438,5.327216
42506.384000,5.457558,5.326906
42506.384000,5.458544,5.326837
42506.384000,5.459091,5.325973
42506.384000,5.458281,5.328066
42506.384000,5.455471,5.327041
42506.384000,5.456687,5.327690
42506.384000,5.457598,5.325122
42506.384000,5.458702,5.327655
42506.384000,5.456240,5.327198
42506.384000,5.455355,5.324962
42506.384000,5.456076,5.325815
42506.384000,5.457185,5.328921
42506.384000,5.457713,5.328547
42506.384000,5.457527,5.326713
42506.384000,5.458607,5.329400
42506.384000,5.459425,5.328427
42506.384000,5.460180,5.327175
42506.384000,5.461324,5.327682
42506.384000,5.460107,5.326699
42506.384000,5.460924,5.326679
42506.384000,5.462089,5.326549
42506.384000,5.461749,5.326162
42506.384000,5.461588,5.326452
42506.384000,5.461684,5.324083
42506.384000,5.460500,5.325993
42506.384000,5.459989,5.325338
42506.384000,5.460393,5.326530
42506.384000,5.461566,5.326080
42506.384000,5.461633,5.325048
42506.384000,5.459565,5.324899
42506.384000,5.460294,5.328132
42506.384000,5.460669,5.329305
42506.384000,5.460657,5.329522
42506.384000,5.458561,5.328795
42506.384000,5.458938,5.327886
42506.384000,5.459354,5.325071
42506.384000,5.460161,5.323415
42506.384000,5.459646,5.325179
42506.384000,5.458371,5.324143
42506.384000,5.457236,5.328597
42506.384000,5.456199,5.328986
42506.384000,5.456809,5.327998
42506.384000,5.457114,5.327913
42506.384000,5.457296,5.326399
42506.384000,5.457319,5.326640
42506.384000,5.457334,5.323645
42506.384000,5.457742,5.326385
42506.384000,5.457693,5.326459
42506.384000,5.458586,5.326573
42506.384000,5.459756,5.324749
42506.384000,5.461280,5.325711
42506.384000,5.462493,5.327134
42506.384000,5.462749,5.324278
42506.384000,5.463462,5.327012
42506.384000,5.463455,5.324946
42506.384000,5.463565,5.327596
42506.384000,5.463703,5.324305
42506.384000,5.463806,5.325946
42506.384000,5.464644,5.329238
42506.384000,5.464382,5.326136
42506.384000,5.463674,5.323922
42506.384000,5.463600,5.326533
42506.384000,5.462698,5.326715
42506.384000,5.461671,5.326486
42506.384000,5.461695,5.328411
42506.384000,5.461618,5.326168
42506.384000,5.461316,5.331519
42506.384000,5.460700,5.329282
42506.384000,5.460318,5.329844
42506.384000,5.460102,5.329472
42506.384000,5.460627,5.329086
42506.384000,5.461233,5.328633
42506.384000,5.462236,5.327018
42506.384000,5.463468,5.328026
42506.384000,5.464245,5.328035
42506.384000,5.464239,5.327039
42506.384000,5.464535,5.329718
42506.384000,5.464150,5.329888
42506.384000,5.462751,5.329478
42506.384000,5.463137,5.329391
42506.384000,5.463221,5.326636
42506.384000,5.463602,5.325814
42506.384000,5.462718,5.328512
42506.384000,5.463734,5.325612
42506.384000,5.463058,5.328908
42506.384000,5.462043,5.325139
42506.384000,5.462478,5.327402
42506.384000,5.462819,5.328532
42506.384000,5.463108,5.329434
42506.384000,5.463296,5.327116
42506.384000,5.462311,5.328478
42506.384000,5.460174,5.327077
42506.384000,5.459462,5.325677
42506.384000,5.459433,5.327317
42506.384000,5.459732,5.326393
42506.384000,5.460364,5.327551
42506.384000,5.460728,5.328827
42506.384000,5.460567,5.328933
42506.384000,5.461526,5.327897
42506.384000,5.461498,5.328953
42506.384000,5.461518,5.330228
42506.384000,5.461566,5.331949
42506.384000,5.461486,5.331227
42506.384000,5.462360,5.329539
42506.384000,5.462730,5.328474
42506.384000,5.462179,5.328938
42506.384000,5.462680,5.327361
42506.384000,5.462477,5.328908
42506.384000,5.462451,5.326062
42506.384000,5.462182,5.326605
42506.384000,5.459845,5.327628
42506.384000,5.458664,5.327419
42506.384000,5.457217,5.326678
42506.384000,5.457324,5.324822
42506.384000,5.457702,5.326335
42506.384000,5.457894,5.329221
42506.384000,5.455635,5.328814
42506.384000,5.456273,5.327329
42506.384000,5.456822,5.325553
42506.384000,5.456122,5.326384
42506.384000,5.456048,5.324096
42506.384000,5.456482,5.326597
42506.384000,5.455921,5.324213
42506.384000,5.456026,5.324844
42506.384000,5.456652,5.326695
42506.384000,5.456567,5.325574
42506.384000,5.456757,5.326599
42506.384000,5.457583,5.324341
42506.384000,5.458057,5.325477
42506.384000,5.456236,5.323221
42506.384000,5.455431,5.323715
42506.384000,5.456485,5.322261
42506.384000,5.457688,5.323183
42506.384000,5.458490,5.323669
42506.384000,5.459772,5.325701
42506.384000,5.459293,5.324670
42506.384000,5.459857,5.326919
42506.384000,5.460341,5.325516
42506.384000,5.459909,5.327854
42506.384000,5.459123,5.327788
42506.384000,5.458884,5.326998
42506.384000,5.456846,5.325944
42506.384000,5.455501,5.325966
42506.384000,5.455873,5.326486
42506.384000,5.456819,5.326380
42506.384000,5.457911,5.326687
42506.384000,5.457927,5.327264
42506.384000,5.457722,5.327337
42506.384000,5.458587,5.331343
42506.384000,5.459780,5.333344
42506.384000,5.459774,5.332909
42506.384000,5.459956,5.330062
42506.384000,5.459683,5.330890
42506.384000,5.459455,5.326836
42506.384000,5.459798,5.329921
42506.384000,5.458302,5.331414
42506.384000,5.458347,5.334501
42506.384000,5.459892,5.334246
42506.384000,5.459768,5.330893
42506.384000,5.459817,5.332114
42506.384000,5.460608,5.334104
42506.384000,5.459129,5.332103
42506.384000,5.458456,5.333387
42506.384000,5.459237,5.333173
42506.384000,5.459508,5.333662
42506.384000,5.460235,5.334246
42506.384000,5.460898,5.333130
42506.384000,5.461703,5.331823
42506.384000,5.462132,5.329033
42506.384000,5.462281,5.331764
42506.384000,5.463179,5.330854
42506.384000,5.463606,5.328514
42506.384000,5.464077,5.332745
42506.384000,5.463935,5.334291
42506.384000,5.462778,5.335082
42506.384000,5.461228,5.333749
42506.384000,5.462139,5.332951
42506.384000,5.462265,5.334506
42506.384000,5.462320,5.332953
42506.384000,5.461616,5.330723
42506.384000,5.461359,5.335115
42506.384000,5.461707,5.329951
42506.384000,5.461589,5.330785
42506.384000,5.461685,5.332050
42506.384000,5.461538,5.331341
42506.384000,5.460463,5.331666
42506.384000,5.460298,5.331717
42506.384000,5.460226,5.333050
42506.384000,5.460648,5.331391
42506.384000,5.461992,5.333741
42506.384000,5.461830,5.334982
42506.384000,5.462033,5.332813
42506.384000,5.462392,5.330687
42506.384000,5.462560,5.330435
42506.384000,5.462595,5.331982
42506.384000,5.460588,5.332140
42506.384000,5.460451,5.331108
42506.384000,5.460508,5.332196
42506.384000,5.461462,5.330440
42506.384000,5.462315,5.329095
42506.384000,5.462454,5.332870
42506.384000,5.462088,5.332038
42506.384000,5.462733,5.333734
42506.384000,5.463491,5.334641
42506.384000,5.463940,5.331903
42506.384000,5.464613,5.334681
42506.384000,5.465373,5.333181
42506.384000,5.466454,5.332398
42506.384000,5.467122,5.333649
42506.384000,5.467092,5.329773
42506.384000,5.467377,5.334476
42506.384000,5.467772,5.332596
42506.384000,5.467362,5.333093
42506.384000,5.464467,5.335692
42506.384000,5.463245,5.334547
42506.384000,5.462668,5.333125
42506.384000,5.462623,5.333120
42506.384000,5.462282,5.331612
42506.384000,5.462800,5.333025
42506.384000,5.462426,5.330366
42506.384000,5.461721,5.332329
42506.384000,5.461674,5.332909
42506.384000,5.461723,5.334551
42506.384000,5.462106,5.333729
42506.384000,5.462524,5.334307
42506.384000,5.463655,5.332926
42506.384000,5.463983,5.331258
42506.384000,5.464019,5.328851
42506.384000,5.463963,5.328739
42506.384000,5.462173,5.329106
42506.384000,5.461544,5.330119
42506.384000,5.461825,5.330222
42506.384000,5.461592,5.330782
42506.384000,5.461324,5.329652
42506.384000,5.462208,5.330317
42506.384000,5.462287,5.332392
42506.384000,5.463189,5.331148
42506.384000,5.463143,5.332219
42506.384000,5.463434,5.333652
42506.384000,5.463099,5.336158
42506.384000,5.463477,5.334747
42506.384000,5.463179,5.332042
42506.384000,5.463661,5.332509
42506.384000,5.464296,5.330164
42506.384000,5.463872,5.329287
42506.384000,5.465116,5.332964
42506.384000,5.464413,5.332232
42506.384000,5.464576,5.331422
42506.384000,5.464556,5.335296
42506.384000,5.464720,5.332283
42506.384000,5.465161,5.332807
42506.384000,5.464292,5.331444
42506.384000,5.465197,5.331607
42506.384000,5.466487,5.335429
42506.384000,5.466138,5.331367
42506.384000,5.466619,5.335629
42506.384000,5.464218,5.334362
42506.384000,5.463088,5.333856
42506.384000,5.461942,5.334959
42506.384000,5.461274,5.333492
42506.384000,5.461140,5.330473
42506.384000,5.461844,5.328908
42506.384000,5.462977,5.331616
42506.384000,5.462758,5.329605
42506.384000,5.461964,5.331564
42506.384000,5.461564,5.329855
42506.384000,5.460112,5.332204
42506.384000,5.459691,5.331367
42506.384000,5.459968,5.333321
42506.384000,5.461022,5.330483
42506.384000,5.461771,5.331383
42506.384000,5.462347,5.330011
42506.384000,5.461986,5.332559
42506.384000,5.461518,5.328163
42506.384000,5.462055,5.330157
42506.384000,5.462598,5.333168
42506.384000,5.462399,5.335235
42506.384000,5.461854,5.327693
42506.384000,5.461976,5.331466
42506.384000,5.461368,5.333793
42506.384000,5.461127,5.333961
42506.384000,5.461466,5.329168
42506.384000,5.460692,5.330273
42506.384000,5.461753,5.334198
42506.384000,5.461996,5.330690
42506.384000,5.462422,5.329349
42506.384000,5.462714,5.330642
42506.384000,5.462718,5.327645
42506.384000,5.462597,5.331182
42506.384000,5.463449,5.325262
42506.384000,5.462642,5.329881
42506.384000,5.462800,5.328931
42506.384000,5.463708,5.330349
42506.384000,5.464798,5.330619
42506.384000,5.462265,5.330568
42506.384000,5.459892,5.332655
42506.384000,5.460621,5.332862
42506.384000,5.461603,5.333030
42506.384000,5.462993,5.334532
42506.384000,5.464266,5.331718
42506.384000,5.464988,5.332872
42506.384000,5.463855,5.332793
42506.384000,5.462246,5.329772
42506.384000,5.462925,5.333609
42506.384000,5.461845,5.333738
42506.384000,5.462717,5.333013
42506.384000,5.462927,5.331524
42506.384000,5.462713,5.329137
42506.384000,5.462396,5.329819
42506.384000,5.461844,5.328718
42506.384000,5.461175,5.328162
42506.384000,5.460871,5.327716
42506.384000,5.461183,5.331280
42506.384000,5.461437,5.330129
42506.384000,5.461445,5.327976
42506.384000,5.461038,5.331118
42506.384000,5.461030,5.329677
42506.384000,5.460481,5.330219
42506.384000,5.460536,5.328870
42506.384000,5.460531,5.331625
42506.384000,5.459934,5.326418
42506.384000,5.460114,5.328444
42506.384000,5.460381,5.326415
42506.384000,5.461750,5.327534
42506.384000,5.462513,5.327359
42506.384000,5.462636,5.328552
42506.384000,5.463261,5.331443
42506.384000,5.464241,5.328417
42506.384000,5.464413,5.330500
42506.384000,5.463200,5.330842
42506.384000,5.463630,5.331234
42506.384000,5.464205,5.332592
42506.384000,5.464121,5.330176
42506.384000,5.463548,5.332636
42506.384000,5.463256,5.327373
42506.384000,5.463060,5.329790
42506.384000,5.464008,5.328639
42506.384000,5.463904,5.331173
42506.384000,5.462978,5.333199
42506.384000,5.463285,5.328497
42506.384000,5.463688,5.327404
42506.384000,5.464237,5.330698
42506.384000,5.463587,5.331426
42506.384000,5.462570,5.331994
42506.384000,5.463642,5.330421
42506.384000,5.465037,5.332417
42506.384000,5.466060,5.332398
42506.384000,5.466251,5.329636
42506.384000,5.465848,5.330392
42506.384000,5.466462,5.330509
42506.384000,5.466768,5.330687
42506.384000,5.466852,5.332109
42506.384000,5.466423,5.330839
42506.384000,5.466433,5.332392
42506.384000,5.467071,5.332869
42506.384000,5.466263,5.333215
42506.384000,5.466940,5.335908
42506.384000,5.465587,5.333992
42506.384000,5.466554,5.335210
42506.384000,5.467334,5.336421
42506.384000,5.467248,5.332378
42506.384000,5.466765,5.333687
42506.384000,5.466843,5.335887
42506.384000,5.466887,5.331995
42506.384000,5.465710,5.333459
42506.384000,5.465630,5.332666
42506.384000,5.466489,5.332896
42506.384000,5.466640,5.332464
42506.384000,5.465809,5.333105
42506.384000,5.463424,5.330909
42506.384000,5.462477,5.335643
42506.384000,5.462792,5.333805
42506.384000,5.463481,5.333356
42506.384000,5.462017,5.329912
42506.384000,5.461603,5.330116
42506.384000,5.461599,5.329657
42506.384000,5.460794,5.329797
42506.384000,5.460393,5.328135
42506.384000,5.460920,5.330126
42506.384000,5.462082,5.329967
42506.384000,5.462511,5.331710
42506.384000,5.463058,5.328651
42506.384000,5.463673,5.331943
42506.384000,5.464183,5.331089
42506.384000,5.462987,5.331975
42506.384000,5.460214,5.329799
42506.384000,5.460173,5.328724
42506.384000,5.460065,5.329368
42506.384000,5.460686,5.332400
42506.384000,5.461678,5.330909
42506.384000,5.461115,5.331929
42506.384000,5.460784,5.334189
42506.384000,5.461937,5.334918
42506.384000,5.462744,5.336790
42506.384000,5.462738,5.336374
42506.384000,5.463636,5.339476
42506.384000,5.463742,5.337221
42506.384000,5.462598,5.335379
42506.384000,5.461429,5.335007
42506.384000,5.461694,5.337815
42506.384000,5.462380,5.335663
42506.384000,5.463000,5.338922
42506.384000,5.461686,5.336376
42506.384000,5.462363,5.333632
42506.384000,5.462851,5.333695
42506.384000,5.462893,5.335234
42506.384000,5.463498,5.339678
42506.384000,5.464126,5.338498
42506.384000,5.464515,5.339764
42506.384000,5.463941,5.339326
42506.384000,5.462788,5.341167
42506.384000,5.462791,5.338993
42506.384000,5.463548,5.339034
42506.384000,5.463644,5.339492
42506.384000,5.464166,5.339395
42506.384000,5.464164,5.339586
42506.384000,5.463937,5.340814
42506.384000,5.463288,5.339182
42506.384000,5.462483,5.332556
42506.384000,5.462420,5.336870
42506.384000,5.463202,5.340105
42506.384000,5.463438,5.340196
42506.384000,5.463547,5.339105
42506.384000,5.462966,5.336879
42506.384000,5.463330,5.336096
42506.384000,5.462708,5.335315
42506.384000,5.463107,5.338273
42506.384000,5.462521,5.337088
42506.384000,5.463058,5.335675
42506.384000,5.462410,5.336299
42506.384000,5.462237,5.336125
42506.384000,5.462963,5.337996
42506.384000,5.463985,5.339470
42506.384000,5.464923,5.337059
42506.384000,5.465512,5.340185
42506.384000,5.466170,5.337899
42506.384000,5.465890,5.336917
42506.384000,5.466134,5.336298
42506.384000,5.465082,5.335498
42506.384000,5.465211,5.334928
42506.384000,5.465561,5.337100
42506.384000,5.466856,5.341957
42506.384000,5.467969,5.342700
42506.384000,5.468681,5.339268
42506.384000,5.469128,5.339139
42506.384000,5.468258,5.338581
42506.384000,5.468512,5.337657
42506.384000,5.469263,5.338339
42506.384000,5.469790,5.334768
42506.384000,5.469534,5.337704
42506.384000,5.469230,5.339636
42506.384000,5.469316,5.340500
42506.384000,5.469777,5.336203
42506.384000,5.470238,5.342966
42506.384000,5.470502,5.339328
42506.384000,5.470427,5.339624
42506.384000,5.470723,5.340714
42506.384000,5.470824,5.336765
42506.384000,5.470468,5.338159
42506.384000,5.470538,5.340821
42506.384000,5.470427,5.340136
42506.384000,5.471042,5.337722
42506.384000,5.470625,5.336872
42506.384000,5.471331,5.340715
42506.384000,5.468040,5.339092
42506.384000,5.468323,5.337950
42506.384000,5.468930,5.335778
42506.384000,5.469940,5.337817
42506.384000,5.470326,5.338002
42506.384000,5.470304,5.336396
42506.384000,5.470434,5.338810
42506.384000,5.470873,5.338899
42506.384000,5.470482,5.339568
42506.384000,5.470270,5.341732
42506.384000,5.470298,5.342050
42506.384000,5.470002,5.339000
42506.384000,5.469321,5.340574
42506.384000,5.470058,5.339609
42506.384000,5.470425,5.342939
42506.384000,5.469628,5.340201
42506.384000,5.470228,5.335176
42506.384000,5.469532,5.339012
42506.384000,5.469148,5.341657
42506.384000,5.469341,5.340987
42506.384000,5.470256,5.341471
42506.384000,5.470653,5.341010
42506.384000,5.470252,5.337772
42506.384000,5.470594,5.339193
42506.384000,5.470675,5.337473
42506.384000,5.470665,5.340133
42506.384000,5.470580,5.340793
42506.384000,5.471252,5.340526
42506.384000,5.471600,5.341968
42506.384000,5.471483,5.339288
42506.384000,5.472291,5.341106
42506.384000,5.472430,5.342810
42506.384000,5.472806,5.345088
42506.384000,5.472945,5.341789
42506.384000,5.472908,5.338876
42506.384000,5.472975,5.342877
42506.384000,5.473739,5.343648
42506.384000,5.474629,5.341844
42506.384000,5.474225,5.339924
42506.384000,5.474746,5.340074
42506.384000,5.474767,5.339918
42506.384000,5.475215,5.339274
42506.384000,5.475336,5.339350
42506.384000,5.475852,5.338364
42506.384000,5.475420,5.341476
42506.384000,5.474768,5.344698
42506.384000,5.473908,5.345006
42506.384000,5.473315,5.339610
42506.384000,5.472963,5.341052
42506.384000,5.472024,5.343570
42506.384000,5.471460,5.343176
42506.384000,5.471444,5.342811
42506.384000,5.470185,5.340940
42506.384000,5.470486,5.339951
42506.384000,5.470458,5.339362
42506.384000,5.470436,5.339232
42506.384000,5.471669,5.338117
42506.384000,5.472353,5.343867
42506.384000,5.472219,5.339383
42506.384000,5.470262,5.342120
42506.384000,5.470765,5.342294
42506.384000,5.471433,5.338725
42506.384000,5.472123,5.339835
42506.384000,5.472879,5.342301
42506.384000,5.474305,5.341321
42506.384000,5.473585,5.339224
42506.384000,5.472889,5.339744
42506.384000,5.472381,5.340809
42506.384000,5.472668,5.340849
42506.384000,5.473120,5.341099
42506.384000,5.472621,5.342398
42506.384000,5.472767,5.338203
42506.384000,5.473244,5.340915
42506.384000,5.472795,5.338229
42506.384000,5.473053,5.338207
42506.384000,5.473022,5.336052
42506.384000,5.472298,5.341016
42506.384000,5.471937,5.339737
42506.384000,5.472438,5.339451
42506.384000,5.473457,5.343121
42506.384000,5.473382,5.342552
42506.384000,5.474085,5.343665
42506.384000,5.474283,5.338224
42506.384000,5.473431,5.338486
42506.384000,5.473172,5.342250
42506.384000,5.474304,5.340954
42506.384000,5.474927,5.342215
42506.384000,5.475254,5.344211
42506.384000,5.474986,5.345751
42506.384000,5.475247,5.342737
42506.384000,5.475684,5.341638
42506.384000,5.475475,5.341035
42506.384000,5.476126,5.342590
42506.384000,5.476628,5.342882
42506.384000,5.475183,5.344984
42506.384000,5.474348,5.342686
42506.384000,5.474847,5.341078
42506.384000,5.474596,5.344251
42506.384000,5.474878,5.341993
42506.384000,5.475487,5.343138
42506.384000,5.476007,5.342734
42506.384000,5.475227,5.344539
42506.384000,5.475070,5.342419
42506.384000,5.474426,5.344504
42506.384000,5.473793,5.346264
42506.384000,5.474772,5.344962
42506.384000,5.475821,5.344202
42506.384000,5.475831,5.342532
42506.384000,5.476634,5.342436
42506.384000,5.474551,5.339812
42506.384000,5.474705,5.340201
42506.384000,5.474414,5.342334
42506.384000,5.473227,5.342415
42506.384000,5.473685,5.339677
42506.384000,5.474403,5.341921
42506.384000,5.473882,5.344818
42506.384000,5.474546,5.343059
42506.384000,5.473777,5.342937
42506.384000,5.473825,5.342713
42506.384000,5.473521,5.341015
42506.384000,5.473693,5.340671
42506.384000,5.473625,5.341774
42506.384000,5.472987,5.342806
42506.384000,5.473371,5.341081
42506.384000,5.474579,5.343435
42506.384000,5.475545,5.340274
42506.384000,5.474676,5.342067
42506.384000,5.474654,5.340990
42506.384000,5.473839,5.340386
42506.384000,5.474612,5.341822
42506.384000,5.474830,5.340866
42506.384000,5.475599,5.341095
42506.384000,5.475731,5.342221
42506.384000,5.475749,5.340396
42506.384000,5.475812,5.340064
42506.384000,5.476779,5.343658
42506.384000,5.476197,5.344229
42506.384000,5.476903,5.344134
42506.384000,5.477014,5.344808
42506.384000,5.477686,5.346729
42506.384000,5.478603,5.344223
42506.384000,5.479221,5.344087
42506.384000,5.480354,5.347886
42506.384000,5.481003,5.345148
42506.384000,5.481503,5.345750
42506.384000,5.481248,5.344523
42506.384000,5.480954,5.347339
42506.384000,5.480423,5.346678
42506.384000,5.480282,5.348507
42506.384000,5.480690,5.351415
42506.384000,5.481051,5.349439
42506.384000,5.480734,5.352521
42506.384000,5.480798,5.351163
42506.384000,5.480065,5.348543
42506.384000,5.479270,5.346653
42506.384000,5.478779,5.344880
42506.384000,5.478904,5.346689
42506.384000,5.478701,5.349429
42506.384000,5.477474,5.349386
42506.384000,5.477436,5.347234
42506.384000,5.478275,5.350965
42506.384000,5.479055,5.345998
42506.384000,5.480296,5.346109
42506.384000,5.480778,5.346643
42506.384000,5.480705,5.346337
42506.384000,5.480699,5.347091
42506.384000,5.480871,5.348983
42506.384000,5.480251,5.348461
42506.384000,5.479398,5.346947
42506.384000,5.478965,5.345358
42506.384000,5.478579,5.346522
42506.384000,5.478894,5.344509
42506.384000,5.478467,5.344408
42506.384000,5.477990,5.344992
42506.384000,5.477887,5.346729
42506.384000,5.478682,5.343388
42506.384000,5.479698,5.344488
42506.384000,5.480054,5.343210
42506.384000,5.480006,5.342928
42506.384000,5.479856,5.346335
42506.384000,5.479715,5.346435
42506.384000,5.479591,5.343492
42506.384000,5.480119,5.344320
42506.384000,5.480374,5.344786
42506.384000,5.480073,5.349428
42506.384000,5.480709,5.345006
42506.384000,5.480554,5.342826
42506.384000,5.480716,5.345698
42506.384000,5.480851,5.345573
42506.384000,5.481357,5.344973
42506.384000,5.480350,5.348764
42506.384000,5.480490,5.345922
42506.384000,5.480426,5.344503
42506.384000,5.480279,5.342671
42506.384000,5.480859,5.348405
42506.384000,5.480871,5.344603
42506.384000,5.481180,5.347397
42506.384000,5.481591,5.348979
42506.384000,5.481932,5.344919
42506.384000,5.481957,5.347155
42506.384000,5.482567,5.349259
42506.384000,5.480774,5.347564
42506.384000,5.480878,5.343611
42506.384000,5.481011,5.344891
42506.384000,5.481223,5.345315
42506.384000,5.482135,5.347140
42506.384000,5.482330,5.345467
42506.384000,5.481762,5.348157
42506.384000,5.481040,5.344249
42506.384000,5.479876,5.344008
42506.384000,5.480114,5.346702
42506.384000,5.480621,5.346179
42506.384000,5.480288,5.346403
42506.384000,5.480896,5.348142
42506.384000,5.480159,5.347040
42506.384000,5.481028,5.346809
42506.384000,5.481330,5.343785
42506.384000,5.481403,5.345009
42506.384000,5.482049,5.344363
42506.384000,5.480599,5.345914
42506.384000,5.480034,5.347201
42506.384000,5.479547,5.347651
42506.384000,5.479626,5.347119
42506.384000,5.479541,5.346425
42506.384000,5.479882,5.344715
42506.384000,5.480397,5.346645
42506.384000,5.480482,5.345048
42506.384000,5.480296,5.347146
42506.384000,5.480646,5.346134
42506.384000,5.481180,5.344137
42506.384000,5.480447,5.348352
42506.384000,5.479700,5.344245
42506.384000,5.480208,5.341338
42506.384000,5.480500,5.341816
42506.384000,5.481392,5.344978
42506.384000,5.481182,5.342818
42506.384000,5.481743,5.344908
42506.384000,5.481660,5.350116
42506.384000,5.481682,5.348869
42506.384000,5.481292,5.350091
42506.384000,5.481626,5.353470
42506.384000,5.482370,5.351443
42506.384000,5.481910,5.349429
42506.384000,5.482170,5.349164
42506.384000,5.482318,5.348512
42506.384000,5.483077,5.349810
42506.384000,5.482895,5.347966
42506.384000,5.483172,5.347888
42506.384000,5.483492,5.351356
42506.384000,5.483875,5.351289
42506.384000,5.484045,5.351454
42506.384000,5.483051,5.350358
42506.384000,5.482696,5.349581
42506.384000,5.483129,5.350866
42506.384000,5.483150,5.350492
42506.384000,5.483113,5.351582
42506.384000,5.483632,5.351304
42506.384000,5.483636,5.351920
42506.384000,5.482918,5.350103
42506.384000,5.483731,5.350483
42506.384000,5.483969,5.350643
42506.384000,5.483611,5.351435
42506.384000,5.482599,5.348048
42506.384000,5.481938,5.351366
42506.384000,5.481725,5.350948
42506.384000,5.481377,5.348272
42506.384000,5.481272,5.349385
42506.384000,5.482007,5.348250
42506.384000,5.483445,5.347074
42506.384000,5.483140,5.347886
42506.384000,5.483365,5.349091
42506.384000,5.483145,5.347940
42506.384000,5.483120,5.348725
42506.384000,5.482591,5.347758
42506.384000,5.483024,5.347138
42506.384000,5.483372,5.346203
42506.384000,5.482366,5.344880
42506.384000,5.482732,5.349162
42506.384000,5.482189,5.348762
42506.384000,5.482347,5.346612
42506.384000,5.482847,5.348400
42506.384000,5.482979,5.350685
42506.384000,5.483487,5.348124
42506.384000,5.482875,5.346223
42506.384000,5.481715,5.348687
42506.384000,5.482157,5.346913
42506.384000,5.483391,5.349616
42506.384000,5.483350,5.350355
42506.384000,5.482611,5.346747
42506.384000,5.482855,5.348951
42506.384000,5.483002,5.350567
42506.384000,5.482942,5.346671
42506.384000,5.483453,5.350079
42506.384000,5.483020,5.347627
42506.384000,5.482261,5.349289
42506.384000,5.482342,5.349139
42506.384000,5.482665,5.349619
42506.384000,5.482936,5.351001
42506.384000,5.482501,5.347705
42506.384000,5.482259,5.346219
42506.384000,5.483106,5.351119
42506.384000,5.483341,5.350155
42506.384000,5.483410,5.349675
42506.384000,5.484677,5.351387
42506.384000,5.484445,5.349379
42506.384000,5.484340,5.349784
42506.384000,5.484685,5.350160
42506.384000,5.484354,5.348624
42506.384000,5.484421,5.349692
42506.384000,5.484636,5.346784
42506.384000,5.484639,5.348668
42506.384000,5.484403,5.349533
42506.384000,5.484846,5.350469
42506.384000,5.485079,5.350756
42506.384000,5.485588,5.350770
42506.384000,5.485027,5.349952
42506.384000,5.485129,5.351719
42506.384000,5.484915,5.350899
42506.384000,5.485288,5.351623
42506.384000,5.485962,5.350676
42506.384000,5.485075,5.349942
42506.384000,5.483658,5.348078
42506.384000,5.483919,5.352562
42506.384000,5.483857,5.351134
42506.384000,5.483508,5.352677
42506.384000,5.483853,5.352814
42506.384000,5.483988,5.349308
42506.384000,5.484091,5.353102
42506.384000,5.484099,5.351117
42506.384000,5.483475,5.351867
42506.384000,5.484372,5.354153
42506.384000,5.483510,5.351168
42506.384000,5.482990,5.349976
42506.384000,5.482849,5.347769
42506.384000,5.483273,5.347455
42506.384000,5.483498,5.349883
42506.384000,5.483510,5.348472
42506.384000,5.483916,5.348483
42506.384000,5.484279,5.350302
42506.384000,5.483737,5.347839
42506.384000,5.484616,5.348498
42506.384000,5.484637,5.346936
42506.384000,5.485252,5.345926
42506.384000,5.484470,5.346692
42506.384000,5.484934,5.347512
42506.384000,5.484543,5.349184
42506.384000,5.484319,5.348998
42506.384000,5.484765,5.349470
42506.384000,5.485905,5.348466
42506.384000,5.486217,5.346338
42506.384000,5.483887,5.350990
42506.384000,5.482075,5.350546
42506.384000,5.483093,5.347581
42506.384000,5.482882,5.346423
42506.384000,5.481990,5.348379
42506.384000,5.482198,5.350184
42506.384000,5.482834,5.347233
42506.384000,5.484027,5.352215
42506.384000,5.485399,5.348963
42506.384000,5.485333,5.353569
42506.384000,5.483615,5.349806
42506.384000,5.484130,5.349633
42506.384000,5.485047,5.350451
42506.384000,5.483983,5.350727
42506.384000,5.482721,5.348920
42506.384000,5.482970,5.349055
42506.384000,5.483926,5.349226
42506.384000,5.484036,5.349012
42506.384000,5.483526,5.346523
42506.384000,5.483063,5.347808
42506.384000,5.482549,5.349964
42506.384000,5.482307,5.349112
42506.384000,5.482506,5.348423
42506.384000,5.481852,5.346345
42506.384000,5.482208,5.348114
42506.384000,5.482336,5.349483
42506.384000,5.482944,5.347001
42506.384000,5.481417,5.348148
42506.384000,5.481933,5.351592
42506.384000,5.482406,5.349326
42506.384000,5.483281,5.349272
42506.384000,5.483338,5.350132
42506.384000,5.482394,5.349786
42506.384000,5.481196,5.351282
42506.384000,5.481372,5.350095
42506.384000,5.482618,5.349226
42506.384000,5.483114,5.349926
42506.384000,5.482802,5.350328
42506.384000,5.482921,5.347931
42506.384000,5.483314,5.350317
42506.384000,5.482788,5.351558
42506.384000,5.483361,5.351901
42506.384000,5.483563,5.351292
42506.384000,5.483868,5.353845
42506.384000,5.483274,5.350299
42506.384000,5.483330,5.351522
42506.384000,5.482990,5.353641
42506.384000,5.482582,5.349460
42506.384000,5.482720,5.351628
42506.384000,5.483167,5.352565
42506.384000,5.482921,5.352501
42506.384000,5.483422,5.350018
42506.384000,5.483858,5.351419
42506.384000,5.483504,5.350198
42506.384000,5.483965,5.351774
42506.384000,5.483458,5.352717
42506.384000,5.483504,5.352648
42506.384000,5.483598,5.351557
42506.384000,5.484084,5.353477
42506.384000,5.484154,5.354812
42506.384000,5.483928,5.354831
42506.384000,5.483025,5.354962
42506.384000,5.483558,5.352763
42506.384000,5.482006,5.349964
42506.384000,5.482364,5.351510
42506.384000,5.482291,5.349263
42506.384000,5.483190,5.349006
42506.384000,5.483337,5.349664
42506.384000,5.483574,5.352238
42506.384000,5.483744,5.347789
42506.384000,5.483141,5.349791
42506.384000,5.482240,5.351498
42506.384000,5.481705,5.350256
42506.384000,5.481823,5.344245
42506.384000,5.481836,5.349865
42506.384000,5.482291,5.348403
42506.384000,5.481906,5.348023
42506.384000,5.481842,5.347313
42506.384000,5.482453,5.350632
42506.384000,5.482621,5.347797
42506.384000,5.481708,5.348194
42506.384000,5.482469,5.344441
42506.384000,5.483095,5.347596
42506.384000,5.483154,5.349284
42506.384000,5.483344,5.347482
42506.384000,5.483294,5.349020
42506.384000,5.484116,5.346173
42506.384000,5.482976,5.345954
42506.384000,5.483235,5.345786
42506.384000,5.483936,5.349559
42506.384000,5.484030,5.351171
42506.384000,5.484629,5.352455
42506.384000,5.484857,5.353220
42506.384000,5.485019,5.353602
42506.384000,5.485017,5.350660
42506.384000,5.484881,5.352391
42506.384000,5.485358,5.350658
42506.384000,5.485579,5.353962
42506.384000,5.485710,5.353187
42506.384000,5.485590,5.353138
42506.384000,5.485574,5.356375
42506.384000,5.485380,5.355788
42506.384000,5.483442,5.356515
42506.384000,5.482631,5.355586
42506.384000,5.483550,5.355622
42506.384000,5.484743,5.356451
42506.384000,5.485096,5.351001
42506.384000,5.484596,5.354202
42506.384000,5.484302,5.351773
42506.384000,5.483848,5.352368
42506.384000,5.482456,5.353514
42506.384000,5.483021,5.350788
42506.384000,5.483251,5.349187
42506.384000,5.483117,5.353052
42506.384000,5.482910,5.350910
42506.384000,5.482179,5.351867
42506.384000,5.482001,5.351267
42506.384000,5.482163,5.348030
42506.384000,5.481660,5.351980
42506.384000,5.482258,5.350538
42506.384000,5.483473,5.352686
42506.384000,5.482525,5.349684
42506.384000,5.483057,5.351907
42506.384000,5.482894,5.351423
42506.384000,5.481840,5.348754
42506.384000,5.481658,5.351343
42506.384000,5.481736,5.351444
42506.384000,5.481870,5.351216
42506.384000,5.482227,5.351347
42506.384000,5.482267,5.349752
42506.384000,5.482833,5.350482
42506.384000,5.482579,5.350601
42506.384000,5.482399,5.350502
42506.384000,5.483252,5.350778
42506.384000,5.482940,5.351773
42506.384000,5.483429,5.347906
42506.384000,5.482276,5.353080
42506.384000,5.481856,5.349365
42506.384000,5.482106,5.347729
42506.384000,5.482742,5.350979
42506.384000,5.483955,5.349458
42506.384000,5.484349,5.349417
42506.384000,5.485015,5.348669
42506.384000,5.484780,5.349290
42506.384000,5.484861,5.345584
42506.384000,5.485108,5.349738
42506.384000,5.484606,5.348483
42506.384000,5.483791,5.349888
42506.384000,5.484278,5.350932
42506.384000,5.484813,5.350151
42506.384000,5.485352,5.351848
42506.384000,5.485532,5.349446
42506.384000,5.486143,5.351107
42506.384000,5.485874,5.349892
42506.384000,5.486395,5.351474
42506.384000,5.485834,5.353291
42506.384000,5.485388,5.351902
42506.384000,5.483969,5.353453
42506.384000,5.484709,5.351301
42506.384000,5.486184,5.352740
42506.384000,5.487323,5.351013
42506.384000,5.486416,5.351671
42506.384000,5.484752,5.352887
42506.384000,5.485658,5.351880
42506.384000,5.485731,5.352945
42506.384000,5.484090,5.350880
42506.384000,5.483643,5.350034
42506.384000,5.484115,5.352692
42506.384000,5.485254,5.350945
42506.384000,5.485048,5.351934
42506.384000,5.484619,5.351690
42506.384000,5.485540,5.353782
42506.384000,5.485316,5.354785
42506.384000,5.485189,5.353135
42506.384000,5.484261,5.349892
42506.384000,5.483922,5.353474
42506.384000,5.483476,5.351323
42506.384000,5.482940,5.349537
42506.384000,5.483969,5.351983
42506.384000,5.484129,5.351051
42506.384000,5.483114,5.353051
42506.384000,5.483113,5.352927
42506.384000,5.483970,5.352246
42506.384000,5.484420,5.348220
42506.384000,5.484456,5.351803
42506.384000,5.484742,5.353956
42506.384000,5.483387,5.350260
42506.384000,5.482454,5.347756
42506.384000,5.482970,5.354858
42506.384000,5.483456,5.352483
42506.384000,5.483425,5.353395
42506.384000,5.482691,5.353944
42506.384000,5.482457,5.350782
42506.384000,5.482977,5.353112
42506.384000,5.482998,5.350877
42506.384000,5.481873,5.349175
42506.384000,5.481960,5.352246
42506.384000,5.482052,5.353324
42506.384000,5.483213,5.351755
42506.384000,5.483191,5.354386
42506.384000,5.482487,5.351090
42506.384000,5.483613,5.353277
42506.384000,5.483046,5.354126
42506.384000,5.483967,5.356825
42506.384000,5.484262,5.357071
42506.384000,5.483349,5.353148
42506.384000,5.482569,5.352749
42506.384000,5.483618,5.353518
42506.384000,5.483944,5.353841
42506.384000,5.484524,5.353462
42506.384000,5.485357,5.350715
42506.384000,5.485146,5.353697
42506.384000,5.485136,5.353883
42506.384000,5.485042,5.354442
42506.384000,5.485520,5.356527
42506.384000,5.485747,5.353355
42506.384000,5.486195,5.356570
42506.384000,5.486305,5.356035
42506.384000,5.486475,5.353251
42506.384000,5.486628,5.355644
42506.384000,5.485270,5.356183
42506.384000,5.485339,5.356152
42506.384000,5.485393,5.355879
42506.384000,5.486036,5.356870
42506.384000,5.486895,5.355537
42506.384000,5.486987,5.359418
42506.384000,5.486872,5.357034
42506.384000,5.487453,5.359138
42506.384000,5.486957,5.353880
42506.384000,5.486626,5.356164
42506.384000,5.485423,5.354146
42506.384000,5.485297,5.357000
42506.384000,5.484612,5.356053
42506.384000,5.485091,5.354910
42506.384000,5.485457,5.357489
42506.384000,5.485537,5.357160
42506.384000,5.485498,5.353490
42506.384000,5.485969,5.351468
42506.384000,5.486549,5.353305
42506.384000,5.486478,5.356037
42506.384000,5.486155,5.355107
42506.384000,5.485047,5.353931
42506.384000,5.486052,5.353113
42506.384000,5.486141,5.355874
42506.384000,5.486591,5.355618
42506.384000,5.486855,5.353230
42506.384000,5.486969,5.351521
42506.384000,5.487008,5.352684
42506.384000,5.487692,5.353494
42506.384000,5.487319,5.353429
42506.384000,5.486717,5.356294
42506.384000,5.486143,5.359466
42506.384000,5.486609,5.357029
42506.384000,5.487329,5.357244
42506.384000,5.487992,5.355768
42506.384000,5.488833,5.358215
42506.384000,5.488979,5.354588
42506.384000,5.488617,5.357237
42506.384000,5.488623,5.357896
42506.384000,5.489367,5.358491
42506.384000,5.489370,5.357886
42506.384000,5.488937,5.357357
42506.384000,5.489013,5.359165
42506.384000,5.489894,5.358149
42506.384000,5.490494,5.357732
42506.384000,5.490340,5.356356
42506.384000,5.489962,5.359676
42506.384000,5.489568,5.357315
42506.384000,5.490148,5.356318
42506.384000,5.489965,5.357602
42506.384000,5.489676,5.357486
42506.384000,5.490189,5.354859
42506.384000,5.490862,5.355806
42506.384000,5.489646,5.356254
42506.384000,5.489438,5.356485
42506.384000,5.488722,5.357212
42506.384000,5.488522,5.354489
42506.384000,5.488775,5.357647
42506.384000,5.488780,5.356095
42506.384000,5.488341,5.356979
42506.384000,5.488545,5.358024
42506.384000,5.489109,5.357525
42506.384000,5.488858,5.355484
42506.384000,5.488255,5.353130
42506.384000,5.488990,5.353395
42506.384000,5.488327,5.353391
42506.384000,5.488002,5.355163
42506.384000,5.488349,5.352915
42506.384000,5.488505,5.357023
42506.384000,5.487501,5.355512
42506.384000,5.487254,5.355357
42506.384000,5.488072,5.351995
42506.384000,5.488238,5.353691
42506.384000,5.488665,5.353292
42506.384000,5.489390,5.354559
42506.384000,5.489869,5.354826
42506.384000,5.488700,5.354729
42506.384000,5.489023,5.354406
42506.384000,5.489561,5.354273
42506.384000,5.489893,5.354805
42506.384000,5.489443,5.354801
42506.384000,5.488770,5.351946
42506.384000,5.489559,5.357286
42506.384000,5.490126,5.357559
42506.384000,5.490862,5.354046
42506.384000,5.491151,5.357551
42506.384000,5.489529,5.358653
42506.384000,5.489845,5.354710
42506.384000,5.490822,5.355195
42506.384000,5.491058,5.357773
42506.384000,5.491717,5.356887
42506.384000,5.491768,5.353834
42506.384000,5.492160,5.356728
42506.384000,5.493038,5.361137
42506.384000,5.493186,5.359319
42506.384000,5.493502,5.357501
42506.384000,5.493685,5.356736
42506.384000,5.494038,5.358671
42506.384000,5.493762,5.357048
42506.384000,5.493028,5.357850
42506.384000,5.491918,5.359015
42506.384000,5.492319,5.360882
42506.384000,5.491995,5.357914
42506.384000,5.492590,5.359190
42506.384000,5.493286,5.359537
42506.384000,5.492128,5.359261
42506.384000,5.492104,5.355311
42506.384000,5.492067,5.359165
42506.384000,5.491714,5.358562
42506.384000,5.491929,5.356774
42506.384000,5.491708,5.361306
42506.384000,5.492069,5.359719
42506.384000,5.491818,5.357047
42506.384000,5.491661,5.356467
42506.384000,5.491126,5.360129
42506.384000,5.489769,5.359397
42506.384000,5.489908,5.358657
42506.384000,5.490459,5.359269
42506.384000,5.489906,5.357438
42506.384000,5.489636,5.358200
42506.384000,5.489297,5.359735
42506.384000,5.490154,5.356579
42506.384000,5.490853,5.357936
42506.384000,5.490574,5.360228
42506.384000,5.489355,5.355302
42506.384000,5.490591,5.357626
42506.384000,5.491945,5.360021
42506.384000,5.492246,5.357294
42506.384000,5.492157,5.357107
42506.384000,5.492624,5.358447
42506.384000,5.492845,5.360522
42506.384000,5.492249,5.357818
42506.384000,5.492850,5.359554
42506.384000,5.493821,5.361849
42506.384000,5.493644,5.361698
42506.384000,5.494194,5.355224
42506.384000,5.494496,5.356757
42506.384000,5.494133,5.357948
42506.384000,5.493792,5.357302
42506.384000,5.494143,5.360239
42506.384000,5.493895,5.359094
42506.384000,5.494236,5.362404
42506.384000,5.494883,5.357390
42506.384000,5.494942,5.361488
42506.384000,5.495229,5.358570
42506.384000,5.495887,5.360417
42506.384000,5.495521,5.363504
42506.384000,5.496277,5.363079
42506.384000,5.496489,5.361964
42506.384000,5.497076,5.360932
42506.384000,5.496728,5.362675
42506.384000,5.495589,5.362941
42506.384000,5.494975,5.361987
42506.384000,5.494163,5.361010
42506.384000,5.493955,5.359126
42506.384000,5.493433,5.364860
42506.384000,5.493040,5.362452
42506.384000,5.491789,5.360198
42506.384000,5.492653,5.360917
42506.384000,5.493549,5.364408
42506.384000,5.494470,5.361871
42506.384000,5.495287,5.362174
42506.384000,5.495674,5.363954
42506.384000,5.495918,5.362628
42506.384000,5.494722,5.362038
42506.384000,5.493705,5.366619
42506.384000,5.494443,5.360578
42506.384000,5.494794,5.364574
42506.384000,5.494553,5.359518
42506.384000,5.494378,5.362726
42506.384000,5.494367,5.361281
42506.384000,5.493790,5.363249
42506.384000,5.493791,5.361733
42506.384000,5.493482,5.363361
42506.384000,5.493971,5.361897
42506.384000,5.494423,5.363599
42506.384000,5.495173,5.365632
42506.384000,5.495769,5.363590
42506.384000,5.495512,5.367697
42506.384000,5.495929,5.367678
42506.384000,5.496738,5.367452
42506.384000,5.497050,5.365098
42506.384000,5.496842,5.366910
42506.384000,5.496180,5.366869
42506.384000,5.496360,5.365495
42506.384000,5.497140,5.363627
42506.384000,5.497901,5.365536
42506.384000,5.498260,5.364820
42506.384000,5.498174,5.363614
42506.384000,5.497716,5.364091
42506.384000,5.497162,5.365033
42506.384000,5.498115,5.365850
42506.384000,5.498882,5.365057
42506.384000,5.498323,5.364086
42506.384000,5.497947,5.363869
42506.384000,5.498383,5.365313
42506.384000,5.497608,5.366056
42506.384000,5.498076,5.366605
42506.384000,5.497950,5.367128
42506.384000,5.497318,5.366475
42506.384000,5.497409,5.363875
42506.384000,5.497566,5.366467
42506.384000,5.497917,5.366664
42506.384000,5.498586,5.366125
42506.384000,5.499269,5.364823
42506.384000,5.498143,5.365270
42506.384000,5.497312,5.363995
42506.384000,5.497406,5.364682
42506.384000,5.497344,5.367066
42506.384000,5.496868,5.365918
42506.384000,5.496049,5.364939
42506.384000,5.496505,5.364166
42506.384000,5.496815,5.367300
42506.384000,5.496845,5.367690
42506.384000,5.497440,5.365632
42506.384000,5.497443,5.367000
42506.384000,5.498151,5.368287
42506.384000,5.497754,5.366683
42506.384000,5.497933,5.365188
42506.384000,5.498079,5.366745
42506.384000,5.498270,5.366505
42506.384000,5.498434,5.370018
42506.384000,5.498769,5.370163
42506.384000,5.498506,5.367414
42506.384000,5.497652,5.368644
42506.384000,5.497881,5.367175
42506.384000,5.497960,5.369064
42506.384000,5.498386,5.369527
42506.384000,5.498166,5.371393
42506.384000,5.498487,5.370112
42506.384000,5.499313,5.370894
42506.384000,5.499834,5.368679
42506.384000,5.500532,5.368814
42506.384000,5.501066,5.367842
42506.384000,5.501315,5.372532
42506.384000,5.501149,5.371378
42506.384000,5.501863,5.367623
42506.384000,5.500243,5.367771
42506.384000,5.499728,5.369002
42506.384000,5.500906,5.369556
42506.384000,5.501229,5.370055
42506.384000,5.501604,5.374659
42506.384000,5.501019,5.371515
42506.384000,5.501832,5.373548
42506.384000,5.501559,5.371286
42506.384000,5.501584,5.370023
42506.384000,5.501442,5.371568
42506.384000,5.501007,5.367171
42506.384000,5.500762,5.366904
42506.384000,5.500205,5.368343
42506.384000,5.500658,5.368726
42506.384000,5.501564,5.367216
42506.384000,5.501386,5.367118
42506.384000,5.501120,5.369381
42506.384000,5.500389,5.368320
42506.384000,5.500257,5.366777
42506.384000,5.501397,5.368986
42506.384000,5.500916,5.369457
42506.384000,5.500939,5.364184
42506.384000,5.500402,5.366968
42506.384000,5.501505,5.368681
42506.384000,5.502060,5.364667
42506.384000,5.501933,5.367242
42506.384000,5.501365,5.366188
42506.384000,5.499593,5.365743
42506.384000,5.500773,5.365985
42506.384000,5.500768,5.367533
42506.384000,5.501245,5.367148
42506.384000,5.501656,5.364435
42506.384000,5.499570,5.366242
42506.384000,5.499730,5.364682
42506.384000,5.499521,5.365971
42506.384000,5.499206,5.366196
42506.384000,5.499809,5.362085
42506.384000,5.499969,5.365686
42506.384000,5.500054,5.365960
42506.384000,5.501032,5.365152
42506.384000,5.500906,5.370174
42506.384000,5.501442,5.369446
42506.384000,5.501767,5.368386
42506.384000,5.502153,5.371013
42506.384000,5.502730,5.369640
42506.384000,5.503189,5.371582
42506.384000,5.503315,5.371701
42506.384000,5.503356,5.371428
42506.384000,5.503896,5.367835
42506.384000,5.503022,5.369282
42506.384000,5.502850,5.369444
42506.384000,5.503274,5.370109
42506.384000,5.504017,5.369313
42506.384000,5.504210,5.373592
42506.384000,5.504348,5.373162
42506.384000,5.504819,5.372129
42506.384000,5.504598,5.372019
42506.384000,5.503970,5.372179
42506.384000,5.504631,5.372165
42506.384000,5.505070,5.374839
42506.384000,5.505250,5.372141
42506.384000,5.505571,5.371872
42506.384000,5.506064,5.374988
42506.384000,5.506199,5.373793
42506.384000,5.504372,5.373259
42506.384000,5.504068,5.372091
42506.384000,5.504009,5.374920
42506.384000,5.503965,5.372002
42506.384000,5.504438,5.372949
42506.384000,5.503697,5.373678
42506.384000,5.503559,5.374089
42506.384000,5.503959,5.374751
42506.384000,5.504632,5.374364
42506.384000,5.504768,5.374093
42506.384000,5.504347,5.372944
42506.384000,5.504556,5.375373
42506.384000,5.505353,5.374183
42506.384000,5.505300,5.373464
42506.384000,5.504256,5.372031
42506.384000,5.505235,5.373947
42506.384000,5.504679,5.375145
42506.384000,5.504637,5.373101
42506.384000,5.504787,5.374862
42506.384000,5.505504,5.371186
42506.384000,5.505144,5.376602
42506.384000,5.505369,5.374879
42506.384000,5.505194,5.372401
42506.384000,5.505852,5.372909
42506.384000,5.505793,5.372677
42506.384000,5.506538,5.374181
42506.384000,5.506280,5.369196
42506.384000,5.507185,5.370864
42506.384000,5.507324,5.374409
42506.384000,5.507870,5.372364
42506.384000,5.508926,5.373244
42506.384000,5.509720,5.372162
42506.384000,5.508512,5.370803
42506.384000,5.507608,5.376843
42506.384000,5.507859,5.372624
42506.384000,5.508191,5.370955
42506.384000,5.506022,5.369522
42506.384000,5.504575,5.371666
42506.384000,5.504657,5.373123
42506.384000,5.503632,5.368787
42506.384000,5.506060,5.373541
42506.384000,5.507631,5.372212
42506.384000,5.507885,5.372842
42506.384000,5.508870,5.370749
42506.384000,5.508636,5.371581
42506.384000,5.509594,5.370176
42506.384000,5.509293,5.369845
42506.384000,5.509123,5.370768
42506.384000,5.509435,5.369504
42506.384000,5.508816,5.374357
42506.384000,5.509817,5.372280
42506.384000,5.510182,5.370719
42506.384000,5.510836,5.371884
42506.384000,5.510451,5.377725
42506.384000,5.509192,5.371466
42506.384000,5.508081,5.370667
42506.384000,5.508096,5.372969
42506.384000,5.508143,5.375627
42506.384000,5.507352,5.374960
42506.384000,5.506730,5.373999
42506.384000,5.507643,5.372625
42506.384000,5.507969,5.372654
42506.384000,5.507652,5.376875
42506.384000,5.508050,5.375473
42506.384000,5.507928,5.373508
42506.384000,5.508218,5.374735
42506.384000,5.508309,5.374793
42506.384000,5.508445,5.373600
42506.384000,5.508632,5.376373
42506.384000,5.509856,5.377575
42506.384000,5.509471,5.373040
42506.384000,5.509940,5.374790
42506.384000,5.510561,5.373378
42506.384000,5.511006,5.375587
42506.384000,5.510974,5.377605
42506.384000,5.510226,5.380184
42506.384000,5.511603,5.376305
42506.384000,5.511941,5.377075
42506.384000,5.512642,5.376650
42506.384000,5.512430,5.377522
42506.384000,5.512967,5.377038
42506.384000,5.513454,5.378131
42506.384000,5.513182,5.377016
42506.384000,5.512948,5.378305
42506.384000,5.513679,5.377265
42506.384000,5.514194,5.375831
42506.384000,5.512347,5.379163
42506.384000,5.513035,5.376912
42506.384000,5.512553,5.378179
42506.384000,5.512984,5.375381
42506.384000,5.513281,5.379365
42506.384000,5.512992,5.378453
42506.384000,5.512350,5.379295
42506.384000,5.512915,5.376653
42506.384000,5.513613,5.376142
42506.384000,5.513141,5.376016
42506.384000,5.513384,5.374363
42506.384000,5.513740,5.378218
42506.384000,5.513910,5.377845
42506.384000,5.514038,5.377528
42506.384000,5.512492,5.376095
42506.384000,5.512312,5.377247
42506.384000,5.511539,5.376788
42506.384000,5.510875,5.379542
42506.384000,5.511003,5.377621
42506.384000,5.511125,5.378615
42506.384000,5.512326,5.380837
42506.384000,5.511741,5.380276
42506.384000,5.510141,5.375145
42506.384000,5.509406,5.377763
42506.384000,5.507667,5.375420
42506.384000,5.508740,5.376724
42506.384000,5.509571,5.378440
42506.384000,5.510275,5.379620
42506.384000,5.510823,5.375054
42506.384000,5.511552,5.378241
42506.384000,5.511287,5.376195
42506.384000,5.509006,5.375479
42506.384000,5.508533,5.379498
42506.384000,5.508951,5.380287
42506.384000,5.509164,5.377888
42506.384000,5.509815,5.378527
42506.384000,5.509640,5.380197
42506.384000,5.509996,5.376637
42506.384000,5.508676,5.375670
42506.384000,5.508153,5.377328
42506.384000,5.508114,5.379083
42506.384000,5.508098,5.376855
42506.384000,5.508341,5.375277
42506.384000,5.508440,5.378866
42506.384000,5.508686,5.378140
42506.384000,5.509287,5.378808
42506.384000,5.509894,5.382243
42506.384000,5.510861,5.379352
42506.384000,5.509915,5.379932
42506.384000,5.510428,5.379560
42506.384000,5.511656,5.379974
42506.384000,5.511752,5.379926
42506.384000,5.510854,5.380440
42506.384000,5.510489,5.381128
42506.384000,5.510921,5.380402
42506.384000,5.510364,5.381302
42506.384000,5.511229,5.379475
42506.384000,5.512488,5.380339
42506.384000,5.512320,5.381529
42506.384000,5.512534,5.381307
42506.384000,5.512838,5.379734
42506.384000,5.512414,5.379979
42506.384000,5.512383,5.381142
42506.384000,5.513677,5.379158
42506.384000,5.513662,5.383404
42506.384000,5.512772,5.379295
42506.384000,5.512453,5.384446
42506.384000,5.513345,5.382582
42506.384000,5.514494,5.381777
42506.384000,5.515168,5.381840
42506.384000,5.515950,5.381395
42506.384000,5.515644,5.381388
42506.384000,5.515034,5.377488
42506.384000,5.515178,5.378546
42506.384000,5.515293,5.379794
42506.384000,5.515904,5.380868
42506.384000,5.516747,5.380091
42506.384000,5.516483,5.380012
42506.384000,5.515913,5.379300
42506.384000,5.515446,5.381010
42506.384000,5.515039,5.378761
42506.384000,5.515736,5.381133
42506.384000,5.515474,5.381192
42506.384000,5.514490,5.378932
42506.384000,5.514935,5.376679
42506.384000,5.515203,5.378959
42506.384000,5.516092,5.377559
42506.384000,5.516056,5.379704
42506.384000,5.516447,5.379162
42506.384000,5.515877,5.377773
42506.384000,5.516102,5.377291
42506.384000,5.515031,5.379277
42506.384000,5.515868,5.381599
42506.384000,5.515998,5.381443
42506.384000,5.516787,5.378980
42506.384000,5.516681,5.379771
42506.384000,5.516865,5.378028
42506.384000,5.513865,5.378099
42506.384000,5.512772,5.381776
42506.384000,5.512675,5.378123
42506.384000,5.513878,5.381562
42506.384000,5.514533,5.380637
42506.384000,5.515447,5.380542
42506.384000,5.515321,5.382016
42506.384000,5.515397,5.382423
42506.384000,5.516488,5.383700
42506.384000,5.516644,5.383184
42506.384000,5.515348,5.383174
42506.384000,5.514667,5.382456
42506.384000,5.514444,5.382623
42506.384000,5.515263,5.383624
42506.384000,5.514881,5.380819
42506.384000,5.516146,5.381054
42506.384000,5.517255,5.380737
42506.384000,5.518317,5.380887
42506.384000,5.519084,5.380488
42506.384000,5.518554,5.378004
42506.384000,5.516539,5.381184
42506.384000,5.516705,5.380199
42506.384000,5.516144,5.380860
42506.384000,5.517128,5.379242
42506.384000,5.517690,5.379174
42506.384000,5.518613,5.376347
42506.384000,5.519388,5.378365
42506.384000,5.519439,5.379546
42506.384000,5.519593,5.380813
42506.384000,5.516605,5.378650
42506.384000,5.516180,5.378289
42506.384000,5.515178,5.379959
42506.384000,5.515091,5.379785
42506.384000,5.515546,5.378580
42506.384000,5.514554,5.380426
42506.384000,5.514595,5.380113
42506.384000,5.515373,5.379613
42506.384000,5.515198,5.375868
42506.384000,5.515534,5.382966
42506.384000,5.515341,5.378861
42506.384000,5.515355,5.380198
42506.384000,5.516396,5.379553
42506.384000,5.516400,5.379468
42506.384000,5.516086,5.379782
42506.384000,5.516783,5.380307
42506.384000,5.516421,5.376797
42506.384000,5.515776,5.382082
42506.384000,5.515622,5.379619
42506.384000,5.515218,5.377152
42506.384000,5.515672,5.378221
42506.384000,5.515897,5.380569
42506.384000,5.515525,5.377791
42506.384000,5.515191,5.377213
42506.384000,5.513349,5.378188
42506.384000,5.513454,5.378408
42506.384000,5.513512,5.376879
42506.384000,5.512272,5.376655
42506.384000,5.510757,5.377835
42506.384000,5.511253,5.374158
42506.384000,5.511120,5.374993
42506.384000,5.510693,5.374519
42506.384000,5.511267,5.376278
42506.384000,5.512512,5.377792
42506.384000,5.513648,5.377794
42506.384000,5.514736,5.376691
42506.384000,5.515303,5.377074
42506.384000,5.516229,5.383185
42506.384000,5.516307,5.388432
42506.384000,5.516726,5.391541
42506.384000,5.515964,5.386990
42506.384000,5.516780,5.386080
42506.384000,5.516490,5.389401
42506.384000,5.516282,5.389239
42506.384000,5.515865,5.380949
42506.384000,5.514574,5.381789
42506.384000,5.513376,5.380898
42506.384000,5.512979,5.382261
42506.384000,5.512513,5.380677
42506.384000,5.511766,5.378268
42506.384000,5.511622,5.380974
42506.384000,5.510248,5.380507
42506.384000,5.510347,5.378037
42506.384000,5.509722,5.378148
42506.384000,5.510922,5.379323
42506.384000,5.511628,5.381186
42506.384000,5.512169,5.379809
42506.384000,5.511117,5.381787
42506.384000,5.511938,5.378578
42506.384000,5.512161,5.380288
42506.384000,5.512350,5.380704
42506.384000,5.512988,5.381595
42506.384000,5.513246,5.381277
42506.384000,5.512226,5.380892
42506.384000,5.513491,5.377113
42506.384000,5.514718,5.376552
42506.384000,5.515136,5.376098
42506.384000,5.515198,5.379330
42506.384000,5.515865,5.379794
42506.384000,5.510251,5.378314
42506.384000,5.511278,5.379242
42506.384000,5.512272,5.388602
42506.384000,5.512844,5.391082
42506.384000,5.513156,5.383410
42506.384000,5.511375,5.382811
42506.384000,5.508554,5.381374
42506.384000,5.508892,5.381174
42506.384000,5.509642,5.368561
42506.384000,5.510517,5.371842
42506.384000,5.510252,5.368961
42506.384000,5.507961,5.367547
42506.384000,5.508198,5.377347
42506.384000,5.508229,5.379560
42506.384000,5.507663,5.380723
42506.384000,5.506964,5.379944
42506.384000,5.504431,5.378283
42506.384000,5.503292,5.378426
42506.384000,5.502743,5.381581
42506.384000,5.504078,5.379958
42506.384000,5.504867,5.382167
42506.384000,5.505749,5.369586
42506.384000,5.506770,5.366672
42506.384000,5.507725,5.365876
42506.384000,5.507888,5.366041
42506.384000,5.507500,5.364504
42506.384000,5.505555,5.366699
42506.384000,5.503740,5.368466
42506.384000,5.502599,5.364046
42506.384000,5.502544,5.379814
42506.384000,5.502934,5.379231
42506.384000,5.503448,5.381529
42506.384000,5.503411,5.378089
42506.384000,5.503926,5.374431
42506.384000,5.503251,5.377752
42506.384000,5.503498,5.380892
42506.384000,5.503491,5.378129
42506.384000,5.503584,5.378000
42506.384000,5.503439,5.375466
42506.384000,5.503391,5.374138
42506.384000,5.504040,5.376468
42506.384000,5.503964,5.374417
42506.384000,5.503599,5.374892
42506.384000,5.502382,5.366895
42506.384000,5.502211,5.361180
42506.384000,5.502153,5.365875
42506.384000,5.501380,5.364411
42506.384000,5.501026,5.362542
42506.384000,5.500430,5.366778
42506.384000,5.499583,5.363542
42506.384000,5.499149,5.363108
42506.384000,5.499867,5.358812
42506.384000,5.500223,5.358648
42506.384000,5.500514,5.364787
42506.384000,5.500922,5.370507
42506.384000,5.500771,5.374336
42506.384000,5.501189,5.373927
42506.384000,5.499737,5.371360
42506.384000,5.499136,5.373071
42506.384000,5.499128,5.373791
42506.384000,5.498582,5.373666
42506.384000,5.499178,5.365356
42506.384000,5.499852,5.359009
42506.384000,5.500631,5.359006
42506.384000,5.501337,5.360260
42506.384000,5.501804,5.357740
42506.384000,5.501797,5.356801
42506.384000,5.501896,5.358948
42506.384000,5.501708,5.359798
42506.384000,5.502411,5.358788
42506.384000,5.500178,5.363287
42506.384000,5.500670,5.360764
42506.384000,5.500312,5.360905
42506.384000,5.500608,5.358843
42506.384000,5.500340,5.358769
42506.384000,5.500396,5.360732
42506.384000,5.501143,5.361083
42506.384000,5.501373,5.363466
42506.384000,5.500481,5.361865
42506.384000,5.501195,5.362969
42506.384000,5.502098,5.364707
42506.384000,5.501613,5.364605
42506.384000,5.501929,5.366621
42506.384000,5.502035,5.364652
42506.384000,5.502598,5.361936
42506.384000,5.502567,5.363588
42506.384000,5.499281,5.366790
42506.384000,5.499034,5.363373
42506.384000,5.499302,5.362394
42506.384000,5.499796,5.362595
42506.384000,5.500297,5.360296
42506.384000,5.500497,5.364543
42506.384000,5.500894,5.363172
42506.384000,5.501101,5.361449
42506.384000,5.500311,5.363550
42506.384000,5.497196,5.363891
42506.384000,5.497183,5.364457
42506.384000,5.497331,5.366677
42506.384000,5.497519,5.362366
42506.384000,5.498125,5.367656
42506.384000,5.498740,5.378304
42506.384000,5.498605,5.372661
42506.384000,5.497905,5.374692
42506.384000,5.497049,5.372427
42506.384000,5.496371,5.377198
42506.384000,5.495523,5.375374
42506.384000,5.495948,5.374513
42506.384000,5.496252,5.375859
42506.384000,5.496223,5.367703
42506.384000,5.493808,5.361966
42506.384000,5.492209,5.362209
42506.384000,5.492001,5.358617
42506.384000,5.492154,5.363858
42506.384000,5.492292,5.362288
42506.384000,5.492333,5.358229
42506.384000,5.492754,5.359416
42506.384000,5.492688,5.357103
42506.384000,5.492483,5.358842
42506.384000,5.491925,5.361221
42506.384000,5.492571,5.360448
42506.384000,5.491223,5.359339
42506.384000,5.491452,5.364171
42506.384000,5.492147,5.363615
42506.384000,5.492683,5.361103
42506.384000,5.493302,5.363797
42506.384000,5.493900,5.378594
42506.384000,5.494587,5.376406
42506.384000,5.495136,5.373316
42506.384000,5.495647,5.371203
42506.384000,5.495619,5.369105
42506.384000,5.495802,5.374264
42506.384000,5.495980,5.375255
42506.384000,5.496331,5.375445
42506.384000,5.496508,5.376917
42506.384000,5.496821,5.373836
42506.384000,5.496797,5.375810
42506.384000,5.497475,5.376434
42506.384000,5.498227,5.375589
42506.384000,5.498833,5.378405
42506.384000,5.499404,5.381229
42506.384000,5.499994,5.379369
42506.384000,5.500689,5.377632
42506.384000,5.501374,5.381171
42506.384000,5.500853,5.380045
42506.384000,5.501287,5.380009
42506.384000,5.501091,5.378820
42506.384000,5.497509,5.381796
42506.384000,5.497315,5.381214
42506.384000,5.496855,5.379260
42506.384000,5.497498,5.379436
42506.384000,5.498300,5.377098
42506.384000,5.497529,5.369572
42506.384000,5.496345,5.358380
42506.384000,5.497160,5.361324
42506.384000,5.497686,5.361891
42506.384000,5.498276,5.360009
42506.384000,5.498829,5.361024
42506.384000,5.499652,5.360439
42506.384000,5.500330,5.362040
42506.384000,5.500673,5.362816
42506.384000,5.500782,5.365733
42506.384000,5.500816,5.365022
42506.384000,5.501193,5.366754
42506.384000,5.500637,5.362067
42506.384000,5.500583,5.363599
42506.384000,5.499719,5.359475
42506.384000,5.499982,5.362627
42506.384000,5.500224,5.363576
42506.384000,5.500451,5.365889
42506.384000,5.500556,5.368088
42506.384000,5.501040,5.367401
42506.384000,5.501395,5.364999
42506.384000,5.501718,5.367336
42506.384000,5.502475,5.367945
42506.384000,5.502706,5.366123
42506.384000,5.502683,5.366621
42506.384000,5.503140,5.367777
42506.384000,5.503099,5.367805
42506.384000,5.503630,5.366362
42506.384000,5.503514,5.365767
42506.384000,5.503359,5.367596
42506.384000,5.503969,5.372028
42506.384000,5.504388,5.380159
42506.384000,5.503998,5.381918
42506.384000,5.504590,5.383510
42506.384000,5.504537,5.384103
42506.384000,5.504934,5.385940
42506.384000,5.504887,5.384195
42506.384000,5.505151,5.385180
42506.384000,5.503723,5.385584
42506.384000,5.504346,5.387560
42506.384000,5.504854,5.381240
42506.384000,5.504918,5.382747
42506.384000,5.504485,5.382160
42506.384000,5.505148,5.383106
42506.384000,5.504438,5.386352
42506.384000,5.504498,5.385498
42506.384000,5.503862,5.382656
42506.384000,5.503863,5.383268
42506.384000,5.504212,5.384741
42506.384000,5.503286,5.384452
42506.384000,5.503483,5.378490
42506.384000,5.504289,5.380900
42506.384000,5.504936,5.385176
42506.384000,5.505751,5.385673
42506.384000,5.505978,5.383258
42506.384000,5.506672,5.382579
42506.384000,5.507436,5.382092
42506.384000,5.507706,5.380180
42506.384000,5.508346,5.383046
42506.384000,5.508628,5.380804
42506.384000,5.509117,5.384792
42506.384000,5.509611,5.383083
42506.384000,5.509513,5.387779
42506.384000,5.509637,5.387432
42506.384000,5.509663,5.387978
42506.384000,5.509573,5.387086
42506.384000,5.510282,5.385464
42506.384000,5.510896,5.390430
42506.384000,5.510824,5.392207
42506.384000,5.510362,5.388872
42506.384000,5.509404,5.391849
42506.384000,5.507501,5.394338
42506.384000,5.507526,5.390618
42506.384000,5.507677,5.389604
42506.384000,5.507428,5.380475
42506.384000,5.506461,5.378435
42506.384000,5.506212,5.379289
42506.384000,5.506461,5.379359
42506.384000,5.507253,5.379806
42506.384000,5.507785,5.376377
42506.384000,5.508686,5.374517
42506.384000,5.509221,5.377323
42506.384000,5.509415,5.377449
42506.384000,5.509222,5.379076
42506.384000,5.509355,5.379723
42506.384000,5.508755,5.377395
42506.384000,5.508861,5.379809
42506.384000,5.509026,5.375654
42506.384000,5.508362,5.377212
42506.384000,5.509072,5.376456
42506.384000,5.510102,5.375586
42506.384000,5.510173,5.374789
42506.384000,5.510579,5.374729
42506.384000,5.511196,5.377823
42506.384000,5.511753,5.378091
42506.384000,5.512332,5.384095
42506.384000,5.512224,5.388654
42506.384000,5.512689,5.385788
42506.384000,5.513049,5.387112
42506.384000,5.513267,5.387988
42506.384000,5.512932,5.389116
42506.384000,5.512241,5.391648
42506.384000,5.512224,5.388719
42506.384000,5.512359,5.389473
42506.384000,5.512106,5.392673
42506.384000,5.512722,5.392217
42506.384000,5.512636,5.389503
42506.384000,5.512671,5.390546
42506.384000,5.513078,5.389423
42506.384000,5.513042,5.393332
42506.384000,5.512873,5.390572
42506.384000,5.513182,5.392213
42506.384000,5.513700,5.388529
42506.384000,5.514381,5.392053
42506.384000,5.515287,5.391797
42506.384000,5.516044,5.393210
42506.384000,5.515887,5.392172
42506.384000,5.515635,5.391752
42506.384000,5.515683,5.392261
42506.384000,5.516299,5.391907
42506.384000,5.516977,5.389138
42506.384000,5.517594,5.393737
42506.384000,5.517810,5.389318
42506.384000,5.517857,5.389176
42506.384000,5.517884,5.391228
42506.384000,5.517694,5.390177
42506.384000,5.516807,5.383830
42506.384000,5.515584,5.382368
42506.384000,5.514747,5.383923
42506.384000,5.514525,5.379692
42506.384000,5.514136,5.386506
42506.384000,5.514440,5.386958
42506.384000,5.513641,5.386660
42506.384000,5.512605,5.377609
42506.384000,5.513476,5.375066
42506.384000,5.513200,5.372818
42506.384000,5.513272,5.374676
42506.384000,5.513356,5.374380
42506.384000,5.513579,5.373180
42506.384000,5.513847,5.375849
42506.384000,5.513861,5.374123
42506.384000,5.514983,5.375054
42506.384000,5.515745,5.374454
42506.384000,5.516400,5.373600
42506.384000,5.517060,5.376516
42506.384000,5.517487,5.379119
42506.384000,5.517394,5.382348
42506.384000,5.517339,5.385675
42506.384000,5.517840,5.390115
42506.384000,5.517844,5.388567
42506.384000,5.516963,5.389605
42506.384000,5.516785,5.388275
42506.384000,5.517431,5.389441
42506.384000,5.518133,5.386794
42506.384000,5.518709,5.386885
42506.384000,5.519377,5.387133
42506.384000,5.520269,5.388926
42506.384000,5.521109,5.390494
42506.384000,5.521411,5.389500
42506.384000,5.521969,5.385194
42506.384000,5.522609,5.388592
42506.384000,5.523217,5.391238
42506.384000,5.523789,5.390321
42506.384000,5.524221,5.390675
42506.384000,5.524431,5.393669
42506.384000,5.524706,5.389195
42506.384000,5.524654,5.389924
42506.384000,5.524418,5.390829
42506.384000,5.524435,5.387285
42506.384000,5.523226,5.386598
42506.384000,5.521955,5.389194
42506.384000,5.520755,5.391299
42506.384000,5.521881,5.392836
42506.384000,5.522275,5.395478
42506.384000,5.522538,5.397713
42506.384000,5.521436,5.402084
42506.384000,5.519455,5.401253
42506.384000,5.518918,5.391534
42506.384000,5.519580,5.392658
42506.384000,5.520292,5.385312
42506.384000,5.520778,5.390655
42506.384000,5.521312,5.388909
42506.384000,5.521913,5.388770
42506.384000,5.522642,5.390074
42506.384000,5.523567,5.388928
42506.384000,5.524390,5.388978
42506.384000,5.525115,5.388988
42506.384000,5.525683,5.390105
42506.384000,5.525796,5.393236
42506.384000,5.525650,5.391008
42506.384000,5.526153,5.390454
42506.384000,5.526678,5.391356
42506.384000,5.526421,5.389993
42506.384000,5.527339,5.393553
42506.384000,5.526931,5.389581
42506.384000,5.527006,5.391067
42506.384000,5.527429,5.391967
42506.384000,5.527475,5.394121
42506.384000,5.527570,5.394400
42506.384000,5.527008,5.395299
42506.384000,5.527682,5.395483
42506.384000,5.527517,5.393128
42506.384000,5.527750,5.393045
42506.384000,5.527979,5.396720
42506.384000,5.528422,5.393252
42506.384000,5.528897,5.398559
42506.384000,5.527888,5.394349
42506.384000,5.526961,5.395592
42506.384000,5.526776,5.395243
42506.384000,5.527383,5.394134
42506.384000,5.527090,5.395300
42506.384000,5.526841,5.393585
42506.384000,5.526561,5.394959
42506.384000,5.526691,5.395700
42506.384000,5.527088,5.391321
42506.384000,5.527137,5.390389
42506.384000,5.527238,5.395142
42506.384000,5.526245,5.391866
42506.384000,5.526187,5.394649
42506.384000,5.526713,5.394919
42506.384000,5.526773,5.391285
42506.384000,5.527344,5.391761
42506.384000,5.527058,5.392133
42506.384000,5.526637,5.390829
42506.384000,5.527260,5.392452
42506.384000,5.527448,5.393733
42506.384000,5.527439,5.395087
42506.384000,5.526433,5.393946
42506.384000,5.526418,5.394499
42506.384000,5.527351,5.392257
42506.384000,5.527817,5.392303
42506.384000,5.528431,5.392481
42506.384000,5.527440,5.393986
42506.384000,5.527042,5.397734
42506.384000,5.526534,5.401540
42506.384000,5.526267,5.402945
42506.384000,5.526744,5.403276
42506.384000,5.526989,5.400276
42506.384000,5.527336,5.401417
42506.384000,5.526896,5.404369
42506.384000,5.527711,5.404067
42506.384000,5.528243,5.395535
42506.384000,5.529359,5.397886
42506.384000,5.529442,5.398973
42506.384000,5.528817,5.397362
42506.384000,5.528720,5.396244
42506.384000,5.529251,5.395170
42506.384000,5.529463,5.396294
42506.384000,5.529528,5.395234
42506.384000,5.529345,5.392231
42506.384000,5.529690,5.396468
42506.384000,5.529237,5.394103
42506.384000,5.529925,5.393777
42506.384000,5.530641,5.394175
42506.384000,5.530627,5.401771
42506.384000,5.530613,5.396802
42506.384000,5.531120,5.395898
42506.384000,5.532134,5.391777
42506.384000,5.531997,5.391574
42506.384000,5.529839,5.392719
42506.384000,5.530480,5.393632
42506.384000,5.531191,5.389696
42506.384000,5.531764,5.390970
42506.384000,5.531987,5.388514
42506.384000,5.532152,5.391844
42506.384000,5.533188,5.393728
42506.384000,5.533625,5.393080
42506.384000,5.533673,5.389132
42506.384000,5.533745,5.393881
42506.384000,5.534621,5.394668
42506.384000,5.534829,5.390025
42506.384000,5.535055,5.388196
42506.384000,5.534492,5.390536
42506.384000,5.534091,5.388621
42506.384000,5.533089,5.390683
42506.384000,5.532936,5.391358
42506.384000,5.531839,5.390114
42506.384000,5.532125,5.389545
42506.384000,5.533050,5.391436
42506.384000,5.533487,5.391495
42506.384000,5.533411,5.390404
42506.384000,5.532474,5.390402
42506.384000,5.532375,5.390647
42506.384000,5.532901,5.393090
42506.384000,5.533428,5.392443
42506.384000,5.533296,5.392956
42506.384000,5.533638,5.392615
42506.384000,5.532871,5.391594
42506.384000,5.530781,5.391706
42506.384000,5.531193,5.388479
42506.384000,5.531120,5.392387
42506.384000,5.531901,5.391339
42506.384000,5.532609,5.392202
42506.384000,5.532571,5.391930
42506.384000,5.532243,5.394331
42506.384000,5.532146,5.394649
42506.384000,5.532241,5.392208
42506.384000,5.532772,5.394921
42506.384000,5.533495,5.391601
42506.384000,5.534252,5.390485
42506.384000,5.532049,5.394398
42506.384000,5.532066,5.394645
42506.384000,5.530900,5.396324
42506.384000,5.531774,5.396757
42506.384000,5.532137,5.396095
42506.384000,5.532221,5.394550
42506.384000,5.533445,5.396508
42506.384000,5.532240,5.396745
42506.384000,5.532676,5.395524
42506.384000,5.532234,5.395643
42506.384000,5.531808,5.394073
42506.384000,5.531190,5.397363
42506.384000,5.530940,5.397765
42506.384000,5.531525,5.395408
42506.384000,5.532006,5.395655
42506.384000,5.532395,5.396517
42506.384000,5.531805,5.392933
42506.384000,5.531489,5.393061
42506.384000,5.530973,5.395911
42506.384000,5.531016,5.394517
42506.384000,5.530923,5.395137
42506.384000,5.531774,5.395911
42506.384000,5.532156,5.399223
42506.384000,5.532589,5.397061
42506.384000,5.532318,5.394667
42506.384000,5.531653,5.397788
42506.384000,5.531092,5.396942
42506.384000,5.531213,5.396189
42506.384000,5.531137,5.396946
42506.384000,5.531254,5.397752
42506.384000,5.530270,5.397312
42506.384000,5.530057,5.397875
42506.384000,5.529957,5.399994
42506.384000,5.530629,5.397577
42506.384000,5.531113,5.399797
42506.384000,5.531724,5.399631
42506.384000,5.532277,5.396968
42506.384000,5.532835,5.395242
42506.384000,5.531748,5.400514
42506.384000,5.531435,5.399489
42506.384000,5.531951,5.400675
42506.384000,5.532367,5.400056
42506.384000,5.532699,5.397309
42506.384000,5.533438,5.399877
42506.384000,5.533872,5.399143
42506.384000,5.534771,5.395306
42506.384000,5.535834,5.396308
42506.384000,5.536448,5.399201
42506.384000,5.536561,5.397815
42506.384000,5.536617,5.400638
42506.384000,5.537606,5.401080
42506.384000,5.537883,5.399964
42506.384000,5.537660,5.401353
42506.384000,5.537254,5.397704
42506.384000,5.537533,5.398298
42506.384000,5.537678,5.398485
42506.384000,5.538125,5.398560
42506.384000,5.537883,5.398759
42506.384000,5.537758,5.398664
42506.384000,5.537452,5.397772
42506.384000,5.537756,5.396379
42506.384000,5.537587,5.395997
42506.384000,5.537894,5.395074
42506.384000,5.538027,5.398348
42506.384000,5.538264,5.397262
42506.384000,5.538266,5.395654
42506.384000,5.537579,5.394289
42506.384000,5.537512,5.396392
42506.384000,5.537820,5.399141
42506.384000,5.536302,5.397400
42506.384000,5.535564,5.395310
42506.384000,5.535194,5.395162
42506.384000,5.535108,5.396670
42506.384000,5.534988,5.400134
42506.384000,5.535228,5.397678
42506.384000,5.534843,5.397474
42506.384000,5.534459,5.397178
42506.384000,5.534644,5.396639
42506.384000,5.534980,5.398074
42506.384000,5.536054,5.393602
42506.384000,5.536328,5.395298
42506.384000,5.536269,5.397254
42506.384000,5.536483,5.394282
42506.384000,5.537248,5.396388
42506.384000,5.536768,5.397285
42506.384000,5.535983,5.396945
42506.384000,5.536259,5.395169
42506.384000,5.536229,5.398660
42506.384000,5.536617,5.395477
42506.384000,5.537242,5.397360
42506.384000,5.537785,5.398170
42506.384000,5.538577,5.399059
42506.384000,5.537744,5.398265
42506.384000,5.538444,5.400347
42506.384000,5.538815,5.400672
42506.384000,5.538942,5.400235
42506.384000,5.538180,5.401349
42506.384000,5.538803,5.399618
42506.384000,5.539039,5.398399
42506.384000,5.539650,5.402080
42506.384000,5.539783,5.399995
42506.384000,5.539802,5.400621
42506.384000,5.539958,5.402438
42506.384000,5.540492,5.403422
42506.384000,5.539948,5.400504
42506.384000,5.539886,5.404707
42506.384000,5.540383,5.399855
42506.384000,5.540114,5.401290
42506.384000,5.540123,5.404380
42506.384000,5.539537,5.405396
42506.384000,5.539239,5.401576
42506.384000,5.539942,5.399593
42506.384000,5.539797,5.401703
42506.384000,5.539294,5.401132
42506.384000,5.538533,5.400377
42506.384000,5.537898,5.399200
42506.384000,5.538359,5.399497
42506.384000,5.539320,5.399771
42506.384000,5.539375,5.398187
42506.384000,5.539563,5.401467
42506.384000,5.539385,5.401453
42506.384000,5.538707,5.400661
42506.384000,5.538537,5.396631
42506.384000,5.537653,5.396893
42506.384000,5.537224,5.393913
42506.384000,5.537534,5.399915
42506.384000,5.537060,5.399155
42506.384000,5.536843,5.397083
42506.384000,5.536754,5.398355
42506.384000,5.536638,5.397237
42506.384000,5.536701,5.395615
42506.384000,5.537462,5.397847
42506.384000,5.537319,5.397780
42506.384000,5.537824,5.397720
42506.384000,5.538128,5.399013
42506.384000,5.538665,5.399379
42506.384000,5.539113,5.398922
42506.384000,5.538637,5.397947
42506.384000,5.538848,5.399959
42506.384000,5.539288,5.397480
42506.384000,5.539590,5.400661
42506.384000,5.539714,5.399029
42506.384000,5.539664,5.398600
42506.384000,5.539736,5.400482
42506.384000,5.540419,5.400127
42506.384000,5.541021,5.401445
42506.384000,5.541082,5.398639
42506.384000,5.540766,5.401536
42506.384000,5.540722,5.403583
42506.384000,5.540695,5.397676
42506.384000,5.541359,5.400108
42506.384000,5.541102,5.397125
42506.384000,5.541662,5.399859
42506.384000,5.541401,5.403484
42506.384000,5.541813,5.400967
42506.384000,5.541196,5.399053
42506.384000,5.541838,5.404290
42506.384000,5.541884,5.398505
42506.384000,5.542382,5.402242
42506.384000,5.541810,5.402006
42506.384000,5.541568,5.403631
42506.384000,5.540724,5.403456
42506.384000,5.541156,5.404355
42506.384000,5.541451,5.405656
42506.384000,5.542094,5.404014
42506.384000,5.542334,5.402864
42506.384000,5.542614,5.401300
42506.384000,5.542584,5.402988
42506.384000,5.542049,5.399815
42506.384000,5.542155,5.401395
42506.384000,5.542685,5.401618
42506.384000,5.542192,5.404584
42506.384000,5.541511,5.401596
42506.384000,5.541199,5.401843
42506.384000,5.540690,5.402296
42506.384000,5.541277,5.398749
42506.384000,5.541531,5.396468
42506.384000,5.541653,5.401087
42506.384000,5.541502,5.402263
42506.384000,5.541458,5.400931
42506.384000,5.540563,5.401028
42506.384000,5.540311,5.401673
42506.384000,5.540128,5.401537
42506.384000,5.540630,5.398508
42506.384000,5.541410,5.399625
42506.384000,5.541495,5.402308
42506.384000,5.541572,5.402101
42506.384000,5.542323,5.401915
42506.384000,5.541228,5.399249
42506.384000,5.540410,5.401980
42506.384000,5.540934,5.400192
42506.384000,5.541150,5.400233
42506.384000,5.541250,5.399413
42506.384000,5.541526,5.398200
42506.384000,5.542397,5.399595
42506.384000,5.542606,5.402290
42506.384000,5.542548,5.399743
42506.384000,5.542658,5.397518
42506.384000,5.543151,5.401313
42506.384000,5.543795,5.400919
42506.384000,5.543999,5.403014
42506.384000,5.543328,5.403257
42506.384000,5.543757,5.402188
42506.384000,5.543773,5.405107
42506.384000,5.543822,5.398997
42506.384000,5.544004,5.406118
42506.384000,5.543922,5.403330
42506.384000,5.543292,5.405466
42506.384000,5.543802,5.400954
42506.384000,5.543514,5.401899
42506.384000,5.543880,5.400785
42506.384000,5.544226,5.403844
42506.384000,5.544608,5.400740
42506.384000,5.544557,5.402462
42506.384000,5.544558,5.400931
42506.384000,5.544307,5.399374
42506.384000,5.544088,5.395971
42506.384000,5.544294,5.401441
42506.384000,5.544703,5.400408
42506.384000,5.544304,5.401250
42506.384000,5.544615,5.403223
42506.384000,5.544705,5.400735
42506.384000,5.544819,5.399354
42506.384000,5.544933,5.403250
42506.384000,5.545575,5.402388
42506.384000,5.545315,5.402654
42506.384000,5.545371,5.402111
42506.384000,5.546126,5.400457
42506.384000,5.546594,5.401084
42506.384000,5.544486,5.399754
42506.384000,5.544465,5.402154
42506.384000,5.545321,5.401913
42506.384000,5.545570,5.403335
42506.384000,5.546357,5.400745
42506.384000,5.547146,5.402255
42506.384000,5.547506,5.401587
42506.384000,5.547041,5.399546
42506.384000,5.547154,5.399110
42506.384000,5.546160,5.401292
42506.384000,5.546115,5.400533
42506.384000,5.546917,5.399920
42506.384000,5.547062,5.400350
42506.384000,5.545134,5.399534
42506.384000,5.543778,5.403143
42506.384000,5.543665,5.403951
42506.384000,5.544259,5.402498
42506.384000,5.543084,5.404459
42506.384000,5.543362,5.402141
42506.384000,5.543869,5.401544
42506.384000,5.544060,5.402034
42506.384000,5.544378,5.402916
42506.384000,5.544154,5.396544
42506.384000,5.544185,5.400880
42506.384000,5.544508,5.400445
42506.384000,5.544580,5.401682
42506.384000,5.544141,5.400848
42506.384000,5.544835,5.402181
42506.384000,5.545226,5.399045
42506.384000,5.545935,5.399087
42506.384000,5.546583,5.404645
42506.384000,5.546898,5.404946
42506.384000,5.544570,5.404437
42506.384000,5.544156,5.404185
42506.384000,5.544501,5.406425
42506.384000,5.544707,5.403376
42506.384000,5.544350,5.405867
42506.384000,5.544212,5.406012
42506.384000,5.544027,5.403865
42506.384000,5.544797,5.403138
42506.384000,5.544599,5.402495
42506.384000,5.545144,5.401872
42506.384000,5.545283,5.402758
42506.384000,5.544670,5.402555
42506.384000,5.544671,5.402816
42506.384000,5.545329,5.400856
42506.384000,5.545638,5.401058
42506.384000,5.545382,5.400356
42506.384000,5.545204,5.400783
42506.384000,5.544200,5.400970
42506.384000,5.543617,5.403025
42506.384000,5.543314,5.398148
42506.384000,5.543236,5.402066
42506.384000,5.543052,5.405271
42506.384000,5.542790,5.403714
42506.384000,5.543543,5.401333
42506.384000,5.543059,5.402146
42506.384000,5.542686,5.402695
42506.384000,5.543079,5.402249
42506.384000,5.542311,5.399530
42506.384000,5.542472,5.400352
42506.384000,5.543021,5.397440
42506.384000,5.542861,5.399366
42506.384000,5.542579,5.401686
42506.384000,5.542401,5.400834
42506.384000,5.542174,5.401370
42506.384000,5.542034,5.398213
42506.384000,5.542750,5.399497
42506.384000,5.541784,5.399258
42506.384000,5.541508,5.400011
42506.384000,5.541490,5.402670
42506.384000,5.541891,5.400995
42506.384000,5.542338,5.398463
42506.384000,5.542946,5.397320
42506.384000,5.542795,5.399389
42506.384000,5.542412,5.401171
42506.384000,5.541929,5.399876
42506.384000,5.542667,5.402746
42506.384000,5.542537,5.399719
42506.384000,5.542669,5.402419
42506.384000,5.542311,5.399637
42506.384000,5.542818,5.398453
42506.384000,5.542353,5.400702
42506.384000,5.542860,5.399023
42506.384000,5.543719,5.396451
42506.384000,5.543716,5.397728
42506.384000,5.543461,5.399964
42506.384000,5.542955,5.397131
42506.384000,5.543345,5.400660
42506.384000,5.543652,5.399050
42506.384000,5.544599,5.400092
42506.384000,5.543714,5.403724
42506.384000,5.543352,5.400433
42506.384000,5.542840,5.397784
42506.384000,5.542877,5.400152
42506.384000,5.541950,5.397836
42506.384000,5.542110,5.399866
42506.384000,5.542215,5.400575
42506.384000,5.542921,5.399609
42506.384000,5.542414,5.401381
42506.384000,5.542691,5.399164
42506.384000,5.542439,5.397371
42506.384000,5.542052,5.397299
42506.384000,5.541873,5.397601
42506.384000,5.541513,5.395803
42506.384000,5.541215,5.394092
42506.384000,5.541725,5.394934
42506.384000,5.541010,5.396519
42506.384000,5.540725,5.398010
42506.384000,5.540880,5.396859
42506.384000,5.540670,5.398879
42506.384000,5.540829,5.400031
42506.384000,5.541030,5.395397
42506.384000,5.541572,5.395960
42506.384000,5.541948,5.395560
42506.384000,5.542284,5.398018
42506.384000,5.542391,5.398991
42506.384000,5.542429,5.400964
42506.384000,5.543075,5.396388
42506.384000,5.543153,5.398025
42506.384000,5.542129,5.400232
42506.384000,5.542571,5.400360
42506.384000,5.543396,5.398593
42506.384000,5.543310,5.399092
42506.384000,5.543610,5.398476
42506.384000,5.542920,5.400732
42506.384000,5.543205,5.403187
42506.384000,5.543564,5.402430
42506.384000,5.543957,5.406653
42506.384000,5.543690,5.400118
42506.384000,5.544241,5.400671
42506.384000,5.543876,5.402987
42506.384000,5.543889,5.401760
42506.384000,5.543252,5.402062
42506.384000,5.543307,5.404686
42506.384000,5.543654,5.402978
42506.384000,5.544142,5.402308
42506.384000,5.543626,5.400933
42506.384000,5.544281,5.402671
42506.384000,5.543967,5.403063
42506.384000,5.544723,5.403144
42506.384000,5.544797,5.403509
42506.384000,5.545272,5.406486
42506.384000,5.544075,5.404006
42506.384000,5.544020,5.401241
42506.384000,5.542869,5.402714
42506.384000,5.543179,5.403649
42506.384000,5.543217,5.404436
42506.384000,5.542581,5.403674
42506.384000,5.542906,5.402621
42506.384000,5.543326,5.403364
42506.384000,5.543324,5.402490
42506.384000,5.544298,5.401130
42506.384000,5.544847,5.403519
42506.384000,5.544470,5.400843
42506.384000,5.543313,5.399815
42506.384000,5.542360,5.403994
42506.384000,5.541959,5.399277
42506.384000,5.542405,5.401167
42506.384000,5.542702,5.402393
42506.384000,5.543370,5.400143
42506.384000,5.542690,5.399533
42506.384000,5.542866,5.400317
42506.384000,5.542448,5.400058
42506.384000,5.542663,5.399757
42506.384000,5.543017,5.402532
42506.384000,5.543093,5.402975
42506.384000,5.543344,5.403339
42506.384000,5.543648,5.402856
42506.384000,5.543920,5.403561
42506.384000,5.543897,5.402794
42506.384000,5.543745,5.404040
42506.384000,5.543830,5.405423
42506.384000,5.544673,5.403916
42506.384000,5.545205,5.404074
42506.384000,5.545461,5.401339
42506.384000,5.545368,5.402051
42506.384000,5.544834,5.405126
42506.384000,5.545069,5.403144
42506.384000,5.545728,5.402781
42506.384000,5.545694,5.405593
42506.384000,5.545916,5.402703
42506.384000,5.546178,5.406610
42506.384000,5.545944,5.402672
42506.384000,5.545751,5.403592
42506.384000,5.545675,5.405316
42506.384000,5.545912,5.401739
42506.384000,5.545786,5.405650
42506.384000,5.546651,5.407307
42506.384000,5.546385,5.406659
42506.384000,5.545933,5.405003
42506.384000,5.546681,5.404480
42506.384000,5.547092,5.405204
42506.384000,5.547604,5.405058
42506.384000,5.547648,5.408116
42506.384000,5.547591,5.407501
42506.384000,5.546479,5.407146
42506.384000,5.545305,5.405286
42506.384000,5.545615,5.407147
42506.384000,5.544970,5.403972
42506.384000,5.544367,5.406162
42506.384000,5.543998,5.405152
42506.384000,5.544366,5.403435
42506.384000,5.544897,5.403568
42506.384000,5.545143,5.404191
42506.384000,5.546090,5.403566
42506.384000,5.545597,5.403966
42506.384000,5.545793,5.399974
42506.384000,5.545692,5.401735
42506.384000,5.545666,5.401838
42506.384000,5.546405,5.399791
42506.384000,5.546443,5.400873
42506.384000,5.545921,5.399499
42506.384000,5.545473,5.401146
42506.384000,5.544850,5.402886
42506.384000,5.544572,5.406648
42506.384000,5.544139,5.402857
42506.384000,5.544236,5.401354
42506.384000,5.545654,5.404764
42506.384000,5.545975,5.404784
42506.384000,5.546752,5.404098
42506.384000,5.547498,5.399696
42506.384000,5.548339,5.404288
42506.384000,5.548950,5.403748
42506.384000,5.550062,5.403730
42506.384000,5.551153,5.408414
42506.384000,5.551401,5.408552
42506.384000,5.551512,5.405302
42506.384000,5.551213,5.407772
42506.384000,5.551111,5.408340
42506.384000,5.551669,5.408163
42506.384000,5.552078,5.406792
42506.384000,5.552641,5.405651
42506.384000,5.552574,5.404145
42506.384000,5.552416,5.409667
42506.384000,5.552037,5.405731
42506.384000,5.550569,5.405578
42506.384000,5.551287,5.406130
42506.384000,5.551677,5.407840
42506.384000,5.551940,5.409827
42506.384000,5.552856,5.408286
42506.384000,5.552181,5.406738
42506.384000,5.551212,5.406670
42506.384000,5.551167,5.406820
42506.384000,5.551710,5.406481
42506.384000,5.550802,5.406848
42506.384000,5.550919,5.405420
42506.384000,5.550561,5.406459
42506.384000,5.550808,5.406889
42506.384000,5.551429,5.403676
42506.384000,5.550897,5.405724
42506.384000,5.550527,5.405855
42506.384000,5.550423,5.404520
42506.384000,5.550366,5.400791
42506.384000,5.550449,5.403210
42506.384000,5.550568,5.404342
42506.384000,5.551030,5.402954
42506.384000,5.550952,5.400551
42506.384000,5.550785,5.399118
42506.384000,5.550685,5.402708
42506.384000,5.550781,5.402941
42506.384000,5.551429,5.398984
42506.384000,5.551902,5.403283
42506.384000,5.551343,5.402336
42506.384000,5.551542,5.403820
42506.384000,5.552312,5.405264
42506.384000,5.552425,5.402177
42506.384000,5.552310,5.405778
42506.384000,5.552293,5.403875
42506.384000,5.552264,5.402383
42506.384000,5.552468,5.401823
42506.384000,5.552888,5.401476
42506.384000,5.552789,5.405969
42506.384000,5.551809,5.402073
42506.384000,5.552373,5.406846
42506.384000,5.552057,5.403467
42506.384000,5.551903,5.405649
42506.384000,5.551079,5.404768
42506.384000,5.550756,5.402875
42506.384000,5.550674,5.404192
42506.384000,5.551188,5.408507
42506.384000,5.552461,5.404643
42506.384000,5.552985,5.406009
42506.384000,5.552835,5.407220
42506.384000,5.553048,5.405035
42506.384000,5.553241,5.403938
42506.384000,5.552939,5.405043
42506.384000,5.553265,5.406697
42506.384000,5.553084,5.406797
42506.384000,5.553364,5.406600
42506.384000,5.553414,5.405457
42506.384000,5.554136,5.406423
42506.384000,5.553870,5.406975
42506.384000,5.554200,5.407816
42506.384000,5.554446,5.407906
42506.384000,5.554676,5.408350
42506.384000,5.555457,5.407361
42506.384000,5.555781,5.407126
42506.384000,5.555441,5.410228
42506.384000,5.555733,5.409263
42506.384000,5.555675,5.407737
42506.384000,5.555326,5.406316
42506.384000,5.555053,5.408798
42506.384000,5.555111,5.406568
42506.384000,5.556224,5.406749
42506.384000,5.556308,5.409286
42506.384000,5.556092,5.408344
42506.384000,5.556707,5.408940
42506.384000,5.556816,5.410768
42506.384000,5.556772,5.410367
42506.384000,5.555925,5.403704
42506.384000,5.556259,5.406245
42506.384000,5.555671,5.408863
42506.384000,5.554268,5.407125
42506.384000,5.554046,5.408410
42506.384000,5.554526,5.407314
42506.384000,5.555702,5.406647
42506.384000,5.556042,5.406439
42506.384000,5.555522,5.408276
42506.384000,5.555389,5.404378
42506.384000,5.554814,5.407461
42506.384000,5.554788,5.406278
42506.384000,5.554764,5.406875
42506.384000,5.554583,5.404455
42506.384000,5.554213,5.402514
42506.384000,5.554429,5.410055
42506.384000,5.554651,5.406017
42506.384000,5.555284,5.404711
42506.384000,5.555812,5.408426
42506.384000,5.556592,5.406616
42506.384000,5.556579,5.410574
42506.384000,5.555973,5.408293
42506.384000,5.556207,5.411570
42506.384000,5.556401,5.409899
42506.384000,5.557404,5.409880
42506.384000,5.557161,5.408386
42506.384000,5.557853,5.406921
42506.384000,5.558015,5.408294
42506.384000,5.558652,5.411707
42506.384000,5.559295,5.412001
42506.384000,5.558404,5.412105
42506.384000,5.557583,5.412352
42506.384000,5.556429,5.412365
42506.384000,5.555843,5.416456
42506.384000,5.556119,5.416911
42506.384000,5.556663,5.417532
42506.384000,5.558108,5.412980
42506.384000,5.558111,5.418406
42506.384000,5.558591,5.414923
42506.384000,5.559042,5.414287
42506.384000,5.559171,5.413978
42506.384000,5.558991,5.411408
42506.384000,5.558315,5.413997
42506.384000,5.556625,5.421933
42506.384000,5.557375,5.415049
42506.384000,5.558020,5.416641
42506.384000,5.557939,5.413772
42506.384000,5.555816,5.414519
42506.384000,5.555501,5.414311
42506.384000,5.554672,5.415704
42506.384000,5.556178,5.414530
42506.384000,5.556696,5.415192
42506.384000,5.557041,5.415825
42506.384000,5.556541,5.411236
42506.384000,5.555142,5.413874
42506.384000,5.555115,5.410891
42506.384000,5.554230,5.413887
42506.384000,5.555449,5.415682
42506.384000,5.555282,5.414816
42506.384000,5.554560,5.415882
42506.384000,5.555113,5.413255
42506.384000,5.555004,5.414547
42506.384000,5.555147,5.414073
42506.384000,5.554830,5.415324
42506.384000,5.554855,5.419772
42506.384000,5.554090,5.421076
42506.384000,5.554084,5.418376
42506.384000,5.554019,5.418431
42506.384000,5.555248,5.412530
42506.384000,5.555976,5.412186
42506.384000,5.556607,5.412534
42506.384000,5.556802,5.414564
42506.384000,5.556670,5.412241
42506.384000,5.555893,5.413021
42506.384000,5.555286,5.412445
42506.384000,5.555518,5.411744
42506.384000,5.556052,5.412355
42506.384000,5.556220,5.409012
42506.384000,5.556246,5.414618
42506.384000,5.557039,5.414492
42506.384000,5.555798,5.413323
42506.384000,5.555231,5.411016
42506.384000,5.556443,5.413005
42506.384000,5.557398,5.414212
42506.384000,5.557876,5.412908
42506.384000,5.558888,5.413614
42506.384000,5.559130,5.416369
42506.384000,5.557444,5.414398
42506.384000,5.557962,5.415337
42506.384000,5.557729,5.418402
42506.384000,5.558841,5.422490
42506.384000,5.559364,5.422561
42506.384000,5.559067,5.420053
42506.384000,5.559195,5.425120
42506.384000,5.559329,5.425706
42506.384000,5.558767,5.417164
42506.384000,5.558775,5.417684
42506.384000,5.559911,5.418460
42506.384000,5.559864,5.420205
42506.384000,5.559495,5.422638
42506.384000,5.559802,5.425853
42506.384000,5.559557,5.426415
42506.384000,5.559552,5.429399
42506.384000,5.560011,5.428430
42506.384000,5.560029,5.429402
42506.384000,5.560192,5.428337
42506.384000,5.560043,5.421511
42506.384000,5.560363,5.424836
42506.384000,5.560339,5.425167
42506.384000,5.560215,5.417195
42506.384000,5.560753,5.422882
42506.384000,5.560014,5.422692
42506.384000,5.559702,5.426829
42506.384000,5.560187,5.417834
42506.384000,5.560852,5.419933
42506.384000,5.561302,5.427384
42506.384000,5.560782,5.425022
42506.384000,5.560442,5.424789
42506.384000,5.559232,5.426943
42506.384000,5.559526,5.431385
42506.384000,5.559461,5.430849
42506.384000,5.559935,5.430585
42506.384000,5.561172,5.429469
42506.384000,5.560314,5.430926
42506.384000,5.560483,5.430769
42506.384000,5.559514,5.431537
42506.384000,5.560198,5.429236
42506.384000,5.560445,5.429930
42506.384000,5.560507,5.430787
42506.384000,5.560047,5.429403
42506.384000,5.560142,5.430682
42506.384000,5.560819,5.428324
42506.384000,5.561214,5.427491
42506.384000,5.561409,5.429272
42506.384000,5.561851,5.431461
42506.384000,5.562216,5.432442
42506.384000,5.561810,5.432055
42506.384000,5.560555,5.429219
42506.384000,5.560650,5.429456
42506.384000,5.560464,5.431128
42506.384000,5.560582,5.429316
42506.384000,5.560663,5.430306
42506.384000,5.560624,5.428146
42506.384000,5.560956,5.429286
42506.384000,5.561334,5.427133
42506.384000,5.560312,5.427450
42506.384000,5.560388,5.425898
42506.384000,5.560918,5.426440
42506.384000,5.561385,5.427702
42506.384000,5.561621,5.428885
42506.384000,5.561864,5.427569
42506.384000,5.562070,5.422268
42506.384000,5.561755,5.430023
42506.384000,5.561610,5.425102
42506.384000,5.560070,5.427292
42506.384000,5.560351,5.425905
42506.384000,5.561105,5.428675
42506.384000,5.560698,5.427984
42506.384000,5.560225,5.425965
42506.384000,5.560499,5.426685
42506.384000,5.560668,5.430234
42506.384000,5.560468,5.430145
42506.384000,5.560338,5.425543
42506.384000,5.560076,5.426872
42506.384000,5.560372,5.427552
42506.384000,5.559857,5.429323
42506.384000,5.560410,5.428631
42506.384000,5.560583,5.431041
42506.384000,5.560181,5.426981
42506.384000,5.560485,5.431167
42506.384000,5.561655,5.431010
42506.384000,5.561602,5.431020
42506.384000,5.561717,5.431735
42506.384000,5.562012,5.429570
42506.384000,5.561345,5.429838
42506.384000,5.561749,5.430022
42506.384000,5.562006,5.429517
42506.384000,5.562027,5.431512
42506.384000,5.561941,5.433350
42506.384000,5.561990,5.434145
42506.384000,5.561718,5.434049
42506.384000,5.561731,5.434186
42506.384000,5.562404,5.431194
42506.384000,5.562358,5.431186
42506.384000,5.561833,5.431744
42506.384000,5.561109,5.432759
42506.384000,5.560673,5.428559
42506.384000,5.560943,5.429597
42506.384000,5.561406,5.435747
42506.384000,5.561733,5.432879
42506.384000,5.561760,5.431857
42506.384000,5.561722,5.430898
42506.384000,5.561253,5.430666
42506.384000,5.561304,5.434220
42506.384000,5.561680,5.432082
42506.384000,5.561904,5.431361
42506.384000,5.561125,5.431431
42506.384000,5.561814,5.430805
42506.384000,5.562578,5.428873
42506.384000,5.562861,5.430148
42506.384000,5.563275,5.432997
42506.384000,5.561694,5.433868
42506.384000,5.562038,5.435150
42506.384000,5.561738,5.432002
42506.384000,5.561510,5.430163
42506.384000,5.562237,5.429128
42506.384000,5.562732,5.429407
42506.384000,5.563008,5.426417
42506.384000,5.562483,5.431216
42506.384000,5.563012,5.431497
42506.384000,5.563528,5.432831
42506.384000,5.563044,5.434197
42506.384000,5.563268,5.430615
42506.384000,5.562648,5.433924
42506.384000,5.563419,5.431582
42506.384000,5.563919,5.431896
42506.384000,5.563455,5.429811
42506.384000,5.563803,5.431226
42506.384000,5.563585,5.433258
42506.384000,5.562973,5.429641
42506.384000,5.562674,5.431214
42506.384000,5.562734,5.434166
42506.384000,5.562831,5.432022
42506.384000,5.562849,5.433886
42506.384000,5.563599,5.430921
42506.384000,5.563499,5.430657
42506.384000,5.562508,5.429984
42506.384000,5.562326,5.431355
42506.384000,5.562505,5.430884
42506.384000,5.563254,5.433346
42506.384000,5.563415,5.433362
42506.384000,5.563484,5.431248
42506.384000,5.564116,5.431697
42506.384000,5.564892,5.434417
42506.384000,5.562736,5.432318
42506.384000,5.562797,5.431926
42506.384000,5.563595,5.432746
42506.384000,5.564161,5.434675
42506.384000,5.564297,5.432807
42506.384000,5.563908,5.431693
42506.384000,5.564096,5.433625
42506.384000,5.564029,5.435492
42506.384000,5.563802,5.431242
42506.384000,5.564672,5.430417
42506.384000,5.564185,5.434014
42506.384000,5.565091,5.433000
42506.384000,5.564195,5.433770
42506.384000,5.564330,5.435284
42506.384000,5.563720,5.435476
42506.384000,5.563975,5.436330
42506.384000,5.563537,5.433856
42506.384000,5.563137,5.432986
42506.384000,5.562765,5.434917
42506.384000,5.562990,5.435385
42506.384000,5.563682,5.431433
42506.384000,5.563219,5.434702
42506.384000,5.562978,5.431607
42506.384000,5.563096,5.431264
42506.384000,5.563338,5.433168
42506.384000,5.563576,5.436344
42506.384000,5.563604,5.434041
42506.384000,5.563837,5.431282
42506.384000,5.564629,5.435737
42506.384000,5.565098,5.435698
42506.384000,5.566055,5.434014
42506.384000,5.565662,5.433807
42506.384000,5.563879,5.436862
42506.384000,5.564526,5.434819
42506.384000,5.564069,5.436582
42506.384000,5.564062,5.433983
42506.384000,5.563585,5.434824
42506.384000,5.563832,5.435684
42506.384000,5.564762,5.435943
42506.384000,5.565157,5.435876
42506.384000,5.565805,5.435348
42506.384000,5.566355,5.437218
42506.384000,5.566319,5.438957
42506.384000,5.565429,5.436603
42506.384000,5.564795,5.434374
42506.384000,5.565483,5.439117
42506.384000,5.565026,5.437467
42506.384000,5.565297,5.432277
42506.384000,5.566057,5.437401
42506.384000,5.566122,5.438211
42506.384000,5.565807,5.435139
42506.384000,5.566904,5.435800
42506.384000,5.566988,5.436781
42506.384000,5.566769,5.439478
42506.384000,5.566641,5.435959
42506.384000,5.566406,5.432209
42506.384000,5.565618,5.435070
42506.384000,5.565378,5.433748
42506.384000,5.564924,5.435014
42506.384000,5.564699,5.436553
42506.384000,5.564953,5.437170
42506.384000,5.564876,5.439091
42506.384000,5.564845,5.440639
42506.384000,5.564825,5.437055
42506.384000,5.564683,5.438937
42506.384000,5.564577,5.439045
42506.384000,5.564405,5.436406
42506.384000,5.564370,5.437984
42506.384000,5.565109,5.434487
42506.384000,5.566012,5.435080
42506.384000,5.565857,5.435387
42506.384000,5.565705,5.434915
42506.384000,5.566428,5.437448
42506.384000,5.566595,5.436784
42506.384000,5.565785,5.434986
42506.384000,5.565058,5.435261
42506.384000,5.564404,5.432674
42506.384000,5.565064,5.432985
42506.384000,5.564966,5.432673
42506.384000,5.565233,5.432756
42506.384000,5.564402,5.429529
42506.384000,5.564880,5.435893
42506.384000,5.564882,5.435973
42506.384000,5.565212,5.435879
42506.384000,5.565346,5.436023
42506.384000,5.564908,5.435854
42506.384000,5.564487,5.434483
42506.384000,5.564060,5.433230
42506.384000,5.564079,5.434667
42506.384000,5.564621,5.432918
42506.384000,5.565310,5.436347
42506.384000,5.565897,5.435141
42506.384000,5.565542,5.434409
42506.384000,5.566315,5.432438
42506.384000,5.566325,5.436392
42506.384000,5.566117,5.435327
42506.384000,5.566032,5.430519
42506.384000,5.566562,5.431501
42506.384000,5.567198,5.434565
42506.384000,5.567169,5.436738
42506.384000,5.567503,5.435960
42506.384000,5.567881,5.436548
42506.384000,5.567953,5.434578
42506.384000,5.567512,5.435225
42506.384000,5.568255,5.435274
42506.384000,5.567384,5.433934
42506.384000,5.567133,5.434904
42506.384000,5.568237,5.434257
42506.384000,5.568562,5.436276
42506.384000,5.568036,5.437149
42506.384000,5.568533,5.438355
42506.384000,5.568911,5.436632
42506.384000,5.568821,5.433763
42506.384000,5.569232,5.433101
42506.384000,5.569077,5.431982
42506.384000,5.568233,5.431824
42506.384000,5.568289,5.433797
42506.384000,5.568922,5.429702
42506.384000,5.568834,5.426505
42506.384000,5.568567,5.425056
42506.384000,5.567805,5.424242
42506.384000,5.567601,5.427967
42506.384000,5.567538,5.423608
42506.384000,5.567429,5.424949
42506.384000,5.569166,5.423890
42506.384000,5.568408,5.428099
42506.384000,5.568590,5.429406
42506.384000,5.567704,5.428605
42506.384000,5.568260,5.428683
42506.384000,5.568977,5.428036
42506.384000,5.569449,5.429807
42506.384000,5.569487,5.424974
42506.384000,5.569802,5.426121
42506.384000,5.568702,5.427425
42506.384000,5.567329,5.430040
42506.384000,5.568049,5.430841
42506.384000,5.568911,5.425968
42506.384000,5.569825,5.425837
42506.384000,5.569656,5.426163
42506.384000,5.570051,5.429518
42506.384000,5.570707,5.426750
42506.384000,5.570398,5.426721
42506.384000,5.570865,5.428842
42506.384000,5.570884,5.428674
42506.384000,5.569896,5.430413
42506.384000,5.570903,5.430081
42506.384000,5.570737,5.433505
42506.384000,5.570712,5.431508
42506.384000,5.571217,5.426519
42506.384000,5.571646,5.431568
42506.384000,5.571320,5.435080
42506.384000,5.571575,5.431060
42506.384000,5.571795,5.431928
42506.384000,5.572250,5.429782
42506.384000,5.572874,5.426904
42506.384000,5.572804,5.428333
42506.384000,5.573165,5.429651
42506.384000,5.573919,5.426348
42506.384000,5.574230,5.428673
42506.384000,5.572717,5.426370
42506.384000,5.572886,5.426984
42506.384000,5.573001,5.428189
42506.384000,5.573249,5.429771
42506.384000,5.572689,5.430625
42506.384000,5.572017,5.430207
42506.384000,5.573051,5.431714
42506.384000,5.573149,5.428630
42506.384000,5.573116,5.431129
42506.384000,5.573258,5.432399
42506.384000,5.574030,5.433476
42506.384000,5.574404,5.431492
42506.384000,5.574218,5.431274
42506.384000,5.574682,5.431798
42506.384000,5.574020,5.428550
42506.384000,5.573939,5.432492
42506.384000,5.573184,5.431551
42506.384000,5.572310,5.434196
42506.384000,5.571801,5.434843
42506.384000,5.572417,5.435684
42506.384000,5.573183,5.441953
42506.384000,5.572860,5.439405
42506.384000,5.573062,5.437506
42506.384000,5.573485,5.436904
42506.384000,5.572332,5.440253
42506.384000,5.572959,5.443369
42506.384000,5.574108,5.441821
42506.384000,5.574059,5.442812
42506.384000,5.574907,5.438931
42506.384000,5.574189,5.435950
42506.384000,5.574962,5.429742
42506.384000,5.576079,5.431541
42506.384000,5.576114,5.432196
42506.384000,5.575852,5.432520
42506.384000,5.573781,5.431085
42506.384000,5.573732,5.432524
42506.384000,5.574181,5.430785
42506.384000,5.573970,5.428176
42506.384000,5.574687,5.432004
42506.384000,5.575768,5.426708
42506.384000,5.575728,5.430195
42506.384000,5.575610,5.427412
42506.384000,5.576423,5.428185
42506.384000,5.577346,5.427218
42506.384000,5.578151,5.428424
42506.384000,5.578085,5.429038
42506.384000,5.578003,5.428250
42506.384000,5.577426,5.429613
42506.384000,5.577301,5.426967
42506.384000,5.577192,5.423784
42506.384000,5.577566,5.426524
42506.384000,5.577182,5.423720
42506.384000,5.576884,5.427181
42506.384000,5.576572,5.426207
42506.384000,5.576748,5.429474
42506.384000,5.576387,5.425441
42506.384000,5.574340,5.430378
42506.384000,5.574201,5.431108
42506.384000,5.574734,5.429355
42506.384000,5.574925,5.429328
42506.384000,5.573143,5.428623
42506.384000,5.570123,5.426876
42506.384000,5.570763,5.428487
42506.384000,5.572233,5.427787
42506.384000,5.573534,5.426692
42506.384000,5.574583,5.422897
42506.384000,5.574279,5.425265
42506.384000,5.571547,5.424467
42506.384000,5.571229,5.422046
42506.384000,5.570930,5.423945
42506.384000,5.570895,5.425246
42506.384000,5.570945,5.431499
42506.384000,5.571114,5.435465
42506.384000,5.572759,5.436435
42506.384000,5.572827,5.436506
42506.384000,5.571619,5.431062
42506.384000,5.570895,5.427815
42506.384000,5.571391,5.431336
42506.384000,5.572315,5.429660
42506.384000,5.572323,5.429341
42506.384000,5.572174,5.429035
42506.384000,5.572591,5.427625
42506.384000,5.572303,5.427149
42506.384000,5.572044,5.426299
42506.384000,5.571826,5.423729
42506.384000,5.570402,5.429127
42506.384000,5.568637,5.424872
42506.384000,5.568047,5.427911
42506.384000,5.568958,5.428453
42506.384000,5.568449,5.425188
42506.384000,5.567784,5.427171
42506.384000,5.568057,5.422672
42506.384000,5.569202,5.423685
42506.384000,5.568836,5.427331
42506.384000,5.569129,5.426259
42506.384000,5.569156,5.425113
42506.384000,5.568292,5.425829
42506.384000,5.567206,5.423385
42506.384000,5.567250,5.424663
42506.384000,5.566991,5.427868
42506.384000,5.566712,5.433758
42506.384000,5.566856,5.443412
42506.384000,5.566863,5.440748
42506.384000,5.567117,5.437942
42506.384000,5.567046,5.437972
42506.384000,5.567188,5.438655
42506.384000,5.566676,5.429332
42506.384000,5.565672,5.426045
42506.384000,5.566036,5.424636
42506.384000,5.566056,5.421432
42506.384000,5.566981,5.425694
42506.384000,5.567725,5.424554
42506.384000,5.567972,5.427523
42506.384000,5.565480,5.430460
42506.384000,5.565404,5.425483
42506.384000,5.565197,5.427778
42506.384000,5.565879,5.424404
42506.384000,5.566523,5.424276
42506.384000,5.567494,5.427868
42506.384000,5.568167,5.425333
42506.384000,5.568345,5.423060
42506.384000,5.568289,5.423228
42506.384000,5.568284,5.424934
42506.384000,5.567898,5.420176
42506.384000,5.568349,5.422086
42506.384000,5.568663,5.425680
42506.384000,5.567959,5.425053
42506.384000,5.567636,5.425608
42506.384000,5.565104,5.424170
42506.384000,5.563743,5.426600
42506.384000,5.563816,5.422534
42506.384000,5.564668,5.423321
42506.384000,5.565240,5.425532
42506.384000,5.565309,5.425043
42506.384000,5.565295,5.421147
42506.384000,5.565749,5.422293
42506.384000,5.564370,5.422100
42506.384000,5.563988,5.427181
42506.384000,5.563255,5.423832
42506.384000,5.564189,5.423082
42506.384000,5.564476,5.421951
42506.384000,5.564810,5.432822
42506.384000,5.565491,5.431808
42506.384000,5.566310,5.434473
42506.384000,5.567569,5.426037
42506.384000,5.568649,5.431025
42506.384000,5.568586,5.431015
42506.384000,5.567256,5.430725
42506.384000,5.566805,5.428853
42506.384000,5.566158,5.427976
42506.384000,5.565915,5.422856
42506.384000,5.565789,5.423058
42506.384000,5.564575,5.426382
42506.384000,5.563535,5.427280
42506.384000,5.562599,5.428184
42506.384000,5.563485,5.429715
42506.384000,5.563841,5.412772
42506.384000,5.564568,5.412197
42506.384000,5.565062,5.417578
42506.384000,5.566335,5.414097
42506.384000,5.566924,5.416363
42506.384000,5.564854,5.414900
42506.384000,5.564389,5.421375
42506.384000,5.565101,5.415811
42506.384000,5.564935,5.422917
42506.384000,5.564019,5.425675
42506.384000,5.561580,5.427584
42506.384000,5.561071,5.425644
42506.384000,5.562143,5.423695
42506.384000,5.563096,5.424307
42506.384000,5.561727,5.427152
42506.384000,5.559220,5.424589
42506.384000,5.558920,5.427081
42506.384000,5.558398,5.424838
42506.384000,5.558326,5.425377
42506.384000,5.558153,5.425583
42506.384000,5.559478,5.426769
42506.384000,5.560650,5.427719
42506.384000,5.561524,5.426076
42506.384000,5.560177,5.425448
42506.384000,5.560641,5.425288
42506.384000,5.562078,5.425954
42506.384000,5.563251,5.426408
42506.384000,5.564061,5.426797
42506.384000,5.563562,5.426154
42506.384000,5.560531,5.427462
42506.384000,5.560096,5.425785
42506.384000,5.559872,5.423601
42506.384000,5.559709,5.425801
42506.384000,5.559982,5.426460
42506.384000,5.560816,5.426000
42506.384000,5.561704,5.426388
42506.384000,5.562163,5.424114
42506.384000,5.563419,5.425223
42506.384000,5.564455,5.424991
42506.384000,5.564878,5.429818
42506.384000,5.565285,5.424369
42506.384000,5.564632,5.429148
42506.384000,5.564504,5.427560
42506.384000,5.564414,5.425967
42506.384000,5.563638,5.426030
42506.384000,5.564126,5.425902
42506.384000,5.564362,5.426951
42506.384000,5.564542,5.425430
42506.384000,5.564941,5.426092
42506.384000,5.565683,5.422765
42506.384000,5.566198,5.427931
42506.384000,5.566707,5.424987
42506.384000,5.566644,5.426497
42506.384000,5.566351,5.426194
42506.384000,5.566415,5.426734
42506.384000,5.566230,5.429475
42506.384000,5.565736,5.428361
42506.384000,5.566137,5.427293
42506.384000,5.566719,5.428418
42506.384000,5.566583,5.415594
42506.384000,5.566321,5.425458
42506.384000,5.567038,5.417357
42506.384000,5.567007,5.415195
42506.384000,5.566772,5.415227
42506.384000,5.567334,5.418130
42506.384000,5.567009,5.413589
42506.384000,5.566674,5.414647
42506.384000,5.566728,5.414669
42506.384000,5.565883,5.413394
42506.384000,5.565707,5.412771
42506.384000,5.565949,5.411773
42506.384000,5.565918,5.415723
42506.384000,5.565544,5.411964
42506.384000,5.565765,5.415554
42506.384000,5.565429,5.412624
42506.384000,5.565017,5.411939
42506.384000,5.565575,5.412259
42506.384000,5.565737,5.410831
42506.384000,5.566185,5.413931
42506.384000,5.566011,5.411394
42506.384000,5.567158,5.428312
42506.384000,5.567771,5.426614
42506.384000,5.568454,5.427342
42506.384000,5.569251,5.424345
42506.384000,5.568955,5.426327
42506.384000,5.568902,5.426061
42506.384000,5.569512,5.423119
42506.384000,5.570003,5.428335
42506.384000,5.570227,5.425180
42506.384000,5.570297,5.427423
42506.384000,5.570525,5.428555
42506.384000,5.570120,5.428642
42506.384000,5.570146,5.428728
42506.384000,5.568370,5.429835
42506.384000,5.568044,5.428202
42506.384000,5.568457,5.426624
42506.384000,5.569382,5.426471
42506.384000,5.570246,5.430558
42506.384000,5.570482,5.431511
42506.384000,5.569689,5.428796
42506.384000,5.567732,5.429618
42506.384000,5.567971,5.428908
42506.384000,5.568697,5.427895
42506.384000,5.569357,5.430131
42506.384000,5.569445,5.430324
42506.384000,5.569723,5.431213
42506.384000,5.567961,5.425231
42506.384000,5.568888,5.427495
42506.384000,5.567774,5.427767
42506.384000,5.568621,5.436385
42506.384000,5.568838,5.434771
42506.384000,5.569312,5.438788
42506.384000,5.570558,5.439538
42506.384000,5.571179,5.427787
42506.384000,5.571960,5.426287
42506.384000,5.572364,5.425157
42506.384000,5.573251,5.427282
42506.384000,5.574157,5.426140
42506.384000,5.574941,5.427357
42506.384000,5.575531,5.426214
42506.384000,5.574355,5.422789
42506.384000,5.573987,5.429158
42506.384000,5.574201,5.424246
42506.384000,5.574589,5.426601
42506.384000,5.574339,5.427041
42506.384000,5.573732,5.430747
42506.384000,5.572514,5.428426
42506.384000,5.572861,5.428917
42506.384000,5.572788,5.425234
42506.384000,5.573043,5.424756
42506.384000,5.572335,5.424848
42506.384000,5.571946,5.427729
42506.384000,5.573126,5.428263
42506.384000,5.573956,5.430677
42506.384000,5.574319,5.428811
42506.384000,5.573763,5.428552
42506.384000,5.572295,5.427241
42506.384000,5.572477,5.427450
42506.384000,5.571613,5.428794
42506.384000,5.571360,5.428892
42506.384000,5.571474,5.435049
42506.384000,5.571586,5.438064
42506.384000,5.572106,5.436916
42506.384000,5.572310,5.436996
42506.384000,5.571356,5.429115
42506.384000,5.571243,5.427456
42506.384000,5.571479,5.423421
42506.384000,5.571638,5.425425
42506.384000,5.572008,5.424218
42506.384000,5.572216,5.425711
42506.384000,5.573364,5.427481
42506.384000,5.573974,5.429962
42506.384000,5.574924,5.429466
42506.384000,5.575872,5.428151
42506.384000,5.576792,5.427074
42506.384000,5.577739,5.429190
42506.384000,5.577930,5.426239
42506.384000,5.578021,5.430570
42506.384000,5.577349,5.429336
42506.384000,5.576465,5.429681
42506.384000,5.573285,5.430430
42506.384000,5.573573,5.430828
42506.384000,5.573815,5.431630
42506.384000,5.573920,5.432144
42506.384000,5.573977,5.430482
42506.384000,5.573900,5.432253
42506.384000,5.574693,5.431484
42506.384000,5.575471,5.428555
42506.384000,5.575370,5.429344
42506.384000,5.576081,5.429161
42506.384000,5.576562,5.432358
42506.384000,5.577261,5.435454
42506.384000,5.578092,5.435444
42506.384000,5.578783,5.433897
42506.384000,5.579084,5.434718
42506.384000,5.578866,5.437619
42506.384000,5.579028,5.434059
42506.384000,5.579637,5.432934
42506.384000,5.579778,5.436010
42506.384000,5.578830,5.434820
42506.384000,5.578855,5.435346
42506.384000,5.578865,5.431060
42506.384000,5.578408,5.435858
42506.384000,5.578157,5.436674
42506.384000,5.577306,5.435317
42506.384000,5.577982,5.436905
42506.384000,5.577980,5.435692
42506.384000,5.577882,5.435771
42506.384000,5.577923,5.434029
42506.384000,5.577514,5.437048
42506.384000,5.578342,5.434176
42506.384000,5.578916,5.434174
42506.384000,5.579075,5.432514
42506.384000,5.578340,5.433963
42506.384000,5.578453,5.432581
42506.384000,5.577743,5.431797
42506.384000,5.577435,5.434466
42506.384000,5.577676,5.434290
42506.384000,5.577637,5.435066
42506.384000,5.578217,5.436342
42506.384000,5.578805,5.433670
42506.384000,5.578897,5.433163
42506.384000,5.579131,5.436602
42506.384000,5.578187,5.432630
42506.384000,5.578486,5.434246
42506.384000,5.578905,5.435175
42506.384000,5.579865,5.436195
42506.384000,5.580189,5.436062
42506.384000,5.579917,5.432882
42506.384000,5.579339,5.434385
42506.384000,5.579293,5.437519
42506.384000,5.579247,5.437566
42506.384000,5.578381,5.435407
42506.384000,5.579196,5.432045
42506.384000,5.579144,5.433203
42506.384000,5.579334,5.434965
42506.384000,5.579864,5.431855
42506.384000,5.580687,5.432299
42506.384000,5.580249,5.437701
42506.384000,5.580864,5.437869
42506.384000,5.580811,5.435448
42506.384000,5.579967,5.436784
42506.384000,5.579892,5.433433
42506.384000,5.579856,5.435746
42506.384000,5.579910,5.435653
42506.384000,5.579968,5.439963
42506.384000,5.579782,5.435033
42506.384000,5.580953,5.436513
42506.384000,5.581322,5.438311
42506.384000,5.580677,5.437020
42506.384000,5.581567,5.434307
42506.384000,5.582813,5.438389
42506.384000,5.583367,5.438663
42506.384000,5.583080,5.438643
42506.384000,5.582797,5.437125
42506.384000,5.582091,5.437286
42506.384000,5.581611,5.438181
42506.384000,5.581491,5.435307
42506.384000,5.581607,5.433611
42506.384000,5.582452,5.434051
42506.384000,5.583250,5.436835
42506.384000,5.584034,5.435652
42506.384000,5.585216,5.433976
42506.384000,5.585962,5.435294
42506.384000,5.585342,5.438006
42506.384000,5.585175,5.436196
42506.384000,5.585072,5.435462
42506.384000,5.585429,5.434673
42506.384000,5.586250,5.439930
42506.384000,5.585217,5.435923
42506.384000,5.585546,5.436406
42506.384000,5.585524,5.434937
42506.384000,5.585354,5.435393
42506.384000,5.585416,5.433810
42506.384000,5.584709,5.438029
42506.384000,5.584706,5.436648
42506.384000,5.585287,5.435012
42506.384000,5.585859,5.439936
42506.384000,5.585956,5.438951
42506.384000,5.586248,5.439008
42506.384000,5.585601,5.440253
42506.384000,5.585453,5.438470
42506.384000,5.586248,5.438153
42506.384000,5.586408,5.441624
42506.384000,5.586814,5.439704
42506.384000,5.586609,5.440382
42506.384000,5.586681,5.437355
42506.384000,5.587116,5.439374
42506.384000,5.587385,5.438672
42506.384000,5.587697,5.439333
42506.384000,5.587927,5.440098
42506.384000,5.588278,5.440790
42506.384000,5.587866,5.441392
42506.384000,5.588760,5.440890
42506.384000,5.587930,5.441427
42506.384000,5.588356,5.439529
42506.384000,5.588280,5.439225
42506.384000,5.588474,5.442155
42506.384000,5.589047,5.440163
42506.384000,5.589177,5.441227
42506.384000,5.588105,5.440460
42506.384000,5.587953,5.435977
42506.384000,5.586951,5.440830
42506.384000,5.587614,5.440588
42506.384000,5.587709,5.441065
42506.384000,5.588007,5.441554
42506.384000,5.587570,5.438914
42506.384000,5.586600,5.436937
42506.384000,5.586489,5.439235
42506.384000,5.586809,5.436393
42506.384000,5.586831,5.436496
42506.384000,5.586738,5.439840
42506.384000,5.586689,5.441542
42506.384000,5.585122,5.440661
42506.384000,5.585228,5.441084
42506.384000,5.585330,5.441493
42506.384000,5.585398,5.439485
42506.384000,5.584205,5.440599
42506.384000,5.585351,5.441995
42506.384000,5.583456,5.442820
42506.384000,5.582900,5.441037
42506.384000,5.583780,5.444365
42506.384000,5.584071,5.442375
42506.384000,5.583027,5.442485
42506.384000,5.583338,5.440033
42506.384000,5.582102,5.443159
42506.384000,5.583010,5.443046
42506.384000,5.583330,5.445406
42506.384000,5.582774,5.445985
42506.384000,5.582785,5.448942
42506.384000,5.583580,5.450806
42506.384000,5.583313,5.446681
42506.384000,5.585043,5.441509
42506.384000,5.583990,5.443431
42506.384000,5.582454,5.440720
42506.384000,5.582907,5.445311
42506.384000,5.583991,5.450318
42506.384000,5.584067,5.445694
42506.384000,5.583745,5.440997
42506.384000,5.584082,5.443401
42506.384000,5.583987,5.445268
42506.384000,5.583507,5.444851
42506.384000,5.582907,5.451526
42506.384000,5.583601,5.450766
42506.384000,5.584243,5.452365
42506.384000,5.585192,5.451098
42506.384000,5.585568,5.452030
42506.384000,5.585447,5.449077
42506.384000,5.586107,5.442448
42506.384000,5.585581,5.447831
42506.384000,5.585063,5.451641
42506.384000,5.584718,5.454184
42506.384000,5.585019,5.452697
42506.384000,5.586060,5.447058
42506.384000,5.586551,5.443130
42506.384000,5.585383,5.444217
42506.384000,5.585146,5.443354
42506.384000,5.584691,5.447945
42506.384000,5.584881,5.450301
42506.384000,5.585181,5.451603
42506.384000,5.585512,5.448487
42506.384000,5.585265,5.451505
42506.384000,5.586016,5.452674
42506.384000,5.586946,5.448541
42506.384000,5.586479,5.450443
42506.384000,5.586469,5.455440
42506.384000,5.585864,5.454638
42506.384000,5.584855,5.453693
42506.384000,5.584658,5.454950
42506.384000,5.585158,5.453972
42506.384000,5.584274,5.455807
42506.384000,5.584989,5.451787
42506.384000,5.585410,5.452150
42506.384000,5.585740,5.453386
42506.384000,5.586030,5.453655
42506.384000,5.585675,5.453312
42506.384000,5.585495,5.451687
42506.384000,5.585432,5.449415
42506.384000,5.585439,5.447632
42506.384000,5.585330,5.452050
42506.384000,5.586095,5.452404
42506.384000,5.586759,5.452759
42506.384000,5.585936,5.451327
42506.384000,5.585146,5.451427
42506.384000,5.585080,5.451017
42506.384000,5.585313,5.448887
42506.384000,5.585812,5.451981
42506.384000,5.585848,5.452214
42506.384000,5.586878,5.451629
42506.384000,5.586565,5.451296
42506.384000,5.585385,5.453141
42506.384000,5.584794,5.454136
42506.384000,5.585273,5.454160
42506.384000,5.584532,5.455627
42506.384000,5.584388,5.454885
42506.384000,5.584721,5.454029
42506.384000,5.584412,5.450555
42506.384000,5.585049,5.450913
42506.384000,5.585615,5.450388
42506.384000,5.586227,5.448310
42506.384000,5.585614,5.451583
42506.384000,5.585671,5.453504
42506.384000,5.585850,5.452734
42506.384000,5.585997,5.454386
42506.384000,5.586236,5.452040
42506.384000,5.585585,5.453336
42506.384000,5.584746,5.453194
42506.384000,5.585249,5.453650
42506.384000,5.586146,5.452909
42506.384000,5.586578,5.453681
42506.384000,5.586380,5.450493
42506.384000,5.586819,5.455287
42506.384000,5.587490,5.454206
42506.384000,5.587609,5.452875
42506.384000,5.586878,5.455436
42506.384000,5.586228,5.451563
42506.384000,5.586967,5.449091
42506.384000,5.588205,5.444035
42506.384000,5.589474,5.444536
42506.384000,5.590538,5.443228
42506.384000,5.590439,5.442671
42506.384000,5.591458,5.440047
42506.384000,5.592229,5.445383
42506.384000,5.591954,5.448093
42506.384000,5.592098,5.445898
42506.384000,5.591550,5.445235
42506.384000,5.590894,5.444485
42506.384000,5.591587,5.445465
42506.384000,5.591819,5.441716
42506.384000,5.591917,5.444263
42506.384000,5.591706,5.445341
42506.384000,5.591146,5.446434
42506.384000,5.591690,5.446306
42506.384000,5.591751,5.446221
42506.384000,5.592108,5.442866
42506.384000,5.592508,5.441145
42506.384000,5.592663,5.442270
42506.384000,5.593122,5.443944
42506.384000,5.592238,5.444881
42506.384000,5.591111,5.444444
42506.384000,5.591685,5.444495
42506.384000,5.591781,5.447410
42506.384000,5.590883,5.442441
42506.384000,5.590481,5.444700
42506.384000,5.590216,5.443225
42506.384000,5.590764,5.443708
42506.384000,5.591427,5.441782
42506.384000,5.591324,5.444645
42506.384000,5.591758,5.446124
42506.384000,5.591885,5.445333
42506.384000,5.592340,5.443481
42506.384000,5.592515,5.444879
42506.384000,5.592558,5.444186
42506.384000,5.592358,5.442451
42506.384000,5.591926,5.444125
42506.384000,5.591038,5.441063
42506.384000,5.590440,5.441867
42506.384000,5.588839,5.442679
42506.384000,5.588162,5.442264
42506.384000,5.587829,5.441029
42506.384000,5.588173,5.443435
42506.384000,5.588406,5.440841
42506.384000,5.587242,5.440434
42506.384000,5.588428,5.442229
42506.384000,5.588956,5.441531
42506.384000,5.588317,5.441827
42506.384000,5.588066,5.443043
42506.384000,5.587498,5.443517
42506.384000,5.587377,5.442318
42506.384000,5.587636,5.438783
42506.384000,5.587659,5.440304
42506.384000,5.588534,5.442805
42506.384000,5.589324,5.442910
42506.384000,5.589435,5.440649
42506.384000,5.589248,5.441218
42506.384000,5.588872,5.439389
42506.384000,5.589103,5.440568
42506.384000,5.589222,5.441615
42506.384000,5.589947,5.440190
42506.384000,5.590802,5.441579
42506.384000,5.591846,5.441248
42506.384000,5.591259,5.442088
42506.384000,5.590764,5.442814
42506.384000,5.590761,5.445571
42506.384000,5.591090,5.446402
42506.384000,5.590454,5.442836
42506.384000,5.590625,5.443102
42506.384000,5.591153,5.444442
42506.384000,5.591852,5.442468
42506.384000,5.590968,5.441370
42506.384000,5.589103,5.440983
42506.384000,5.588680,5.441629
42506.384000,5.589212,5.441793
42506.384000,5.588979,5.440664
42506.384000,5.589340,5.439719
42506.384000,5.589872,5.442252
42506.384000,5.590447,5.442367
42506.384000,5.590684,5.441711
42506.384000,5.590964,5.441278
42506.384000,5.590087,5.442901
42506.384000,5.590531,5.440505
42506.384000,5.591095,5.443620
42506.384000,5.591754,5.444204
42506.384000,5.592900,5.444290
42506.384000,5.593281,5.444091
42506.384000,5.593101,5.444580
42506.384000,5.592644,5.442698
42506.384000,5.590715,5.445289
42506.384000,5.590090,5.444889
42506.384000,5.590900,5.446764
42506.384000,5.591481,5.444022
42506.384000,5.590768,5.443286
42506.384000,5.590491,5.446013
42506.384000,5.590189,5.444877
42506.384000,5.590201,5.443510
42506.384000,5.590136,5.443488
42506.384000,5.590537,5.445893
42506.384000,5.590995,5.445762
42506.384000,5.591876,5.446384
42506.384000,5.591869,5.445902
42506.384000,5.590614,5.448275
42506.384000,5.590063,5.446663
42506.384000,5.590243,5.446961
42506.384000,5.590652,5.449323
42506.384000,5.591621,5.448824
42506.384000,5.592740,5.446220
42506.384000,5.593789,5.446901
42506.384000,5.594386,5.449328
42506.384000,5.594314,5.450442
42506.384000,5.594262,5.449716
42506.384000,5.594730,5.448447
42506.384000,5.594364,5.450542
42506.384000,5.594042,5.451029
42506.384000,5.593676,5.448521
42506.384000,5.593755,5.447753
42506.384000,5.594213,5.447780
42506.384000,5.593892,5.449356
42506.384000,5.594365,5.449997
42506.384000,5.594885,5.447361
42506.384000,5.594660,5.448196
42506.384000,5.593428,5.446824
42506.384000,5.593716,5.447569
42506.384000,5.593205,5.447097
42506.384000,5.594177,5.446402
42506.384000,5.594441,5.448057
42506.384000,5.595487,5.448183
42506.384000,5.595235,5.447436
42506.384000,5.594279,5.447328
42506.384000,5.594463,5.445716
42506.384000,5.595243,5.447481
42506.384000,5.595824,5.446960
42506.384000,5.595751,5.446332
42506.384000,5.595829,5.445144
42506.384000,5.596006,5.448704
42506.384000,5.594896,5.447030
42506.384000,5.595475,5.449785
42506.384000,5.595592,5.448542
42506.384000,5.594187,5.450229
42506.384000,5.592855,5.450315
42506.384000,5.593709,5.449500
42506.384000,5.594474,5.447465
42506.384000,5.595244,5.445641
42506.384000,5.594089,5.447701
42506.384000,5.594878,5.448558
42506.384000,5.595929,5.452821
42506.384000,5.596931,5.446413
42506.384000,5.596281,5.449585
42506.384000,5.596590,5.450329
42506.384000,5.595611,5.450330
42506.384000,5.593584,5.446536
42506.384000,5.593513,5.447124
42506.384000,5.593967,5.447928
42506.384000,5.594657,5.450680
42506.384000,5.594267,5.452113
42506.384000,5.594291,5.451761
42506.384000,5.593679,5.447450
42506.384000,5.594022,5.449020
42506.384000,5.595580,5.449333
42506.384000,5.595252,5.448686
42506.384000,5.595460,5.448584
42506.384000,5.594241,5.448310
42506.384000,5.594156,5.447911
42506.384000,5.594239,5.449285
42506.384000,5.594039,5.449467
42506.384000,5.593916,5.448312
42506.384000,5.593191,5.448526
42506.384000,5.594317,5.450968
42506.384000,5.595301,5.450859
42506.384000,5.594851,5.450972
42506.384000,5.594802,5.448531
42506.384000,5.594911,5.450784
42506.384000,5.595605,5.451270
42506.384000,5.595093,5.448500
42506.384000,5.594453,5.449730
42506.384000,5.593491,5.445462
42506.384000,5.593826,5.446730
42506.384000,5.594410,5.450141
42506.384000,5.594918,5.451177
42506.384000,5.594059,5.453696
42506.384000,5.594072,5.448886
42506.384000,5.594725,5.447749
42506.384000,5.593439,5.448238
42506.384000,5.594672,5.449887
42506.384000,5.595595,5.451615
42506.384000,5.596561,5.452432
42506.384000,5.597577,5.452159
42506.384000,5.597086,5.451927
42506.384000,5.597925,5.449555
42506.384000,5.597105,5.451178
42506.384000,5.597003,5.453706
42506.384000,5.596436,5.449577
42506.384000,5.597121,5.452817
42506.384000,5.596862,5.454480
42506.384000,5.597078,5.454222
42506.384000,5.597378,5.448521
42506.384000,5.597561,5.450936
42506.384000,5.597923,5.448424
42506.384000,5.597246,5.447958
42506.384000,5.597366,5.453567
42506.384000,5.597600,5.449349
42506.384000,5.597686,5.450769
42506.384000,5.598769,5.449699
42506.384000,5.599414,5.451279
42506.384000,5.600011,5.448871
42506.384000,5.599813,5.449864
42506.384000,5.598983,5.446350
42506.384000,5.599668,5.449170
42506.384000,5.599795,5.449090
42506.384000,5.598768,5.447643
42506.384000,5.597805,5.451256
42506.384000,5.596717,5.451466
42506.384000,5.596610,5.452458
42506.384000,5.596143,5.452307
42506.384000,5.596772,5.451422
42506.384000,5.597525,5.453003
42506.384000,5.597956,5.451924
42506.384000,5.598586,5.454148
42506.384000,5.598569,5.452403
42506.384000,5.597913,5.449427
42506.384000,5.598011,5.450929
42506.384000,5.597574,5.450852
42506.384000,5.597326,5.448789
42506.384000,5.597520,5.446955
42506.384000,5.597218,5.447208
42506.384000,5.596954,5.449361
42506.384000,5.596499,5.449441
42506.384000,5.596775,5.449742
42506.384000,5.597118,5.449903
42506.384000,5.596486,5.452399
42506.384000,5.596520,5.449433
42506.384000,5.597056,5.449519
42506.384000,5.597484,5.446599
42506.384000,5.596586,5.446592
42506.384000,5.596511,5.447541
42506.384000,5.596331,5.450526
42506.384000,5.596112,5.447323
42506.384000,5.594311,5.447555
42506.384000,5.595053,5.449791
42506.384000,5.595289,5.449717
42506.384000,5.596062,5.450803
42506.384000,5.596220,5.449338
42506.384000,5.596056,5.448776
42506.384000,5.596646,5.449438
42506.384000,5.596267,5.448988
42506.384000,5.596203,5.448166
42506.384000,5.595517,5.450857
42506.384000,5.595115,5.450024
42506.384000,5.595919,5.449192
42506.384000,5.596235,5.448560
42506.384000,5.597255,5.445464
42506.384000,5.597198,5.445860
42506.384000,5.597284,5.449159
42506.384000,5.597332,5.447563
42506.384000,5.597026,5.446464
42506.384000,5.596952,5.447913
42506.384000,5.596180,5.448826
42506.384000,5.596940,5.449138
42506.384000,5.597277,5.449911
42506.384000,5.597879,5.450349
42506.384000,5.597784,5.450766
42506.384000,5.597707,5.448507
42506.384000,5.597949,5.449141
42506.384000,5.598390,5.446759
42506.384000,5.598130,5.447630
42506.384000,5.598332,5.450373
42506.384000,5.597583,5.451839
42506.384000,5.597880,5.452087
42506.384000,5.598484,5.454089
42506.384000,5.598308,5.452033
42506.384000,5.597913,5.451568
42506.384000,5.598528,5.450964
42506.384000,5.598566,5.449000
42506.384000,5.597502,5.449924
42506.384000,5.597982,5.452351
42506.384000,5.599069,5.451658
42506.384000,5.600099,5.452189
42506.384000,5.600350,5.449975
42506.384000,5.600960,5.451706
42506.384000,5.601850,5.451097
42506.384000,5.602142,5.454862
42506.384000,5.602786,5.453000
42506.384000,5.602331,5.450713
42506.384000,5.601985,5.450816
42506.384000,5.601383,5.447645
42506.384000,5.601066,5.453296
42506.384000,5.600943,5.449620
42506.384000,5.601134,5.450653
42506.384000,5.601159,5.451271
42506.384000,5.600581,5.453384
42506.384000,5.600387,5.455570
42506.384000,5.600622,5.452592
42506.384000,5.601741,5.455594
42506.384000,5.602134,5.456656
42506.384000,5.602851,5.453971
42506.384000,5.602468,5.452843
42506.384000,5.602156,5.453127
42506.384000,5.602037,5.454562
42506.384000,5.602315,5.453045
42506.384000,5.602183,5.451845
42506.384000,5.601842,5.450537
42506.384000,5.601970,5.450135
42506.384000,5.602170,5.451670
42506.384000,5.602651,5.450819
42506.384000,5.602034,5.451848
42506.384000,5.602444,5.453195
42506.384000,5.603938,5.450522
42506.384000,5.603438,5.451348
42506.384000,5.602824,5.448723
42506.384000,5.602817,5.451998
42506.384000,5.602725,5.449479
42506.384000,5.603705,5.452589
42506.384000,5.603723,5.454714
42506.384000,5.603913,5.453801
42506.384000,5.604251,5.450397
42506.384000,5.602449,5.453291
42506.384000,5.603493,5.451681
42506.384000,5.603289,5.453720
42506.384000,5.603637,5.454702
42506.384000,5.604606,5.452532
42506.384000,5.604871,5.455532
42506.384000,5.604614,5.451056
42506.384000,5.603980,5.452157
42506.384000,5.604049,5.452011
42506.384000,5.604111,5.454097
42506.384000,5.603435,5.453579
42506.384000,5.603116,5.453099
42506.384000,5.603841,5.452801
42506.384000,5.604228,5.453902
42506.384000,5.604798,5.453523
42506.384000,5.604971,5.450252
42506.384000,5.604946,5.453458
42506.384000,5.604342,5.453060
42506.384000,5.604921,5.451243
42506.384000,5.604957,5.450949
42506.384000,5.605309,5.452350
42506.384000,5.604754,5.452577
42506.384000,5.604021,5.455333
42506.384000,5.604515,5.453719
42506.384000,5.605470,5.451023
42506.384000,5.605848,5.451438
42506.384000,5.606020,5.452987
42506.384000,5.605294,5.452681
42506.384000,5.604367,5.451066
42506.384000,5.605145,5.450590
42506.384000,5.606235,5.455254
42506.384000,5.605483,5.452630
42506.384000,5.604718,5.453048
42506.384000,5.604446,5.454591
42506.384000,5.604783,5.453638
42506.384000,5.603904,5.453392
42506.384000,5.604312,5.453172
42506.384000,5.603533,5.447333
42506.384000,5.603280,5.450219
42506.384000,5.603663,5.451066
42506.384000,5.603795,5.451063
42506.384000,5.602968,5.455161
42506.384000,5.602373,5.452650
42506.384000,5.602945,5.451656
42506.384000,5.602845,5.452922
42506.384000,5.603159,5.452679
42506.384000,5.602634,5.452512
42506.384000,5.602524,5.449437
42506.384000,5.603332,5.455059
42506.384000,5.602828,5.449099
42506.384000,5.602492,5.451390
42506.384000,5.602920,5.453176
42506.384000,5.602748,5.450426
42506.384000,5.602765,5.453635
42506.384000,5.603241,5.453667
42506.384000,5.602408,5.450836
42506.384000,5.602168,5.455285
42506.384000,5.601806,5.454537
42506.384000,5.602392,5.456904
42506.384000,5.603300,5.456331
42506.384000,5.603694,5.450852
42506.384000,5.603245,5.450799
42506.384000,5.603870,5.450763
42506.384000,5.603816,5.452141
42506.384000,5.604520,5.454992
42506.384000,5.602445,5.449897
42506.384000,5.603472,5.456408
42506.384000,5.603868,5.453526
42506.384000,5.603837,5.456967
42506.384000,5.604311,5.453228
42506.384000,5.604662,5.453936
42506.384000,5.604814,5.450463
42506.384000,5.604843,5.452114
42506.384000,5.604904,5.454374
42506.384000,5.605253,5.455292
42506.384000,5.604487,5.452736
42506.384000,5.604734,5.456994
42506.384000,5.604741,5.454188
42506.384000,5.604534,5.455474
42506.384000,5.605640,5.457528
42506.384000,5.605366,5.456862
42506.384000,5.606177,5.458196
42506.384000,5.605180,5.452931
42506.384000,5.605454,5.453676
42506.384000,5.605429,5.457880
42506.384000,5.605145,5.455216
42506.384000,5.603931,5.450694
42506.384000,5.604655,5.458513
42506.384000,5.605337,5.457878
42506.384000,5.605712,5.458441
42506.384000,5.606408,5.455958
42506.384000,5.605937,5.455673
42506.384000,5.605610,5.454381
42506.384000,5.606462,5.454659
42506.384000,5.606454,5.454071
42506.384000,5.605879,5.454895
42506.384000,5.605851,5.454932
42506.384000,5.606024,5.456655
42506.384000,5.606725,5.454668
42506.384000,5.607025,5.454476
42506.384000,5.606793,5.457696
42506.384000,5.607209,5.457841
42506.384000,5.607806,5.455299
42506.384000,5.608550,5.455207
42506.384000,5.608252,5.457490
42506.384000,5.607425,5.456732
42506.384000,5.608131,5.454652
42506.384000,5.607934,5.455878
42506.384000,5.608200,5.454925
42506.384000,5.607926,5.455367
42506.384000,5.607645,5.455824
42506.384000,5.607159,5.453972
42506.384000,5.607451,5.455432
42506.384000,5.607086,5.453996
42506.384000,5.607138,5.452015
42506.384000,5.607412,5.451799
42506.384000,5.606695,5.451315
42506.384000,5.607323,5.454788
42506.384000,5.606888,5.449353
42506.384000,5.606346,5.453827
42506.384000,5.606337,5.454656
42506.384000,5.605358,5.453892
42506.384000,5.605347,5.450552
42506.384000,5.605715,5.452128
42506.384000,5.606483,5.452658
42506.384000,5.607455,5.452075
42506.384000,5.607105,5.449853
42506.384000,5.606164,5.452404
42506.384000,5.605888,5.452581
42506.384000,5.606322,5.453108
42506.384000,5.605961,5.454231
42506.384000,5.606716,5.454569
42506.384000,5.606993,5.453369
42506.384000,5.606982,5.457340
42506.384000,5.606054,5.453872
42506.384000,5.605863,5.455839
42506.384000,5.606098,5.455087
42506.384000,5.605960,5.456001
42506.384000,5.606918,5.456032
42506.384000,5.607758,5.458676
42506.384000,5.607314,5.456884
42506.384000,5.606959,5.453145
42506.384000,5.607478,5.454256
42506.384000,5.607790,5.455504
42506.384000,5.607923,5.452041
42506.384000,5.608485,5.458029
42506.384000,5.608792,5.455947
42506.384000,5.607829,5.454331
42506.384000,5.607308,5.454752
42506.384000,5.606883,5.456808
42506.384000,5.607450,5.456652
42506.384000,5.606974,5.458389
42506.384000,5.607131,5.455131
42506.384000,5.607942,5.456286
42506.384000,5.608659,5.454103
42506.384000,5.609201,5.457419
42506.384000,5.608693,5.455942
42506.384000,5.607876,5.454014
42506.384000,5.608113,5.454922
42506.384000,5.607420,5.454909
42506.384000,5.608002,5.455371
42506.384000,5.607677,5.455016
42506.384000,5.607530,5.456333
42506.384000,5.608161,5.455849
42506.384000,5.608682,5.456991
42506.384000,5.607806,5.456343
42506.384000,5.608568,5.457006
42506.384000,5.607608,5.452644
42506.384000,5.608707,5.453362
42506.384000,5.609292,5.453717
42506.384000,5.609188,5.456693
42506.384000,5.609182,5.453522
42506.384000,5.609373,5.456232
42506.384000,5.609325,5.455058
42506.384000,5.609230,5.457245
42506.384000,5.609561,5.455856
42506.384000,5.609897,5.457302
42506.384000,5.609443,5.457695
42506.384000,5.609777,5.459156
42506.384000,5.610243,5.456513
42506.384000,5.609989,5.457146
42506.384000,5.609978,5.458739
42506.384000,5.609551,5.457816
42506.384000,5.610495,5.459961
42506.384000,5.610274,5.461374
42506.384000,5.610203,5.461209
42506.384000,5.610735,5.460636
42506.384000,5.610208,5.460596
42506.384000,5.611110,5.460005
42506.384000,5.611543,5.461404
42506.384000,5.611796,5.459979
42506.384000,5.611369,5.460911
42506.384000,5.611944,5.462355
42506.384000,5.611506,5.462514
42506.384000,5.611542,5.464557
42506.384000,5.610784,5.463489
42506.384000,5.610250,5.463712
42506.384000,5.610828,5.461145
42506.384000,5.611245,5.461951
42506.384000,5.612080,5.462081
42506.384000,5.613192,5.463479
42506.384000,5.613207,5.461457
42506.384000,5.612760,5.466076
42506.384000,5.612703,5.466135
42506.384000,5.613690,5.463513
42506.384000,5.613487,5.464312
42506.384000,5.612621,5.464876
42506.384000,5.612359,5.466289
42506.384000,5.612359,5.462603
42506.384000,5.612402,5.463789
42506.384000,5.612570,5.463636
42506.384000,5.613027,5.465308
42506.384000,5.613342,5.466644
42506.384000,5.612325,5.465971
42506.384000,5.612801,5.465676
42506.384000,5.612593,5.466574
42506.384000,5.612435,5.469014
42506.384000,5.613052,5.467487
42506.384000,5.612084,5.461968
42506.384000,5.611661,5.464567
42506.384000,5.612087,5.463238
42506.384000,5.612126,5.462833
42506.384000,5.611550,5.460789
42506.384000,5.611048,5.461838
42506.384000,5.611434,5.460818
42506.384000,5.612556,5.459335
42506.384000,5.612556,5.462167
42506.384000,5.612305,5.459331
42506.384000,5.612143,5.463982
42506.384000,5.613068,5.464009
42506.384000,5.612851,5.464170
42506.384000,5.612159,5.462063
42506.384000,5.611979,5.466126
42506.384000,5.611557,5.462795
42506.384000,5.611066,5.462702
42506.384000,5.611389,5.463385
42506.384000,5.612080,5.464512
42506.384000,5.612753,5.461722
42506.384000,5.612364,5.461107
42506.384000,5.613181,5.464855
42506.384000,5.612587,5.462501
42506.384000,5.613130,5.463805
42506.384000,5.612899,5.462750
42506.384000,5.612717,5.462226
42506.384000,5.613657,5.462573
42506.384000,5.613676,5.458531
42506.384000,5.613369,5.464872
42506.384000,5.613702,5.466444
42506.384000,5.614463,5.467574
42506.384000,5.614145,5.463132
42506.384000,5.613475,5.467514
42506.384000,5.613666,5.463108
42506.384000,5.613856,5.462696
42506.384000,5.614646,5.463278
42506.384000,5.614749,5.464542
42506.384000,5.615132,5.463585
42506.384000,5.614073,5.462523
42506.384000,5.614907,5.466876
42506.384000,5.615540,5.465944
42506.384000,5.614893,5.464997
42506.384000,5.614038,5.463546
42506.384000,5.615103,5.465127
42506.384000,5.615144,5.466131
42506.384000,5.615469,5.464332
42506.384000,5.615488,5.464841
42506.384000,5.616082,5.461353
42506.384000,5.616085,5.464283
42506.384000,5.614977,5.461365
42506.384000,5.614103,5.462055
42506.384000,5.614079,5.462285
42506.384000,5.614627,5.463140
42506.384000,5.615464,5.463717
42506.384000,5.615210,5.465010
42506.384000,5.614709,5.461591
42506.384000,5.613914,5.464589
42506.384000,5.613030,5.463962
42506.384000,5.612571,5.463175
42506.384000,5.613167,5.458326
42506.384000,5.613442,5.463805
42506.384000,5.613596,5.460827
42506.384000,5.612667,5.461904
42506.384000,5.612845,5.464668
42506.384000,5.613598,5.462198
42506.384000,5.613462,5.460095
42506.384000,5.613385,5.461688
42506.384000,5.613553,5.462149
42506.384000,5.612955,5.463326
42506.384000,5.612549,5.465346
42506.384000,5.612866,5.460501
42506.384000,5.613329,5.462304
42506.384000,5.613438,5.461519
42506.384000,5.612575,5.466368
42506.384000,5.611785,5.463367
42506.384000,5.612006,5.461940
42506.384000,5.612582,5.463362
42506.384000,5.613075,5.464709
42506.384000,5.613817,5.463918
42506.384000,5.613467,5.463012
42506.384000,5.613957,5.461758
42506.384000,5.614428,5.461519
42506.384000,5.613304,5.460896
42506.384000,5.613636,5.462322
42506.384000,5.614190,5.464524
42506.384000,5.614440,5.467312
42506.384000,5.614115,5.467931
42506.384000,5.613421,5.464927
42506.384000,5.612897,5.465360
42506.384000,5.612632,5.469375
42506.384000,5.612398,5.465675
42506.384000,5.612742,5.467442
42506.384000,5.613087,5.465348
42506.384000,5.613275,5.467081
42506.384000,5.613792,5.463047
42506.384000,5.613771,5.465208
42506.384000,5.613812,5.464339
42506.384000,5.614236,5.464964
42506.384000,5.613880,5.465098
42506.384000,5.612791,5.464288
42506.384000,5.612794,5.462748
42506.384000,5.613612,5.464014
42506.384000,5.613067,5.466984
42506.384000,5.613523,5.463123
42506.384000,5.614516,5.464567
42506.384000,5.613859,5.464111
42506.384000,5.614271,5.462183
42506.384000,5.614964,5.464167
42506.384000,5.613985,5.465718
42506.384000,5.613891,5.464295
42506.384000,5.615038,5.465125
42506.384000,5.615255,5.466729
42506.384000,5.615423,5.461520
42506.384000,5.615634,5.464179
42506.384000,5.615581,5.465936
42506.384000,5.615201,5.464767
42506.384000,5.615349,5.463887
42506.384000,5.615058,5.464981
42506.384000,5.615619,5.465291
42506.384000,5.616557,5.462428
42506.384000,5.616374,5.464619
42506.384000,5.616143,5.463065
42506.384000,5.616125,5.465411
42506.384000,5.616771,5.464986
42506.384000,5.617619,5.465253
42506.384000,5.618107,5.464475
42506.384000,5.618099,5.465965
42506.384000,5.617576,5.464907
42506.384000,5.616324,5.460697
42506.384000,5.616315,5.463270
42506.384000,5.617193,5.463789
42506.384000,5.617291,5.467957
42506.384000,5.617659,5.464941
42506.384000,5.616966,5.463482
42506.384000,5.616918,5.463156
42506.384000,5.617708,5.466130
42506.384000,5.618080,5.468079
42506.384000,5.617257,5.465067
42506.384000,5.616369,5.470317
42506.384000,5.616964,5.466911
42506.384000,5.616990,5.468324
42506.384000,5.616370,5.465603
42506.384000,5.616938,5.469056
42506.384000,5.617455,5.467250
42506.384000,5.617609,5.466028
42506.384000,5.617635,5.467766
42506.384000,5.617758,5.468912
42506.384000,5.617978,5.466979
42506.384000,5.617597,5.467252
42506.384000,5.618006,5.470426
42506.384000,5.618362,5.470863
42506.384000,5.618810,5.470236
42506.384000,5.618132,5.468453
42506.384000,5.617386,5.467098
42506.384000,5.617984,5.471196
42506.384000,5.618670,5.469241
42506.384000,5.618988,5.466990
42506.384000,5.619839,5.466877
42506.384000,5.619240,5.468171
42506.384000,5.619936,5.467554
42506.384000,5.619924,5.470751
42506.384000,5.619602,5.466380
42506.384000,5.617906,5.470688
42506.384000,5.618917,5.469706
42506.384000,5.619158,5.469477
42506.384000,5.619467,5.470584
42506.384000,5.619838,5.469382
42506.384000,5.619274,5.466903
42506.384000,5.619405,5.466006
42506.384000,5.618290,5.466418
42506.384000,5.617570,5.466480
42506.384000,5.617446,5.468593
42506.384000,5.617706,5.471475
42506.384000,5.616661,5.467814
42506.384000,5.618103,5.467332
42506.384000,5.618416,5.466430
42506.384000,5.617730,5.466799
42506.384000,5.617209,5.465341
42506.384000,5.616752,5.465232
42506.384000,5.616393,5.467161
42506.384000,5.616326,5.465988
42506.384000,5.616697,5.466634
42506.384000,5.617272,5.464483
42506.384000,5.617323,5.464570
42506.384000,5.617123,5.468425
42506.384000,5.617087,5.466200
42506.384000,5.616731,5.469155
42506.384000,5.615845,5.468705
42506.384000,5.616210,5.468318
42506.384000,5.616474,5.467440
42506.384000,5.616872,5.468492
42506.384000,5.617385,5.468149
42506.384000,5.617837,5.467429
42506.384000,5.617883,5.467606
42506.384000,5.618617,5.468128
42506.384000,5.617697,5.470437
42506.384000,5.617421,5.470391
42506.384000,5.617594,5.467817
42506.384000,5.617939,5.469189
42506.384000,5.618370,5.470610
42506.384000,5.618630,5.467009
42506.384000,5.619020,5.468285
42506.384000,5.618212,5.468361
42506.384000,5.617209,5.468296
42506.384000,5.617089,5.468871
42506.384000,5.617137,5.468370
42506.384000,5.618115,5.465722
42506.384000,5.619161,5.467911
42506.384000,5.619815,5.470041
42506.384000,5.620499,5.467880
42506.384000,5.620479,5.467951
42506.384000,5.619400,5.470639
42506.384000,5.618870,5.469125
42506.384000,5.618576,5.465266
42506.384000,5.619153,5.466777
42506.384000,5.619299,5.466533
42506.384000,5.617902,5.470002
42506.384000,5.617675,5.469403
42506.384000,5.618501,5.467752
42506.384000,5.619583,5.465793
42506.384000,5.619209,5.467328
42506.384000,5.619659,5.466463
42506.384000,5.619436,5.465933
42506.384000,5.618875,5.468284
42506.384000,5.618919,5.467953
42506.384000,5.618739,5.467652
42506.384000,5.618078,5.467185
42506.384000,5.617751,5.468432
42506.384000,5.617293,5.466434
42506.384000,5.618268,5.468002
42506.384000,5.618576,5.469665
42506.384000,5.618268,5.467971
42506.384000,5.617563,5.469051
42506.384000,5.616727,5.465541
42506.384000,5.617271,5.464097
42506.384000,5.617256,5.466670
42506.384000,5.617227,5.466936
42506.384000,5.618119,5.463920
42506.384000,5.618764,5.464549
42506.384000,5.618094,5.463630
42506.384000,5.618642,5.465358
42506.384000,5.619226,5.464288
42506.384000,5.619073,5.464731
42506.384000,5.618676,5.465500
42506.384000,5.618223,5.467501
42506.384000,5.618476,5.468423
42506.384000,5.619090,5.468903
42506.384000,5.619206,5.467320
42506.384000,5.619428,5.469404
42506.384000,5.619501,5.466082
42506.384000,5.619830,5.469687
42506.384000,5.618941,5.464770
42506.384000,5.619026,5.467142
42506.384000,5.618618,5.467700
42506.384000,5.618181,5.466562
42506.384000,5.618960,5.463249
42506.384000,5.619037,5.464950
42506.384000,5.617424,5.468491
42506.384000,5.618659,5.468147
42506.384000,5.619660,5.465400
42506.384000,5.619812,5.466237
42506.384000,5.619797,5.468424
42506.384000,5.619959,5.467456
42506.384000,5.620082,5.466725
42506.384000,5.620196,5.465318
42506.384000,5.619933,5.465623
42506.384000,5.620168,5.464064
42506.384000,5.619670,5.467511
42506.384000,5.619617,5.466099
42506.384000,5.620149,5.463183
42506.384000,5.619953,5.464766
42506.384000,5.620154,5.465345
42506.384000,5.620001,5.470288
42506.384000,5.620361,5.468516
42506.384000,5.620930,5.467139
42506.384000,5.620163,5.468266
42506.384000,5.618789,5.468205
42506.384000,5.618114,5.464558
42506.384000,5.617155,5.466964
42506.384000,5.617464,5.466724
42506.384000,5.616728,5.467565
42506.384000,5.617026,5.467467
42506.384000,5.616637,5.468711
42506.384000,5.617327,5.465935
42506.384000,5.617302,5.465230
42506.384000,5.617289,5.468765
42506.384000,5.617159,5.466273
42506.384000,5.614731,5.466365
42506.384000,5.615513,5.463900
42506.384000,5.615431,5.463858
42506.384000,5.613725,5.465116
42506.384000,5.614529,5.464441
42506.384000,5.613520,5.464880
42506.384000,5.612734,5.459488
42506.384000,5.612929,5.465176
42506.384000,5.613516,5.463736
42506.384000,5.614267,5.466043
42506.384000,5.614019,5.463914
42506.384000,5.614294,5.461628
42506.384000,5.613905,5.464009
42506.384000,5.613240,5.463343
42506.384000,5.613574,5.466156
42506.384000,5.613386,5.466975
42506.384000,5.612969,5.466910
42506.384000,5.613500,5.466710
42506.384000,5.613307,5.467521
42506.384000,5.613385,5.467558
42506.384000,5.613055,5.465861
42506.384000,5.613486,5.464436
42506.384000,5.613826,5.466121
42506.384000,5.613950,5.467100
42506.384000,5.614088,5.466178
42506.384000,5.613255,5.466032
42506.384000,5.613583,5.468545
42506.384000,5.614132,5.466612
42506.384000,5.613284,5.467500
42506.384000,5.613077,5.462427
42506.384000,5.612265,5.466070
42506.384000,5.612450,5.466407
42506.384000,5.611380,5.467349
42506.384000,5.611581,5.467135
42506.384000,5.611628,5.464516
42506.384000,5.610828,5.466585
42506.384000,5.611979,5.467790
42506.384000,5.611951,5.466021
42506.384000,5.610790,5.467710
42506.384000,5.610730,5.465861
42506.384000,5.610823,5.464795
42506.384000,5.610675,5.467462
42506.384000,5.610345,5.466368
42506.384000,5.610830,5.466857
42506.384000,5.611435,5.468537
42506.384000,5.611861,5.467897
42506.384000,5.612782,5.464101
42506.384000,5.610964,5.467717
42506.384000,5.611423,5.465325
42506.384000,5.610505,5.466798
42506.384000,5.609836,5.465836
42506.384000,5.611459,5.463361
42506.384000,5.611904,5.460163
42506.384000,5.612092,5.462474
42506.384000,5.612648,5.463154
42506.384000,5.613212,5.464040
42506.384000,5.613790,5.464558
42506.384000,5.614058,5.462498
42506.384000,5.614739,5.463840
42506.384000,5.614465,5.461896
42506.384000,5.614597,5.462212
42506.384000,5.613290,5.461334
42506.384000,5.613293,5.460513
42506.384000,5.612446,5.463234
42506.384000,5.612484,5.465337
42506.384000,5.612548,5.467470
42506.384000,5.612521,5.466424
42506.384000,5.613040,5.467120
42506.384000,5.613207,5.466173
42506.384000,5.614080,5.467465
42506.384000,5.613976,5.468875
42506.384000,5.614356,5.468454
42506.384000,5.614193,5.466914
42506.384000,5.614534,5.466332
42506.384000,5.615468,5.469305
42506.384000,5.614647,5.468031
42506.384000,5.614001,5.466897
42506.384000,5.614569,5.468326
42506.384000,5.615241,5.470298
42506.384000,5.615896,5.466002
42506.384000,5.615308,5.467539
42506.384000,5.615543,5.468438
42506.384000,5.616113,5.470960
42506.384000,5.616935,5.471707
42506.384000,5.616693,5.470254
42506.384000,5.616545,5.472101
42506.384000,5.616610,5.465853
42506.384000,5.617067,5.471021
42506.384000,5.616644,5.474919
42506.384000,5.617543,5.473299
42506.384000,5.616778,5.471716
42506.384000,5.616370,5.471465
42506.384000,5.616683,5.467319
42506.384000,5.615880,5.470808
42506.384000,5.616235,5.468150
42506.384000,5.616781,5.466020
42506.384000,5.616094,5.469125
42506.384000,5.615557,5.468685
42506.384000,5.616087,5.470751
42506.384000,5.616474,5.467665
42506.384000,5.617081,5.468237
42506.384000,5.617366,5.469810
42506.384000,5.617109,5.469195
42506.384000,5.616100,5.470406
42506.384000,5.615406,5.465147
42506.384000,5.615497,5.469956
42506.384000,5.616049,5.474632
42506.384000,5.615705,5.472955
42506.384000,5.615342,5.472791
42506.384000,5.614180,5.473256
42506.384000,5.613301,5.473474
42506.384000,5.613439,5.472223
42506.384000,5.613573,5.470700
42506.384000,5.614338,5.471281
42506.384000,5.614163,5.471439
42506.384000,5.614164,5.470836
42506.384000,5.613792,5.471508
42506.384000,5.614115,5.471051
42506.384000,5.614432,5.470868
42506.384000,5.614765,5.470279
42506.384000,5.615218,5.470656
42506.384000,5.613623,5.468340
42506.384000,5.613453,5.470773
42506.384000,5.614447,5.470877
42506.384000,5.614412,5.471205
42506.384000,5.614165,5.468784
42506.384000,5.614387,5.469981
42506.384000,5.614829,5.470777
42506.384000,5.614477,5.473088
42506.384000,5.613125,5.471993
42506.384000,5.613427,5.472289
42506.384000,5.613180,5.474205
42506.384000,5.613638,5.468285
42506.384000,5.614049,5.471312
42506.384000,5.614548,5.471023
42506.384000,5.614626,5.471558
42506.384000,5.614961,5.472058
42506.384000,5.616189,5.471923
42506.384000,5.616335,5.471974
42506.384000,5.615474,5.471864
42506.384000,5.614682,5.469826
42506.384000,5.614278,5.472282
42506.384000,5.614477,5.468137
42506.384000,5.613970,5.470483
42506.384000,5.614151,5.466536
42506.384000,5.614855,5.466403
42506.384000,5.615910,5.468705
42506.384000,5.616317,5.468453
42506.384000,5.616653,5.469275
42506.384000,5.617073,5.471092
42506.384000,5.617233,5.467906
42506.384000,5.617330,5.465320
42506.384000,5.617260,5.471230
42506.384000,5.617833,5.472518
42506.384000,5.617858,5.476539
42506.384000,5.616350,5.470953
42506.384000,5.616140,5.471083
42506.384000,5.617596,5.470033
42506.384000,5.617835,5.469780
42506.384000,5.617609,5.471626
42506.384000,5.617178,5.471664
42506.384000,5.617558,5.474189
42506.384000,5.617041,5.471751
42506.384000,5.616588,5.470630
42506.384000,5.616780,5.472418
42506.384000,5.616579,5.473565
42506.384000,5.616074,5.471809
42506.384000,5.616497,5.473897
42506.384000,5.615270,5.472160
42506.384000,5.615091,5.476769
42506.384000,5.616176,5.475889
42506.384000,5.617101,5.473451
42506.384000,5.618000,5.469722
42506.384000,5.618912,5.471662
42506.384000,5.618780,5.474659
42506.384000,5.619264,5.472228
42506.384000,5.619476,5.470958
42506.384000,5.617959,5.469797
42506.384000,5.618002,5.468995
42506.384000,5.618731,5.471216
42506.384000,5.619303,5.471646
42506.384000,5.618539,5.471224
42506.384000,5.619267,5.471841
42506.384000,5.618901,5.472320
42506.384000,5.616915,5.474668
42506.384000,5.617956,5.474868
42506.384000,5.618546,5.472935
42506.384000,5.618786,5.471953
42506.384000,5.618816,5.472820
42506.384000,5.618001,5.475524
42506.384000,5.616951,5.476371
42506.384000,5.617016,5.478472
42506.384000,5.617330,5.473284
42506.384000,5.617723,5.473382
42506.384000,5.617844,5.475486
42506.384000,5.618198,5.474283
42506.384000,5.618948,5.476418
42506.384000,5.618672,5.474822
42506.384000,5.618703,5.476414
42506.384000,5.618841,5.473511
42506.384000,5.618780,5.475320
42506.384000,5.618990,5.477112
42506.384000,5.619159,5.477439
42506.384000,5.619142,5.476006
42506.384000,5.618930,5.475675
42506.384000,5.618993,5.475360
42506.384000,5.619318,5.470317
42506.384000,5.618732,5.472791
42506.384000,5.618041,5.473382
42506.384000,5.618005,5.472352
42506.384000,5.617718,5.474226
42506.384000,5.618677,5.473928
42506.384000,5.619048,5.474661
42506.384000,5.619176,5.473977
42506.384000,5.619206,5.475001
42506.384000,5.619394,5.474409
42506.384000,5.619483,5.473956
42506.384000,5.619936,5.471208
42506.384000,5.619630,5.473710
42506.384000,5.619382,5.474630
42506.384000,5.619038,5.474100
42506.384000,5.618861,5.471517
42506.384000,5.618096,5.474992
42506.384000,5.618975,5.474489
42506.384000,5.619569,5.472359
42506.384000,5.619851,5.472513
42506.384000,5.620597,5.470393
42506.384000,5.620261,5.469190
42506.384000,5.619985,5.471694
42506.384000,5.620157,5.472061
42506.384000,5.620412,5.471662
42506.384000,5.620735,5.470252
42506.384000,5.621344,5.471680
42506.384000,5.621430,5.470988
42506.384000,5.621512,5.470714
42506.384000,5.621947,5.473433
42506.384000,5.621870,5.471526
42506.384000,5.622195,5.471435
42506.384000,5.622123,5.471933
42506.384000,5.621656,5.475153
42506.384000,5.622103,5.472698
42506.384000,5.621542,5.472341
42506.384000,5.622107,5.473878
42506.384000,5.622066,5.474606
42506.384000,5.621732,5.472802
42506.384000,5.621869,5.472628
42506.384000,5.622100,5.472605
42506.384000,5.621920,5.476848
42506.384000,5.621930,5.474797
42506.384000,5.621256,5.474893
42506.384000,5.621414,5.474157
42506.384000,5.622574,5.479473
42506.384000,5.621823,5.474520
42506.384000,5.621000,5.477816
42506.384000,5.620257,5.476080
42506.384000,5.620920,5.476063
42506.384000,5.621729,5.478042
42506.384000,5.621835,5.473628
42506.384000,5.622244,5.474491
42506.384000,5.622217,5.478451
42506.384000,5.622550,5.477568
42506.384000,5.621858,5.476304
42506.384000,5.621530,5.478935
42506.384000,5.621348,5.479157
42506.384000,5.621358,5.476296
42506.384000,5.621353,5.477368
42506.384000,5.621869,5.477954
42506.384000,5.622520,5.478275
42506.384000,5.622892,5.478494
42506.384000,5.623054,5.476489
42506.384000,5.623420,5.476195
42506.384000,5.623603,5.474966
42506.384000,5.623724,5.475498
42506.384000,5.624293,5.477295
42506.384000,5.624436,5.477750
42506.384000,5.624803,5.475615
42506.384000,5.624685,5.476890
42506.384000,5.623802,5.475956
42506.384000,5.623801,5.477568
42506.384000,5.624906,5.476428
42506.384000,5.625793,5.475353
42506.384000,5.625988,5.479551
42506.384000,5.625569,5.477013
42506.384000,5.625514,5.473981
42506.384000,5.626415,5.473839
42506.384000,5.626793,5.476142
42506.384000,5.626494,5.472610
42506.384000,5.626605,5.474423
42506.384000,5.626158,5.476590
42506.384000,5.625406,5.477512
42506.384000,5.625397,5.477924
42506.384000,5.625220,5.479013
42506.384000,5.625279,5.478243
42506.384000,5.625030,5.473048
42506.384000,5.624896,5.476620
42506.384000,5.625887,5.477234
42506.384000,5.626421,5.478453
42506.384000,5.625886,5.475471
42506.384000,5.625698,5.478683
42506.384000,5.625368,5.476726
42506.384000,5.624957,5.476080
42506.384000,5.625434,5.476962
42506.384000,5.625591,5.473482
42506.384000,5.625970,5.475721
42506.384000,5.626397,5.475726
42506.384000,5.626964,5.476281
42506.384000,5.627200,5.476031
42506.384000,5.627412,5.477384
42506.384000,5.627163,5.475899
42506.384000,5.626102,5.474936
42506.384000,5.626457,5.476004
42506.384000,5.626278,5.474834
42506.384000,5.625759,5.477262
42506.384000,5.626317,5.474910
42506.384000,5.626379,5.475888
42506.384000,5.626776,5.474383
42506.384000,5.627384,5.477965
42506.384000,5.627288,5.477411
42506.384000,5.627592,5.477083
42506.384000,5.627388,5.475871
42506.384000,5.626921,5.480215
42506.384000,5.627300,5.476419
42506.384000,5.627521,5.480306
42506.384000,5.628201,5.479394
42506.384000,5.627871,5.476832
42506.384000,5.628851,5.478936
42506.384000,5.628692,5.480196
42506.384000,5.627191,5.479748
42506.384000,5.627806,5.480105
42506.384000,5.627885,5.477575
42506.384000,5.626416,5.477694
42506.384000,5.626912,5.479250
42506.384000,5.627043,5.477433
42506.384000,5.628012,5.481045
42506.384000,5.628333,5.478401
42506.384000,5.627969,5.478232
42506.384000,5.628994,5.480576
42506.384000,5.629713,5.481609
42506.384000,5.629009,5.482231
42506.384000,5.629648,5.478221
42506.384000,5.629306,5.485715
42506.384000,5.628509,5.480436
42506.384000,5.628582,5.485434
42506.384000,5.629585,5.480783
42506.384000,5.630539,5.483723
42506.384000,5.629863,5.487218
42506.384000,5.629108,5.489177
42506.384000,5.628899,5.486183
42506.384000,5.629503,5.490127
42506.384000,5.630171,5.491087
42506.384000,5.630299,5.490735
42506.384000,5.630714,5.489870
42506.384000,5.631231,5.495134
42506.384000,5.631850,5.490296
42506.384000,5.631813,5.492307
42506.384000,5.631794,5.485796
42506.384000,5.632066,5.491866
42506.384000,5.630870,5.493834
42506.384000,5.630612,5.493808
42506.384000,5.630797,5.495828
42506.384000,5.630612,5.494600
42506.384000,5.630849,5.498448
42506.384000,5.630789,5.498472
42506.384000,5.631399,5.494579
42506.384000,5.632243,5.492024
42506.384000,5.632626,5.495289
42506.384000,5.632671,5.492946
42506.384000,5.633207,5.495440
42506.384000,5.633268,5.497553
42506.384000,5.633367,5.494262
42506.384000,5.633734,5.489367
42506.384000,5.633479,5.484961
42506.384000,5.631860,5.486445
42506.384000,5.632904,5.484519
42506.384000,5.633330,5.484460
42506.384000,5.633445,5.484505
42506.384000,5.633740,5.486393
42506.384000,5.633739,5.486833
42506.384000,5.634169,5.487040
42506.384000,5.633162,5.488842
42506.384000,5.633411,5.488414
42506.384000,5.633229,5.485153
42506.384000,5.633633,5.485776
42506.384000,5.633682,5.485594
42506.384000,5.633764,5.482901
42506.384000,5.633459,5.481435
42506.384000,5.633471,5.484960
42506.384000,5.632635,5.483637
42506.384000,5.632026,5.484274
42506.384000,5.632019,5.485008
42506.384000,5.631375,5.483572
42506.384000,5.631070,5.486257
42506.384000,5.631642,5.482680
42506.384000,5.632298,5.483585
42506.384000,5.632223,5.482003
42506.384000,5.631328,5.482303
42506.384000,5.630957,5.482135
42506.384000,5.630691,5.484057
42506.384000,5.630217,5.483754
42506.384000,5.630085,5.484211
42506.384000,5.629682,5.483924
42506.384000,5.630374,5.481671
42506.384000,5.631477,5.485138
42506.384000,5.631438,5.483079
42506.384000,5.630631,5.483066
42506.384000,5.630347,5.479577
42506.384000,5.630700,5.480776
42506.384000,5.630876,5.481074
42506.384000,5.629907,5.485509
42506.384000,5.630279,5.483546
42506.384000,5.629414,5.485425
42506.384000,5.629752,5.482467
42506.384000,5.629203,5.483208
42506.384000,5.630396,5.485603
42506.384000,5.631694,5.485385
42506.384000,5.631812,5.480567
42506.384000,5.632125,5.482829
42506.384000,5.631729,5.484659
42506.384000,5.631451,5.485522
42506.384000,5.632016,5.482934
42506.384000,5.632435,5.486573
42506.384000,5.632637,5.490141
42506.384000,5.630903,5.483721
42506.384000,5.631361,5.485582
42506.384000,5.630863,5.484840
42506.384000,5.631317,5.487437
42506.384000,5.632035,5.485814
42506.384000,5.631706,5.487608
42506.384000,5.631730,5.486683
42506.384000,5.631687,5.488252
42506.384000,5.632025,5.487480
42506.384000,5.631073,5.485549
42506.384000,5.629968,5.484516
42506.384000,5.629616,5.488336
42506.384000,5.630225,5.489973
42506.384000,5.630087,5.488051
42506.384000,5.630925,5.488067
42506.384000,5.628974,5.487992
42506.384000,5.628804,5.488969
42506.384000,5.628159,5.492358
42506.384000,5.628711,5.488235
42506.384000,5.629138,5.488870
42506.384000,5.629658,5.489170
42506.384000,5.629934,5.488196
42506.384000,5.629703,5.486377
42506.384000,5.629893,5.483178
42506.384000,5.629617,5.481437
42506.384000,5.630138,5.483774
42506.384000,5.630057,5.485780
42506.384000,5.630436,5.486087
42506.384000,5.630167,5.486314
42506.384000,5.630009,5.487099
42506.384000,5.629254,5.486250
42506.384000,5.629660,5.487867
42506.384000,5.630429,5.490969
42506.384000,5.630483,5.487345
42506.384000,5.630294,5.489387
42506.384000,5.630833,5.487328
42506.384000,5.629999,5.488961
42506.384000,5.629138,5.487602
42506.384000,5.629416,5.485791
42506.384000,5.629857,5.485441
42506.384000,5.630418,5.485222
42506.384000,5.630511,5.485916
42506.384000,5.630731,5.485478
42506.384000,5.629791,5.485036
42506.384000,5.630641,5.484418
42506.384000,5.630128,5.484841
42506.384000,5.628987,5.481124
42506.384000,5.629503,5.485992
42506.384000,5.630168,5.484629
42506.384000,5.629257,5.485019
42506.384000,5.628524,5.482766
42506.384000,5.628225,5.484750
42506.384000,5.628230,5.485451
42506.384000,5.626862,5.487249
42506.384000,5.626377,5.485670
42506.384000,5.626840,5.485592
42506.384000,5.627256,5.481229
42506.384000,5.626473,5.481649
42506.384000,5.626169,5.484376
42506.384000,5.625604,5.482496
42506.384000,5.625162,5.486447
42506.384000,5.625622,5.482472
42506.384000,5.625530,5.482401
42506.384000,5.625947,5.481281
42506.384000,5.625369,5.483875
42506.384000,5.625920,5.483481
42506.384000,5.625624,5.485059
42506.384000,5.625689,5.483229
42506.384000,5.626538,5.483804
42506.384000,5.627876,5.483395
42506.384000,5.629004,5.480578
42506.384000,5.629194,5.481194
42506.384000,5.629104,5.480673
42506.384000,5.627960,5.483699
42506.384000,5.626585,5.481384
42506.384000,5.626924,5.481294
42506.384000,5.628435,5.477471
42506.384000,5.629098,5.473870
42506.384000,5.629958,5.478577
42506.384000,5.629490,5.479879
42506.384000,5.629548,5.478981
42506.384000,5.628786,5.478361
42506.384000,5.628322,5.480157
42506.384000,5.629029,5.479730
42506.384000,5.630094,5.479072
42506.384000,5.629916,5.479416
42506.384000,5.628795,5.478901
42506.384000,5.628613,5.480517
42506.384000,5.629434,5.479945
42506.384000,5.629403,5.480543
42506.384000,5.629691,5.480665
42506.384000,5.630081,5.479927
42506.384000,5.630387,5.477981
42506.384000,5.629683,5.480530
42506.384000,5.629668,5.482114
42506.384000,5.630205,5.481880
42506.384000,5.630348,5.479552
42506.384000,5.629111,5.481289
42506.384000,5.629446,5.478448
42506.384000,5.629969,5.477041
42506.384000,5.629966,5.479207
42506.384000,5.630020,5.479415
42506.384000,5.628566,5.481153
42506.384000,5.628547,5.477957
42506.384000,5.628912,5.478552
42506.384000,5.629665,5.475544
42506.384000,5.629537,5.479168
42506.384000,5.629679,5.477500
42506.384000,5.629763,5.478506
42506.384000,5.628804,5.476638
42506.384000,5.629010,5.479348
42506.384000,5.629314,5.479142
42506.384000,5.628543,5.479923
42506.384000,5.628000,5.480203
42506.384000,5.628336,5.484910
42506.384000,5.628877,5.485054
42506.384000,5.627310,5.484248
42506.384000,5.627148,5.483867
42506.384000,5.627305,5.485214
42506.384000,5.627242,5.482859
42506.384000,5.628206,5.482722
42506.384000,5.629014,5.484074
42506.384000,5.628750,5.481659
42506.384000,5.629166,5.481507
42506.384000,5.628473,5.479118
42506.384000,5.627481,5.483078
42506.384000,5.627317,5.483467
42506.384000,5.628010,5.484683
42506.384000,5.628085,5.485178
42506.384000,5.628723,5.485346
42506.384000,5.628587,5.486203
42506.384000,5.628575,5.482760
42506.384000,5.629057,5.483462
42506.384000,5.629251,5.485559
42506.384000,5.630217,5.486332
42506.384000,5.630278,5.485228
42506.384000,5.629409,5.482369
42506.384000,5.628712,5.484798
42506.384000,5.628759,5.486575
42506.384000,5.629844,5.486164
42506.384000,5.630393,5.483531
42506.384000,5.630035,5.485366
42506.384000,5.630106,5.488210
42506.384000,5.630963,5.484410
42506.384000,5.630979,5.485641
42506.384000,5.630872,5.486614
42506.384000,5.629382,5.484552
42506.384000,5.629155,5.483699
42506.384000,5.629266,5.484893
42506.384000,5.629379,5.484890
42506.384000,5.630202,5.485462
42506.384000,5.630588,5.484664
42506.384000,5.631128,5.484416
42506.384000,5.630439,5.486308
42506.384000,5.631018,5.484389
42506.384000,5.631155,5.483609
42506.384000,5.631491,5.487609
42506.384000,5.631501,5.483915
42506.384000,5.630963,5.485550
42506.384000,5.631014,5.485254
42506.384000,5.631245,5.488846
42506.384000,5.630496,5.488388
42506.384000,5.631271,5.490256
42506.384000,5.631490,5.489077
42506.384000,5.632395,5.489012
42506.384000,5.632288,5.485705
42506.384000,5.631651,5.485383
42506.384000,5.631249,5.484139
42506.384000,5.631692,5.484947
42506.384000,5.631836,5.486541
42506.384000,5.632620,5.486537
42506.384000,5.632321,5.488264
42506.384000,5.632233,5.487668
42506.384000,5.631201,5.489337
42506.384000,5.631676,5.485994
42506.384000,5.631966,5.485570
42506.384000,5.632466,5.483941
42506.384000,5.633429,5.486257
42506.384000,5.633626,5.487954
42506.384000,5.632694,5.484253
42506.384000,5.632782,5.486361
42506.384000,5.632864,5.484136
42506.384000,5.631513,5.486222
42506.384000,5.631819,5.486529
42506.384000,5.631925,5.486441
42506.384000,5.632441,5.487302
42506.384000,5.631269,5.485727
42506.384000,5.629207,5.484337
42506.384000,5.629185,5.488455
42506.384000,5.628601,5.485855
42506.384000,5.628441,5.485664
42506.384000,5.627459,5.484244
42506.384000,5.627864,5.487086
42506.384000,5.627408,5.483378
42506.384000,5.628348,5.486691
42506.384000,5.628531,5.485865
42506.384000,5.629226,5.486135
42506.384000,5.629326,5.486450
42506.384000,5.630289,5.486118
42506.384000,5.630598,5.484364
42506.384000,5.630584,5.488240
42506.384000,5.631029,5.485770
42506.384000,5.630120,5.488053
42506.384000,5.629552,5.489153
42506.384000,5.630060,5.487998
42506.384000,5.631440,5.489312
42506.384000,5.632079,5.490123
42506.384000,5.631714,5.488505
42506.384000,5.630703,5.485711
42506.384000,5.631043,5.485625
42506.384000,5.630747,5.487241
42506.384000,5.629787,5.483704
42506.384000,5.628715,5.485537
42506.384000,5.629228,5.487090
42506.384000,5.630145,5.487241
42506.384000,5.631502,5.486997
42506.384000,5.631835,5.487283
42506.384000,5.632320,5.488413
42506.384000,5.633216,5.484930
42506.384000,5.632958,5.488560
42506.384000,5.631690,5.484341
42506.384000,5.630827,5.484855
42506.384000,5.631424,5.485487
42506.384000,5.629983,5.486829
42506.384000,5.630712,5.486377
42506.384000,5.630783,5.486355
42506.384000,5.631231,5.488875
42506.384000,5.631175,5.488351
42506.384000,5.632310,5.489257
42506.384000,5.632829,5.489131
42506.384000,5.633114,5.486592
42506.384000,5.631825,5.485826
42506.384000,5.631717,5.490558
42506.384000,5.632543,5.488170
42506.384000,5.632588,5.485475
42506.384000,5.631460,5.486157
42506.384000,5.632679,5.487588
42506.384000,5.633566,5.484982
42506.384000,5.633840,5.485150
42506.384000,5.634300,5.484948
42506.384000,5.635148,5.489489
42506.384000,5.633824,5.487335
42506.384000,5.632920,5.485614
42506.384000,5.632690,5.487312
42506.384000,5.632242,5.487545
42506.384000,5.632617,5.486710
42506.384000,5.633882,5.486463
42506.384000,5.634760,5.486594
42506.384000,5.634951,5.487287
42506.384000,5.635024,5.486226
42506.384000,5.635474,5.488053
42506.384000,5.635147,5.488463
42506.384000,5.633995,5.485871
42506.384000,5.633837,5.488129
42506.384000,5.633156,5.488258
42506.384000,5.633235,5.487244
42506.384000,5.633179,5.489183
42506.384000,5.633720,5.487446
42506.384000,5.633946,5.489394
42506.384000,5.635013,5.488038
42506.384000,5.634350,5.487446
42506.384000,5.633743,5.490565
42506.384000,5.633963,5.488161
42506.384000,5.634111,5.489228
42506.384000,5.634186,5.484569
42506.384000,5.634453,5.487496
42506.384000,5.634658,5.486782
42506.384000,5.635708,5.486243
42506.384000,5.635042,5.484690
42506.384000,5.634781,5.486016
42506.384000,5.634786,5.486548
42506.384000,5.634816,5.487385
42506.384000,5.635010,5.486651
42506.384000,5.635158,5.485828
42506.384000,5.634230,5.487824
42506.384000,5.635334,5.489825
42506.384000,5.635747,5.489309
42506.384000,5.635848,5.489420
42506.384000,5.635297,5.486767
42506.384000,5.635982,5.488234
42506.384000,5.635945,5.489909
42506.384000,5.636536,5.492126
42506.384000,5.637004,5.491486
42506.384000,5.636484,5.490443
42506.384000,5.635423,5.491482
42506.384000,5.635390,5.489056
42506.384000,5.635524,5.489270
42506.384000,5.635689,5.492209
42506.384000,5.636337,5.490120
42506.384000,5.636916,5.490289
42506.384000,5.636954,5.492183
42506.384000,5.637335,5.489287
42506.384000,5.636821,5.492393
42506.384000,5.637389,5.491228
42506.384000,5.636055,5.494038
42506.384000,5.636690,5.491626
42506.384000,5.636793,5.490533
42506.384000,5.636076,5.490459
42506.384000,5.635552,5.489190
42506.384000,5.635567,5.490183
42506.384000,5.635112,5.489225
42506.384000,5.635851,5.486563
42506.384000,5.635708,5.488312
42506.384000,5.635356,5.490028
42506.384000,5.635059,5.487808
42506.384000,5.636114,5.486140
42506.384000,5.635994,5.489744
42506.384000,5.636534,5.490342
42506.384000,5.635618,5.490003
42506.384000,5.634420,5.491344
42506.384000,5.635117,5.492442
42506.384000,5.635783,5.490713
42506.384000,5.636087,5.490186
42506.384000,5.636179,5.490280
42506.384000,5.636756,5.492526
42506.384000,5.636834,5.487101
42506.384000,5.636315,5.488274
42506.384000,5.636438,5.493233
42506.384000,5.636071,5.495309
42506.384000,5.635977,5.492900
42506.384000,5.637033,5.491207
42506.384000,5.637126,5.493566
42506.384000,5.637217,5.491160
42506.384000,5.636993,5.491271
42506.384000,5.636918,5.492869
42506.384000,5.637620,5.491275
42506.384000,5.636653,5.491184
42506.384000,5.637108,5.490524
42506.384000,5.636139,5.493544
42506.384000,5.635200,5.491948
42506.384000,5.635723,5.490291
42506.384000,5.635973,5.492928
42506.384000,5.637057,5.493082
42506.384000,5.637439,5.491252
42506.384000,5.637264,5.490027
42506.384000,5.636905,5.488552
42506.384000,5.636503,5.492263
42506.384000,5.636353,5.489999
42506.384000,5.636772,5.490145
42506.384000,5.637133,5.490558
42506.384000,5.637088,5.490072
42506.384000,5.636821,5.490396
42506.384000,5.637327,5.488280
42506.384000,5.637828,5.490846
42506.384000,5.636547,5.492833
42506.384000,5.636671,5.492235
42506.384000,5.636351,5.489295
42506.384000,5.636540,5.488238
42506.384000,5.636887,5.489608
42506.384000,5.635827,5.490837
42506.384000,5.636298,5.490288
42506.384000,5.635697,5.489198
42506.384000,5.635939,5.489319
42506.384000,5.636151,5.491550
42506.384000,5.636222,5.491627
42506.384000,5.636972,5.490653
42506.384000,5.636973,5.489903
42506.384000,5.636539,5.491758
42506.384000,5.636697,5.494244
42506.384000,5.636974,5.493271
42506.384000,5.637588,5.492711
42506.384000,5.637637,5.493057
42506.384000,5.638067,5.492163
42506.384000,5.638101,5.490905
42506.384000,5.637762,5.491001
42506.384000,5.638166,5.491362
42506.384000,5.638649,5.490099
42506.384000,5.638478,5.491800
42506.384000,5.639141,5.493533
42506.384000,5.638280,5.489981
42506.384000,5.638449,5.493091
42506.384000,5.639192,5.494210
42506.384000,5.639026,5.496184
42506.384000,5.639514,5.492627
42506.384000,5.638435,5.493113
42506.384000,5.637985,5.494735
42506.384000,5.638504,5.493130
42506.384000,5.637197,5.493770
42506.384000,5.637353,5.493744
42506.384000,5.638311,5.493803
42506.384000,5.638205,5.493640
42506.384000,5.638347,5.492419
42506.384000,5.638321,5.492786
42506.384000,5.638300,5.494538
42506.384000,5.637815,5.493482
42506.384000,5.637639,5.493119
42506.384000,5.637809,5.491725
42506.384000,5.637029,5.490756
42506.384000,5.636158,5.490429
42506.384000,5.637080,5.492770
42506.384000,5.637255,5.490726
42506.384000,5.637684,5.493435
42506.384000,5.637702,5.490725
42506.384000,5.636681,5.493260
42506.384000,5.637196,5.492211
42506.384000,5.638422,5.495978
42506.384000,5.636164,5.494162
42506.384000,5.636247,5.493541
42506.384000,5.636851,5.492247
42506.384000,5.637475,5.494017
42506.384000,5.636838,5.494004
42506.384000,5.637413,5.495228
42506.384000,5.638634,5.492720
42506.384000,5.637988,5.494531
42506.384000,5.637989,5.494847
42506.384000,5.638470,5.493880
42506.384000,5.638849,5.495706
42506.384000,5.639000,5.495183
42506.384000,5.639935,5.495343
42506.384000,5.639086,5.495969
42506.384000,5.639772,5.493721
42506.384000,5.640555,5.494691
42506.384000,5.641123,5.495803
42506.384000,5.641651,5.495809
42506.384000,5.641088,5.493161
42506.384000,5.640803,5.494833
42506.384000,5.641412,5.497586
42506.384000,5.641637,5.498871
42506.384000,5.641622,5.499104
42506.384000,5.640666,5.497495
42506.384000,5.640800,5.495975
42506.384000,5.640309,5.496115
42506.384000,5.640012,5.498109
42506.384000,5.640007,5.497672
42506.384000,5.640046,5.498730
42506.384000,5.640524,5.498671
42506.384000,5.640027,5.496411
42506.384000,5.639400,5.497746
42506.384000,5.640069,5.495597
42506.384000,5.639716,5.496601
42506.384000,5.639357,5.496982
42506.384000,5.640033,5.495841
42506.384000,5.640128,5.497014
42506.384000,5.639148,5.495908
42506.384000,5.638940,5.494426
42506.384000,5.639463,5.495318
42506.384000,5.639970,5.492041
42506.384000,5.639214,5.497060
42506.384000,5.638989,5.496827
42506.384000,5.639295,5.497334
42506.384000,5.639745,5.496707
42506.384000,5.639632,5.497857
42506.384000,5.639287,5.495670
42506.384000,5.638351,5.494966
42506.384000,5.639573,5.496675
42506.384000,5.639531,5.497405
42506.384000,5.638695,5.495600
42506.384000,5.639165,5.493992
42506.384000,5.639723,5.494278
42506.384000,5.639980,5.496394
42506.384000,5.640218,5.496292
42506.384000,5.639023,5.495334
42506.384000,5.638295,5.494458
42506.384000,5.637891,5.495995
42506.384000,5.638579,5.497601
42506.384000,5.638925,5.497513
42506.384000,5.638635,5.498083
42506.384000,5.638833,5.496234
42506.384000,5.638440,5.493504
42506.384000,5.638749,5.496900
42506.384000,5.639027,5.497430
42506.384000,5.638431,5.492874
42506.384000,5.637783,5.493441
42506.384000,5.638263,5.494287
42506.384000,5.638033,5.492015
42506.384000,5.638228,5.494851
42506.384000,5.637456,5.493179
42506.384000,5.637021,5.494395
42506.384000,5.636815,5.495190
42506.384000,5.637206,5.498993
42506.384000,5.636889,5.492847
42506.384000,5.636964,5.494430
42506.384000,5.637584,5.491819
42506.384000,5.637093,5.490714
42506.384000,5.636846,5.493076
42506.384000,5.637787,5.492142
42506.384000,5.637321,5.491957
42506.384000,5.636078,5.490534
42506.384000,5.636003,5.488723
42506.384000,5.636905,5.490121
42506.384000,5.637722,5.491410
42506.384000,5.637904,5.490302
42506.384000,5.638570,5.493795
42506.384000,5.637245,5.492649
42506.384000,5.636913,5.491053
42506.384000,5.637162,5.490512
42506.384000,5.636829,5.493105
42506.384000,5.636778,5.491741
42506.384000,5.636664,5.493613
42506.384000,5.637440,5.493473
42506.384000,5.637200,5.493270
42506.384000,5.637416,5.492644
42506.384000,5.636676,5.492838
42506.384000,5.636798,5.491575
42506.384000,5.636803,5.494556
42506.384000,5.636282,5.492615
42506.384000,5.636606,5.493383
42506.384000,5.636463,5.498434
42506.384000,5.637189,5.498560
42506.384000,5.637342,5.497556
42506.384000,5.637620,5.499770
42506.384000,5.637612,5.496813
42506.384000,5.637733,5.493297
42506.384000,5.637992,5.505765
42506.384000,5.638012,5.507667
42506.384000,5.637960,5.505033
42506.384000,5.638122,5.500056
42506.384000,5.638914,5.500641
42506.384000,5.639435,5.497779
42506.384000,5.637025,5.497826
42506.384000,5.636930,5.500170
42506.384000,5.637652,5.508086
42506.384000,5.638517,5.501331
42506.384000,5.639493,5.506493
42506.384000,5.638486,5.504661
42506.384000,5.637107,5.508087
42506.384000,5.636665,5.507060
42506.384000,5.636564,5.507618
42506.384000,5.636899,5.502687
42506.384000,5.637075,5.507912
42506.384000,5.637283,5.504616
42506.384000,5.637157,5.507110
42506.384000,5.636725,5.508992
42506.384000,5.636736,5.504955
42506.384000,5.637113,5.502310
42506.384000,5.636383,5.498876
42506.384000,5.636346,5.498303
42506.384000,5.636375,5.502918
42506.384000,5.635998,5.500569
42506.384000,5.635084,5.502525
42506.384000,5.635906,5.502864
42506.384000,5.636725,5.502349
42506.384000,5.637230,5.498340
42506.384000,5.637007,5.502501
42506.384000,5.637088,5.502909
42506.384000,5.635754,5.505299
42506.384000,5.635401,5.507604
42506.384000,5.636350,5.502434
42506.384000,5.636598,5.505095
42506.384000,5.636500,5.504216
42506.384000,5.637111,5.506039
42506.384000,5.634818,5.506164
42506.384000,5.635125,5.508061
42506.384000,5.635672,5.505163
42506.384000,5.636442,5.507347
42506.384000,5.637161,5.508616
42506.384000,5.637407,5.508242
42506.384000,5.637724,5.511887
42506.384000,5.638242,5.509672
42506.384000,5.638221,5.508658
42506.384000,5.638942,5.506729
42506.384000,5.638350,5.507791
42506.384000,5.636725,5.512574
42506.384000,5.636882,5.511728
42506.384000,5.636903,5.510741
42506.384000,5.637655,5.511604
42506.384000,5.637309,5.514341
42506.384000,5.638569,5.511391
42506.384000,5.638177,5.511977
42506.384000,5.639303,5.511883
42506.384000,5.639071,5.510705
42506.384000,5.637765,5.509989
42506.384000,5.638622,5.507549
42506.384000,5.639482,5.507317
42506.384000,5.639322,5.508660
42506.384000,5.638046,5.510388
42506.384000,5.637294,5.511426
42506.384000,5.637372,5.506134
42506.384000,5.637318,5.510226
42506.384000,5.636928,5.509947
42506.384000,5.635943,5.510818
42506.384000,5.637108,5.505069
42506.384000,5.638158,5.502556
42506.384000,5.638022,5.505985
42506.384000,5.637733,5.509011
42506.384000,5.637990,5.510548
42506.384000,5.637247,5.509372
42506.384000,5.637894,5.505961
42506.384000,5.637716,5.506536
42506.384000,5.637901,5.510588
42506.384000,5.637704,5.508193
42506.384000,5.637174,5.509194
42506.384000,5.637364,5.505424
42506.384000,5.638292,5.506529
42506.384000,5.638571,5.509529
42506.384000,5.637805,5.505565
42506.384000,5.637812,5.505240
42506.384000,5.639207,5.505953
42506.384000,5.639407,5.506869
42506.384000,5.640179,5.507335
42506.384000,5.641029,5.505410
42506.384000,5.639532,5.511315
42506.384000,5.639951,5.503592
42506.384000,5.640799,5.503730
42506.384000,5.641382,5.502111
42506.384000,5.642276,5.500993
42506.384000,5.642040,5.503016
42506.384000,5.641660,5.507703
42506.384000,5.642986,5.505918
42506.384000,5.643117,5.506713
42506.384000,5.641139,5.506666
42506.384000,5.641666,5.511480
42506.384000,5.642405,5.507999
42506.384000,5.643160,5.506940
42506.384000,5.644577,5.508214
42506.384000,5.643359,5.504433
42506.384000,5.642621,5.503401
42506.384000,5.642122,5.499031
42506.384000,5.641971,5.498672
42506.384000,5.641697,5.497279
42506.384000,5.642809,5.496727
42506.384000,5.641828,5.498657
42506.384000,5.641848,5.498416
42506.384000,5.641450,5.498415
42506.384000,5.642172,5.496187
42506.384000,5.642602,5.497054
42506.384000,5.642252,5.496203
42506.384000,5.642405,5.500457
42506.384000,5.642730,5.501237
42506.384000,5.642384,5.500931
42506.384000,5.641645,5.503306
42506.384000,5.641038,5.499412
42506.384000,5.641100,5.498583
42506.384000,5.640588,5.499199
42506.384000,5.640940,5.499430
42506.384000,5.641904,5.499188
42506.384000,5.642715,5.497823
42506.384000,5.642640,5.497886
42506.384000,5.642670,5.497740
42506.384000,5.643295,5.498340
42506.384000,5.643251,5.497647
42506.384000,5.643592,5.498774
42506.384000,5.643941,5.500735
42506.384000,5.644406,5.496352
42506.384000,5.644035,5.499537
42506.384000,5.643668,5.499656
42506.384000,5.643485,5.503112
42506.384000,5.643765,5.504348
42506.384000,5.643386,5.506005
42506.384000,5.643796,5.502704
42506.384000,5.644982,5.503386
42506.384000,5.645072,5.502047
42506.384000,5.644862,5.504046
42506.384000,5.645343,5.503629
42506.384000,5.645558,5.503213
42506.384000,5.646096,5.501257
42506.384000,5.645823,5.501533
42506.384000,5.645676,5.498129
42506.384000,5.645059,5.500596
42506.384000,5.644654,5.499211
42506.384000,5.644761,5.500772
42506.384000,5.644875,5.500072
42506.384000,5.645071,5.503511
42506.384000,5.645512,5.498800
42506.384000,5.645947,5.501407
42506.384000,5.645035,5.503548
42506.384000,5.645489,5.502917
42506.384000,5.645265,5.503033
42506.384000,5.645482,5.498034
42506.384000,5.645722,5.500662
42506.384000,5.645399,5.498187
42506.384000,5.645100,5.498187
42506.384000,5.644962,5.501454
42506.384000,5.644434,5.500656
42506.384000,5.644224,5.496278
42506.384000,5.643683,5.499978
42506.384000,5.644115,5.499542
42506.384000,5.644613,5.501672
42506.384000,5.645087,5.501134
42506.384000,5.645654,5.500502
42506.384000,5.646243,5.502647
42506.384000,5.645340,5.502183
42506.384000,5.645160,5.500891
42506.384000,5.646268,5.500448
42506.384000,5.646029,5.499267
42506.384000,5.646172,5.500630
42506.384000,5.646347,5.501179
42506.384000,5.646932,5.504741
42506.384000,5.647170,5.503327
42506.384000,5.647439,5.502101
42506.384000,5.646945,5.505331
42506.384000,5.646037,5.503973
42506.384000,5.646171,5.502258
42506.384000,5.646478,5.504970
42506.384000,5.646922,5.504918
42506.384000,5.647877,5.504933
42506.384000,5.648004,5.502749
42506.384000,5.647791,5.503583
42506.384000,5.648473,5.502891
42506.384000,5.648446,5.504351
42506.384000,5.648438,5.505360
42506.384000,5.648439,5.502135
42506.384000,5.648053,5.501221
42506.384000,5.647970,5.504368
42506.384000,5.648169,5.507772
42506.384000,5.647872,5.503818
42506.384000,5.647956,5.507248
42506.384000,5.648349,5.508328
42506.384000,5.647201,5.503549
42506.384000,5.647367,5.504539
42506.384000,5.647831,5.508228
42506.384000,5.648404,5.512621
42506.384000,5.647899,5.511788
42506.384000,5.648187,5.509595
42506.384000,5.647203,5.513021
42506.384000,5.646514,5.512272
42506.384000,5.645452,5.509034
42506.384000,5.644750,5.514374
42506.384000,5.645110,5.516615
42506.384000,5.644721,5.511078
42506.384000,5.645376,5.508319
42506.384000,5.645281,5.513414
42506.384000,5.645271,5.514673
42506.384000,5.643803,5.515463
42506.384000,5.643999,5.516157
42506.384000,5.644661,5.515318
42506.384000,5.645284,5.514381
42506.384000,5.645221,5.514053
42506.384000,5.646083,5.510776
42506.384000,5.646415,5.518657
42506.384000,5.646786,5.515588
42506.384000,5.646770,5.516222
42506.384000,5.644754,5.518397
42506.384000,5.645554,5.519871
42506.384000,5.646520,5.514822
42506.384000,5.646774,5.516621
42506.384000,5.646918,5.511648
42506.384000,5.646961,5.516773
42506.384000,5.646717,5.517655
42506.384000,5.646319,5.518367
42506.384000,5.646911,5.521189
42506.384000,5.647032,5.517645
42506.384000,5.647052,5.516581
42506.384000,5.647961,5.520982
42506.384000,5.646760,5.521569
42506.384000,5.647348,5.519983
42506.384000,5.647416,5.520281
42506.384000,5.647317,5.518754
42506.384000,5.646601,5.518343
42506.384000,5.647291,5.517330
42506.384000,5.647677,5.519471
42506.384000,5.648065,5.521072
42506.384000,5.647438,5.519765
42506.384000,5.647101,5.518934
42506.384000,5.647457,5.518802
42506.384000,5.645840,5.518239
42506.384000,5.645985,5.519030
42506.384000,5.646878,5.519285
42506.384000,5.647084,5.520586
42506.384000,5.647107,5.517800
42506.384000,5.646703,5.519089
42506.384000,5.646229,5.519048
42506.384000,5.644923,5.520280
42506.384000,5.644867,5.518830
42506.384000,5.645274,5.517008
42506.384000,5.646043,5.516937
42506.384000,5.646426,5.516333
42506.384000,5.645600,5.518367
42506.384000,5.646189,5.517741
42506.384000,5.645451,5.514014
42506.384000,5.645317,5.517384
42506.384000,5.646028,5.517822
42506.384000,5.645875,5.518116
42506.384000,5.645366,5.515394
42506.384000,5.644330,5.513828
42506.384000,5.644655,5.516634
42506.384000,5.645654,5.514365
42506.384000,5.645821,5.513989
42506.384000,5.645747,5.517392
42506.384000,5.645437,5.513636
42506.384000,5.646061,5.516022
42506.384000,5.646510,5.518470
42506.384000,5.645302,5.515523
42506.384000,5.645425,5.517857
42506.384000,5.646011,5.519871
42506.384000,5.646053,5.520573
42506.384000,5.646224,5.519977
42506.384000,5.646396,5.519441
42506.384000,5.647548,5.521361
42506.384000,5.648448,5.522643
42506.384000,5.648411,5.521348
42506.384000,5.648288,5.523211
42506.384000,5.648871,5.523755
42506.384000,5.649425,5.523079
42506.384000,5.648985,5.526762
42506.384000,5.649076,5.520644
42506.384000,5.648962,5.521714
42506.384000,5.649299,5.521603
42506.384000,5.648839,5.520411
42506.384000,5.648614,5.524723
42506.384000,5.648860,5.523390
42506.384000,5.649630,5.523548
42506.384000,5.649297,5.524467
42506.384000,5.649256,5.519974
42506.384000,5.648011,5.519462
42506.384000,5.648356,5.522611
42506.384000,5.648929,5.517764
42506.384000,5.649184,5.519092
42506.384000,5.649285,5.520045
42506.384000,5.648253,5.517174
42506.384000,5.647882,5.521936
42506.384000,5.647456,5.521183
42506.384000,5.648111,5.521897
42506.384000,5.648305,5.522227
42506.384000,5.647654,5.522752
42506.384000,5.647235,5.524748
42506.384000,5.647448,5.522141
42506.384000,5.648070,5.523677
42506.384000,5.648959,5.521040
42506.384000,5.649034,5.519818
42506.384000,5.648809,5.522032
42506.384000,5.648399,5.520487
42506.384000,5.648684,5.520933
42506.384000,5.648911,5.519868
42506.384000,5.649521,5.519499
42506.384000,5.649627,5.521612
42506.384000,5.648333,5.519159
42506.384000,5.648088,5.519096
42506.384000,5.647260,5.521329
42506.384000,5.647689,5.523132
42506.384000,5.648436,5.519369
42506.384000,5.648311,5.518017
42506.384000,5.648397,5.520938
42506.384000,5.648632,5.519837
42506.384000,5.648359,5.519080
42506.384000,5.649117,5.518264
42506.384000,5.649797,5.508557
42506.384000,5.650489,5.507860
42506.384000,5.649982,5.509682
42506.384000,5.648373,5.512601
42506.384000,5.648158,5.512088
42506.384000,5.648423,5.508184
42506.384000,5.648562,5.510524
42506.384000,5.648531,5.511593
42506.384000,5.648934,5.511842
42506.384000,5.649903,5.508517
42506.384000,5.650771,5.508696
42506.384000,5.651409,5.509343
42506.384000,5.652521,5.510074
42506.384000,5.653339,5.511603
42506.384000,5.653659,5.506189
42506.384000,5.653942,5.509117
42506.384000,5.652117,5.509024
42506.384000,5.650422,5.509650
42506.384000,5.650536,5.509653
42506.384000,5.650961,5.511119
42506.384000,5.651214,5.510804
42506.384000,5.651070,5.508399
42506.384000,5.650173,5.509869
42506.384000,5.650095,5.510337
42506.384000,5.650633,5.508966
42506.384000,5.650450,5.509286
42506.384000,5.650096,5.507924
42506.384000,5.650371,5.508470
42506.384000,5.650179,5.506535
42506.384000,5.649776,5.506229
42506.384000,5.649705,5.512370
42506.384000,5.649939,5.512603
42506.384000,5.650662,5.507245
42506.384000,5.650497,5.506690
42506.384000,5.649970,5.509894
42506.384000,5.650488,5.509028
42506.384000,5.651726,5.508866
42506.384000,5.652571,5.505888
42506.384000,5.651862,5.507607
42506.384000,5.650091,5.510132
42506.384000,5.649853,5.513108
42506.384000,5.650456,5.510587
42506.384000,5.650433,5.511114
42506.384000,5.651486,5.508875
42506.384000,5.651366,5.507956
42506.384000,5.651261,5.506777
42506.384000,5.650702,5.505489
42506.384000,5.650679,5.504230
42506.384000,5.650314,5.504901
42506.384000,5.649865,5.505989
42506.384000,5.651173,5.502624
42506.384000,5.651747,5.507780
42506.384000,5.652211,5.506123
42506.384000,5.653025,5.506501
42506.384000,5.654263,5.509282
42506.384000,5.654902,5.509297
42506.384000,5.654449,5.508612
42506.384000,5.654782,5.509842
42506.384000,5.654826,5.512332
42506.384000,5.654759,5.509497
42506.384000,5.655129,5.508646
42506.384000,5.655248,5.509850
42506.384000,5.653493,5.510108
42506.384000,5.653282,5.512337
42506.384000,5.653922,5.505490
42506.384000,5.654413,5.508456
42506.384000,5.655127,5.507610
42506.384000,5.654367,5.509979
42506.384000,5.655176,5.509084
42506.384000,5.654536,5.510536
42506.384000,5.655120,5.510641
42506.384000,5.654958,5.511823
42506.384000,5.654407,5.513798
42506.384000,5.654840,5.510728
42506.384000,5.655459,5.511831
42506.384000,5.655865,5.512593
42506.384000,5.655714,5.513681
42506.384000,5.656261,5.512057
42506.384000,5.656765,5.512720
42506.384000,5.656473,5.511460
42506.384000,5.656586,5.513495
42506.384000,5.657051,5.514289
42506.384000,5.657519,5.514900
42506.384000,5.657489,5.512539
42506.384000,5.658239,5.515039
42506.384000,5.657787,5.514227
42506.384000,5.657566,5.513698
42506.384000,5.658011,5.514168
42506.384000,5.658621,5.511379
42506.384000,5.658704,5.513541
42506.384000,5.657111,5.512958
42506.384000,5.655825,5.512301
42506.384000,5.654884,5.511903
42506.384000,5.655068,5.513118
42506.384000,5.655443,5.514143
42506.384000,5.656614,5.512171
42506.384000,5.655326,5.512339
42506.384000,5.655463,5.511412
42506.384000,5.655417,5.511413
42506.384000,5.655650,5.512260
42506.384000,5.655308,5.512782
42506.384000,5.655645,5.514182
42506.384000,5.655049,5.514488
42506.384000,5.654362,5.513338
42506.384000,5.654021,5.514717
42506.384000,5.654201,5.514820
42506.384000,5.654645,5.517403
42506.384000,5.655766,5.515698
42506.384000,5.655884,5.513748
42506.384000,5.655559,5.517390
42506.384000,5.655270,5.515624
42506.384000,5.655520,5.523472
42506.384000,5.655885,5.523423
42506.384000,5.654677,5.525118
42506.384000,5.653725,5.526854
42506.384000,5.654631,5.525596
42506.384000,5.653997,5.525459
42506.384000,5.654592,5.524839
42506.384000,5.655572,5.524511
42506.384000,5.656308,5.524509
42506.384000,5.657126,5.524482
42506.384000,5.657658,5.522206
42506.384000,5.658299,5.520889
42506.384000,5.658982,5.515989
42506.384000,5.659624,5.515579
42506.384000,5.659337,5.513565
42506.384000,5.658769,5.512869
42506.384000,5.658552,5.511660
42506.384000,5.657060,5.513883
42506.384000,5.656088,5.515161
42506.384000,5.655359,5.511622
42506.384000,5.655102,5.513902
42506.384000,5.654627,5.515889
42506.384000,5.654416,5.515306
42506.384000,5.654151,5.517019
42506.384000,5.654613,5.516921
42506.384000,5.655065,5.514993
42506.384000,5.655659,5.514756
42506.384000,5.655840,5.514557
42506.384000,5.656134,5.518234
42506.384000,5.656410,5.514932
42506.384000,5.656151,5.516724
42506.384000,5.656424,5.515717
42506.384000,5.656211,5.516362
42506.384000,5.655949,5.517105
42506.384000,5.656311,5.517376
42506.384000,5.656822,5.518720
42506.384000,5.656958,5.516075
42506.384000,5.657447,5.516421
42506.384000,5.657721,5.516403
42506.384000,5.657987,5.520568
42506.384000,5.657510,5.516759
42506.384000,5.657716,5.519299
42506.384000,5.658502,5.516439
42506.384000,5.658523,5.514130
42506.384000,5.658385,5.517071
42506.384000,5.658446,5.514947
42506.384000,5.657769,5.517836
42506.384000,5.657931,5.512167
42506.384000,5.657241,5.516752
42506.384000,5.656642,5.514003
42506.384000,5.656598,5.515093
42506.384000,5.656529,5.514913
42506.384000,5.656563,5.514994
42506.384000,5.655885,5.517580
42506.384000,5.655776,5.514352
42506.384000,5.655327,5.517207
42506.384000,5.655551,5.513776
42506.384000,5.655891,5.516902
42506.384000,5.656574,5.518583
42506.384000,5.656768,5.517314
42506.384000,5.656585,5.518822
42506.384000,5.656495,5.517277
42506.384000,5.656400,5.518022
42506.384000,5.655665,5.518195
42506.384000,5.655376,5.516592
42506.384000,5.655387,5.512943
42506.384000,5.654713,5.516272
42506.384000,5.654764,5.512853
42506.384000,5.654990,5.513091
42506.384000,5.655369,5.516629
42506.384000,5.655088,5.515570
42506.384000,5.654769,5.515638
42506.384000,5.654183,5.517598
42506.384000,5.654757,5.517863
42506.384000,5.654857,5.517053
42506.384000,5.653915,5.517955
42506.384000,5.654255,5.515568
42506.384000,5.655064,5.518581
42506.384000,5.654870,5.514261
42506.384000,5.654617,5.518717
42506.384000,5.655464,5.517249
42506.384000,5.656032,5.519164
42506.384000,5.655906,5.520657
